ID,p_Action,p_Adventure,p_Animation,p_Biography,p_Comedy,p_Crime,p_Documentary,p_Drama,p_Family,p_Fantasy,p_Film-Noir,p_History,p_Horror,p_Music,p_Musical,p_Mystery,p_News,p_Romance,p_Sci-Fi,p_Short,p_Sport,p_Thriller,p_War,p_Western
1,0.12719649,0.11632597,0.04959378,0.070657894,0.42424864,0.198704,0.049760915,0.5413414,0.1267869,0.13859653,0.054965433,0.05739824,0.13321917,0.08180153,0.055410396,0.14573477,0.004094316,0.48917037,0.06944248,0.013021445,0.055038758,0.21238397,0.06790792,0.038921922
4,0.18054572,0.17929019,0.12789342,0.16771089,0.4038723,0.22910255,0.17111158,0.52183807,0.15481606,0.15909776,0.10129864,0.11606996,0.20425649,0.17222932,0.12396715,0.1661843,0.04221783,0.26704112,0.14364225,0.08439175,0.13034566,0.2611496,0.13807215,0.10750185
5,0.15230858,0.06677037,0.0005242094,0.0064702076,0.21952161,0.26222402,0.0034156733,0.7272054,0.024184456,0.0359023,0.0056834067,0.0059531657,0.044148367,0.0023071053,0.00433094,0.25016215,2.2833193e-07,0.10869169,0.062368687,2.0270321e-05,0.003677728,0.40036413,0.010501714,0.0020179003
6,0.24410766,0.25282526,0.0075848936,0.023075704,0.35561872,0.17548053,0.0120993545,0.41543967,0.066999815,0.11509219,0.01573805,0.028653659,0.11648915,0.01154577,0.018321298,0.090884455,4.220775e-05,0.15179153,0.12683226,0.0007125907,0.013868577,0.3398217,0.039758302,0.017269582
7,0.1443459,0.12036596,0.008009936,0.031633493,0.22369577,0.20720862,0.024767112,0.5407982,0.06598855,0.102504134,0.012960353,0.018681154,0.1878167,0.018598074,0.013258169,0.11144052,4.1513566e-05,0.2237063,0.07495345,0.0005569901,0.007656446,0.343757,0.017565621,0.011119139
9,0.21006949,0.19927596,0.07451889,0.11545172,0.42476937,0.27146602,0.09693774,0.5455062,0.15592892,0.13971382,0.095503084,0.10355526,0.13289233,0.0914838,0.09129636,0.15302935,0.009540388,0.2828398,0.14658189,0.02981514,0.107447304,0.2722832,0.10602717,0.0896294
11,0.21797778,0.22625639,0.012924346,0.029072866,0.36678803,0.1403813,0.04705651,0.3459247,0.08092931,0.103303015,0.016604431,0.045534514,0.13063666,0.024691101,0.023626609,0.07868116,0.00021367046,0.1432552,0.15014614,0.0019064823,0.021207575,0.18905292,0.053103454,0.022186153
13,0.14885636,0.10937822,0.019802881,0.04129609,0.3651422,0.201465,0.029951587,0.50736964,0.08036525,0.081318796,0.018065637,0.028664498,0.08325928,0.032349464,0.02931234,0.07578371,0.00046563032,0.17341918,0.057362366,0.0037779305,0.022820188,0.22887701,0.036346205,0.01985679
16,0.1128362,0.11853783,0.08964373,0.1281425,0.4200522,0.20469354,0.107768685,0.5616715,0.11861126,0.11946116,0.084425464,0.08052047,0.15529746,0.13450842,0.09981308,0.16158701,0.021402465,0.31156686,0.08895545,0.04724252,0.09233865,0.21471572,0.102708615,0.068653904
21,0.12337,0.13544948,0.053888965,0.08560804,0.4848546,0.15711363,0.07052528,0.48049664,0.10733345,0.08752216,0.046749685,0.05196604,0.10097776,0.08362981,0.06598387,0.09001633,0.00862585,0.26037163,0.088166505,0.026326794,0.07326182,0.15840204,0.07592136,0.049453232
22,0.016937971,0.024090128,0.0014046218,0.0056830747,0.5124524,0.05198679,0.0012737634,0.68174165,0.015336972,0.044377495,0.0021020463,0.0019138022,0.037713565,0.004973097,0.0050139874,0.028701948,3.867811e-06,0.39295658,0.0047720936,6.119339e-05,0.0015606061,0.09155793,0.0024950872,0.0009365473
24,0.1461331,0.09064455,0.019267501,0.034353644,0.49065563,0.24260099,0.013845431,0.52251375,0.07525492,0.11261885,0.024900155,0.023885857,0.13456422,0.031480853,0.041302554,0.15721294,0.00034064654,0.48794428,0.048154335,0.002460911,0.017572667,0.3421083,0.041187257,0.014712229
25,0.16896442,0.1081744,0.014973508,0.039743103,0.2947223,0.20039813,0.03598661,0.55228525,0.07164419,0.06499763,0.018724268,0.02729839,0.09485628,0.021767084,0.020513954,0.086528145,0.00029943357,0.18177009,0.07735265,0.0027073864,0.021495385,0.25493068,0.029293085,0.019338544
32,0.11333298,0.10307054,0.025085168,0.032669056,0.6316633,0.20452067,0.011936172,0.42881736,0.13052729,0.11855984,0.03272393,0.030177513,0.07592883,0.049854398,0.051272094,0.13624297,0.0008533261,0.4803154,0.054291196,0.0062731886,0.035719045,0.25617066,0.040002886,0.022665286
38,0.023068095,0.03412956,0.010863564,0.02259759,0.47784027,0.10531451,0.0057475516,0.71569836,0.029524975,0.053447727,0.01141687,0.008409767,0.10447462,0.027060714,0.030794905,0.0877657,0.00025276156,0.50183904,0.009845826,0.0018599286,0.007282073,0.18468219,0.011797996,0.0046468647
40,0.14502513,0.15013039,0.08415096,0.11569506,0.4452884,0.21961012,0.07931768,0.51672834,0.12703735,0.11825165,0.07121121,0.07261425,0.12169036,0.09915063,0.08466326,0.12153295,0.015293028,0.2607598,0.106280506,0.043010145,0.09796226,0.24025573,0.091435164,0.07276346
54,0.20738688,0.20132762,0.073998325,0.09536407,0.45631772,0.25842568,0.089566775,0.466693,0.16162029,0.15060808,0.07291875,0.08054921,0.16624555,0.088225424,0.08591729,0.14625415,0.009034005,0.24427722,0.15988195,0.028047055,0.08689226,0.24862628,0.10304771,0.07523919
55,0.21041417,0.17865068,0.026914911,0.055109136,0.17268357,0.14842635,0.08523001,0.44967297,0.10595511,0.14056315,0.03341701,0.06598759,0.26181263,0.06061809,0.033195697,0.18606783,0.00089559006,0.16836491,0.13372496,0.0039323545,0.029021744,0.2827945,0.08380487,0.030463193
60,0.187699,0.13287428,0.022741925,0.038794305,0.4253275,0.23546955,0.026004102,0.47000244,0.09733545,0.11662623,0.024158139,0.028755508,0.12747197,0.033013288,0.04234156,0.092460215,0.0005455323,0.2534808,0.08027194,0.0036844206,0.01952296,0.2602154,0.027993705,0.022161
64,0.021006849,0.011395439,0.00015655247,0.0009773531,0.32670796,0.06443068,0.0010073996,0.74511695,0.0053856713,0.008263751,0.0006019266,0.0010197811,0.021144986,0.00081404083,0.0006459367,0.062122285,1.6326547e-08,0.31085813,0.0063021127,2.4414492e-06,0.0003635054,0.1611726,0.0023948823,0.00021464526
72,0.15080248,0.13792899,0.060068432,0.09808405,0.36255035,0.19828416,0.096931346,0.5213616,0.11186587,0.10434076,0.04620895,0.06445833,0.13803582,0.08626627,0.059210096,0.09471673,0.0070096375,0.22210674,0.09142871,0.021071568,0.053368133,0.21199785,0.0644963,0.049740482
74,0.023535652,0.013129003,0.00022483144,0.0011857643,0.3889294,0.11068986,0.00018819897,0.73140526,0.0088877,0.014325431,0.00051866623,0.0005344414,0.02363361,0.0009644148,0.0013793354,0.027049905,4.1957986e-08,0.30694088,0.0042371624,3.4899674e-06,0.00029454823,0.2135068,0.0008714752,0.00020054892
77,0.2174828,0.21837187,0.090736665,0.13029903,0.38760924,0.26083162,0.11520611,0.47006992,0.18768829,0.1614891,0.08130884,0.097243495,0.20939049,0.10151812,0.08243862,0.17499803,0.012961568,0.22198817,0.1910119,0.039931085,0.112407535,0.28211355,0.12002463,0.09373564
78,0.06019395,0.0244303,0.00056889135,0.0020242166,0.48990142,0.22542424,0.0005178694,0.70448804,0.028752863,0.03633004,0.0022332696,0.0015903875,0.016812133,0.0015827984,0.0028422126,0.075353,1.6695297e-07,0.43307176,0.007251596,1.760155e-05,0.0015168736,0.23744223,0.0020733536,0.00075456145
89,0.0298462,0.010669767,0.00017425466,0.002611213,0.2618255,0.08442678,0.00083186413,0.8733183,0.0062618298,0.009491118,0.00080615655,0.0011045575,0.011966949,0.0014576351,0.0013286013,0.027247226,7.9832425e-08,0.3567506,0.0028058898,6.2746303e-06,0.00038587174,0.17980675,0.0016318997,0.0002998112
94,0.023547174,0.022510357,0.0033675293,0.012578782,0.34775046,0.075105764,0.0038390064,0.6977272,0.019574247,0.032762352,0.0054700575,0.004588289,0.041374758,0.010353695,0.0062109707,0.03654195,2.8043713e-05,0.46082804,0.008822143,0.00031659054,0.0035644881,0.088581204,0.0053473813,0.0026970755
97,0.3737541,0.25973538,0.017103752,0.027909653,0.23399617,0.35119316,0.017257188,0.4762673,0.12470725,0.18271536,0.026426885,0.035995148,0.3141727,0.02151827,0.032705728,0.23161142,0.00011593526,0.19638461,0.14400767,0.0011016651,0.014875531,0.567856,0.045047548,0.024558952
98,0.21061867,0.20199724,0.037714344,0.063489705,0.32995144,0.1909481,0.05338981,0.41563573,0.12091879,0.1312942,0.033710137,0.056477077,0.15344955,0.044139255,0.039803937,0.103828914,0.0013423952,0.1552293,0.12079526,0.0063539864,0.044242386,0.21671912,0.062783204,0.03936475
105,0.115902215,0.06922486,0.0022064194,0.014533161,0.27287698,0.2297944,0.0100800805,0.70190865,0.041207917,0.048611514,0.007898662,0.012631191,0.06696982,0.00867722,0.0067797583,0.071056135,8.121603e-06,0.20544948,0.047981147,0.00019454418,0.0050542983,0.32530174,0.01731608,0.005117314
115,0.116694495,0.10809918,0.063619465,0.0973686,0.43495053,0.21140538,0.07229138,0.5652982,0.10448908,0.11765831,0.062771834,0.056496378,0.13227236,0.088957965,0.07101415,0.1028404,0.008094102,0.29685083,0.08016983,0.021386461,0.06401166,0.2321685,0.06410583,0.049717568
116,0.23214142,0.16652331,0.012390038,0.02474888,0.2057988,0.1394675,0.10309952,0.3825725,0.09151044,0.09166861,0.010382875,0.043126583,0.19556585,0.023051009,0.01343432,0.09928008,8.156288e-05,0.07919836,0.13553287,0.0010145771,0.013646215,0.22758229,0.06693524,0.019518787
117,0.1877642,0.14840855,0.05116057,0.049954593,0.3395791,0.19768128,0.059819754,0.4266828,0.07394857,0.10494983,0.02863814,0.036370445,0.23842074,0.054450896,0.046104312,0.10318039,0.0020750267,0.15862373,0.10330303,0.008408253,0.025824107,0.31293038,0.05638001,0.033359803
125,0.12214494,0.12243679,0.060834046,0.11167834,0.4970333,0.22036041,0.059021756,0.53469646,0.12838808,0.11689574,0.075566575,0.059115816,0.10009351,0.08823801,0.07451144,0.1341389,0.010070688,0.2945626,0.09359099,0.036159266,0.095379405,0.1896166,0.08231898,0.06168751
126,0.20226108,0.1717922,0.056052413,0.07570244,0.3970113,0.21617578,0.053796254,0.47399053,0.10854229,0.11435817,0.056816317,0.05132593,0.13510023,0.06957078,0.081211686,0.11269285,0.005431542,0.21267635,0.12943988,0.02195201,0.06845458,0.29054084,0.07954081,0.061128717
130,0.12107874,0.12056882,0.049260397,0.073617116,0.46296248,0.17914179,0.042933326,0.5422049,0.105929695,0.115647584,0.04502488,0.047098234,0.11035729,0.07666614,0.059087757,0.10972646,0.004213476,0.29871544,0.073111065,0.017497092,0.05743196,0.20787555,0.05632068,0.039829306
133,0.1645188,0.16241133,0.047664016,0.05260999,0.45558465,0.22699265,0.051388796,0.4397969,0.109063976,0.117511846,0.043539673,0.046058893,0.1545373,0.05873742,0.050312262,0.10410796,0.0027709377,0.23721653,0.1073382,0.0150200445,0.04782826,0.2711795,0.071877696,0.051531192
137,0.14020358,0.08117823,0.0069108503,0.01925151,0.35725996,0.29249305,0.012351244,0.6853261,0.067974746,0.062764585,0.011980229,0.01292265,0.065766454,0.013767457,0.013981581,0.101754986,5.0231116e-05,0.2003274,0.040984794,0.000882997,0.012888972,0.30935746,0.014474302,0.009349069
138,0.2546602,0.19719882,0.061672024,0.07787724,0.38662553,0.24597171,0.08063657,0.47548893,0.13007282,0.12978138,0.06301247,0.06757437,0.16367488,0.07026708,0.07331549,0.12721224,0.004603105,0.19320014,0.15553172,0.019665087,0.07625163,0.30724275,0.08483526,0.070907906
140,0.19504918,0.17636247,0.017313289,0.030472646,0.41117084,0.18556525,0.022873936,0.42904857,0.09549926,0.10888715,0.022876777,0.03413407,0.109757155,0.02466068,0.030249843,0.10183642,0.00032317266,0.18045413,0.099671826,0.0028802813,0.03682511,0.24644373,0.03979474,0.026095672
141,0.42048144,0.20825851,0.0018593374,0.002780548,0.3658571,0.24346504,0.0008693168,0.19286199,0.06943791,0.08214274,0.0036770902,0.0052437996,0.06644014,0.0016281682,0.005456391,0.043872487,8.771947e-07,0.10575537,0.08728588,2.852659e-05,0.002807959,0.42045054,0.008263341,0.003959952
145,0.15245941,0.16126464,0.01791297,0.033195086,0.31884336,0.17310916,0.043181304,0.5280398,0.10542079,0.093109906,0.022655373,0.04554346,0.12121895,0.03431674,0.029639678,0.14592768,0.0003219521,0.16931377,0.1128267,0.0027077158,0.032542277,0.24170268,0.056865413,0.0252725
147,0.08661069,0.11035221,0.027573004,0.046864808,0.42574322,0.14310496,0.03226769,0.5752406,0.05657514,0.063770115,0.023980383,0.028883643,0.10298908,0.039440047,0.034383655,0.07125923,0.0012801267,0.20953137,0.07064354,0.007534426,0.03410014,0.1787241,0.040703397,0.026547054
148,0.2153947,0.2179732,0.13751626,0.16605645,0.45441753,0.24313366,0.16504063,0.4550407,0.1996493,0.17686108,0.11586338,0.11943528,0.18689601,0.14764224,0.15277416,0.18188344,0.044684425,0.2621982,0.18580814,0.087123945,0.16486149,0.23467174,0.14132528,0.121660866
153,0.20917268,0.22107284,0.18306102,0.21297188,0.45538002,0.24269317,0.18537672,0.49980104,0.20306706,0.1926411,0.15687743,0.16074587,0.21709703,0.21093126,0.17941283,0.20478922,0.08283691,0.32661027,0.18581125,0.13197501,0.188534,0.28084564,0.20198582,0.15351439
154,0.07090439,0.0839646,0.035411127,0.058006532,0.50530595,0.13637163,0.026105918,0.55454504,0.079452395,0.071619615,0.03619324,0.029646788,0.08158308,0.06088783,0.052331597,0.08146515,0.003712911,0.3429898,0.04465465,0.013434547,0.044825666,0.15374424,0.04519225,0.027807478
155,0.14045043,0.1584473,0.05614633,0.08129707,0.43016708,0.19278672,0.0855409,0.44512644,0.12202383,0.1200282,0.04982782,0.06655739,0.13562675,0.0786737,0.06277898,0.13360992,0.005078539,0.24459538,0.103215314,0.016283287,0.069182515,0.22091521,0.07660992,0.049532935
158,0.23539118,0.1970943,0.035916902,0.04827697,0.20487042,0.18856536,0.058346745,0.40573153,0.09962235,0.16702898,0.027671056,0.06224448,0.3079659,0.047712423,0.03944666,0.17602885,0.00081790116,0.19999003,0.14815162,0.0024935282,0.023308923,0.36100823,0.072426185,0.025708264
159,0.15314865,0.13234141,0.031264186,0.054682802,0.40726182,0.24497981,0.038040794,0.56401324,0.09611636,0.099584185,0.035359383,0.039513838,0.1019847,0.04602891,0.044766467,0.12646085,0.0013162954,0.23805349,0.08539941,0.0077630775,0.04809452,0.24551241,0.05218837,0.034612406
161,0.16427672,0.16718563,0.0615889,0.08168362,0.3720033,0.19059409,0.062011816,0.48309588,0.11351031,0.14176533,0.051322132,0.058412142,0.21972747,0.081248924,0.08133609,0.15084332,0.0053089913,0.28944778,0.103595495,0.018733243,0.048080657,0.29268909,0.08548164,0.047438864
162,0.034705695,0.033063285,0.009595022,0.019651229,0.5734191,0.12849976,0.004249219,0.6844586,0.04448223,0.045200706,0.010399831,0.008262077,0.04425281,0.019265573,0.02289922,0.051447608,0.00017625188,0.4924454,0.012528292,0.0016629653,0.010232268,0.1573818,0.010484193,0.005670573
163,0.12813804,0.1233987,0.102536246,0.12765715,0.4499387,0.18424176,0.11200393,0.54346645,0.1304736,0.123626925,0.07647623,0.07908355,0.12788327,0.12612583,0.09425719,0.11578792,0.028394887,0.2896222,0.085570276,0.059474375,0.10069146,0.16430826,0.09508562,0.077354774
182,0.044867095,0.022701563,0.00042161506,0.002337233,0.34856284,0.10088811,0.00047053414,0.6026068,0.017794883,0.030576292,0.0010489158,0.0012880771,0.0372677,0.0015335623,0.002125653,0.03618693,1.6054027e-07,0.392914,0.0075776037,8.808523e-06,0.0004973732,0.19307603,0.0015142687,0.00052118005
187,0.1525025,0.04475006,0.0014295243,0.0028478373,0.44081914,0.20514962,0.00068654853,0.5481909,0.03121645,0.032709412,0.0024743811,0.0025607212,0.033863388,0.0022043933,0.004199421,0.027883418,6.791273e-07,0.20999071,0.017620733,3.454825e-05,0.0018339552,0.32828265,0.0024146251,0.0016713443
189,0.25875866,0.23210414,0.110086694,0.1326932,0.49228874,0.27327642,0.10710952,0.40800735,0.21805872,0.21455418,0.10611787,0.1150528,0.18111022,0.12572949,0.116480045,0.20674524,0.017557057,0.26270196,0.19004911,0.053322367,0.15905917,0.28524998,0.1285914,0.11533736
190,0.07748688,0.065027714,0.00025455267,0.0017791307,0.4112236,0.103071496,0.001169771,0.49987486,0.018564766,0.025823243,0.0012104011,0.0029886602,0.015381409,0.0011839952,0.0015510627,0.021744108,7.9816594e-08,0.11416221,0.028019205,6.9432795e-06,0.001580745,0.105623774,0.0028564667,0.0013165786
193,0.09769211,0.08725109,0.045373503,0.10335105,0.43912983,0.20993437,0.05039064,0.65378106,0.084591985,0.09241419,0.05882795,0.044901483,0.11746822,0.08153998,0.062119678,0.14083013,0.005771307,0.36322835,0.059390835,0.022456469,0.056482792,0.26692936,0.06375089,0.03881125
194,0.3148012,0.2290443,0.035103317,0.037359662,0.24399911,0.261709,0.05273633,0.40008813,0.09257277,0.15384777,0.034067463,0.050621055,0.37615064,0.05310157,0.039880484,0.24996889,0.000597958,0.14322117,0.18789364,0.0036138338,0.026963651,0.52730924,0.08156815,0.038226455
197,0.18499663,0.21811923,0.11630282,0.1395631,0.47301358,0.21312818,0.10680359,0.4480459,0.17192526,0.16820237,0.10015823,0.11727254,0.15826471,0.12626904,0.11825521,0.14776587,0.027870152,0.27389136,0.15179802,0.06613348,0.13850452,0.23013209,0.13580962,0.1070187
201,0.17259729,0.16907449,0.11644423,0.12843801,0.47674012,0.25014192,0.109378286,0.55580866,0.16524708,0.15466492,0.11071493,0.09981119,0.16594648,0.16705737,0.14095391,0.18335156,0.0326027,0.33744302,0.12559158,0.07673896,0.13991694,0.27482104,0.12982488,0.10481967
202,0.2072358,0.18772772,0.06316545,0.07909006,0.4498323,0.22203289,0.07063598,0.45073035,0.14314488,0.1344541,0.046782304,0.06546281,0.16347924,0.071470045,0.085732535,0.115722306,0.0053005377,0.2258487,0.13039953,0.018966565,0.06407259,0.2594834,0.085000835,0.054422673
204,0.26307887,0.24430922,0.04540016,0.05330705,0.4672722,0.29006615,0.031960182,0.4494698,0.14606299,0.14012308,0.046034437,0.052121542,0.13548592,0.04822169,0.08519782,0.12794036,0.00282881,0.25805166,0.12718049,0.0121135665,0.0569806,0.33757436,0.06343657,0.053381853
206,0.041013543,0.04743433,0.027715025,0.04288266,0.36776045,0.12319063,0.028517501,0.58859825,0.05308043,0.082110316,0.025221061,0.021815391,0.15134591,0.054486312,0.035375565,0.10215142,0.0014500846,0.40185207,0.027246634,0.006107833,0.022026906,0.19907391,0.026856517,0.015516864
207,0.27548754,0.2831404,0.17984529,0.21499828,0.41275012,0.29027098,0.26073918,0.4744511,0.2400276,0.20702761,0.1753569,0.22067167,0.27122575,0.20903209,0.18778504,0.27291608,0.06522564,0.24776241,0.25295514,0.11437423,0.21074978,0.33076778,0.21234447,0.17882806
213,0.12275303,0.12669694,0.0562549,0.09774242,0.56139463,0.15468226,0.04195653,0.53457785,0.13251689,0.11941538,0.058108926,0.051596113,0.09821009,0.08327005,0.08396074,0.09043427,0.008423585,0.3778535,0.07103357,0.026433002,0.06850382,0.15944992,0.06970074,0.054635443
224,0.08073907,0.070568256,0.023177136,0.049660906,0.5654744,0.18607588,0.014983771,0.67140573,0.06363559,0.0780427,0.02670485,0.016871009,0.0554436,0.043791547,0.039329335,0.06852875,0.001369598,0.29765138,0.033304244,0.009513131,0.03098301,0.1963562,0.026859162,0.021491017
225,0.14355916,0.089928895,0.0047836434,0.00977856,0.40535682,0.19449186,0.0033928275,0.47876504,0.057113353,0.07941953,0.0075222133,0.009822485,0.083141744,0.010840505,0.016540132,0.08240681,2.2700026e-05,0.37304896,0.041549876,0.0003226564,0.0058290698,0.3276022,0.015151833,0.004861889
226,0.12143978,0.114876315,0.038607277,0.071007885,0.51352525,0.22456324,0.02943332,0.5961524,0.107351825,0.111922614,0.047199562,0.041444737,0.09928771,0.061790206,0.06697142,0.11836359,0.0037354168,0.37009102,0.061316773,0.015381682,0.050029043,0.2469247,0.048021123,0.03610081
232,0.2124924,0.18215142,0.023529368,0.037999798,0.3033512,0.1452866,0.043908004,0.45557562,0.09549185,0.12767658,0.027419662,0.046823874,0.14123116,0.033685993,0.028046807,0.10939912,0.00056290324,0.1967192,0.12409291,0.0033617918,0.029771648,0.23661673,0.06908026,0.028576009
234,0.13845046,0.11030426,0.02997399,0.047529668,0.33774316,0.18208577,0.051205385,0.56570435,0.07344717,0.08799814,0.030908935,0.031752605,0.16127342,0.0520833,0.038823597,0.10132434,0.0012294082,0.25312567,0.07354931,0.007252124,0.027364776,0.24034406,0.052534558,0.028457467
235,0.21622573,0.22559592,0.18597221,0.19764242,0.4174002,0.26230392,0.20537145,0.47898105,0.20172782,0.17951666,0.1538675,0.15692069,0.22241552,0.20298418,0.16891578,0.20121446,0.08076295,0.267277,0.19516073,0.12640302,0.18584675,0.27606323,0.18624571,0.15844086
236,0.3808963,0.18102981,0.0020771134,0.0056151627,0.1711361,0.12351912,0.027044468,0.2934966,0.03955168,0.06584594,0.0021604912,0.010599524,0.1784919,0.0045666983,0.004257972,0.05565294,1.1027653e-06,0.04539575,0.15810649,4.2986612e-05,0.0018040104,0.32301888,0.015687695,0.0050504105
249,0.3603292,0.31812358,0.044106975,0.067443386,0.29935348,0.2618951,0.117473766,0.42835823,0.17136459,0.1639002,0.054133527,0.116786264,0.17275168,0.06704902,0.05492192,0.2165049,0.0018479826,0.1380728,0.23646748,0.010357487,0.08795291,0.30285287,0.1265574,0.084282696
255,0.12586434,0.122668184,0.035264056,0.047647264,0.47577423,0.16469032,0.023857417,0.41795743,0.10243666,0.14067611,0.03596369,0.031583402,0.23943609,0.047056608,0.06169909,0.1886165,0.0011812499,0.38091865,0.074800596,0.0060502486,0.023824736,0.34472206,0.060147867,0.026057476
258,0.08261079,0.1037242,0.036895465,0.04045874,0.44618595,0.18839775,0.015651567,0.5688337,0.07255651,0.12190884,0.025881778,0.0285027,0.19543526,0.050034344,0.06616958,0.117996514,0.0014239888,0.3800253,0.03941317,0.0053088656,0.022260621,0.25968742,0.03276325,0.01636164
260,0.2323647,0.25220326,0.13070531,0.18028936,0.38788426,0.24047562,0.19521095,0.47122118,0.19312912,0.20737992,0.12609728,0.16568783,0.23477814,0.16015327,0.12035,0.20594369,0.029937979,0.23416872,0.20748276,0.06847609,0.15424256,0.27799663,0.1735213,0.1385597
262,0.2541498,0.24893889,0.04192494,0.0640355,0.31783482,0.18269649,0.071206935,0.4319932,0.11145332,0.14002153,0.04345831,0.066096015,0.18837304,0.059987586,0.06210876,0.109784305,0.0027634846,0.15256213,0.14438415,0.011470462,0.0530226,0.25293678,0.09253814,0.057422627
264,0.19740044,0.22941354,0.13116257,0.14400207,0.41446206,0.21774495,0.1597116,0.44414186,0.19294217,0.16972776,0.110333845,0.12385389,0.19033715,0.14826524,0.12140908,0.15821089,0.038493086,0.21587184,0.17880718,0.082202554,0.1741865,0.24060072,0.13699798,0.12952435
269,0.006496527,0.0043451926,0.00032164808,0.0020756875,0.5723288,0.083393365,0.00032582454,0.78721595,0.006834035,0.013277591,0.0009593346,0.00091632677,0.007776554,0.0026407149,0.001983186,0.032100808,2.608993e-07,0.7010558,0.0013164418,1.8612142e-05,0.00070526986,0.07010326,0.0011978307,0.00019279875
271,0.08616378,0.08436475,0.008493519,0.018696606,0.53901005,0.12853236,0.0067979493,0.47021043,0.048149653,0.070162326,0.014946832,0.012385529,0.07587143,0.019111944,0.020777708,0.06996027,0.00015558755,0.35149235,0.02869389,0.001370052,0.01241958,0.22418793,0.019139806,0.010876273
276,0.3111052,0.29905644,0.007454738,0.017675053,0.26449844,0.13747881,0.016978588,0.34822834,0.11160184,0.14157082,0.013578258,0.027686385,0.16638736,0.011281238,0.014083477,0.08788153,4.694912e-05,0.14098206,0.15306541,0.0005265182,0.0131048495,0.27021247,0.0432101,0.017477397
277,0.047947783,0.050493803,0.019074079,0.040981073,0.42145357,0.17923033,0.011438008,0.6540787,0.051794305,0.07096623,0.021007756,0.016589373,0.09474509,0.04331606,0.0339982,0.089085154,0.0008092309,0.4475503,0.020141698,0.00474088,0.015843673,0.21206282,0.02272121,0.010937554
281,0.014890219,0.010616129,0.0006347229,0.0025385784,0.49276832,0.049616173,0.00044366505,0.69750094,0.0138932755,0.07520589,0.0026313488,0.0009612367,0.09161165,0.0035089394,0.0038072334,0.11857648,3.828167e-07,0.7525382,0.0036254213,1.3071903e-05,0.0006596559,0.19869472,0.0022675,0.00040157826
282,0.1919237,0.22296521,0.033641126,0.042618662,0.48170918,0.20527923,0.023976766,0.4156757,0.17362534,0.17027056,0.044520244,0.05036401,0.13552618,0.043776754,0.06278334,0.15807891,0.0013364729,0.3148531,0.11580848,0.0071202116,0.05597511,0.2554366,0.060171697,0.040093835
285,0.18712135,0.21658951,0.18618104,0.20927247,0.5034287,0.26510385,0.17307712,0.49561197,0.21173519,0.20531055,0.1608496,0.16202833,0.20924556,0.21123646,0.19123177,0.20621888,0.08671264,0.32200694,0.18158072,0.14643148,0.20542188,0.27335018,0.18278913,0.15813355
294,0.17399095,0.16154926,0.0595244,0.09138968,0.4526753,0.25574845,0.05112418,0.53786886,0.12599663,0.1472147,0.057054233,0.058234353,0.14608742,0.076277785,0.07719999,0.117877014,0.0057544876,0.29246783,0.10014831,0.020511173,0.06386971,0.2721647,0.07049858,0.053196263
301,0.19956975,0.2208065,0.099958375,0.13874446,0.42503422,0.21872039,0.16120386,0.47889093,0.16529061,0.18279949,0.091600865,0.12949543,0.1838086,0.13903093,0.10127269,0.15902574,0.021683848,0.2522086,0.16316512,0.052871056,0.13401419,0.24232504,0.15172887,0.105991
302,0.081786744,0.05032999,0.0004341584,0.0025611222,0.37932572,0.2274872,0.0009031455,0.656744,0.02023029,0.038903937,0.002425655,0.0028582246,0.02991563,0.0021910255,0.0025881717,0.053550847,1.830904e-07,0.29915118,0.02576234,1.286587e-05,0.0012664458,0.33956465,0.003260682,0.0010678077
306,0.109454006,0.077686176,0.02567538,0.04532591,0.55303025,0.2616459,0.014452837,0.5948206,0.09100172,0.11654923,0.029837053,0.024678243,0.06244247,0.03804297,0.032706622,0.10891016,0.00065039436,0.33704498,0.046825532,0.005790299,0.036898863,0.23388053,0.031148262,0.020383475
317,0.10757409,0.10465701,0.03997875,0.06105155,0.39215693,0.17297369,0.046776008,0.5494743,0.07198216,0.07890912,0.031340312,0.03556616,0.09996669,0.062524445,0.039841723,0.08912611,0.003169623,0.18039005,0.06511038,0.013071355,0.046980236,0.17678174,0.043460645,0.033087287
329,0.2216101,0.14714025,0.011400666,0.017602656,0.36741287,0.2134762,0.013635456,0.4123934,0.062291965,0.088008694,0.013256724,0.018317169,0.12904571,0.015539927,0.020082511,0.060319073,8.829071e-05,0.14808114,0.07866841,0.0009953214,0.011537114,0.2990138,0.026032148,0.014142319
331,0.13904719,0.1318459,0.044817068,0.07144528,0.3169671,0.16643588,0.06959155,0.49852362,0.090851665,0.09843818,0.040935397,0.05317278,0.12969324,0.061429717,0.045245852,0.10420327,0.0035405783,0.23369192,0.081954755,0.011169534,0.042941187,0.21255994,0.06673688,0.03846541
338,0.08285555,0.10958216,0.044799298,0.06614234,0.4541701,0.16679253,0.03661399,0.5774777,0.10783372,0.122067675,0.04826033,0.04392196,0.13752526,0.07697502,0.05834029,0.1280094,0.0038698541,0.36936364,0.06454733,0.013881051,0.05333798,0.2025851,0.056784242,0.03491597
340,0.19569051,0.1992527,0.073272765,0.095468596,0.40416405,0.22503024,0.088475704,0.5164023,0.13719733,0.16264573,0.07355209,0.0851696,0.19514658,0.099175155,0.09449782,0.152945,0.009416165,0.2828402,0.13413262,0.026830636,0.078472465,0.2808643,0.10604033,0.07657397
341,0.1253775,0.08966623,0.022639895,0.034885257,0.47129023,0.21172728,0.028536035,0.52003795,0.07990745,0.07581676,0.018940663,0.020814253,0.11696813,0.026193464,0.028819952,0.10132262,0.0004985877,0.25204217,0.052757632,0.0039704647,0.019350035,0.24435712,0.034352314,0.018204149
342,0.071287945,0.07691797,0.036047205,0.06697355,0.44594854,0.119019024,0.047433056,0.6226139,0.064058594,0.069952056,0.030327411,0.032635808,0.08314803,0.076013036,0.040124916,0.066407174,0.003982784,0.34905282,0.047689773,0.014371572,0.039093878,0.13462603,0.04611568,0.029377183
345,0.15109998,0.1270318,0.011062526,0.030577207,0.29218888,0.15594472,0.040823672,0.5340818,0.06451356,0.07330444,0.017522195,0.0292816,0.20106892,0.02195132,0.01653547,0.12691404,0.00010790026,0.16594756,0.12170703,0.0013227845,0.0137202935,0.3061092,0.05515576,0.018685913
352,0.21514149,0.23524387,0.17721644,0.19689338,0.45901278,0.24230133,0.18132937,0.45991,0.20239846,0.18860309,0.14608045,0.1571463,0.203359,0.2002968,0.1866566,0.19203027,0.07633914,0.2880664,0.18472499,0.13045956,0.17928325,0.2603432,0.19018853,0.15789728
355,0.17383914,0.11851694,0.012311944,0.024095805,0.31012097,0.17811228,0.02290783,0.59509265,0.055713248,0.064044245,0.017338155,0.020831916,0.09896535,0.026288204,0.02813242,0.056237202,0.00034112166,0.24158433,0.0628938,0.0024604755,0.015493215,0.23924202,0.02861055,0.015120237
358,0.1032527,0.07583132,0.0231791,0.059042882,0.32060927,0.13153887,0.09326891,0.53575677,0.066118725,0.052753333,0.020776894,0.034482945,0.08438175,0.04826518,0.025906034,0.07343187,0.0013621327,0.1618146,0.06292045,0.0061901673,0.023816861,0.15335567,0.047939032,0.021987524
359,0.33190215,0.17085123,0.0064137196,0.021584302,0.33564383,0.31473204,0.012618358,0.44500947,0.0958036,0.10436104,0.016277906,0.028874898,0.14369473,0.010277971,0.022030236,0.19456251,3.0110848e-05,0.199224,0.117326014,0.0004561798,0.013199491,0.3915161,0.03445651,0.014108903
362,0.06743058,0.06051726,0.0076441667,0.02547906,0.40452397,0.12849303,0.015702236,0.6761964,0.037820037,0.04471862,0.0122105945,0.01186395,0.06347928,0.017189302,0.012326256,0.056721836,0.00010633513,0.35527778,0.0317322,0.0011538919,0.01031162,0.17563567,0.018779974,0.009468081
364,0.08075507,0.055202033,0.005601003,0.022641307,0.42217618,0.1378008,0.008508453,0.595629,0.048866898,0.050358873,0.0075152745,0.009901532,0.04052616,0.01410503,0.012653643,0.07080152,7.672535e-05,0.2646133,0.02827627,0.0010420552,0.0109354695,0.13864072,0.015186118,0.006723909
365,0.12300055,0.08936221,0.04034944,0.07166767,0.45733312,0.18518673,0.06523256,0.6451771,0.105245665,0.08913302,0.047910675,0.047773447,0.0862992,0.06782258,0.048617933,0.10835364,0.0031309607,0.32777494,0.07939792,0.013559527,0.05372011,0.19785166,0.05826714,0.037673995
374,0.6754745,0.2658019,0.0033405102,0.011413438,0.14121112,0.5735737,0.010003013,0.37382224,0.080976866,0.18608645,0.01244953,0.020728804,0.38426012,0.0055389088,0.011604306,0.35852963,1.9363904e-06,0.11284037,0.24007522,4.7469686e-05,0.0043033147,0.76044494,0.026845848,0.007151085
382,0.15805331,0.16786094,0.08443111,0.11906191,0.49195018,0.22246076,0.07945644,0.5260659,0.14420728,0.14818709,0.082641184,0.08003055,0.14057447,0.11764603,0.09634679,0.1257973,0.015834792,0.29558295,0.10869654,0.04376879,0.099866256,0.2293127,0.104465716,0.07850578
384,0.12946232,0.070997275,0.0034838826,0.013464803,0.22457707,0.18122654,0.021496393,0.5815313,0.038239304,0.049076393,0.0051220963,0.013662508,0.07365057,0.008406123,0.0073223454,0.06241073,9.769675e-06,0.12430448,0.060147233,0.0002130457,0.0049035624,0.19422013,0.013900071,0.0046096314
386,0.105689146,0.11965107,0.037462477,0.08085034,0.37241125,0.19228789,0.050678037,0.5710571,0.09093654,0.073317006,0.031915806,0.040494043,0.07859034,0.05197095,0.0394975,0.09242185,0.0026503762,0.18917501,0.068764456,0.011838888,0.04716283,0.17865123,0.04377736,0.034718994
390,0.39328977,0.37635252,0.023348982,0.036664598,0.24731205,0.14429452,0.0470669,0.23567668,0.2072331,0.28865826,0.026889665,0.05319121,0.27561644,0.027403407,0.034259,0.080865085,0.00051105476,0.1049903,0.27441016,0.002047734,0.030108929,0.2785628,0.05269188,0.04053772
391,0.17753446,0.20034389,0.12845726,0.1385864,0.421329,0.25062567,0.12265124,0.48196718,0.15360206,0.14620058,0.09328462,0.10175521,0.17864221,0.15015629,0.1279034,0.16050684,0.034687817,0.22096045,0.1390061,0.075684644,0.13662945,0.2382207,0.11719285,0.100362346
392,0.2650935,0.17673242,0.0027289197,0.0064902366,0.26108676,0.22908337,0.006441242,0.37091383,0.05955256,0.06512471,0.00839177,0.016681626,0.14584577,0.0039339196,0.010475026,0.1393089,2.424516e-06,0.1441482,0.09489585,6.157504e-05,0.0037328338,0.5288769,0.023468139,0.00522664
395,0.18190913,0.16121128,0.008066535,0.010114664,0.5053916,0.18332765,0.0054993285,0.2778365,0.08026202,0.102070265,0.009661845,0.012674093,0.09335331,0.008307922,0.01636554,0.052354872,2.8275519e-05,0.14911368,0.08792029,0.000599371,0.009173071,0.29478356,0.022823159,0.009866468
396,0.13220812,0.17086498,0.004809579,0.008040296,0.47481224,0.046250287,0.0061867014,0.2679333,0.044698484,0.05221935,0.0060793315,0.012096761,0.068560675,0.00849115,0.00879973,0.031260297,2.0991305e-05,0.121648386,0.08594645,0.00038665105,0.00801666,0.17409968,0.02539096,0.009509218
404,0.35451338,0.20039968,0.009529414,0.012639776,0.3053395,0.35235742,0.005637371,0.4452436,0.06412023,0.124361716,0.011374217,0.013035566,0.17374814,0.010643791,0.01954152,0.10163881,2.4182224e-05,0.13296013,0.08012934,0.00049045146,0.009545743,0.5902865,0.014878605,0.011394687
405,0.3767374,0.23274602,0.009102593,0.029992223,0.23907216,0.25618863,0.029608883,0.49985343,0.1141649,0.09832845,0.023024151,0.03709076,0.15085302,0.018471068,0.02249087,0.13747017,7.537634e-05,0.13800623,0.18091741,0.0009830007,0.016597318,0.46190637,0.058569763,0.026277762
406,0.1634083,0.16752169,0.029335467,0.062199194,0.3431741,0.15212217,0.10308168,0.45130354,0.10729883,0.08262299,0.03245812,0.0613467,0.092211895,0.05485021,0.039865565,0.12802522,0.0013789258,0.15041453,0.13225166,0.007568576,0.05383022,0.17372017,0.074982874,0.045888484
412,0.3183809,0.28854564,0.036231916,0.046212442,0.2945212,0.16632405,0.06326569,0.26658985,0.14266898,0.13626456,0.026041167,0.05099842,0.21037944,0.029613173,0.038565397,0.105195746,0.00081724685,0.09014359,0.22005352,0.004550451,0.03255478,0.26252517,0.08271133,0.04741241
417,0.14733756,0.17291147,0.047119606,0.08024885,0.3510173,0.14586377,0.09805756,0.45448482,0.103376634,0.106091894,0.036365602,0.06448689,0.14701067,0.06896657,0.047956284,0.09706791,0.004075259,0.14951576,0.12319884,0.014442782,0.05612795,0.1813758,0.08080789,0.047109377
419,0.16679311,0.11699307,0.01517422,0.02843413,0.44326395,0.31173426,0.01100283,0.5237129,0.09165841,0.105062865,0.02983445,0.030280977,0.086450405,0.024882402,0.03756961,0.1571692,0.00025787286,0.33944285,0.069963984,0.0023744542,0.026852481,0.31693554,0.029441811,0.017356884
423,0.1667973,0.15497985,0.021234605,0.047412787,0.473447,0.19894339,0.02611847,0.45077813,0.11485247,0.10341293,0.033615194,0.03750649,0.09751749,0.035680287,0.03584307,0.11569218,0.0008699764,0.22822459,0.095487416,0.0060236566,0.042906143,0.24064578,0.050253674,0.032733228
436,0.30763876,0.31895614,0.15357807,0.19472586,0.36701882,0.21429794,0.23316182,0.4366687,0.24679552,0.24988979,0.1365388,0.18282565,0.27399254,0.18075909,0.15075251,0.21472153,0.042764463,0.20315185,0.2533291,0.08054676,0.18872398,0.26624405,0.22235428,0.1673477
441,0.11646377,0.09150775,0.0029471042,0.010881481,0.4531696,0.13353974,0.010256407,0.52573663,0.05019865,0.053391036,0.00622233,0.011660726,0.08428224,0.00654715,0.008428548,0.05245807,7.3475417e-06,0.22649534,0.05589119,0.0001873287,0.0033424029,0.24062966,0.013147976,0.0060588317
442,0.19902389,0.13845396,0.046149738,0.06504582,0.35472152,0.21612869,0.048049264,0.4392053,0.10934278,0.12039213,0.046428606,0.057246804,0.15269044,0.067159526,0.05559083,0.13760337,0.0023932743,0.24266218,0.10193051,0.01017242,0.05536646,0.31096974,0.07481552,0.03907432
448,0.10265381,0.093414575,0.033687457,0.061756328,0.53352594,0.19524305,0.033894714,0.584859,0.11698984,0.08642603,0.030576792,0.03192007,0.074699745,0.051370446,0.048226032,0.075227186,0.0025550933,0.34984446,0.05191997,0.011740102,0.0441232,0.16260599,0.036909252,0.03033806
454,0.044443056,0.03484748,0.00076264236,0.0049702195,0.528381,0.124063,0.0019481055,0.71899426,0.019517794,0.021159664,0.0020190869,0.001755235,0.01538957,0.0031924313,0.0033081556,0.019249333,2.1202277e-06,0.28593776,0.009607787,8.0618636e-05,0.0021783381,0.09712191,0.0026579397,0.0011508518
458,0.17208888,0.1930807,0.12556075,0.1462072,0.45012832,0.21171,0.14533767,0.47394243,0.16736834,0.13807224,0.09728216,0.10549469,0.15522306,0.14081429,0.12443894,0.15420099,0.03663486,0.25715342,0.14555855,0.07403848,0.14021784,0.22747028,0.12848549,0.10918321
459,0.19751544,0.10076574,0.014942046,0.029891089,0.34828582,0.31356323,0.031055128,0.6014488,0.09039069,0.08733083,0.02721491,0.027271478,0.13253836,0.027782913,0.026205989,0.1867099,0.00018400604,0.26204893,0.09181634,0.002143947,0.017769141,0.41822156,0.050579388,0.018145656
460,0.26511326,0.24191222,0.04893026,0.08093332,0.3427155,0.24574368,0.08263079,0.46152365,0.15595122,0.14439298,0.05044972,0.07845773,0.20236798,0.060111944,0.07167726,0.13759245,0.0029148117,0.19288358,0.15069844,0.01208118,0.0504521,0.33220124,0.08713005,0.0632259
466,0.15490443,0.15869357,0.14695291,0.179014,0.45546335,0.24339184,0.14672484,0.56067437,0.16360608,0.16171846,0.13633917,0.116865814,0.19911014,0.19479908,0.15421706,0.21134606,0.052502926,0.36360565,0.1235394,0.09994063,0.1409883,0.2894611,0.14977643,0.10960822
470,0.110951565,0.12387746,0.028712869,0.046056375,0.48048732,0.17451218,0.040933527,0.5220502,0.09504899,0.07414937,0.03655648,0.039531395,0.07710539,0.04597418,0.044293284,0.096565425,0.0018988006,0.21540526,0.082474075,0.0086887535,0.05640194,0.16892101,0.057909943,0.03436188
475,0.38660765,0.2958565,0.040795714,0.051242862,0.3445904,0.2693568,0.06828526,0.33473393,0.16132729,0.16299517,0.0487637,0.07716883,0.17455962,0.052717637,0.059286635,0.15157005,0.0017986473,0.18951944,0.198781,0.0077523817,0.048564233,0.3767348,0.08744582,0.06549531
481,0.37893394,0.25376695,0.016888298,0.024320452,0.37161297,0.27832392,0.019222343,0.30912006,0.11997479,0.11690771,0.024201589,0.03820526,0.15116785,0.019015037,0.032181714,0.12550452,0.00019706435,0.15085961,0.16547471,0.0018295541,0.026916463,0.34501576,0.049518906,0.02737919
482,0.4656714,0.3679047,0.0019391923,0.0030116632,0.16587421,0.17164075,0.0035989713,0.1455442,0.07008997,0.09322627,0.0031020807,0.008557622,0.25598267,0.0012674853,0.002926167,0.06330201,4.7493558e-07,0.023425365,0.20616914,1.3307911e-05,0.001713415,0.43379855,0.014348942,0.004747894
488,0.101288974,0.10688927,0.10515625,0.121261455,0.51840216,0.21101435,0.07452669,0.60129243,0.13671064,0.1352498,0.08933417,0.07161302,0.13438876,0.13403164,0.11342484,0.1291001,0.02663099,0.42389977,0.074777685,0.056580313,0.09376503,0.20131317,0.08289695,0.06488091
490,0.2997161,0.2558149,0.052617427,0.10269257,0.31954268,0.25116313,0.12614138,0.48321772,0.20127437,0.16293056,0.074867964,0.10766387,0.22198921,0.06942579,0.0818508,0.19150227,0.0036902996,0.20776758,0.24184915,0.01234494,0.066566974,0.33160332,0.121343836,0.07283698
502,0.22499095,0.21640806,0.12776978,0.15879473,0.4636065,0.2735468,0.11969047,0.4814466,0.20242536,0.2050425,0.113614984,0.110121034,0.24966052,0.14552625,0.14645302,0.18156163,0.027362047,0.34017846,0.15052116,0.05774466,0.10421931,0.341847,0.12541838,0.11124999
504,0.18319695,0.16814232,0.006316474,0.016820915,0.22195601,0.12150409,0.062177096,0.3174684,0.089478336,0.088105194,0.0066830493,0.030705193,0.11250411,0.014404388,0.0071165315,0.060582314,3.91622e-05,0.0658485,0.14462835,0.00047155042,0.013299962,0.14605284,0.027912961,0.013902993
512,0.1524333,0.13601112,0.029514352,0.052949466,0.4305605,0.23897631,0.029199366,0.5404053,0.112326235,0.0824702,0.031730577,0.036291234,0.07098338,0.034526564,0.04273856,0.0966581,0.0015787955,0.24903971,0.06417905,0.008987815,0.041403003,0.23908886,0.04268228,0.031117698
514,0.040959567,0.0426775,0.02083435,0.044656914,0.5306394,0.14251946,0.011659246,0.6760875,0.048203386,0.06434402,0.029819129,0.017615879,0.06264376,0.04080741,0.03644308,0.09084236,0.0009738792,0.4591997,0.023413392,0.005631811,0.0252461,0.16842155,0.030445745,0.013735309
515,0.062342323,0.065645464,0.025823992,0.046085443,0.48838094,0.13761467,0.021818236,0.62195164,0.061441008,0.07015485,0.028859358,0.025800696,0.098516546,0.052770656,0.04719878,0.09296697,0.0017691945,0.4736283,0.035079192,0.007896676,0.02822674,0.17816414,0.039828785,0.017178247
521,0.22170797,0.26851243,0.051079288,0.05883896,0.4154858,0.20088331,0.07854651,0.39124772,0.13190009,0.15334426,0.05289556,0.09206071,0.18225138,0.063022934,0.06367371,0.13735169,0.0032049972,0.21916696,0.17882386,0.012345904,0.07627706,0.27556786,0.117503926,0.065601036
522,0.18545726,0.06576649,0.00058346277,0.0017248242,0.14154984,0.10918854,0.007094429,0.4626232,0.021230964,0.02524634,0.0007749249,0.003426113,0.06249276,0.0018969228,0.0017185751,0.02993965,1.781101e-07,0.040197343,0.034794386,8.708368e-06,0.0008443317,0.22757804,0.0042133364,0.0009844591
523,0.15737075,0.17153257,0.06156722,0.09976609,0.33230415,0.19628564,0.13844895,0.47313982,0.10645248,0.13207684,0.056541495,0.07358678,0.19792227,0.08904782,0.059853304,0.15002404,0.006298261,0.20055418,0.14890449,0.019242585,0.07012764,0.23008077,0.09307599,0.060346145
525,0.09250664,0.104584284,0.055121798,0.112468,0.501408,0.16715275,0.083693065,0.6036021,0.09713566,0.10213022,0.06364752,0.053049088,0.10010716,0.10303487,0.061135545,0.101055175,0.009975519,0.34235513,0.071965255,0.031891957,0.072291605,0.1471353,0.07258636,0.053551625
526,0.15940686,0.12063888,0.02342906,0.036637153,0.39499515,0.18525958,0.019769289,0.507112,0.08340616,0.09385515,0.023988066,0.025535388,0.09445314,0.03545435,0.035702735,0.092068486,0.00070311996,0.2365227,0.07102694,0.0050366544,0.030284638,0.23646587,0.041416813,0.022670612
529,0.05483012,0.055987358,0.023337975,0.04845043,0.5294864,0.22391869,0.017692877,0.6804044,0.055621706,0.06907695,0.026537905,0.019783167,0.05747314,0.04020177,0.037075665,0.08505711,0.0012227888,0.32002717,0.029103717,0.00828883,0.03178156,0.14727704,0.022081625,0.015721112
536,0.110867396,0.07331767,0.0025603462,0.0048521375,0.57785606,0.13093597,0.001683424,0.39848307,0.05032508,0.049520575,0.0050062593,0.0050870674,0.0522404,0.0041754697,0.00899519,0.053597078,5.6089225e-06,0.3428144,0.025259228,0.00013877355,0.0041788234,0.23213868,0.007991063,0.0033479673
537,0.52240556,0.37754107,0.0067993216,0.017365033,0.13436574,0.26603866,0.027306937,0.28466552,0.121498965,0.19179438,0.016847124,0.037731726,0.47188318,0.009618887,0.010110717,0.26018468,7.562457e-06,0.08569866,0.30170587,0.0001171907,0.0058530066,0.59000903,0.053173438,0.016487697
539,0.1026306,0.12336535,0.016072027,0.036326036,0.42194793,0.13273542,0.023159212,0.49218848,0.05868718,0.06536322,0.0176361,0.02833166,0.08416997,0.02569855,0.022981338,0.057460368,0.0004771377,0.23319273,0.060215168,0.0038019978,0.024223123,0.1315723,0.03190618,0.021903286
541,0.17823358,0.17267863,0.089543305,0.12824671,0.30645344,0.2503047,0.18834753,0.5128237,0.12948279,0.13952346,0.07201779,0.114181936,0.20476963,0.12662107,0.08079467,0.15801795,0.013951163,0.1635146,0.15206423,0.030098662,0.08797598,0.25407547,0.1205016,0.07629359
545,0.03620892,0.03944084,0.009159568,0.02612616,0.52747124,0.105478965,0.0053863456,0.7159319,0.030877858,0.047877457,0.0128143225,0.008751119,0.046386052,0.019656949,0.017398907,0.048262842,0.00019649809,0.4448852,0.015552335,0.0014886736,0.010792578,0.13296337,0.014235555,0.0074194586
552,0.026981518,0.028873045,0.01147876,0.023524756,0.49824306,0.12447773,0.0061980076,0.698769,0.045546632,0.07948049,0.01725718,0.009883253,0.0931899,0.03407326,0.029450856,0.11402355,0.00025270472,0.6581323,0.011323871,0.0019284227,0.009647151,0.203024,0.013102235,0.005191299
556,0.13653481,0.15839945,0.033538587,0.045170207,0.43682855,0.11946827,0.037170004,0.37957144,0.07381567,0.078509174,0.027389485,0.033300847,0.11819904,0.045388862,0.03962047,0.06578741,0.0022649725,0.20186247,0.09234992,0.010733496,0.038252193,0.17030579,0.058601916,0.0351648
557,0.21815664,0.23614243,0.024569068,0.052180517,0.21769853,0.15278295,0.13266553,0.32985315,0.15046392,0.11965846,0.027785243,0.07612725,0.18968433,0.032616332,0.025265077,0.090312175,0.000652797,0.102517314,0.19099641,0.0029125304,0.028894393,0.1791044,0.06944718,0.038155906
559,0.3199414,0.20690383,0.031452645,0.05907529,0.2742115,0.26834726,0.059724536,0.47337407,0.12584138,0.124509715,0.031268302,0.05730054,0.22459778,0.046830334,0.05814009,0.14722331,0.0012446388,0.18865524,0.16055073,0.0056764153,0.028651513,0.4042057,0.07813671,0.037242077
560,0.1788032,0.12308996,0.017070172,0.037101097,0.41629407,0.22322556,0.020778155,0.5077005,0.0893718,0.10685008,0.022928268,0.028583523,0.1163477,0.028537152,0.033986237,0.123501346,0.00032194812,0.21665077,0.09299546,0.003396165,0.02469903,0.30586147,0.04204139,0.020285761
569,0.35591164,0.28689775,0.02416943,0.041890226,0.2519567,0.20560825,0.058229525,0.393232,0.12410839,0.14776056,0.04094371,0.07026604,0.16889115,0.03619649,0.03687153,0.17755015,0.0004997277,0.14797245,0.20433876,0.0035770072,0.049043838,0.3395594,0.07453373,0.06068085
571,0.21771574,0.24187632,0.23255752,0.24049641,0.46923706,0.26883265,0.23453407,0.49612296,0.22961251,0.22666092,0.19568543,0.20031951,0.23212476,0.24726298,0.20720853,0.22594276,0.13203542,0.31956685,0.20438962,0.19106087,0.23591305,0.2689611,0.2212865,0.1966745
572,0.014021822,0.010984782,0.0024822296,0.008589719,0.65087426,0.087606154,0.0015976173,0.7768504,0.01743986,0.02807631,0.0055441246,0.0028403308,0.027023138,0.011115586,0.0086662425,0.05316522,1.4567479e-05,0.69334304,0.0037583604,0.00034317336,0.0042486796,0.10416264,0.003728407,0.002155818
574,0.30473247,0.29258117,0.06292369,0.10368307,0.29682803,0.26690125,0.14382209,0.40992087,0.18281978,0.20962323,0.061767254,0.13295893,0.28199464,0.07388291,0.056737017,0.1800321,0.0033727055,0.13820857,0.2674235,0.012748992,0.066689864,0.30874467,0.1155268,0.08362491
575,0.27372906,0.19350444,0.044658296,0.08042254,0.4236998,0.24943195,0.07300047,0.41215932,0.13760614,0.16159803,0.040244106,0.068467215,0.1782602,0.057970837,0.074815795,0.16592851,0.0022275988,0.23267773,0.15994479,0.013327322,0.04998777,0.28900874,0.07716328,0.04857609
580,0.01685349,0.005825271,0.00029644705,0.0023905786,0.33620933,0.12410246,0.00022497638,0.8298323,0.0077465964,0.023160694,0.0013813324,0.0008744314,0.050479904,0.0026730748,0.002989689,0.08716942,1.7595835e-07,0.7579778,0.0016924249,7.571325e-06,0.0002653277,0.34609374,0.0012548987,0.00015701966
581,0.20193237,0.18418759,0.039854467,0.0519117,0.49172473,0.25382194,0.03184879,0.42120504,0.1252044,0.13530047,0.035688072,0.041255534,0.13138634,0.041560758,0.068319805,0.0925329,0.0020326278,0.20761456,0.13541576,0.009374877,0.04692885,0.27217355,0.039570395,0.04444096
583,0.1661197,0.15587214,0.053233422,0.080539785,0.4572072,0.21822803,0.05664937,0.5362363,0.13917157,0.12851958,0.05964877,0.06138026,0.10989477,0.08211854,0.07682011,0.122761734,0.0059068264,0.25077814,0.114637,0.022461746,0.08361709,0.23770812,0.082288764,0.056612153
587,0.12829827,0.12694031,0.0701646,0.10216418,0.39345777,0.19022402,0.08226214,0.5556127,0.10952683,0.123360574,0.06815952,0.07304866,0.15184298,0.11588512,0.085265554,0.1331997,0.011082512,0.33554828,0.08701259,0.031358913,0.07800763,0.23317829,0.08889369,0.05521188
593,0.12042668,0.1208383,0.056705594,0.1005251,0.51949954,0.2084435,0.052542843,0.543312,0.1078818,0.11837617,0.068489544,0.06099055,0.0879238,0.0912853,0.064941,0.12112871,0.0074822167,0.305221,0.080781765,0.02855313,0.08774088,0.18454272,0.069602065,0.054902542
597,0.10707869,0.09978172,0.0040855855,0.012602904,0.38066876,0.13642845,0.009459583,0.5699506,0.05995245,0.060132366,0.0082037235,0.010908015,0.04797292,0.008857764,0.007029264,0.07171935,1.6532209e-05,0.1774269,0.042979807,0.00043892564,0.013236977,0.1745847,0.017918788,0.0100675365
600,0.058470435,0.050616153,0.005981041,0.021301832,0.30631232,0.13306634,0.016914383,0.61351216,0.034114264,0.056813836,0.010969318,0.015133507,0.08553349,0.016078377,0.010125317,0.06938067,5.3500968e-05,0.22824655,0.043972675,0.00053565874,0.007123179,0.17651647,0.01942596,0.006244889
606,0.15052144,0.14910704,0.04658996,0.066489644,0.3266958,0.17178582,0.09097655,0.5299409,0.08404255,0.08465124,0.035733443,0.050439112,0.13351569,0.060786463,0.047852803,0.09500969,0.0034099626,0.17508785,0.10196429,0.01242582,0.04558619,0.22705013,0.06846109,0.04110932
610,0.18081135,0.19427206,0.09429163,0.11213679,0.47426406,0.20464416,0.11896155,0.48132977,0.17294173,0.15244496,0.07695364,0.093329154,0.15181018,0.11628998,0.095399365,0.15950406,0.016082585,0.2534224,0.14276443,0.042939227,0.13061862,0.21734926,0.12657598,0.09722214
612,0.22012398,0.19210288,0.09427242,0.12415374,0.30616122,0.21977416,0.20727955,0.5114038,0.13875109,0.13863975,0.081710406,0.10966952,0.21039616,0.12399609,0.08934085,0.1492223,0.015411176,0.18839997,0.16693504,0.037183218,0.0881772,0.27171904,0.13054654,0.08840626
614,0.3375189,0.25488728,0.101013884,0.12818404,0.42737305,0.35751215,0.1056882,0.4610395,0.21962042,0.20267709,0.09887165,0.11147726,0.2132563,0.097904414,0.11135618,0.26596728,0.010374568,0.25053024,0.22314341,0.03815657,0.12602946,0.39495707,0.13262,0.10830478
619,0.20138845,0.15647377,0.015920743,0.03305389,0.38847083,0.27435085,0.023794314,0.53095376,0.11351261,0.13925397,0.025697436,0.031603884,0.1547798,0.025164763,0.027196776,0.136863,0.00024021923,0.31610233,0.09693014,0.0021849815,0.022916889,0.3016339,0.04485062,0.022619296
629,0.09285023,0.08727817,0.032028448,0.05084028,0.504231,0.16278733,0.030273164,0.62592447,0.0722024,0.070204586,0.041340537,0.035377428,0.07486119,0.056553833,0.053816564,0.09162549,0.0027637135,0.37461028,0.057053205,0.012283795,0.047924824,0.2104058,0.05036248,0.029402927
630,0.21688065,0.22124147,0.082039975,0.10991976,0.3942009,0.23367141,0.10730394,0.4942168,0.16386862,0.16060327,0.0839443,0.10520226,0.1550849,0.116665825,0.09263035,0.13016315,0.013674845,0.22857302,0.1743572,0.036509007,0.120517224,0.2334744,0.11706588,0.09841779
631,0.030079033,0.02470105,0.00015133762,0.0011455918,0.40036523,0.10311929,0.00026665453,0.7659514,0.01200005,0.01448295,0.0007744901,0.0007052836,0.018874882,0.0004768701,0.00090708723,0.060675543,1.0647643e-08,0.4375291,0.0068792277,1.6817445e-06,0.00043710976,0.22108707,0.0012357828,0.00028423758
632,0.0028621983,0.0013181368,1.4689539e-06,3.2909527e-05,0.4842764,0.020620052,2.427716e-06,0.7784497,0.0014017287,0.0012415019,1.2515426e-05,1.6154008e-05,0.00029803714,7.643847e-06,9.8406e-06,0.0013720903,2.1949079e-12,0.14399333,0.00028445962,2.9368077e-09,2.0461724e-05,0.01743388,3.1072e-05,4.772298e-06
634,0.0966927,0.10583788,0.016833907,0.043448612,0.5045318,0.15864326,0.01918288,0.50643384,0.08849833,0.09747461,0.027798869,0.025297826,0.0629512,0.033050712,0.025885941,0.07817241,0.000580163,0.2906348,0.057007972,0.004264345,0.03712406,0.16469654,0.033590566,0.024345413
635,0.2586743,0.23335317,0.20275328,0.21238554,0.4482104,0.34233367,0.18942927,0.52471155,0.2214508,0.2053423,0.17397375,0.15944959,0.23225653,0.21015112,0.1976735,0.22853363,0.07956927,0.2932634,0.19601968,0.1488916,0.19063047,0.34394926,0.18203165,0.17370877
638,0.0020203288,0.00055020343,4.3673697e-07,2.945774e-06,0.5294696,0.0077424147,1.7091557e-07,0.6431211,0.00027915157,0.002103403,2.7164158e-06,1.7717335e-06,0.0025874432,3.6215272e-06,7.812422e-06,0.0015085049,1.5629848e-13,0.54633236,2.664626e-05,9.956081e-11,3.7181513e-07,0.074286774,5.1078073e-06,3.0696128e-07
643,0.29940528,0.25040317,0.044030957,0.07095897,0.328663,0.25049707,0.08465221,0.42797145,0.19956857,0.17509073,0.056708377,0.090151355,0.19803476,0.065070584,0.07077336,0.19886574,0.0021942034,0.16908222,0.2171394,0.0082591055,0.064967394,0.34760022,0.103811786,0.062230006
645,0.1001127,0.111523174,0.08009075,0.10968329,0.5330215,0.17906384,0.053413298,0.5823035,0.122517474,0.12965673,0.077688545,0.061950523,0.12170827,0.12083728,0.10484101,0.12196343,0.016090497,0.44317397,0.074630134,0.041507762,0.0818504,0.20677282,0.0814368,0.0555817
646,0.16006783,0.15247163,0.041227367,0.058532838,0.28774634,0.1632503,0.06857325,0.46822274,0.09494986,0.10828911,0.032764107,0.04253688,0.1664659,0.05684092,0.04323625,0.08152089,0.002735762,0.18381993,0.105810426,0.0084769195,0.03743887,0.19202304,0.051424984,0.039543953
659,0.11327797,0.09067127,0.008520079,0.02469665,0.271654,0.14847454,0.032747507,0.5222547,0.0584621,0.052042257,0.0069547696,0.019525206,0.0702584,0.015238101,0.01035758,0.06611228,7.2508206e-05,0.1020419,0.06520193,0.0008064228,0.012901245,0.15081666,0.022763548,0.010373017
660,0.06461765,0.045120686,0.006108756,0.015730722,0.5247365,0.16243835,0.005331796,0.6672096,0.03252259,0.046888556,0.0072397175,0.0066228164,0.058359545,0.014090887,0.015591718,0.052636497,6.1451145e-05,0.38740602,0.015486139,0.0008933826,0.007004707,0.18886763,0.012065978,0.0046103117
661,0.073543325,0.06412969,0.017622555,0.038973227,0.4748899,0.17220454,0.014782963,0.66870534,0.04489986,0.05356395,0.019519093,0.017618636,0.058067717,0.02955024,0.02210563,0.0547165,0.00058160856,0.26831168,0.0316596,0.005394667,0.022329867,0.17983843,0.027956394,0.01553022
663,0.2114314,0.20179328,0.025616666,0.03447026,0.44900796,0.22331247,0.018971486,0.36514,0.10308909,0.12702675,0.03058287,0.029683623,0.12642914,0.029854374,0.038273778,0.08475461,0.00075647904,0.17079253,0.1001625,0.0048760446,0.033247553,0.2650405,0.036595974,0.03462605
666,0.070909515,0.059492033,0.014130654,0.029132456,0.4609645,0.14138597,0.011115124,0.6126234,0.052530512,0.058813736,0.01644253,0.017383968,0.065951414,0.024256703,0.022418922,0.07139729,0.00028700588,0.32639477,0.031028109,0.0027840817,0.01743691,0.16060999,0.022923665,0.012142604
667,0.065406054,0.042072043,0.013019441,0.022079198,0.4677762,0.2157557,0.0078794565,0.6637948,0.04845716,0.09197778,0.019924777,0.01171318,0.14145415,0.02912719,0.042717654,0.13164714,0.00023846667,0.54928553,0.020715311,0.0018654536,0.009520907,0.3383896,0.01515979,0.008018499
669,0.11858027,0.09508378,0.020870171,0.045256145,0.45225018,0.21678434,0.025321675,0.592943,0.07249672,0.07520341,0.028290456,0.03062776,0.06254648,0.038435433,0.03323066,0.08815674,0.00072774565,0.32104146,0.05625476,0.005234153,0.031456187,0.16582446,0.03453813,0.023443317
671,0.31716713,0.32776693,0.12624113,0.14808667,0.32966968,0.25164708,0.21862836,0.38341588,0.2512102,0.22059362,0.122305624,0.18029673,0.29624876,0.13323173,0.12118375,0.2200702,0.019940006,0.18668433,0.30758837,0.047909748,0.1402002,0.28935754,0.18942176,0.15712065
674,0.19040957,0.19227523,0.040149573,0.06413706,0.3673899,0.17187367,0.048688617,0.4256282,0.110524885,0.11876442,0.040112343,0.045622975,0.1498157,0.05305815,0.050479505,0.09011254,0.0031016793,0.18766473,0.12019492,0.011049356,0.04500994,0.22571124,0.06701933,0.045685787
685,0.29209536,0.24288315,0.06036993,0.09624445,0.25393674,0.24733956,0.18602139,0.39896566,0.1748179,0.16234569,0.056243468,0.12603442,0.21686889,0.08152,0.060689814,0.1857083,0.0048853364,0.107558094,0.24951181,0.01596727,0.0727477,0.2488237,0.122800976,0.07989522
686,0.32263112,0.1964532,0.011170945,0.018658506,0.27393422,0.26297143,0.025906516,0.42750815,0.08595244,0.096899234,0.009110687,0.019471943,0.1869135,0.017847331,0.021131204,0.084187225,9.434011e-05,0.118885174,0.10607066,0.0011115558,0.0073819575,0.3478386,0.027300961,0.015482956
687,0.106629066,0.115349405,0.0042199492,0.010734894,0.26576188,0.06059029,0.027719725,0.3423301,0.050674107,0.04111883,0.004608785,0.016270367,0.081917405,0.009798568,0.006220193,0.03985157,2.1092359e-05,0.09597998,0.06898351,0.0003387444,0.008293593,0.0827658,0.024383968,0.00890671
688,0.34521964,0.27964586,0.104405575,0.1196055,0.31314865,0.30103752,0.15913206,0.41340625,0.18033418,0.18401985,0.09001567,0.13100411,0.30547768,0.11029273,0.113610126,0.2001673,0.012511791,0.17937362,0.2534503,0.040048707,0.10927172,0.4045066,0.1611457,0.11855989
689,0.08384598,0.09107193,0.047388367,0.0784212,0.47217798,0.16053839,0.037339702,0.63458425,0.10703306,0.13566573,0.048007265,0.049023833,0.13996759,0.094989896,0.081307895,0.160199,0.0045629176,0.48442453,0.049521398,0.01671815,0.052039746,0.21602786,0.061667506,0.030850278
695,0.17584828,0.1822901,0.095489316,0.12358983,0.47966707,0.21695726,0.121231854,0.5109235,0.15525079,0.16198434,0.0905082,0.08650137,0.16931616,0.13622561,0.10685484,0.14262147,0.020380514,0.27061287,0.13846277,0.057228696,0.11593266,0.25113443,0.12581535,0.09656727
697,0.08334718,0.083554246,0.0029994037,0.010317655,0.21568833,0.078684926,0.024698164,0.51932037,0.034698613,0.047922757,0.0044564535,0.014996811,0.06749749,0.012051588,0.0039718095,0.04195137,1.2262922e-05,0.101285785,0.05199801,0.00018241792,0.005650275,0.12193895,0.013675861,0.0049840594
698,0.22973667,0.20445411,0.023227345,0.04403575,0.37942478,0.26053947,0.029231895,0.38992283,0.12756978,0.15002711,0.039418794,0.042418737,0.12930895,0.030952895,0.029490411,0.1511352,0.00046557887,0.16856104,0.16501124,0.00396429,0.03503264,0.2798278,0.05790352,0.037098948
699,0.22042203,0.23286223,0.13472807,0.15532091,0.41341692,0.24540249,0.159774,0.47363704,0.16845895,0.18713686,0.09741707,0.11277286,0.23158887,0.14648898,0.11755361,0.15137261,0.03142773,0.24806611,0.18407328,0.06846547,0.12400173,0.2644645,0.13720372,0.11800274
703,0.15979274,0.16933246,0.13330252,0.18456092,0.4455559,0.24160469,0.15204847,0.5393287,0.14866021,0.14219533,0.11737379,0.11556413,0.19434094,0.17544582,0.12768765,0.19147183,0.040173784,0.28607425,0.13307695,0.088641696,0.1314959,0.2645183,0.14983399,0.1108875
707,0.10288379,0.063367955,0.0013286639,0.0048882603,0.2736201,0.2229468,0.002772721,0.6116823,0.022659665,0.06825077,0.004706409,0.0055988515,0.13223493,0.0046700356,0.0060331565,0.14834817,7.606431e-07,0.39999327,0.026434524,2.4359268e-05,0.0014581529,0.46706963,0.009146162,0.0018315702
716,0.2475449,0.31461984,0.15820836,0.17210792,0.42476696,0.24892522,0.18826497,0.39757824,0.24747357,0.24472088,0.16102979,0.18296121,0.24892025,0.17514667,0.15452597,0.20386498,0.05327128,0.24684837,0.2598502,0.094704695,0.21039337,0.24819568,0.21457335,0.18252394
717,0.17599587,0.1631138,0.044656508,0.08868724,0.33613217,0.16702807,0.13449647,0.44882953,0.12872243,0.11747211,0.05299317,0.06776117,0.14708124,0.08839667,0.065402046,0.11127345,0.0049515725,0.20757332,0.13037488,0.017264444,0.057601973,0.20159405,0.08626096,0.058287185
719,0.19390278,0.18507871,0.036711127,0.056003325,0.3276565,0.20112522,0.04309785,0.42114058,0.11165776,0.19152129,0.031245114,0.049866386,0.33724412,0.052380584,0.047469914,0.18922213,0.000772941,0.31356135,0.114589505,0.0044931937,0.025260063,0.37153867,0.07601719,0.03420735
726,0.015010108,0.009358316,0.00031147434,0.0014592913,0.5095607,0.10146107,0.00028423758,0.74697983,0.0129719125,0.039373275,0.0013078956,0.0008881471,0.048271365,0.0017968179,0.0022881886,0.09766798,6.5233166e-08,0.7750764,0.0028305762,4.172064e-06,0.00032466982,0.272017,0.001348042,0.00021712229
727,0.002737046,0.0027683817,0.0003920616,0.0022336429,0.59153855,0.030665077,0.00019436117,0.84908557,0.004346608,0.01851779,0.0015157359,0.0004029799,0.01736117,0.0029017464,0.0022195955,0.038409393,3.5847938e-07,0.8547459,0.00069801847,1.3912821e-05,0.0003215733,0.0887104,0.0012845077,0.00019286826
728,0.25835988,0.16385621,0.0016392634,0.009171216,0.1035446,0.12115613,0.026195958,0.3531172,0.051641293,0.05645366,0.0042987876,0.014523938,0.104066744,0.0044276905,0.0028884565,0.07516994,1.9301826e-06,0.051362325,0.13043065,4.50761e-05,0.0042444156,0.25080726,0.015283933,0.006624012
739,0.105877124,0.080204405,0.001671564,0.00410006,0.3061108,0.07403031,0.0030895246,0.3867231,0.019829186,0.034197077,0.002177679,0.004265532,0.03535933,0.003069656,0.00282543,0.047790736,1.4987806e-06,0.08311642,0.029635852,5.092022e-05,0.0035884485,0.165388,0.009176123,0.002632454
760,0.03415657,0.036244597,0.005088282,0.015416248,0.4142454,0.092826895,0.0044219363,0.6335762,0.028267318,0.038963325,0.008169691,0.0062724254,0.041614767,0.012624277,0.009977757,0.06655745,5.107716e-05,0.3055353,0.013767464,0.00077855325,0.0095259715,0.17490205,0.013804936,0.004911494
767,0.24789654,0.23807193,0.07234854,0.09944228,0.4524958,0.19013709,0.08685882,0.39971972,0.20050782,0.15305112,0.06411346,0.089088246,0.16391003,0.07977815,0.083927415,0.12028029,0.007327841,0.240814,0.18939193,0.024933789,0.07401964,0.21744215,0.10230199,0.081440754
768,0.072449215,0.038863093,0.008064098,0.016441775,0.25562453,0.16983387,0.015260547,0.70203125,0.03067879,0.057132877,0.008004487,0.009111669,0.117162704,0.016223332,0.010997767,0.069182806,6.323824e-05,0.33830902,0.025331285,0.00054003496,0.004717198,0.24679302,0.012258734,0.004946456
769,0.04709696,0.044575747,0.013124123,0.029799763,0.32874122,0.14428121,0.020469561,0.6763761,0.044390287,0.074957944,0.014017906,0.016062256,0.115889,0.034099672,0.025121506,0.09675266,0.00029506456,0.46636662,0.020158097,0.001756272,0.01044112,0.19567817,0.018952396,0.008344972
770,0.48039433,0.08910239,2.3405157e-05,0.00015210756,0.0591869,0.20141593,0.00018749863,0.25407898,0.007869585,0.02603561,9.646867e-05,0.00038421663,0.11221591,0.00012633379,0.00026698774,0.027204795,1.2105549e-10,0.03736843,0.028852569,3.282502e-08,2.894261e-05,0.8578646,0.00078208157,7.654602e-05
771,0.0067576515,0.0066037267,0.0022545594,0.0045190537,0.4592441,0.062227264,0.0006588683,0.7716806,0.010237818,0.02403797,0.0026487482,0.0013998263,0.037623223,0.008831361,0.0067529613,0.050227437,1.1331275e-05,0.68181306,0.001454671,0.00014822112,0.0015224948,0.09186979,0.0024040479,0.0006169137
775,0.25737384,0.23720968,0.09890975,0.12431971,0.36273918,0.27606693,0.0941332,0.45272428,0.17818342,0.18998665,0.08373754,0.10169596,0.31445977,0.11297158,0.12860112,0.2224021,0.0131805055,0.29372695,0.15855782,0.03408825,0.08375863,0.38792294,0.13048387,0.080433264
778,0.11816758,0.09659683,0.0040345774,0.008108525,0.40996793,0.13131,0.0055446243,0.4044282,0.05298567,0.062384903,0.006945357,0.009358264,0.06583955,0.0065730573,0.009975463,0.052212022,1.4137128e-05,0.25848207,0.040644813,0.00028966193,0.007236856,0.17857486,0.012797801,0.005590325
780,0.1215932,0.10326361,0.022096684,0.030325498,0.3352235,0.14223509,0.026687276,0.4693501,0.0591125,0.06377444,0.021166058,0.024678614,0.120900534,0.044647314,0.04653097,0.089360155,0.0010902724,0.19369118,0.0627307,0.0057590404,0.025948906,0.28300837,0.040294245,0.019578839
781,0.33368462,0.21850665,0.041446615,0.04126234,0.40611133,0.33122176,0.029399045,0.4199585,0.12648442,0.12814398,0.037934102,0.0393814,0.22029243,0.048884384,0.069139816,0.12777343,0.0013456568,0.1971057,0.15119916,0.008430256,0.030477738,0.46946177,0.06626082,0.042543046
784,0.26272088,0.26045626,0.026328484,0.03187084,0.26598254,0.16620505,0.028356748,0.2655915,0.100382544,0.156111,0.020986352,0.034878097,0.30147597,0.02209467,0.027528845,0.11015628,0.00034994713,0.10929164,0.18069342,0.002259202,0.017663268,0.3096799,0.054757882,0.02999845
785,0.14800783,0.06559857,0.007780551,0.02078345,0.36485532,0.22744806,0.023078473,0.638029,0.035457414,0.033554185,0.014586911,0.014185829,0.06180277,0.02631997,0.019326555,0.090598315,9.9751036e-05,0.17596045,0.041093327,0.001809932,0.016159628,0.33629602,0.027905598,0.011090705
791,0.117451966,0.13166752,0.03893067,0.06004172,0.529379,0.16891849,0.0382601,0.5260824,0.111681536,0.12418934,0.042091455,0.041218996,0.07831024,0.062037442,0.058257278,0.078853995,0.0033149642,0.2593049,0.07977904,0.015970778,0.059350587,0.1534501,0.052462045,0.041154716
793,0.25920802,0.234973,0.039564297,0.06682376,0.30280963,0.23872203,0.07133102,0.4788253,0.14129119,0.18879163,0.04916502,0.0809018,0.21309477,0.053250324,0.04477161,0.1577116,0.0012816015,0.22758928,0.16731758,0.006764805,0.03737206,0.3675432,0.08102429,0.045683935
804,0.11875043,0.09809413,0.048333567,0.08649133,0.54807186,0.23520519,0.037069365,0.58657193,0.11079061,0.11705498,0.056094702,0.0409082,0.08985302,0.075245306,0.06815345,0.10948832,0.00534519,0.37038165,0.064606614,0.02409495,0.06857173,0.19588165,0.054080825,0.039518327
806,0.14983502,0.13122225,0.034958098,0.06415199,0.2532754,0.12567623,0.1076003,0.54069436,0.079906456,0.07694157,0.0316601,0.049388204,0.13969314,0.055091076,0.034702536,0.08992427,0.0022380168,0.12952003,0.106715865,0.008842254,0.03970637,0.18500082,0.07621805,0.037209574
814,0.13221702,0.07376116,0.012823416,0.022210974,0.532323,0.28312007,0.0061586485,0.52825224,0.071476616,0.084472254,0.01968878,0.017579287,0.065457836,0.016437225,0.024007978,0.12946188,0.0001413868,0.293913,0.04397439,0.0018812537,0.019226888,0.31778678,0.020728868,0.011327306
817,0.13626385,0.12739074,0.023953333,0.04113548,0.30758306,0.14334065,0.039257415,0.49053806,0.07197226,0.09752255,0.020198623,0.03080527,0.13864014,0.046425544,0.03997928,0.083043374,0.00094878575,0.23475644,0.06466957,0.0048025385,0.022681851,0.20749973,0.04576794,0.021576643
818,0.0657913,0.03874696,0.0072384533,0.018861443,0.20117894,0.11300607,0.0140279485,0.5848974,0.029331261,0.049963705,0.0067048185,0.008693613,0.18839636,0.01648624,0.012488665,0.112692244,4.149267e-05,0.2228831,0.029496139,0.00040099697,0.0036799093,0.31471983,0.017895818,0.003822219
822,0.019614663,0.018626548,0.00031972473,0.0025447155,0.41332218,0.0563644,0.001032353,0.56423247,0.011910275,0.011215741,0.0012445387,0.0013046956,0.010044528,0.0022287902,0.0017413889,0.025318231,4.1040403e-07,0.2949151,0.005646442,2.223043e-05,0.0016909455,0.066241845,0.0021752964,0.00060527277
823,0.25170022,0.25577158,0.04286369,0.05852887,0.37423173,0.17408083,0.09960588,0.40668344,0.18378101,0.15576671,0.04727313,0.093812145,0.15183876,0.05693575,0.055971082,0.16115294,0.0023281497,0.18200657,0.17823125,0.0088159405,0.072906815,0.20929344,0.12037147,0.06222904
824,0.2126947,0.17388406,0.02366514,0.07030418,0.29307508,0.18814434,0.095926434,0.5502918,0.09890823,0.11410053,0.034954704,0.07070735,0.1864523,0.049053945,0.032920256,0.13750435,0.0007940192,0.18945317,0.14666139,0.00513988,0.037121166,0.27292785,0.08514078,0.04310449
825,0.1254756,0.11142828,0.045016877,0.07267441,0.41627967,0.18755168,0.0685003,0.5232912,0.09745306,0.09561844,0.04058121,0.042881377,0.14877915,0.061353184,0.05811805,0.105162024,0.0035080377,0.23241815,0.084630705,0.0132661695,0.04568582,0.24350765,0.05485389,0.03849583
827,0.14639409,0.13464421,0.08933668,0.124816224,0.43542084,0.19768031,0.106514275,0.51143014,0.12772734,0.118153915,0.07182,0.072720185,0.1542273,0.11828258,0.09722386,0.13232666,0.021728223,0.25441325,0.113682136,0.05015204,0.09376968,0.22807948,0.09290984,0.06878485
830,0.10400229,0.14919396,0.08559186,0.10458073,0.44648468,0.2019382,0.085841715,0.4943443,0.17645715,0.14091529,0.08780232,0.08602689,0.15697974,0.11119393,0.100465745,0.18110193,0.01479255,0.28416014,0.11609881,0.043412246,0.11795433,0.24153973,0.102056555,0.07834404
832,0.3306533,0.24269731,0.005907481,0.021297652,0.19116935,0.14362925,0.04349618,0.37001863,0.08989003,0.09094468,0.0107276095,0.044853076,0.10355144,0.011445203,0.011368376,0.107637756,3.0309231e-05,0.054693017,0.20888951,0.0004476607,0.015073937,0.23073125,0.045559034,0.017998682
845,0.15453649,0.074507505,0.0011506052,0.0019470351,0.545743,0.21950239,0.0011623882,0.43040472,0.03721505,0.03976119,0.00420629,0.0043534916,0.05136469,0.003030302,0.007624637,0.09078617,7.279341e-07,0.31775814,0.038065303,4.3816777e-05,0.002958419,0.5142611,0.010232051,0.002762107
846,0.14613755,0.107512355,0.018722735,0.05672568,0.24333492,0.16822353,0.077859655,0.52609193,0.08122805,0.07845208,0.02351745,0.04191255,0.111208186,0.04378851,0.025080014,0.06747221,0.00086245814,0.17889842,0.086574756,0.004174742,0.02247297,0.1816221,0.03916865,0.0252028
851,0.08605676,0.059975926,0.006923478,0.020875782,0.6777534,0.20631994,0.005305508,0.5590981,0.065980576,0.08691931,0.020816525,0.01046401,0.0335638,0.015957361,0.019480811,0.0958359,8.551603e-05,0.35536313,0.029005848,0.0016472905,0.02473439,0.18503667,0.015679404,0.009940792
853,0.2350007,0.24882837,0.20843495,0.22715957,0.41815865,0.27159876,0.2512532,0.48139542,0.21418783,0.2118828,0.16984017,0.18871662,0.25246826,0.23061384,0.1911509,0.2092596,0.107136585,0.28128102,0.21289761,0.15368691,0.19706734,0.27418867,0.21215424,0.18581763
854,0.13492948,0.14681244,0.013037646,0.028219737,0.27235794,0.11948287,0.045555167,0.4409504,0.08175422,0.09346956,0.01776617,0.043379504,0.109260865,0.027310401,0.019531084,0.105213925,0.00020402389,0.1400646,0.09043376,0.0014879354,0.022010433,0.17980117,0.044976756,0.019054234
855,0.16090018,0.12178854,0.03910681,0.055428408,0.4989185,0.23902419,0.026686307,0.6028424,0.09889456,0.108982064,0.04264605,0.035706896,0.09961842,0.05415271,0.06599939,0.13338995,0.0021395301,0.30853006,0.079153866,0.0142323235,0.050958674,0.2979058,0.05333474,0.035384238
860,0.11767121,0.12918077,0.013346769,0.029582325,0.34776136,0.14270987,0.019947654,0.5730299,0.08181636,0.14640385,0.020417953,0.029685004,0.1691558,0.027932826,0.025108898,0.12263631,0.00022473198,0.34414178,0.06723695,0.0014372949,0.01781781,0.24181208,0.04313639,0.015218835
863,0.17469183,0.18018824,0.03564408,0.05302083,0.38300535,0.12565546,0.064791314,0.35185492,0.0916153,0.092291124,0.027187025,0.04068046,0.18271151,0.04279775,0.042827778,0.08425997,0.0020009503,0.1666592,0.1338443,0.009416667,0.038431115,0.21360129,0.072634734,0.04285342
867,0.013166421,0.011680024,0.0012647188,0.0040405462,0.38758355,0.062125076,0.00079936755,0.6802789,0.015622437,0.036049467,0.0023969156,0.0021351613,0.048903838,0.006832621,0.0045452653,0.04668931,2.8186867e-06,0.6908214,0.0038079529,4.0581115e-05,0.0012409632,0.1115629,0.002448457,0.00068128115
874,0.32745937,0.19199152,0.021328883,0.039965063,0.29241985,0.3527246,0.030402971,0.4733262,0.13927546,0.17698325,0.033459544,0.050775524,0.22902939,0.035850964,0.04362257,0.2518941,0.00032478996,0.23352502,0.13188298,0.0024205453,0.025028173,0.51443374,0.06381833,0.03088532
876,0.14374816,0.13406125,0.055315785,0.08554462,0.33899078,0.18863328,0.08821576,0.5236255,0.09727192,0.11482855,0.04291684,0.055944502,0.1653761,0.08428973,0.05824863,0.10541022,0.0054225107,0.23789774,0.08731787,0.017511174,0.04149159,0.20598266,0.069205336,0.045800317
878,0.22576739,0.23177606,0.039936367,0.064079426,0.33654442,0.19999796,0.07135388,0.46169358,0.17803225,0.21643797,0.046836857,0.077259526,0.23298402,0.067456014,0.06143318,0.14460118,0.001726865,0.25813583,0.15009513,0.007751692,0.04104351,0.27848113,0.080498,0.048419036
882,0.11246774,0.0927352,0.0063468283,0.015916321,0.21984918,0.14084548,0.009456367,0.4996386,0.06903846,0.11927314,0.008713616,0.015579975,0.23684222,0.013675147,0.020190192,0.18048202,3.678234e-05,0.3442508,0.04749427,0.0002546937,0.005189347,0.32440242,0.022806453,0.005190026
888,0.26429978,0.20728454,0.045596987,0.07161818,0.47674063,0.30015963,0.047202326,0.47121605,0.15270229,0.1553422,0.061523918,0.06050563,0.14381291,0.048196886,0.06126893,0.18744642,0.0021174739,0.23976359,0.1820897,0.011288713,0.070092395,0.35652676,0.07940032,0.065545484
891,0.5495507,0.39904854,0.007837307,0.012296419,0.1952385,0.23422998,0.0141853355,0.2549777,0.11599227,0.12607838,0.01465802,0.045396887,0.20299901,0.0073537757,0.016051115,0.1791376,1.5135672e-05,0.07632223,0.25438878,0.00019240612,0.010929485,0.509907,0.04403242,0.021035207
892,0.12940013,0.12351076,0.02433645,0.056926433,0.37285465,0.20020734,0.032163598,0.5488241,0.09091533,0.09169778,0.028782668,0.03743128,0.08643184,0.042704552,0.030213945,0.09166252,0.0011530245,0.21611892,0.067684956,0.006114549,0.04287562,0.1690489,0.044272035,0.02911082
894,0.13046193,0.08223868,0.011509007,0.03535395,0.5092128,0.21396634,0.020925164,0.6423012,0.061424278,0.055455565,0.017516514,0.02127244,0.06745679,0.024047902,0.032887917,0.062079486,0.00040247425,0.29865354,0.043329064,0.003368992,0.01899512,0.23083952,0.028296828,0.016566828
899,0.18123524,0.1803598,0.031270273,0.06592731,0.40219462,0.23169667,0.05885428,0.5465648,0.12232194,0.11546394,0.05333975,0.06893026,0.1029045,0.056490544,0.055709198,0.12817095,0.0015730013,0.2160438,0.13093817,0.010468391,0.058892228,0.25284475,0.07360485,0.04845261
905,0.24847509,0.25072253,0.22866935,0.23971404,0.4405218,0.27775297,0.28046685,0.4725029,0.23627788,0.24323894,0.20416863,0.20999801,0.26681137,0.25990507,0.21068674,0.27937874,0.11490075,0.29639223,0.23071907,0.17589734,0.23553395,0.30692828,0.24635135,0.21205682
910,0.14632592,0.15866265,0.058833484,0.0999762,0.39218688,0.20215821,0.090026796,0.51806843,0.13291095,0.122544624,0.06052184,0.06588417,0.14113152,0.10463728,0.07687309,0.12463439,0.010769693,0.25647014,0.11090238,0.025869094,0.07740658,0.2423792,0.0951867,0.053550437
913,0.14593348,0.14226721,0.034830805,0.07269888,0.31649244,0.16123386,0.083288394,0.5204542,0.104193546,0.10625603,0.033955105,0.048669726,0.13572246,0.061611045,0.0432792,0.07442412,0.0030388664,0.17457834,0.10234894,0.010525258,0.040024433,0.19120905,0.05847287,0.041343767
917,0.1582596,0.12472596,0.038643435,0.06428562,0.33486253,0.18980867,0.08064871,0.5181945,0.09195863,0.09692899,0.036616184,0.055584136,0.123802915,0.06422133,0.049461335,0.1155417,0.002430018,0.18260144,0.095700674,0.012053927,0.048152655,0.24413317,0.0697661,0.04142997
918,0.27387595,0.29934672,0.13300891,0.1338741,0.4633812,0.25651848,0.13333313,0.3762901,0.21783128,0.21577583,0.12189365,0.14300464,0.22306117,0.13669115,0.14355308,0.16896737,0.030072322,0.2445797,0.25037292,0.06500627,0.14710115,0.29211363,0.1646702,0.14859195
920,0.24974689,0.29892692,0.016944751,0.022560209,0.26105368,0.17268409,0.024413856,0.3320055,0.12700029,0.16849099,0.02028989,0.049180273,0.21482484,0.024038306,0.034681536,0.16140565,0.00020946126,0.22030303,0.11456897,0.0011604372,0.02217991,0.39006034,0.06457556,0.022043195
922,0.16297401,0.15539582,0.0065865507,0.015299242,0.26930404,0.08875558,0.032671295,0.28123692,0.086496405,0.07747139,0.006313682,0.020138804,0.1315964,0.01076789,0.0071167,0.061916906,3.6463753e-05,0.055163022,0.10694757,0.0005426169,0.012876692,0.17115283,0.033601936,0.011582467
923,0.21211147,0.106709145,0.0032622819,0.007273826,0.3130447,0.2548125,0.004339694,0.56358945,0.051122393,0.076986216,0.004511467,0.007132212,0.08058636,0.007095538,0.015957745,0.082819685,9.657117e-06,0.24865313,0.040070836,0.00016486287,0.0044466546,0.39794284,0.010687793,0.00378069
924,0.25942957,0.21126767,0.040598545,0.055029567,0.32941985,0.25767955,0.060033698,0.4411463,0.1430031,0.19281489,0.042976905,0.054120503,0.24413602,0.05663217,0.056834478,0.18658996,0.0014701036,0.20244236,0.16386521,0.0074161054,0.05015801,0.38837257,0.080300614,0.043408036
928,0.27262777,0.26751,0.11148909,0.14161047,0.39671123,0.22682548,0.13812587,0.40180114,0.1972176,0.19208124,0.10220505,0.11940426,0.2274585,0.12710911,0.12386639,0.16141367,0.02856728,0.24657126,0.22841655,0.054912016,0.11944758,0.27941582,0.15847632,0.11985742
929,0.09112721,0.067565545,0.011214526,0.022639344,0.48861536,0.17902243,0.008791254,0.61371267,0.04682382,0.061676636,0.015650537,0.012689599,0.05730438,0.027264388,0.026134886,0.074821524,0.00024382053,0.33750442,0.024553368,0.0022627239,0.01679162,0.19826761,0.018499423,0.011303966
933,0.034930665,0.03302961,0.019494064,0.040113084,0.4095398,0.120842986,0.021826107,0.6688196,0.05067639,0.075947,0.016202863,0.014102604,0.09871453,0.048272792,0.031598903,0.06968306,0.00077014056,0.49465343,0.016156206,0.0035282315,0.014586307,0.13716336,0.0146358255,0.008745371
935,0.22521369,0.22216502,0.1732349,0.17924735,0.42437214,0.26154092,0.14218001,0.44682485,0.20084211,0.20869106,0.14790434,0.13036135,0.2539831,0.19534132,0.17056173,0.22558033,0.062058065,0.31389815,0.1804774,0.105206005,0.15739946,0.32066533,0.16784893,0.1411996
936,0.019842641,0.01724322,0.0067745075,0.018810226,0.45793065,0.08900569,0.0064490098,0.77596456,0.021730393,0.033392183,0.008287812,0.0057372525,0.04495968,0.026021771,0.015365018,0.05079058,0.00012906347,0.60327697,0.0061374926,0.0011075826,0.0053125964,0.09844576,0.009064441,0.0032360384
939,0.18868178,0.13112074,0.034953546,0.059363477,0.45257467,0.26592326,0.034874152,0.54046655,0.10976063,0.10364239,0.049936436,0.044570114,0.10276898,0.042539798,0.05102657,0.19893526,0.0009943164,0.25837573,0.11201836,0.008120313,0.053217314,0.34405532,0.06302834,0.034661014
943,0.35303047,0.30306935,0.06563983,0.08568811,0.23307613,0.20701008,0.17284669,0.35682943,0.16502643,0.1929961,0.051299017,0.10974075,0.3008209,0.06644966,0.05381835,0.13207932,0.004045924,0.11176783,0.30630112,0.012470154,0.054237705,0.28239584,0.116581194,0.08449302
946,0.14896269,0.1614108,0.098335035,0.14106978,0.49573392,0.2203662,0.102444775,0.54532576,0.16325808,0.14030594,0.10676933,0.104005724,0.13655668,0.13689615,0.110251255,0.15734543,0.026077462,0.3640605,0.12264857,0.0658355,0.13094771,0.23689201,0.13057068,0.095394544
948,0.40275654,0.30897364,0.0025462909,0.0049306713,0.18456982,0.13849421,0.00857629,0.25771838,0.10064373,0.10495765,0.0036251696,0.019934313,0.12578303,0.003247943,0.0052533424,0.08681264,1.1582191e-06,0.04040408,0.17997344,4.516271e-05,0.003984847,0.36845893,0.015626755,0.008254974
950,0.1888901,0.20301679,0.16394867,0.18775709,0.41250986,0.21981762,0.20340325,0.48572788,0.17380495,0.15721458,0.12637392,0.14003561,0.2017473,0.18748522,0.14061183,0.18782583,0.06293345,0.25357205,0.17090146,0.1004846,0.1551009,0.230762,0.1622219,0.13774005
951,0.201223,0.1953612,0.12406612,0.15817362,0.49826705,0.24441913,0.1089145,0.46344134,0.17386608,0.15136303,0.10462686,0.11011769,0.16711573,0.1389128,0.14298649,0.16248128,0.03737458,0.26782218,0.14670102,0.08184807,0.14877139,0.26122427,0.14163934,0.11164612
953,0.18665057,0.20753098,0.14808224,0.16519743,0.4612995,0.23114176,0.1194763,0.47648185,0.21362653,0.1968614,0.120968886,0.117060184,0.21620603,0.15597606,0.1391613,0.17172629,0.04537023,0.3260022,0.14926782,0.07966233,0.13414939,0.25947884,0.15018882,0.11395594
954,0.17393102,0.10290355,0.008948284,0.020705877,0.4079506,0.25759158,0.018556898,0.5440924,0.07518292,0.10399961,0.0180278,0.023427067,0.081786595,0.016383577,0.018225351,0.100059785,5.817826e-05,0.2600106,0.07063027,0.00095025863,0.015057303,0.30446213,0.02685138,0.012730346
955,0.22552128,0.18870479,0.038995966,0.05137428,0.27800342,0.19249582,0.056586727,0.38861725,0.12404615,0.12786506,0.033445753,0.055511326,0.18197076,0.040175043,0.041140962,0.11652821,0.0014644874,0.12245046,0.15258153,0.008614664,0.046488333,0.23110132,0.06625294,0.047977574
956,0.17357835,0.1649579,0.08660031,0.10331709,0.48642504,0.26532787,0.07485064,0.51595074,0.1508319,0.15242298,0.081964105,0.070738174,0.15791386,0.100281745,0.102425784,0.14990775,0.013326526,0.2877484,0.12479479,0.039649267,0.094991274,0.27459332,0.08074941,0.07791884
959,0.0619744,0.044209633,0.0020103066,0.006918287,0.62681127,0.23595683,0.0013538839,0.64481866,0.040037226,0.038197797,0.009722166,0.0072965585,0.014794301,0.0054676146,0.006855283,0.10334327,3.456615e-06,0.42820424,0.022924444,0.00015952374,0.0078043933,0.22538848,0.010579755,0.0032908793
963,0.19685914,0.17521445,0.07567405,0.08896856,0.50999177,0.26779976,0.06901639,0.5183426,0.15781268,0.14239591,0.07646216,0.079338215,0.11657342,0.0838647,0.09478919,0.1537721,0.008381051,0.2792573,0.13965528,0.03241227,0.114093915,0.23696862,0.10299283,0.07836814
966,0.07522223,0.06859093,0.02391559,0.040620007,0.48639664,0.14180969,0.025542717,0.55997354,0.071495794,0.07913262,0.025130425,0.02520742,0.07802336,0.048317112,0.040993877,0.07787248,0.0013452889,0.30890208,0.045903414,0.007161012,0.030238712,0.15973116,0.037377127,0.019948002
968,0.044830877,0.028603865,0.005965317,0.016441349,0.4835777,0.16051589,0.006684528,0.72939324,0.03537918,0.037127417,0.0073444294,0.006639719,0.044194162,0.015866814,0.013967256,0.04860503,7.358243e-05,0.39866492,0.014567382,0.0008506564,0.007145864,0.1650253,0.007436805,0.004285719
972,0.17233165,0.10411586,0.0066701532,0.017152544,0.32108206,0.22683156,0.019033654,0.50037444,0.045571093,0.050307624,0.01263752,0.015023249,0.096766554,0.01196461,0.014213196,0.085025534,5.9139365e-05,0.1849452,0.07510781,0.0006250774,0.010926953,0.3030954,0.019754767,0.00977465
974,0.28967,0.3100614,0.044848315,0.10310128,0.2873274,0.19665581,0.17876782,0.41356978,0.16882174,0.16296163,0.06199323,0.14081842,0.23378423,0.082283944,0.06661661,0.15422964,0.004238955,0.17194138,0.26952887,0.012174877,0.066642195,0.25048634,0.16205843,0.089219086
979,0.121122144,0.10351823,0.020853011,0.05068232,0.450592,0.18328527,0.022576045,0.5838063,0.08407163,0.083562694,0.041096628,0.03188284,0.0752426,0.035802513,0.038435582,0.1111417,0.0009816713,0.2803879,0.07807176,0.006239018,0.039940447,0.2523146,0.052735977,0.025856715
980,0.19730759,0.19591491,0.072998226,0.13195552,0.298631,0.1966371,0.21436122,0.4803904,0.1462805,0.15297799,0.070233926,0.117820784,0.20998117,0.11943079,0.06604614,0.13864921,0.011608343,0.1912825,0.17174928,0.029154813,0.088196605,0.2229004,0.13513826,0.08477314
984,0.24131197,0.20311922,0.05156215,0.0811218,0.415894,0.2505161,0.07520937,0.4729428,0.16807175,0.18976015,0.063233264,0.07503659,0.22448768,0.067961015,0.0862772,0.18246974,0.0034769382,0.222987,0.17541797,0.012436323,0.05818961,0.33382174,0.10124832,0.05871099
986,0.29798836,0.27024856,0.113758184,0.14726762,0.3680628,0.29760534,0.19783086,0.43205717,0.2146574,0.21648039,0.100570984,0.13866591,0.3045528,0.12414138,0.11539225,0.22239637,0.016198471,0.19994712,0.279093,0.043174602,0.115788296,0.32673433,0.17106868,0.12814425
987,0.32683992,0.1616892,0.016173013,0.021248072,0.19605173,0.39300656,0.019501379,0.45889845,0.07258614,0.14341359,0.014769496,0.02326163,0.38707963,0.020607777,0.021158943,0.14743948,9.2024784e-05,0.17441662,0.09327711,0.0006560868,0.0081343595,0.6182625,0.032416753,0.013308405
988,0.21136747,0.20442618,0.13715824,0.15727557,0.40930933,0.24449965,0.15873846,0.47412494,0.16432641,0.16109076,0.116795495,0.12034426,0.19360115,0.14718874,0.1315347,0.14922997,0.040056378,0.24087474,0.17465279,0.07648731,0.14323692,0.26150766,0.14521311,0.11631378
989,0.16748425,0.2090169,0.11296437,0.13450855,0.35847217,0.18775386,0.17661361,0.48399994,0.15232478,0.15498662,0.09407352,0.126055,0.18299042,0.13631643,0.08975764,0.15563388,0.022369538,0.207605,0.14943586,0.052878376,0.12879537,0.19561984,0.14617884,0.107368246
995,0.1664159,0.16397777,0.062442344,0.07613361,0.49961993,0.21554229,0.049693003,0.46734706,0.14465983,0.11698858,0.053748764,0.06175585,0.1114045,0.079166815,0.07001242,0.12055472,0.004876264,0.2783654,0.090839654,0.025480261,0.083493374,0.21875687,0.08499593,0.05919493
1000,0.065841004,0.05431676,0.008874617,0.028291617,0.41790497,0.12625703,0.01640978,0.655658,0.04146892,0.03918915,0.010707114,0.01065309,0.03763055,0.021834513,0.016287832,0.04905101,0.00023323702,0.20394613,0.028676275,0.0021195454,0.015281508,0.1253387,0.016576914,0.011043007
1007,0.15196958,0.15553026,0.03197795,0.05921183,0.3648112,0.18406329,0.059516784,0.5438448,0.101380534,0.09081625,0.03685592,0.05257132,0.08954625,0.051488314,0.037384186,0.124330364,0.0016781441,0.18477586,0.10300006,0.008428652,0.054223273,0.23309629,0.07464818,0.041612953
1012,0.23600914,0.23607717,0.1135964,0.11424834,0.48570663,0.25592387,0.10908293,0.42964604,0.18614432,0.182357,0.09748224,0.109468244,0.17784345,0.12994547,0.13724262,0.15972203,0.023246782,0.24309619,0.18019389,0.058767825,0.13445398,0.28373334,0.13566428,0.11095706
1013,0.07748034,0.06827349,0.0066907555,0.019054145,0.46676862,0.112155594,0.010280895,0.5759425,0.052938186,0.078443065,0.009761192,0.010923418,0.074092194,0.016023321,0.012462751,0.06589545,4.8782036e-05,0.4316108,0.026455417,0.00065094035,0.007830882,0.15675317,0.020172441,0.0068360874
1015,0.21660459,0.17119713,0.03404637,0.05383354,0.47252128,0.2355414,0.029384747,0.44233605,0.12852763,0.11878541,0.036112443,0.04466773,0.09481372,0.04197681,0.04570685,0.12431841,0.0012910649,0.22947109,0.10242129,0.008663777,0.053607527,0.23319906,0.05144887,0.039276637
1016,0.23243022,0.25623187,0.047475584,0.055414677,0.3276111,0.15351331,0.07260578,0.32306904,0.108224966,0.15021954,0.045810487,0.066583395,0.25701502,0.05536027,0.05457179,0.14567858,0.0024566154,0.12208644,0.18748401,0.007675707,0.053721618,0.27419662,0.093420476,0.05452428
1019,0.16292508,0.15557745,0.050455727,0.10518275,0.27160928,0.1570828,0.24188022,0.5284481,0.1125082,0.09273988,0.056337632,0.103216834,0.13798772,0.109311484,0.05030268,0.11932109,0.007328694,0.1629513,0.1397303,0.018935757,0.07076213,0.17609593,0.12582819,0.06355897
1021,0.085755594,0.094066985,0.025625179,0.03954842,0.4065781,0.10067963,0.04850539,0.47733042,0.08982867,0.08772005,0.02176943,0.033884495,0.10596423,0.043342464,0.026899438,0.08169995,0.0010962496,0.2157809,0.07249403,0.005406346,0.03523998,0.12875944,0.049939465,0.023534404
1023,0.14581802,0.1463987,0.038523305,0.054945398,0.49316275,0.20346792,0.028171767,0.48620355,0.116717234,0.1145571,0.039962348,0.04335553,0.11117572,0.049178522,0.07390696,0.10416993,0.00283213,0.31911278,0.084478214,0.013160623,0.043317173,0.244207,0.05485085,0.03525896
1028,0.4583579,0.34737566,0.007543745,0.013520078,0.27435327,0.24806227,0.006537102,0.2772591,0.130272,0.1641091,0.018322157,0.02513017,0.19401592,0.008420531,0.018802447,0.12452633,2.7649156e-05,0.11558013,0.22237946,0.0003300036,0.010440209,0.4815371,0.02876283,0.0155239105
1037,0.07761298,0.057517227,0.028711889,0.04120066,0.46631816,0.18493073,0.021096956,0.65512383,0.06443542,0.058541507,0.02569833,0.019745734,0.08371658,0.049661886,0.049711134,0.09789304,0.0017136852,0.3798192,0.027947584,0.008167961,0.026081793,0.22665179,0.03214648,0.017837197
1040,0.1210081,0.103218555,0.032584533,0.051505085,0.37649855,0.16823113,0.05591194,0.5165961,0.08249526,0.08053315,0.028881105,0.030878736,0.11015613,0.05321329,0.037976637,0.08716309,0.0022932505,0.20722161,0.09185746,0.010512552,0.03610368,0.19075553,0.042411085,0.029506937
1045,0.10091127,0.09230143,0.04473586,0.06619926,0.57668024,0.21785104,0.028550161,0.5936409,0.10886136,0.09876618,0.056929573,0.035047315,0.08102226,0.059488785,0.07025153,0.11675944,0.004586549,0.36678705,0.059049916,0.018689368,0.061369408,0.23266247,0.055498715,0.03750951
1048,0.07499415,0.06868394,0.002513988,0.007637445,0.49808058,0.12812503,0.0046304082,0.65954614,0.034032207,0.05167353,0.0060652187,0.008698735,0.039167687,0.006996135,0.009362999,0.08058572,5.8208525e-06,0.30992454,0.030222176,0.00022673533,0.0068152826,0.17374064,0.014251129,0.004320899
1050,0.18363076,0.1732995,0.07642363,0.11208513,0.3077744,0.17903279,0.19740213,0.5001105,0.1301068,0.12086572,0.06765251,0.09747959,0.16456637,0.11363623,0.06900078,0.1361594,0.014113891,0.16288818,0.1550367,0.035922088,0.09868526,0.19123283,0.12434291,0.08186751
1054,0.142551,0.134067,0.004741411,0.014649628,0.31867385,0.13509654,0.015410682,0.47708657,0.06480248,0.066308156,0.007883313,0.015669523,0.09273364,0.01004994,0.009380614,0.048752278,3.4255325e-05,0.17043057,0.07125615,0.0005485556,0.009570462,0.18496333,0.018935164,0.009866599
1058,0.2018167,0.1672868,0.054684144,0.079303846,0.35941818,0.22058551,0.115322575,0.44783872,0.10794003,0.10729638,0.05377433,0.070338584,0.16182002,0.06367536,0.05045836,0.15186507,0.003574856,0.18080537,0.14595085,0.014581469,0.05300544,0.28327197,0.09624195,0.058068275
1059,0.14128913,0.16081835,0.049188446,0.072150074,0.48225236,0.15056196,0.074139975,0.49272624,0.12439276,0.10911878,0.05452897,0.068527125,0.095924824,0.07586118,0.0714847,0.105493136,0.0070873224,0.2530896,0.116813295,0.023676397,0.08858802,0.16168623,0.09152231,0.060403824
1060,0.11433149,0.15457104,0.036775697,0.049293686,0.5301336,0.14657766,0.024825664,0.45679024,0.11609924,0.12195688,0.03605303,0.037318695,0.11040671,0.050077632,0.05683993,0.115150034,0.0019402319,0.40016174,0.06540229,0.008769196,0.036427125,0.20213152,0.05072547,0.031901874
1062,0.15441449,0.15717061,0.08366619,0.0996956,0.39453822,0.18684418,0.100053266,0.45496488,0.11477517,0.123600595,0.057496846,0.071125396,0.21535434,0.1169979,0.08475732,0.15419339,0.011706622,0.23366939,0.100266196,0.035198793,0.068974726,0.28063715,0.09162957,0.06021978
1063,0.15543504,0.17214285,0.03377096,0.055942763,0.36201215,0.1539742,0.062128592,0.44409114,0.14577883,0.13645841,0.036709297,0.05393027,0.15630612,0.04401702,0.043257687,0.13153614,0.0012459465,0.2291726,0.14099911,0.006732727,0.04467595,0.21131502,0.07300026,0.043813344
1065,0.19518822,0.17947158,0.10774278,0.119773895,0.49380141,0.3059336,0.082081765,0.5417051,0.15712819,0.17708923,0.11363433,0.08999169,0.17141154,0.13934183,0.12098591,0.17963739,0.018860603,0.31990567,0.12549701,0.054922733,0.12257451,0.3154617,0.11243153,0.092313915
1066,0.28868276,0.19760802,0.09180561,0.11076516,0.44079298,0.36352032,0.10585101,0.5016595,0.17139043,0.15717484,0.10025629,0.0997094,0.21482833,0.09926335,0.10767844,0.2582236,0.008259421,0.2747213,0.19203463,0.03286765,0.10886994,0.46993914,0.1273064,0.09637878
1069,0.37237725,0.37352073,0.03159321,0.057867695,0.1687072,0.15262985,0.12684584,0.24509102,0.17112058,0.1930235,0.03875148,0.11848287,0.35610747,0.031654563,0.021998677,0.16553056,0.00062527525,0.09443916,0.29640272,0.0024984742,0.031020284,0.29549697,0.1205546,0.061189953
1072,0.09373741,0.088924326,0.036770083,0.06589448,0.409026,0.119269826,0.061892547,0.5213133,0.07163907,0.06398699,0.028212953,0.03315032,0.09440044,0.06260947,0.040081766,0.07638999,0.0036518844,0.22493577,0.058699578,0.014281396,0.03692168,0.12908375,0.05632806,0.03066305
1077,0.21163443,0.21891473,0.18354064,0.20689881,0.4390475,0.25324318,0.21856175,0.48525622,0.21491542,0.19296682,0.14648692,0.1679095,0.2064272,0.19855294,0.17057069,0.19393374,0.08322687,0.26488858,0.19397792,0.13334106,0.1864068,0.26613873,0.18946424,0.15837502
1080,0.06985472,0.06675278,0.019946512,0.037408028,0.5166461,0.15117061,0.0129928505,0.5643083,0.06533342,0.10643913,0.020723775,0.01824854,0.106093474,0.043527965,0.0353072,0.07641449,0.0005748694,0.5143497,0.026922189,0.0036888516,0.013209643,0.17430285,0.024531383,0.012792331
1081,0.16824035,0.1508298,0.024288107,0.05942734,0.20651416,0.14453772,0.16771008,0.54462504,0.06436467,0.07145489,0.03357151,0.07678606,0.12749892,0.052684907,0.030576445,0.13204323,0.0012101084,0.11519503,0.12215583,0.0061847405,0.031443,0.19743063,0.11009169,0.035396542
1088,0.23267478,0.17999956,0.01255029,0.022492282,0.27450162,0.1917477,0.018826457,0.43756163,0.12450252,0.11959118,0.019671813,0.033270106,0.15797186,0.02273175,0.029992955,0.14522769,0.00012466776,0.21289921,0.111123264,0.001027501,0.016712528,0.3847864,0.039796915,0.016459951
1089,0.14815213,0.17690241,0.12994456,0.15949202,0.47961098,0.21762535,0.13196896,0.49403846,0.16692942,0.14655244,0.11074049,0.11477366,0.15297194,0.15652001,0.12957242,0.15019125,0.04477664,0.27214625,0.13971716,0.087684005,0.16236177,0.206581,0.14126125,0.11314539
1098,0.066338,0.069166936,0.022712048,0.037001435,0.45372346,0.16851896,0.014855112,0.6380194,0.052546214,0.059518773,0.028650751,0.020508155,0.056353208,0.040140644,0.030302083,0.066137455,0.0012429282,0.30280963,0.036231007,0.0060666157,0.0353306,0.17026733,0.031360477,0.019010877
1100,0.1121578,0.08015596,0.007292522,0.018797278,0.49421197,0.18504281,0.0043668477,0.57238615,0.06702211,0.07796322,0.012675847,0.014645986,0.057251535,0.015635729,0.018158503,0.0923919,5.7939294e-05,0.33747703,0.036626536,0.00094821915,0.0125203775,0.23292787,0.0205044,0.008714679
1102,0.13592944,0.15157612,0.08318825,0.10801386,0.50107646,0.23019327,0.07060098,0.49838868,0.13184442,0.14608358,0.06906551,0.075417124,0.11330631,0.10124589,0.093535654,0.13076265,0.0138932755,0.28759256,0.11524762,0.041779112,0.109732725,0.18865491,0.0865971,0.06852321
1106,0.08997787,0.08121296,0.0131996395,0.031999342,0.3947216,0.1405548,0.04131176,0.60133076,0.057978325,0.061420783,0.020002177,0.022740422,0.07025667,0.031746227,0.02065695,0.104201086,0.0003062174,0.24841595,0.059402745,0.002484436,0.024017692,0.1785684,0.035565604,0.017232185
1120,0.33904216,0.32259145,0.0545106,0.090030886,0.24518457,0.21304736,0.14158724,0.33344367,0.21532352,0.17459399,0.059835777,0.112148225,0.22407691,0.0683147,0.06916204,0.20528907,0.0041301455,0.12732336,0.27414325,0.013882186,0.07251378,0.29986402,0.12934937,0.07732972
1122,0.20987044,0.22831146,0.04542102,0.07776168,0.27489895,0.16011113,0.1317573,0.39357507,0.10914868,0.11809883,0.047864635,0.09105512,0.18798093,0.07257166,0.050534844,0.10995143,0.004007078,0.12262417,0.18225035,0.013581913,0.06046841,0.19612548,0.098699234,0.065460056
1124,0.24064535,0.1293868,0.017216187,0.028606707,0.388787,0.34660035,0.017370306,0.50873864,0.09617463,0.14071713,0.018022805,0.025092527,0.13598487,0.023883777,0.032612156,0.11702524,0.00019392153,0.2954939,0.07189108,0.002133398,0.015577986,0.37681574,0.027992614,0.015523871
1125,0.124219276,0.05773187,0.0010726403,0.0029576656,0.4750522,0.33385637,0.00052909984,0.59462595,0.03539192,0.056651995,0.0033641765,0.0030850603,0.026893536,0.0020682355,0.0049025435,0.08013315,6.588785e-07,0.3525012,0.020436868,3.538222e-05,0.0024359028,0.3319748,0.00405952,0.0017482475
1130,0.22180334,0.17299461,0.009306455,0.025752,0.21782319,0.20374312,0.03940783,0.47223392,0.08002259,0.0802011,0.018040162,0.035785057,0.119301006,0.019989189,0.017282082,0.13973148,8.2575476e-05,0.123684995,0.12611063,0.00094010594,0.018029742,0.30595803,0.042943265,0.016826183
1136,0.1547282,0.1634951,0.04067899,0.07030536,0.37059003,0.19786702,0.04542287,0.46888554,0.11196669,0.11778959,0.039057434,0.050775666,0.12399994,0.059804533,0.054657307,0.107225955,0.0030318163,0.22366312,0.09304754,0.013137118,0.055327896,0.2186779,0.06761185,0.04785134
1137,0.20358528,0.21573746,0.19248535,0.22168517,0.43326798,0.25169653,0.23228496,0.49974015,0.1966415,0.20382155,0.15435989,0.16106525,0.23191088,0.2183463,0.16551562,0.19034775,0.08971947,0.2937121,0.18858604,0.14192268,0.181805,0.25357607,0.1884448,0.16580427
1138,0.2294294,0.17676714,0.04754025,0.07965739,0.36129376,0.23309262,0.059807483,0.4264913,0.13703169,0.15220323,0.03895169,0.060504675,0.1613208,0.06303876,0.055878807,0.13113332,0.002734669,0.20254235,0.11751409,0.012009943,0.05322451,0.2698388,0.074439526,0.04562673
1140,0.15087697,0.17663734,0.10440414,0.1248799,0.44052014,0.20289157,0.09433788,0.5272223,0.13512394,0.12226793,0.088531494,0.08026746,0.16356023,0.117419384,0.10395491,0.11846653,0.024845637,0.27943724,0.11883458,0.059027556,0.105525136,0.23653586,0.11183298,0.08659524
1141,0.10824117,0.08134607,0.004472599,0.0128880385,0.21469416,0.103520945,0.019555995,0.5019574,0.04309143,0.05471754,0.006236919,0.0114575755,0.119528994,0.010492077,0.010565892,0.067973405,2.7457732e-05,0.14853717,0.043041494,0.00026155112,0.005383358,0.20336553,0.017174147,0.006520401
1148,0.08775971,0.104068056,0.0030237713,0.00601467,0.34574386,0.087069355,0.0076131322,0.38415885,0.038852166,0.052560765,0.0043056794,0.0064632106,0.10388272,0.0049631987,0.00804898,0.066331364,6.5494564e-06,0.14203522,0.061306827,0.0001157732,0.003543431,0.23239568,0.011270621,0.0049318643
1150,0.087778956,0.100164786,0.019631796,0.043420017,0.513562,0.13844231,0.023615263,0.6005655,0.08325431,0.119773336,0.034129556,0.032600697,0.09948874,0.039302077,0.03420235,0.114844814,0.00064605125,0.39988607,0.057119057,0.0036190883,0.03258955,0.16213396,0.051575176,0.022249639
1154,0.045960564,0.037680272,0.0005403617,0.0025333567,0.5761476,0.093733005,0.0011100707,0.55635965,0.022671511,0.029402079,0.0021304626,0.0020962588,0.023044623,0.002655577,0.00429742,0.038180534,4.7929774e-07,0.407179,0.014105103,2.205369e-05,0.0018221309,0.12989107,0.0028679809,0.0010410576
1159,0.15620565,0.1536996,0.06451638,0.08993863,0.4953364,0.23122874,0.04912162,0.5026737,0.13392814,0.15374644,0.068902284,0.059965167,0.17004329,0.10313173,0.08920127,0.120736755,0.00816718,0.4340751,0.08529602,0.024221214,0.050501887,0.2922411,0.07325003,0.052921318
1165,0.21347313,0.22049473,0.18300118,0.19869778,0.4711647,0.2875565,0.16042554,0.5224068,0.21659942,0.19997202,0.1536394,0.14172323,0.21158107,0.21248347,0.19713597,0.20630868,0.081685886,0.33475175,0.1650211,0.13242526,0.19101435,0.29594076,0.1668177,0.15631336
1167,0.10836133,0.08500523,0.014385276,0.03470921,0.34904903,0.16742958,0.021336246,0.589898,0.057933528,0.0653028,0.018086527,0.02296034,0.07065043,0.025998909,0.019663248,0.075415514,0.0002849061,0.19771893,0.053235434,0.002816805,0.017928034,0.1949652,0.030491168,0.015314406
1169,0.21987954,0.20496455,0.14415368,0.16227071,0.3968835,0.25575924,0.21315733,0.5142377,0.17739956,0.16772594,0.11383452,0.14634003,0.20419812,0.16512904,0.13451228,0.17280266,0.03792507,0.2502719,0.18339926,0.08079126,0.14153811,0.27123392,0.1679855,0.12191767
1171,0.15288845,0.16369,0.13689439,0.16314009,0.52550805,0.24164566,0.11228222,0.53027916,0.16062032,0.16672742,0.12161985,0.10845904,0.1717664,0.17140622,0.15179887,0.17003569,0.046755075,0.36835185,0.11855184,0.09210084,0.14327884,0.2402221,0.12606387,0.10464362
1177,0.16823041,0.09627995,0.009865643,0.026844772,0.16070747,0.21305695,0.03336367,0.4788301,0.054741107,0.09378114,0.010902116,0.02080275,0.22790055,0.01579977,0.013243811,0.17633219,6.154106e-05,0.123450056,0.07257016,0.00044898363,0.009141479,0.42418802,0.021700464,0.009645674
1179,0.28406394,0.21183367,0.010961965,0.025167719,0.22894496,0.21071078,0.031468417,0.42839244,0.07978099,0.104448885,0.014810767,0.03237138,0.16965148,0.015198003,0.021845464,0.09262243,0.0001067817,0.13347517,0.13172795,0.00085402036,0.0104432935,0.33336627,0.049588837,0.017310716
1184,0.30825305,0.19760996,0.0048389556,0.013651119,0.30552295,0.15462285,0.014333703,0.26427653,0.09382674,0.07771935,0.005960114,0.017228102,0.112054475,0.007552272,0.012446822,0.055249266,1.4808258e-05,0.087606214,0.12650318,0.00023925513,0.0066148248,0.2612426,0.02226769,0.010038078
1185,0.27591786,0.23846684,0.07706497,0.09339693,0.50414956,0.30020776,0.053925227,0.48570648,0.19455513,0.18529142,0.09840709,0.090820804,0.14442714,0.100823276,0.11989446,0.18821363,0.0090906145,0.34209415,0.167825,0.03457386,0.107976615,0.35935232,0.12395275,0.085306644
1191,0.13829538,0.1290259,0.038155362,0.07060404,0.42364007,0.17043373,0.07669892,0.5074244,0.12440679,0.118763745,0.047577057,0.0636205,0.13118285,0.06670055,0.04699629,0.10881889,0.0026616077,0.31125513,0.09820757,0.013059238,0.045270696,0.21087454,0.0668575,0.043465998
1196,0.16920114,0.19539331,0.05959075,0.096154064,0.3546254,0.19669104,0.09304672,0.47848487,0.13778804,0.13166544,0.06636044,0.08974365,0.17443918,0.09051718,0.072875544,0.15511702,0.006749818,0.24063657,0.14601943,0.019614719,0.08411579,0.26729476,0.11297485,0.06318059
1198,0.1822131,0.18674709,0.06396794,0.098763645,0.29326472,0.19086155,0.135052,0.5206425,0.11415392,0.13388178,0.06800615,0.09420547,0.20537098,0.10092092,0.07073173,0.14730382,0.008000772,0.1983199,0.166213,0.023546783,0.08077798,0.24910457,0.11858906,0.074814655
1202,0.13721678,0.12932007,0.08594572,0.13447186,0.4740146,0.21681835,0.06896673,0.583295,0.13634746,0.17318441,0.09906274,0.08744112,0.16156183,0.1462164,0.12995146,0.16055337,0.018253965,0.4377431,0.0981026,0.0511334,0.09225406,0.22897066,0.103580885,0.07128385
1205,0.44637144,0.1927799,0.0015422124,0.008147435,0.1234432,0.42295942,0.0066972235,0.39549315,0.04796056,0.10757906,0.0037625276,0.011929611,0.3294444,0.0031987287,0.0035921566,0.09757586,4.8523765e-07,0.0849639,0.16737497,1.9428962e-05,0.0013007618,0.5420855,0.012151559,0.0038973358
1207,0.32536557,0.22867809,0.0069693998,0.016169704,0.26754624,0.21736345,0.01501173,0.38961884,0.08203431,0.08825454,0.01043884,0.02536364,0.14731523,0.010202886,0.016742561,0.063894406,3.7603193e-05,0.16589291,0.10307207,0.00058626727,0.007219912,0.31782493,0.025410162,0.014400779
1214,0.30672815,0.33473584,0.13807204,0.15737998,0.3292455,0.23887432,0.21233037,0.40124407,0.23406765,0.2272919,0.11707768,0.17984627,0.27828076,0.15086843,0.12641244,0.19417092,0.030369248,0.19146493,0.2671427,0.06304248,0.14538155,0.2951075,0.17379232,0.16004276
1218,0.22798173,0.23455557,0.18657018,0.20655096,0.4370035,0.2469833,0.21133897,0.48949933,0.20565042,0.1979782,0.15609196,0.16496204,0.21831474,0.2138078,0.18155093,0.19854608,0.08570275,0.28724152,0.19803214,0.1377856,0.19830878,0.2724517,0.20148826,0.16659443
1227,0.2802476,0.24375117,0.08402806,0.115744434,0.3758288,0.26768485,0.11383526,0.43303233,0.14668202,0.18391462,0.105763696,0.11791679,0.1917819,0.12383688,0.08718227,0.2342344,0.00909697,0.22915164,0.19026233,0.032218445,0.11236674,0.3274513,0.15351988,0.10546738
1228,0.10266747,0.08958033,0.022611983,0.05136826,0.53238416,0.21329361,0.024693623,0.6083847,0.07624321,0.06899214,0.028771253,0.029086865,0.06617342,0.04278904,0.045635752,0.07868424,0.0013893567,0.32782635,0.061032236,0.008206363,0.034867298,0.1897679,0.03784352,0.027526734
1229,0.36214003,0.2569356,0.024274956,0.042262204,0.17452954,0.23449807,0.08539426,0.4346028,0.114778504,0.14800423,0.029207746,0.068464,0.3013426,0.036439773,0.032917995,0.16411573,0.00043670865,0.10463834,0.22729799,0.0023488128,0.02262623,0.4037071,0.08164786,0.03248708
1238,0.17104639,0.18524356,0.012584604,0.025830485,0.4190596,0.16007513,0.0154631175,0.46899495,0.087432235,0.11692212,0.020678643,0.027413916,0.104955986,0.020110635,0.019988272,0.067512274,0.00019325188,0.1947057,0.10234956,0.0021815037,0.022965811,0.2788226,0.03841883,0.025020156
1239,0.19220184,0.18204963,0.043113112,0.067125134,0.36490464,0.26668012,0.04476598,0.5285759,0.1102281,0.11684209,0.05113366,0.05462675,0.15313762,0.05897241,0.064645536,0.11015096,0.0032491428,0.23843516,0.107001685,0.0142552685,0.048080932,0.3138413,0.07528077,0.050970588
1240,0.1803407,0.17689152,0.031695504,0.045366522,0.33343753,0.13458517,0.058892317,0.4452428,0.11325091,0.10739731,0.031612266,0.05303612,0.09462934,0.043660223,0.03445312,0.11717745,0.0013512252,0.1319078,0.12789872,0.0059278994,0.053804714,0.17681935,0.07231283,0.038372546
1241,0.12490153,0.10474515,0.032662246,0.06546626,0.34349024,0.20515394,0.053135473,0.5673946,0.07562092,0.07391667,0.032560993,0.03737637,0.11769275,0.057134952,0.038651347,0.11373504,0.002219834,0.23699236,0.061915964,0.009876106,0.03775658,0.24732752,0.046826947,0.029920468
1246,0.039069183,0.03577532,0.00049937726,0.003674661,0.5862934,0.17340079,0.0011151944,0.78576505,0.024340509,0.033174336,0.004840878,0.0038921796,0.009617019,0.0031146428,0.0027376853,0.12819669,2.750631e-07,0.40839714,0.012410201,2.6769916e-05,0.004655793,0.15065318,0.0051137535,0.0018114772
1248,0.06578061,0.05182593,0.0109868385,0.027834382,0.54903686,0.13473143,0.012304176,0.56989,0.048803,0.055008955,0.017140787,0.014473417,0.0405112,0.027132295,0.020773834,0.06390305,0.00025850872,0.32075235,0.030452963,0.0027063438,0.018242473,0.12950224,0.02312625,0.0115966685
1249,0.17592336,0.16054936,0.03620033,0.049308185,0.41448218,0.14296979,0.039977383,0.41919765,0.08374846,0.08087191,0.024094762,0.030523783,0.12443944,0.04620426,0.038890306,0.07402278,0.0020262538,0.17279708,0.08990023,0.010326979,0.03193032,0.17739986,0.05832012,0.035988897
1252,0.0406092,0.031478804,0.0004650632,0.0043339287,0.44573733,0.09061232,0.0013809239,0.72788095,0.02846578,0.03568659,0.0022708748,0.0026063484,0.015428297,0.0018647149,0.0024697788,0.03775424,4.3282654e-07,0.31122637,0.010660907,3.250638e-05,0.001772323,0.11183073,0.0032567466,0.0011108111
1256,0.19963449,0.21816257,0.10807294,0.12769471,0.4088527,0.20953922,0.14235748,0.48757732,0.1518002,0.15252131,0.089968115,0.10371967,0.2206833,0.14217797,0.11675383,0.15441486,0.026181884,0.2301118,0.16598144,0.057305492,0.114691235,0.242665,0.14143467,0.1062817
1264,0.08829659,0.057060875,0.00015490747,0.000602682,0.266536,0.103763245,0.00073324726,0.6129806,0.008192407,0.013536438,0.0004361969,0.0017327028,0.016956033,0.00027406242,0.00070843595,0.032843042,4.234257e-09,0.03910192,0.022042155,1.0838829e-06,0.0006139913,0.3412341,0.0026545569,0.00043182902
1265,0.09650865,0.0853778,0.0354041,0.07138854,0.3981486,0.16437063,0.046168398,0.6040603,0.073987186,0.07551389,0.033791866,0.032553025,0.08521698,0.05425929,0.040173434,0.08551391,0.0025427602,0.23417974,0.061283663,0.012333021,0.04098657,0.18621524,0.045741484,0.03317382
1266,0.19436255,0.171263,0.07114033,0.093685344,0.35197908,0.20372795,0.08569115,0.43535608,0.12224572,0.13811503,0.05747756,0.06115079,0.27712035,0.08405748,0.07679028,0.14905989,0.0061114603,0.24087031,0.1256777,0.017598508,0.04791249,0.3243032,0.07558915,0.06207616
1267,0.16843261,0.21368977,0.15053006,0.16877057,0.4700435,0.21742749,0.16024797,0.45747572,0.18605433,0.16570379,0.12353407,0.13418625,0.18866476,0.1607776,0.15034302,0.16198425,0.056851003,0.26339868,0.16821663,0.09715796,0.16029201,0.23205322,0.1462263,0.13071443
1274,0.2078916,0.16438536,0.049169134,0.07181825,0.5513445,0.28762335,0.0369384,0.549943,0.15182357,0.13463973,0.05600276,0.056732252,0.10632458,0.06496161,0.08276149,0.1262008,0.003800051,0.31860384,0.0931185,0.01829705,0.069686405,0.29611444,0.069674514,0.057488576
1276,0.09135447,0.06172546,0.0042411136,0.018767454,0.27388552,0.12016903,0.030736567,0.5739229,0.029655818,0.032804176,0.0048048636,0.010611887,0.05808624,0.01191197,0.00809749,0.043356802,3.0447449e-05,0.13556744,0.0390864,0.00037346993,0.005641109,0.14485943,0.013904504,0.0057832184
1279,0.2639989,0.15419117,0.0024155222,0.0044529387,0.2836284,0.16686364,0.0046220683,0.35593614,0.030833393,0.050505064,0.004073715,0.006818001,0.10600367,0.003864353,0.008050152,0.06386332,2.890151e-06,0.13068935,0.06355374,9.1877904e-05,0.0024010432,0.41702795,0.016945181,0.0042310026
1283,0.09168562,0.058906768,0.0020555386,0.0073035215,0.34146363,0.18586433,0.003451192,0.5839102,0.03431336,0.063912526,0.0052168346,0.004628443,0.10564987,0.0059646303,0.0074384166,0.061449695,5.102194e-06,0.27030665,0.032552693,8.9530324e-05,0.0026570284,0.33313644,0.006498424,0.0028030125
1286,0.02327762,0.0074201114,0.000454601,0.0018892384,0.36629045,0.10771132,0.00037259687,0.792853,0.008564461,0.030225787,0.0011187838,0.000710427,0.06932219,0.0025675371,0.0031731564,0.05904621,1.4617106e-07,0.5888161,0.00244516,8.771923e-06,0.0002653894,0.3502452,0.001232716,0.00021880836
1290,0.33914867,0.32185134,0.076352574,0.09038555,0.34177214,0.27508715,0.09363959,0.33514893,0.20734082,0.22654745,0.065621324,0.112407155,0.2889947,0.07491391,0.08365863,0.19117238,0.0041240565,0.16413336,0.24538274,0.014740201,0.067992836,0.34746715,0.12039348,0.07990123
1291,0.28042385,0.23524064,0.030653266,0.043873753,0.3399521,0.2351144,0.040733345,0.40392065,0.17079334,0.1441086,0.025411902,0.05036285,0.17092636,0.035540882,0.036021497,0.12255269,0.000603832,0.18067282,0.13962251,0.0039224676,0.0272522,0.29081553,0.051949766,0.037567597
1296,0.11451198,0.09495799,0.028930755,0.06012697,0.4089365,0.21603397,0.033241514,0.5689333,0.09453849,0.109243095,0.034790117,0.03319349,0.0873736,0.038742457,0.038844913,0.122488715,0.0011629957,0.25281483,0.06471515,0.0077901133,0.04507927,0.22439715,0.0393338,0.027616112
1300,0.07877479,0.08133537,0.023208288,0.042307753,0.40799686,0.13478194,0.035599407,0.53088164,0.07325183,0.09520402,0.025577746,0.032175444,0.11991411,0.044016305,0.034869563,0.11963051,0.0008796406,0.36126727,0.050511602,0.0049765077,0.02822665,0.20385611,0.0456223,0.018213287
1301,0.25061378,0.19281468,0.028552048,0.06442515,0.27364153,0.20965892,0.119621135,0.49410024,0.13415691,0.11866915,0.035740826,0.06858098,0.23183528,0.04515125,0.05079008,0.15809499,0.0009291937,0.16373426,0.1693303,0.004477718,0.026038181,0.28257462,0.07996462,0.035550855
1304,0.0224563,0.01688241,0.005938024,0.016260084,0.4833945,0.08295094,0.003928611,0.6971327,0.020471808,0.042245965,0.008972088,0.0052432427,0.05152045,0.024548095,0.013199403,0.048192713,8.272712e-05,0.6011901,0.007812085,0.00074579305,0.0048527615,0.12374287,0.008513081,0.002942371
1306,0.20446213,0.16948918,0.036196858,0.06134126,0.30439383,0.24084249,0.061542496,0.49940062,0.09611191,0.11910551,0.03128635,0.052919805,0.12658758,0.04105705,0.03646452,0.13713664,0.0009387034,0.18381451,0.10310699,0.005965213,0.035710983,0.30269703,0.055496503,0.03420217
1307,0.3179356,0.19737159,0.026811602,0.047570657,0.26366737,0.20579411,0.06805334,0.35019436,0.11111975,0.116501525,0.02642454,0.05214639,0.21829988,0.03636154,0.028147077,0.12379082,0.0005801348,0.14896917,0.15852843,0.0042133583,0.02931133,0.36144942,0.07067849,0.036407165
1308,0.033918034,0.041148074,0.0049718767,0.013156369,0.44065395,0.10396833,0.0052261837,0.69983554,0.02814193,0.048562106,0.009155782,0.008665206,0.05733474,0.016008718,0.017064204,0.061705533,5.7038415e-05,0.49817863,0.012796545,0.00061383954,0.007841071,0.15289631,0.014257111,0.00466386
1312,0.20720735,0.16486935,0.026181348,0.04872883,0.34725448,0.20640156,0.03850736,0.4481395,0.10724745,0.10190764,0.029653458,0.038801804,0.11562293,0.037188906,0.041041348,0.08603261,0.0012818897,0.17979696,0.095776714,0.0064784377,0.039183144,0.26122156,0.05147489,0.032879155
1316,0.0026031348,0.0021176361,3.5773923e-05,0.0005756239,0.5036435,0.034595147,6.616221e-05,0.8688085,0.0021491537,0.0039440487,0.00012916331,0.000100446305,0.005291921,0.00046494775,0.00026470408,0.006087315,5.2020903e-09,0.6167845,0.00040835052,7.1476876e-07,6.5066e-05,0.051069073,0.00010774716,3.1804433e-05
1324,0.23945132,0.1950512,0.03276389,0.07117441,0.36724713,0.22927685,0.06795359,0.45163238,0.12134532,0.1244036,0.039529283,0.064216316,0.14485794,0.050577622,0.042246602,0.127042,0.0013605938,0.15703712,0.14216764,0.008287395,0.049876485,0.2561557,0.074166976,0.04730303
1325,0.50420964,0.44324583,0.007461025,0.014568162,0.19178572,0.16235957,0.013619572,0.22784081,0.1517779,0.185446,0.012083172,0.04324589,0.25941542,0.008184552,0.011930701,0.11130407,1.5936284e-05,0.091103755,0.250574,0.00023668513,0.008622332,0.37618473,0.043128874,0.018911568
1331,0.32264388,0.31873056,0.0847741,0.13191229,0.3512522,0.28349194,0.16689023,0.44472918,0.19751993,0.20058835,0.099314034,0.15426213,0.25337312,0.10080339,0.11797842,0.22491254,0.009831517,0.20868783,0.276528,0.028606987,0.10443118,0.36120817,0.16508387,0.11179725
1333,0.01793634,0.026516395,0.00093264575,0.002747647,0.46233478,0.046024535,0.0008170175,0.50632507,0.0141189685,0.0463768,0.0018592064,0.0021793572,0.0506954,0.0028279624,0.0029228816,0.033692,8.695784e-07,0.44098774,0.0049260086,2.400615e-05,0.0011090516,0.13622217,0.0038638003,0.0007287294
1341,0.21437626,0.20257065,0.04897467,0.07107528,0.30200607,0.17128736,0.089475654,0.39849186,0.12350972,0.1279342,0.038503915,0.07034228,0.16799065,0.060814273,0.046990484,0.09404612,0.003127223,0.14784384,0.15124656,0.010969975,0.058746196,0.20758168,0.07369591,0.06351133
1342,0.15552796,0.15266192,0.055181444,0.069190234,0.45162126,0.1861528,0.055644818,0.45484626,0.10643491,0.112150036,0.052448753,0.047637936,0.15435335,0.072908685,0.075278096,0.11394342,0.00497677,0.23501833,0.12116319,0.01842656,0.052862156,0.26116082,0.08600886,0.048701856
1343,0.22898528,0.23175964,0.06342941,0.07677427,0.30192667,0.17368722,0.09033732,0.3727964,0.1101239,0.12979896,0.043505225,0.06314374,0.2476826,0.0731796,0.061098676,0.10235021,0.0065552867,0.15092255,0.1615691,0.015839964,0.047051784,0.25983134,0.098647736,0.061162677
1348,0.22259893,0.25555208,0.071793236,0.09599258,0.3842574,0.21439683,0.08850547,0.44864294,0.1444714,0.17769042,0.061138973,0.080443054,0.20613237,0.08842651,0.08687807,0.12101619,0.008409175,0.21735948,0.15745401,0.025174674,0.07895175,0.26293412,0.09116248,0.07535575
1353,0.121594176,0.057549983,0.001856648,0.008122653,0.3804648,0.28393692,0.004552322,0.7013826,0.03047042,0.049113646,0.0066905436,0.0073696515,0.040526513,0.0057645333,0.0048830393,0.08203608,2.942127e-06,0.23326331,0.02470827,0.00013269745,0.006278661,0.31250829,0.007566667,0.0039655934
1356,0.1857347,0.21284662,0.01941946,0.031355903,0.25026804,0.13908789,0.04218659,0.39961633,0.12569237,0.1753772,0.023966819,0.054766547,0.24509634,0.033404276,0.025219878,0.11609835,0.00034165365,0.24957821,0.12542206,0.0016695376,0.017400926,0.25914612,0.055421393,0.020340621
1365,0.23294398,0.25926456,0.08401505,0.09821945,0.36786613,0.17479062,0.11976839,0.36429217,0.18837005,0.16197728,0.075578034,0.092273384,0.20368272,0.09544328,0.08702893,0.14555767,0.010341044,0.16867147,0.20326471,0.026530873,0.09613332,0.22982691,0.11904967,0.0932469
1367,0.23642653,0.20544998,0.026045775,0.032925367,0.42264718,0.20530835,0.02725815,0.36110058,0.09789,0.10674857,0.023251917,0.039969556,0.10820428,0.03144429,0.03485233,0.10761727,0.0006596386,0.15096042,0.12771058,0.0043853666,0.04200612,0.21671665,0.06254178,0.034191027
1376,0.19272016,0.1990309,0.14938901,0.17715505,0.40774056,0.22953936,0.19662847,0.51159394,0.18479802,0.17466846,0.13049944,0.14160378,0.20457986,0.19448328,0.14774846,0.20022209,0.054529846,0.26988286,0.18529162,0.10223794,0.1771992,0.2673111,0.17207685,0.13808736
1377,0.3096075,0.29448664,0.07468929,0.07829521,0.40223858,0.24766193,0.0740896,0.38173854,0.1799243,0.19189069,0.062103048,0.07315297,0.24238238,0.07259392,0.08860669,0.1368529,0.0060409987,0.19422257,0.24377455,0.023595354,0.06595036,0.31882685,0.10317619,0.089417785
1378,0.17255068,0.14212792,0.035079997,0.052868288,0.34570828,0.25496638,0.045321584,0.52624094,0.11002258,0.11578671,0.038217157,0.04607559,0.12328452,0.05378282,0.04707491,0.16474274,0.0013115256,0.2459549,0.09890705,0.0071236477,0.03976769,0.26770264,0.0648779,0.03484782
1380,0.5039555,0.3308007,0.0028001214,0.0067189583,0.13905405,0.17087622,0.0117209265,0.209609,0.05445661,0.086888306,0.0037169629,0.014564403,0.2686263,0.0026855976,0.0049494794,0.06887832,2.8128165e-06,0.035912823,0.21231884,6.422736e-05,0.001962922,0.48198238,0.027384283,0.005973542
1381,0.006737422,0.005748053,0.00084870245,0.0041247243,0.6379918,0.05539288,0.00040475454,0.81809676,0.007560246,0.018135725,0.002618087,0.0010542328,0.014630236,0.0055926587,0.003990735,0.04265787,1.6158948e-06,0.79935765,0.001079249,8.07539e-05,0.0012716753,0.09469173,0.0022862256,0.00053687865
1382,0.06220304,0.048216723,0.012111404,0.03225524,0.36700112,0.18466109,0.019498654,0.6977615,0.02795223,0.038814593,0.013930234,0.0140959555,0.06901278,0.025364222,0.01588708,0.050081283,0.00028879114,0.29538703,0.02180725,0.0021786687,0.011762491,0.15960728,0.017299714,0.009422856
1386,0.2087258,0.16712482,0.074200116,0.11279518,0.35629097,0.2550562,0.12471192,0.5744777,0.13853921,0.13035858,0.08383384,0.08737225,0.15722975,0.11268954,0.079205684,0.16584376,0.010274052,0.25941578,0.16051808,0.031528376,0.09032036,0.2901432,0.10795624,0.07319202
1387,0.20447113,0.15881196,0.021188231,0.034393366,0.43793014,0.26678178,0.018443959,0.43850315,0.11665896,0.094747975,0.026371509,0.032465667,0.087864876,0.024962265,0.039033055,0.101785675,0.00046577703,0.18959352,0.096824996,0.0032938384,0.028473787,0.29869562,0.042653896,0.023579054
1388,0.09441175,0.109308206,0.057472274,0.07700532,0.4507979,0.17346953,0.03755747,0.59377325,0.089126974,0.12555069,0.045587637,0.044932067,0.1612193,0.081563495,0.07137193,0.110056914,0.0056350813,0.394679,0.053024147,0.016012492,0.045404546,0.20738892,0.052418925,0.035783697
1389,0.4061997,0.3098258,0.004439844,0.01167177,0.12147797,0.16892855,0.024330897,0.3285132,0.07303965,0.14168441,0.00783526,0.027789826,0.33533093,0.007951449,0.0077220695,0.09042514,6.1346136e-06,0.057480928,0.21642672,0.00011677438,0.0044457302,0.41791126,0.03280708,0.010416275
1390,0.1900685,0.22172503,0.06527607,0.096650496,0.46921107,0.1942764,0.05448026,0.4372894,0.168223,0.141922,0.080379374,0.082127996,0.12929009,0.07893296,0.095584325,0.15145709,0.00814597,0.2484429,0.16761021,0.029105874,0.101813756,0.23409148,0.101867706,0.08289227
1394,0.08339874,0.035644725,0.002580854,0.011066231,0.22222476,0.2905247,0.012018132,0.7860218,0.04035872,0.06849302,0.0075130058,0.009285956,0.15333214,0.010251231,0.008214602,0.33164862,4.52842e-06,0.36847422,0.023977716,0.00011616067,0.003603257,0.523873,0.014125686,0.0028333368
1401,0.13309462,0.12634066,0.048359375,0.073561266,0.34377477,0.13918762,0.10723992,0.45233554,0.09910018,0.08665148,0.034759767,0.057366204,0.11336655,0.071506344,0.04348193,0.097697824,0.005491422,0.16972432,0.09364938,0.014868782,0.071440086,0.12772034,0.06789749,0.05019744
1403,0.038131583,0.032002263,0.009268148,0.022519791,0.3238055,0.10629139,0.01595046,0.68822515,0.024796875,0.04538482,0.008719458,0.009452715,0.10483347,0.024932513,0.013580169,0.072632395,0.00014589624,0.3310535,0.016019236,0.0011096906,0.007409657,0.19244927,0.016251504,0.0051430627
1409,0.16316538,0.16935946,0.048362058,0.096873716,0.36882463,0.16513787,0.09304834,0.5118863,0.1331004,0.121507205,0.052411478,0.07758401,0.1249955,0.088187195,0.063121215,0.09937859,0.006977107,0.24152076,0.11054179,0.019309018,0.07490616,0.18211001,0.08477157,0.054862797
1428,0.07135238,0.0498879,0.006943897,0.018746266,0.47889414,0.15980868,0.0049305097,0.6770799,0.03768179,0.04196587,0.009420996,0.006806077,0.039520122,0.016541855,0.015229881,0.04321674,0.000100867685,0.37011895,0.018370653,0.0012913267,0.008276989,0.16282858,0.0102285305,0.0062689935
1431,0.1467743,0.1425769,0.04617155,0.080403544,0.50718164,0.20451319,0.05491282,0.50750816,0.13991131,0.11589907,0.054586776,0.057686795,0.09913886,0.06535167,0.060302995,0.10226289,0.004341013,0.32677585,0.09033133,0.017392825,0.07563462,0.19442327,0.0697959,0.05620831
1435,0.56806165,0.39179423,0.0367333,0.046616178,0.25857806,0.38604498,0.049176443,0.2794165,0.1858472,0.19861934,0.044428654,0.06835896,0.33443797,0.031630762,0.058138017,0.21470249,0.000530863,0.120036505,0.3092753,0.0039789425,0.033964243,0.5511838,0.076321244,0.05087746
1439,0.39984927,0.3285225,0.04210962,0.060231466,0.29288465,0.30409268,0.07140299,0.36390758,0.16753365,0.18918702,0.0531443,0.093027234,0.29375482,0.051640503,0.06511865,0.20987664,0.0015260815,0.15561393,0.24512771,0.006971961,0.05034793,0.44715986,0.115546,0.073397584
1440,0.21639812,0.13172549,0.007841675,0.017036378,0.34332916,0.24833347,0.0118246265,0.52354634,0.072539896,0.07330395,0.017615046,0.021766007,0.0663918,0.0111877965,0.02015663,0.11296176,6.181066e-05,0.22119623,0.077864096,0.00090150686,0.015591336,0.2989869,0.027521182,0.014891772
1442,0.33046266,0.2722383,0.0059531713,0.009100073,0.2866018,0.1904742,0.00693093,0.26991582,0.082398586,0.10082612,0.008857973,0.013556848,0.16117336,0.006520336,0.013270633,0.11089221,1.4905652e-05,0.05586133,0.19125263,0.0002681738,0.010229129,0.37433526,0.02341048,0.012121317
1447,0.20121631,0.2179229,0.18512964,0.19083238,0.4293121,0.23611873,0.19322485,0.44678876,0.1926457,0.17830661,0.14162323,0.15108837,0.224561,0.19923942,0.15329212,0.1897075,0.07924364,0.24907722,0.17957598,0.120109454,0.17844552,0.25551182,0.17544585,0.15585423
1449,0.17364572,0.13233234,0.05848579,0.089505956,0.40967366,0.23630014,0.0748748,0.573442,0.120117255,0.10544795,0.06374283,0.058087032,0.14323519,0.08202915,0.07192927,0.1381813,0.006597173,0.28558335,0.09748671,0.026392903,0.060978264,0.26400387,0.078959435,0.053832177
1455,0.1727024,0.16886516,0.074731335,0.12430277,0.37251303,0.21596113,0.1353008,0.5052426,0.15641706,0.123875484,0.07798664,0.095324166,0.14402276,0.10259844,0.080284156,0.14940554,0.012929123,0.2516558,0.14708595,0.03698007,0.09349728,0.22871049,0.10411586,0.08195362
1460,0.12985893,0.13107595,0.03915112,0.05696276,0.36842957,0.14757928,0.07936302,0.47454435,0.08773315,0.076857336,0.036572296,0.04898397,0.10775475,0.058771964,0.044974655,0.07953158,0.0029368699,0.1864894,0.097586595,0.012258584,0.046366066,0.16116835,0.06734167,0.040251758
1461,0.18169342,0.16162392,0.053392973,0.08417748,0.50439405,0.2513752,0.036536694,0.4994734,0.14327818,0.18565595,0.06223999,0.07061149,0.12489145,0.06948553,0.07248209,0.18016465,0.003614107,0.37680262,0.09803887,0.0172266,0.076830015,0.28283376,0.07476143,0.053772654
1466,0.09947619,0.09752026,0.055022802,0.0702364,0.512742,0.18684524,0.03348652,0.5646231,0.100833125,0.11629315,0.050761852,0.045617543,0.13237016,0.08112374,0.088612095,0.121262714,0.00487486,0.45410404,0.05343969,0.017571678,0.042667586,0.21407023,0.0516668,0.036540218
1474,0.12590833,0.105779044,0.03068929,0.036162194,0.4556434,0.21043193,0.01193566,0.55201864,0.075324774,0.1014775,0.026708882,0.027502764,0.086179264,0.04193537,0.045065332,0.08782188,0.0010535556,0.3301516,0.039821126,0.0074312524,0.032266542,0.23270927,0.0345572,0.02214916
1478,0.12571236,0.088388845,0.02614816,0.05042368,0.35354906,0.18026508,0.039498422,0.55057013,0.08045896,0.08795377,0.022586089,0.028580708,0.08997933,0.047874548,0.029815516,0.07029758,0.0013002447,0.22177626,0.056874923,0.0054619084,0.025817294,0.15020059,0.031377185,0.022978216
1481,0.09803002,0.060234405,0.0007317799,0.0056696855,0.1809991,0.11877755,0.0051137153,0.5419106,0.023043526,0.04028152,0.002931594,0.0085269455,0.025325995,0.0027126574,0.0014669222,0.03583208,5.8039507e-07,0.16175883,0.044493124,1.7778482e-05,0.0017447011,0.087945074,0.0049528177,0.0016359773
1484,0.19174588,0.18350892,0.052274328,0.07873667,0.3649633,0.22160107,0.052639112,0.5115994,0.10322308,0.12855528,0.04014003,0.050799556,0.16802165,0.065291904,0.05894838,0.08581034,0.0043563615,0.21380863,0.10375146,0.0154427765,0.04536386,0.23950037,0.06166008,0.046542954
1492,0.3038845,0.32751155,0.016968818,0.024647843,0.27302963,0.1653521,0.028636979,0.29146597,0.1125288,0.17912303,0.016075948,0.034047548,0.28738457,0.015455498,0.018339192,0.0653509,0.00017578196,0.08999062,0.18748766,0.0012864899,0.015907444,0.27549312,0.050994776,0.031563587
1495,0.16309287,0.11995233,0.0037105496,0.006139995,0.5472939,0.14162478,0.0035556466,0.33325708,0.051514626,0.06474823,0.0045128716,0.008725866,0.05154393,0.0052980366,0.010604531,0.05410594,6.75362e-06,0.17940955,0.042548623,0.00016926465,0.0052181976,0.21463828,0.013612413,0.0048429016
1497,0.07652777,0.06280889,0.018432068,0.03421191,0.3792055,0.13064758,0.03310844,0.5831453,0.042263664,0.04248498,0.014961936,0.017598467,0.087510735,0.03423195,0.027095888,0.06636897,0.00065205304,0.22090055,0.04017761,0.0045600943,0.015683314,0.1759808,0.03382007,0.0149165755
1500,0.11252655,0.12898576,0.11147724,0.14792117,0.45844764,0.22026804,0.10521983,0.56940055,0.1190933,0.13420488,0.09373242,0.07969128,0.17699552,0.1544271,0.11674697,0.15650718,0.03226694,0.35794353,0.089568034,0.066985175,0.096464425,0.23062716,0.10297359,0.07124266
1517,0.27721593,0.19937089,0.017106134,0.035988282,0.23490503,0.24005154,0.038067758,0.45576018,0.10202215,0.12689275,0.022381857,0.045109265,0.17704436,0.024332596,0.028037654,0.17280275,0.00021687029,0.18380737,0.14131793,0.0016995731,0.024359772,0.3168607,0.051225916,0.020067055
1519,0.179151,0.17510362,0.09599726,0.12641999,0.46839666,0.25047058,0.09578395,0.48833877,0.16909464,0.14426696,0.08719386,0.08844792,0.13760352,0.11896676,0.10786714,0.13935462,0.023179673,0.27586865,0.13675207,0.057068046,0.12951079,0.23387004,0.10714498,0.09502145
1521,0.202123,0.17091233,0.04537665,0.062286906,0.42953297,0.24450904,0.029358635,0.47921568,0.12841062,0.16132867,0.045863252,0.043256313,0.14917685,0.05573873,0.06711737,0.11125836,0.0023687389,0.3023518,0.09885076,0.011852289,0.0444966,0.28191411,0.050465364,0.039697733
1524,0.06318447,0.072664775,4.388003e-06,6.3963365e-05,0.11541204,0.022034654,6.376027e-05,0.28756,0.007874414,0.017615343,4.730438e-05,0.00044967837,0.01663857,2.4497433e-05,4.064707e-05,0.02580329,3.2642647e-12,0.04154288,0.015337131,2.3426245e-09,2.470325e-05,0.08860793,0.00047591806,4.745321e-05
1525,0.13956882,0.17345415,0.117785715,0.12676091,0.4634178,0.2221114,0.10019687,0.5067506,0.13918214,0.14556973,0.102249786,0.08982356,0.17244923,0.15167832,0.12985846,0.15271612,0.036048837,0.28330588,0.11877593,0.07720004,0.12846167,0.24997564,0.117658414,0.09213806
1528,0.2729312,0.3078057,0.095726945,0.09481094,0.40374672,0.23277822,0.09297676,0.30232576,0.20944476,0.22219014,0.07292948,0.115405954,0.25698784,0.083146244,0.089684136,0.16751966,0.008885566,0.18502194,0.2415522,0.026791345,0.10478384,0.3070408,0.12567157,0.09803202
1529,0.27010494,0.2185139,0.010311181,0.025692975,0.15301226,0.21982524,0.06395599,0.4191347,0.08546101,0.10966997,0.017255856,0.047461353,0.20032524,0.020203903,0.014302859,0.15538938,8.217471e-05,0.105765454,0.18030363,0.0006069356,0.013113691,0.32085335,0.061597575,0.01685538
1531,0.6534554,0.30194417,0.0014655757,0.0041993055,0.123419724,0.29640302,0.006708916,0.2778496,0.04468446,0.0774756,0.003378047,0.011935271,0.22814669,0.0017918549,0.004077896,0.14169674,3.4435556e-07,0.046172813,0.16871023,1.1966411e-05,0.0019951067,0.6309749,0.024220526,0.005021894
1537,0.18907158,0.18886265,0.052106265,0.09507433,0.28013694,0.18091416,0.17457972,0.4437752,0.10951585,0.12850124,0.04551377,0.08762373,0.20769252,0.084108844,0.050332427,0.107457116,0.0051249987,0.13121484,0.1678005,0.014532732,0.04907628,0.22425835,0.10331748,0.0591183
1540,0.07802825,0.04347458,0.0029601818,0.0053400844,0.7568527,0.2631362,0.0005607748,0.5671053,0.051210172,0.064443804,0.013058721,0.0039981054,0.023113241,0.0074123577,0.017030878,0.06728305,1.1581547e-05,0.45663285,0.017521504,0.0003135465,0.0076088505,0.2832467,0.005779877,0.0027260482
1542,0.13824113,0.12115039,0.021963965,0.038932987,0.36943704,0.17838348,0.03288042,0.5251949,0.08558285,0.08321996,0.02057907,0.024836518,0.09875028,0.027159823,0.038478106,0.083428375,0.0007113097,0.23759232,0.07264647,0.0045284424,0.025549596,0.22528295,0.03458155,0.019787963
1548,0.15392989,0.15030277,0.09835117,0.12865603,0.4243396,0.21313798,0.11428641,0.527895,0.14996399,0.116293065,0.08241238,0.07934718,0.15225904,0.12179916,0.095641434,0.13115865,0.02417262,0.26676217,0.119928576,0.053101957,0.099713,0.20636164,0.10714157,0.07749144
1549,0.3020467,0.22229545,0.058792006,0.08225519,0.39430496,0.3157019,0.070911676,0.46696034,0.12488836,0.14397684,0.06440811,0.075087644,0.1783453,0.06854102,0.089100085,0.15768182,0.0042488375,0.19729635,0.17278938,0.019293306,0.0683227,0.3491062,0.105931215,0.05961726
1552,0.5044084,0.46532965,0.0042563993,0.0073622707,0.1086652,0.14270087,0.01606249,0.17387496,0.07884885,0.1095188,0.005418179,0.026222495,0.36611116,0.004286054,0.005049833,0.11246535,3.0530668e-06,0.030205326,0.27119434,5.5847788e-05,0.0035575712,0.5044411,0.032766324,0.010982311
1555,0.2741633,0.22685046,0.101281665,0.13151021,0.31935558,0.2733265,0.17819434,0.4729519,0.17995958,0.171426,0.10664291,0.13920382,0.2810401,0.121458836,0.09842651,0.27913296,0.014972199,0.21679449,0.21926422,0.040041976,0.10341581,0.42693168,0.1726834,0.101374924
1556,0.2129365,0.25499746,0.11740754,0.11976459,0.4277104,0.20891969,0.1307188,0.40212673,0.19954914,0.19926587,0.07813809,0.121796615,0.22419192,0.11884185,0.118506245,0.16890627,0.019735621,0.20886908,0.1746036,0.050979193,0.12878194,0.2577177,0.13597469,0.112539075
1560,0.23208387,0.23038432,0.17101814,0.19015457,0.45305,0.25828853,0.15980148,0.49044263,0.21729656,0.19820727,0.13738309,0.14947131,0.2200345,0.18885714,0.1734113,0.18714279,0.06594763,0.2844875,0.18706478,0.111972556,0.17717049,0.29927403,0.1789765,0.15306535
1571,0.048441526,0.047259923,0.013707509,0.023882732,0.34292918,0.1211606,0.0090045035,0.5915224,0.03647064,0.057054695,0.013068791,0.0129625015,0.09610318,0.028070861,0.030961951,0.11349547,0.00031146273,0.4367412,0.016709747,0.0016737138,0.009273746,0.22017068,0.019856844,0.0072154254
1577,0.20196892,0.21238197,0.023738852,0.051758595,0.33006874,0.16247372,0.04462143,0.46292436,0.12495859,0.1420924,0.029246608,0.04593316,0.13787436,0.034087945,0.027937263,0.12967548,0.00049627764,0.13273638,0.15519202,0.0038867118,0.041930467,0.22864273,0.057789072,0.03734022
1581,0.12527235,0.07275165,0.0032102037,0.01378788,0.2887727,0.18506795,0.0074877962,0.5826674,0.04341579,0.043324366,0.0050924644,0.00729053,0.06321193,0.0069396365,0.007809069,0.042408917,1.5743928e-05,0.16943108,0.031214725,0.00037554244,0.004099787,0.27557322,0.011192714,0.0055641285
1585,0.10595894,0.03311923,0.0015976416,0.004418223,0.27082303,0.2797311,0.0021451337,0.69684064,0.033639994,0.07459274,0.0035431972,0.0036115716,0.17103434,0.0037107097,0.0049897553,0.21303537,4.9739793e-07,0.43255702,0.017062005,3.0101544e-05,0.0012940496,0.5758395,0.0047867773,0.0012750907
1588,0.22272795,0.22151594,0.030689102,0.06302169,0.2509006,0.12061877,0.14860559,0.34485698,0.14423771,0.10830593,0.03724802,0.07997815,0.14521019,0.061186176,0.028098116,0.10087498,0.0018413118,0.100113474,0.18223473,0.006972985,0.056878787,0.17374738,0.09853041,0.06395605
1589,0.13038208,0.14041562,0.052620433,0.070542894,0.42611134,0.178966,0.058311127,0.46411952,0.09718015,0.09022657,0.04488026,0.048331913,0.09626653,0.06834819,0.053793583,0.085482225,0.006055059,0.24836184,0.08450152,0.018717322,0.0525067,0.18127042,0.061435536,0.047155373
1591,0.078677945,0.055220835,0.0051317955,0.013544196,0.45588264,0.15949374,0.004980979,0.5699328,0.04395346,0.059778973,0.0070871813,0.009515405,0.051319946,0.0098050935,0.014602423,0.049149096,4.1118812e-05,0.29542562,0.023458922,0.0005381492,0.0050851256,0.16100696,0.007027306,0.0056797294
1604,0.20394932,0.19318506,0.060295902,0.07417652,0.3233937,0.2067212,0.06878087,0.41484693,0.12714462,0.15163587,0.05122111,0.0766018,0.18206008,0.067228295,0.05869505,0.18272696,0.0038417776,0.17333415,0.1481065,0.013603541,0.064309396,0.30492765,0.10562009,0.05649364
1605,0.22135788,0.22671719,0.050758027,0.078835,0.4225685,0.20258284,0.074649505,0.4040571,0.17598408,0.16957113,0.048053212,0.074717075,0.16557412,0.06510737,0.05914566,0.117229186,0.0036048256,0.24047802,0.14574434,0.015228973,0.06868994,0.21755047,0.08061936,0.068562135
1607,0.16371016,0.18918985,0.11574318,0.14825368,0.38518426,0.19383752,0.18219702,0.5235003,0.1465996,0.13825102,0.11297163,0.12703827,0.18153402,0.16068408,0.10845413,0.16057381,0.03442701,0.26829883,0.15262286,0.06908915,0.13897224,0.23451053,0.16306359,0.10914822
1619,0.24278238,0.19077547,0.10362671,0.14667659,0.36247098,0.26516187,0.13485026,0.5345444,0.15644418,0.13998728,0.099700496,0.11086956,0.24095695,0.15527983,0.12860774,0.18619373,0.020892346,0.23777793,0.187878,0.059082113,0.10040691,0.37569794,0.14611982,0.103251316
1622,0.14445591,0.13485686,0.058305036,0.08853617,0.46045345,0.23527533,0.046462677,0.5535343,0.12147155,0.124581456,0.055164807,0.053352583,0.11777952,0.08445979,0.08158533,0.10104036,0.008302897,0.27746984,0.07521782,0.026913377,0.07193164,0.21153454,0.061964434,0.051637124
1625,0.24512279,0.27636954,0.09325607,0.10681107,0.32607606,0.18554682,0.14671339,0.40741804,0.1823496,0.1603165,0.07896183,0.11615561,0.21860419,0.10433616,0.08254627,0.15818103,0.010907824,0.18374592,0.19883606,0.034461573,0.09463495,0.24872823,0.15495414,0.106695205
1627,0.27680615,0.2226721,0.014072933,0.0322175,0.18533345,0.18572766,0.07138937,0.4555653,0.08009467,0.097715534,0.020979883,0.059474614,0.19222292,0.021635342,0.018446153,0.15176575,0.00011965219,0.09914252,0.16985846,0.0010569969,0.019635335,0.32498747,0.07688792,0.023583565
1628,0.022226501,0.024118714,0.0002957284,0.0025742736,0.45471397,0.046849117,0.00066489744,0.6041293,0.009102159,0.019571325,0.0014043837,0.001132735,0.012112288,0.0017533285,0.001325455,0.020787138,2.941146e-07,0.30075297,0.006829855,2.3631748e-05,0.0012746111,0.10631724,0.003638598,0.00073641737
1629,0.15981163,0.11194449,0.012934918,0.029997991,0.43509158,0.20315422,0.03063115,0.453277,0.08548246,0.11438766,0.021527713,0.023379123,0.12042666,0.027107365,0.02683048,0.1384956,0.0001767116,0.29544637,0.083397955,0.0017471918,0.020019438,0.29652742,0.04170349,0.015399248
1633,0.36456674,0.1664503,0.0055544875,0.01701689,0.21915016,0.39179432,0.011014479,0.51647675,0.06373556,0.11584468,0.012508669,0.020251017,0.14910138,0.008283458,0.010930035,0.1758762,1.1270556e-05,0.11312443,0.10317765,0.00025318825,0.011356793,0.5261309,0.017295994,0.010269625
1635,0.19830304,0.24120323,0.028234957,0.050047416,0.28478047,0.11986681,0.07608401,0.37434307,0.10878971,0.12637237,0.04484949,0.058288753,0.2095154,0.051385064,0.041360386,0.103942096,0.001623099,0.13892472,0.17379417,0.00649846,0.04922194,0.20285623,0.08872588,0.05067732
1636,0.23038904,0.2196841,0.05974034,0.10832081,0.252178,0.1800683,0.26187316,0.48125154,0.17198914,0.13487904,0.08042777,0.13596167,0.23863803,0.10266585,0.05024778,0.15615118,0.0057881474,0.15277356,0.22381458,0.018413417,0.08680498,0.24077988,0.14700831,0.08504398
1638,0.05330892,0.043392923,0.003169088,0.008108498,0.46544012,0.09801742,0.0028891254,0.5389004,0.03330007,0.034938443,0.004037399,0.003976062,0.025252962,0.00595068,0.005223804,0.028859507,1.2305131e-05,0.16385531,0.019339351,0.0003105753,0.007671416,0.09297762,0.0059639765,0.004548052
1639,0.15615788,0.1653973,0.06729978,0.10628265,0.52062774,0.2060329,0.07539782,0.5416193,0.14022109,0.12643784,0.08182244,0.08199278,0.11699903,0.099628165,0.091183916,0.11701431,0.01215611,0.2867697,0.12193696,0.042464685,0.11260108,0.2090814,0.105326466,0.075093485
1640,0.16865616,0.18633087,0.12444713,0.1436379,0.41720223,0.2431959,0.09468344,0.4802007,0.1483352,0.1511502,0.0951127,0.09340531,0.17713757,0.13790691,0.11469766,0.12946196,0.034081932,0.2495848,0.13234173,0.0730659,0.11359629,0.24421288,0.10735737,0.09695622
1645,0.25258282,0.28577873,0.11911588,0.13482445,0.41444787,0.22351037,0.1515603,0.4173515,0.17746402,0.20135294,0.10387755,0.13759242,0.24628343,0.13399553,0.12479924,0.19399361,0.022619434,0.2134303,0.22093445,0.060166396,0.13621889,0.30334902,0.20059851,0.12144218
1646,0.08978022,0.0907671,0.045113303,0.06027698,0.42851216,0.17944838,0.029668557,0.52235353,0.082640864,0.109670155,0.04216254,0.037217785,0.14972267,0.07575971,0.06766254,0.1491982,0.0030895453,0.41509163,0.0452394,0.012274286,0.035738923,0.22093445,0.046607543,0.026419098
1648,0.24904725,0.16645491,0.018752275,0.030823257,0.3308151,0.21998237,0.022872977,0.42548704,0.07996622,0.09841545,0.015554194,0.024087751,0.17570244,0.028603692,0.033995304,0.116339676,0.00027492185,0.16936848,0.091471866,0.0024815614,0.015452951,0.3674105,0.034836527,0.016146038
1651,0.51880413,0.31972763,0.007925322,0.0123596275,0.17498644,0.28161275,0.010753464,0.3130141,0.09313078,0.091301,0.011644595,0.022838455,0.17445514,0.007157118,0.01601192,0.058224324,3.4582532e-05,0.064180486,0.1569093,0.00039829093,0.008698213,0.44709292,0.026915668,0.016795669
1653,0.36351982,0.24914844,0.018182352,0.03836702,0.29484934,0.2951195,0.038676195,0.4372857,0.14622706,0.18795751,0.027747944,0.058486525,0.21394211,0.027222272,0.02844154,0.13375044,0.0001918492,0.20574734,0.18997085,0.0018163112,0.019171214,0.40189153,0.050774083,0.029964997
1663,0.22340599,0.23211196,0.10312331,0.13781936,0.3666228,0.2254762,0.17255762,0.4437909,0.17050728,0.17578545,0.08752549,0.11987494,0.24243127,0.12895748,0.09744104,0.16832824,0.017855417,0.2236113,0.18308614,0.03888622,0.09464098,0.25667197,0.14642918,0.098697774
1664,0.08977461,0.06274705,0.0026377703,0.010317821,0.29911214,0.17086163,0.006741396,0.65505093,0.026422763,0.041740946,0.00772669,0.0130335605,0.03892639,0.006634419,0.004454345,0.08463965,4.420985e-06,0.21041246,0.033677876,0.00016134522,0.006808824,0.24338411,0.011819094,0.0047153896
1667,0.17619655,0.120443925,0.0023335123,0.007131733,0.16557951,0.13439028,0.010198248,0.46165705,0.047900133,0.08277419,0.0032222942,0.009178801,0.14395878,0.005213185,0.0031509316,0.06465475,2.416847e-06,0.074688144,0.08073856,6.822448e-05,0.0035407415,0.27015218,0.01017605,0.0047737677
1668,0.17445585,0.16606855,0.029471325,0.03485738,0.4738259,0.181614,0.023351826,0.37025315,0.09196454,0.10135945,0.027595855,0.026682278,0.14090076,0.02979907,0.043074556,0.09270101,0.0010057037,0.1877612,0.1011836,0.0064533954,0.031471536,0.28231317,0.05237872,0.03331914
1673,0.15185255,0.18702944,0.046180394,0.072491,0.4657245,0.19754893,0.052607372,0.4896688,0.13688648,0.1411233,0.058485597,0.060684975,0.13052854,0.072530046,0.059607085,0.1433374,0.0035285468,0.2712345,0.12562288,0.016427714,0.084632814,0.26345727,0.07640283,0.059482113
1674,0.11971371,0.081335984,0.004088518,0.011943872,0.38171977,0.19822234,0.008592733,0.54827195,0.05860492,0.073922105,0.010044723,0.01407495,0.0629222,0.010322657,0.009553752,0.15442385,7.16418e-06,0.25608936,0.048242517,0.00020824652,0.011076322,0.31208503,0.022582402,0.008599275
1678,0.124115005,0.08696176,0.024568766,0.05635574,0.4248254,0.2688204,0.028674448,0.62497574,0.06946885,0.09188026,0.031332612,0.0340445,0.07934414,0.04499347,0.033484664,0.086907566,0.0010112488,0.26434737,0.051246498,0.006894252,0.026885387,0.26369643,0.040422965,0.026242917
1679,0.25250098,0.25351107,0.09484731,0.102684475,0.41311145,0.26810718,0.09461909,0.41143703,0.18162562,0.17206404,0.09582028,0.11077373,0.2022658,0.10870615,0.11534075,0.22978102,0.012803499,0.22510298,0.18708207,0.034051657,0.12247458,0.34873933,0.15286015,0.09639583
1682,0.28077242,0.30566162,0.011541965,0.020538948,0.23992145,0.14144148,0.03516493,0.25655487,0.13685511,0.15859368,0.014430983,0.047825556,0.25303245,0.014358454,0.014857749,0.09336826,9.143627e-05,0.1051057,0.18240944,0.00078623544,0.018086445,0.21712275,0.042407572,0.023891855
1685,0.07477025,0.07063139,0.04089793,0.08134323,0.36190107,0.15270333,0.069444135,0.6417136,0.06334069,0.075973675,0.038914938,0.03974826,0.13656527,0.07778349,0.051761534,0.115693785,0.0039357156,0.32952708,0.050002966,0.01405132,0.03490046,0.2070178,0.0513467,0.028220998
1686,0.16672999,0.1602012,0.018125614,0.035094067,0.31820604,0.112513915,0.052647103,0.40162882,0.07590682,0.081167765,0.017840598,0.034164235,0.121208906,0.032103118,0.022779547,0.06840959,0.0005771035,0.13097453,0.0968048,0.003335104,0.023137555,0.15706752,0.047430027,0.023496551
1687,0.17170875,0.15121336,0.040021606,0.052326478,0.42241642,0.19639818,0.038253643,0.39649907,0.093458,0.11856063,0.032885168,0.041990694,0.13622656,0.050436955,0.042836584,0.09683148,0.0021961147,0.19592394,0.10157713,0.008951887,0.045481108,0.22221668,0.051958982,0.039257333
1689,0.3028125,0.3145192,0.076392196,0.13100007,0.38098603,0.19920352,0.13790657,0.39317435,0.1842498,0.19171421,0.08207293,0.12409963,0.19578092,0.10663495,0.0916148,0.12831865,0.01632244,0.18917437,0.21882659,0.04299658,0.12608051,0.23091641,0.13743041,0.12648615
1693,0.062151603,0.051873457,0.010143082,0.029160226,0.33211583,0.13195722,0.017733026,0.6839994,0.036744893,0.048459586,0.014139253,0.015796417,0.07528823,0.026613303,0.019737259,0.09639101,0.00021181586,0.26436475,0.028200502,0.001959009,0.014257473,0.1950409,0.02475094,0.008258872
1697,0.30107647,0.23554629,0.005460116,0.009905348,0.14676273,0.14438407,0.024521895,0.3289959,0.06688581,0.08504895,0.005332254,0.025801642,0.14836282,0.0076670144,0.0096270265,0.076655224,1.2674563e-05,0.041436452,0.1383182,0.00013970106,0.0074623665,0.24837595,0.031652853,0.010160792
1704,0.10401727,0.053426385,1.6828879e-05,0.00020934307,0.38046902,0.04773198,0.00012479514,0.35370222,0.0066826222,0.00770748,0.00017894438,0.00048936944,0.0045738835,8.507705e-05,0.0001812917,0.018865045,2.1068906e-10,0.10651087,0.022601634,1.2300072e-07,0.00015179315,0.114515536,0.0016118875,0.00018443941
1707,0.085988455,0.118826695,0.016252892,0.024518609,0.29634058,0.111829095,0.024302905,0.4624717,0.06605544,0.1418105,0.019090805,0.027699562,0.23088038,0.029011978,0.025841272,0.15178353,0.00019693945,0.2963317,0.05202044,0.0010812609,0.01508731,0.27338538,0.030325923,0.012455776
1708,0.09998965,0.101438835,0.018406298,0.0543535,0.39277646,0.1749455,0.058660436,0.623029,0.06324142,0.058887348,0.034645386,0.041495603,0.07278943,0.044419143,0.025410302,0.10650059,0.0008124587,0.20034967,0.07527978,0.006154156,0.046336826,0.16792752,0.055251803,0.030419558
1709,0.14640461,0.1549274,0.078946,0.110621884,0.44090837,0.20492333,0.08449446,0.51714635,0.1329794,0.12961505,0.07944232,0.07099842,0.1333262,0.10665111,0.09316253,0.13008946,0.015937965,0.25789693,0.115723945,0.04047345,0.102394626,0.22384943,0.08932099,0.072426036
1712,0.0070190667,0.008893469,0.00044260584,0.001675301,0.35485446,0.045023046,0.00060586317,0.80058634,0.005932006,0.013023793,0.0008840191,0.00073657744,0.023740206,0.002688566,0.0018294513,0.02583805,3.6242943e-07,0.55812216,0.0017457469,9.697928e-06,0.0005209798,0.10910757,0.0013932328,0.0002460442
1715,0.19422339,0.21015689,0.008133052,0.02271156,0.30352917,0.13467765,0.02415354,0.50983113,0.07087576,0.10349367,0.016428841,0.030917952,0.18319832,0.017865313,0.020987412,0.09294747,6.6224515e-05,0.17090856,0.117407866,0.00079404877,0.012458449,0.31732816,0.05179963,0.014044407
1724,0.17362095,0.08372841,0.009842493,0.019455934,0.41029784,0.3386459,0.008680966,0.57217306,0.060768124,0.07339314,0.017088609,0.016777331,0.06771773,0.01484552,0.027021201,0.12965083,0.0001074153,0.20537417,0.050289337,0.0014395906,0.018715054,0.32831886,0.019135743,0.010879284
1727,0.24124362,0.2470808,0.10396506,0.099179715,0.38620132,0.2707609,0.09757506,0.4395195,0.16810432,0.19711687,0.07427921,0.103679635,0.23983333,0.116582155,0.11260427,0.16841114,0.013600188,0.2592285,0.17017092,0.037580926,0.09795833,0.32500017,0.12755406,0.08763202
1733,0.2156436,0.12693991,0.03459233,0.06353032,0.37236434,0.33047846,0.036273357,0.5291486,0.10320312,0.107489526,0.040928837,0.039606553,0.14578125,0.05171159,0.051212024,0.20885351,0.0010466314,0.21490085,0.097641304,0.0076255784,0.03798183,0.38965654,0.05508488,0.031300046
1734,0.2671434,0.3010534,0.23408024,0.22786263,0.43863308,0.2832333,0.2332511,0.45329794,0.2461637,0.23915309,0.19700392,0.20913208,0.26117763,0.23242831,0.21744946,0.21431114,0.12043178,0.26074615,0.2551123,0.17272477,0.24097951,0.30757436,0.24071336,0.22027884
1735,0.20218362,0.18763603,0.040865,0.07293648,0.27685478,0.17775233,0.12789479,0.44627738,0.10208797,0.1109528,0.04111298,0.07175734,0.18097076,0.067424074,0.048766054,0.115105726,0.0033738306,0.15380698,0.15168011,0.0113530625,0.051581576,0.22623214,0.09132993,0.05054693
1742,0.14547527,0.13173921,0.04859866,0.08134017,0.42036662,0.20354052,0.048088618,0.51558244,0.12292127,0.15018648,0.05514811,0.05032219,0.1360799,0.07739615,0.06807412,0.120583,0.0050207498,0.33194128,0.0845398,0.016432516,0.050819878,0.2005129,0.06178354,0.046497073
1749,0.1293826,0.1443565,0.047141086,0.08281734,0.35480216,0.16171795,0.10166491,0.54470617,0.10980707,0.11474206,0.045734834,0.06520018,0.14567944,0.07930391,0.04881742,0.10283158,0.0039480915,0.20419398,0.10561832,0.013161838,0.05978607,0.18301772,0.072322205,0.048810367
1750,0.19189544,0.1685367,0.047884904,0.11094514,0.32644868,0.16573776,0.21772774,0.43842965,0.12050866,0.109776884,0.049601596,0.08451841,0.14837754,0.10358192,0.053087234,0.12293652,0.0056600217,0.14596215,0.17647347,0.020225823,0.067821905,0.1585986,0.10308058,0.07085221
1751,0.11932338,0.13334085,0.09996938,0.12413271,0.5022,0.19287369,0.0660448,0.5413532,0.13316026,0.14929608,0.08841346,0.071504265,0.16459388,0.13838592,0.13345404,0.15036598,0.024934493,0.40995923,0.07915501,0.055863116,0.09124206,0.22969691,0.08740386,0.06877592
1753,0.17952372,0.14890207,0.014598245,0.021882746,0.43292296,0.18782473,0.014947907,0.40568545,0.08805034,0.12479548,0.02105608,0.022925751,0.14600639,0.019451417,0.025944741,0.13920015,0.00013055824,0.2743001,0.0732201,0.0013429117,0.018657034,0.302199,0.03298003,0.017913098
1757,0.27571765,0.27657002,0.08632348,0.09246115,0.3458478,0.1892792,0.14548649,0.3136886,0.185924,0.15881783,0.059103854,0.11421646,0.22351362,0.06535649,0.05922465,0.14320363,0.0063558174,0.11615142,0.23574664,0.021037308,0.08393408,0.2690309,0.13198757,0.0880069
1759,0.29317346,0.2529767,0.018108461,0.030763684,0.26487595,0.19081847,0.04405522,0.28056407,0.1364711,0.13477615,0.012675335,0.045741357,0.221307,0.023093041,0.026562696,0.1209377,0.00017262602,0.07636517,0.18007831,0.0013305298,0.018136172,0.25520703,0.04544419,0.024087392
1761,0.14667848,0.12082092,0.025619132,0.06336333,0.38040832,0.16379333,0.05763838,0.5786872,0.08887551,0.074052036,0.029749604,0.04235093,0.11054973,0.04743533,0.03804633,0.07588911,0.0014890544,0.27538878,0.08924872,0.0083314,0.034849547,0.20300002,0.05357853,0.035395112
1762,0.011500982,0.0036330943,8.003488e-05,0.0007652329,0.35210532,0.096631505,7.674057e-05,0.87266284,0.0039836853,0.014976743,0.0003163983,0.00025781486,0.024497531,0.0006362856,0.0009336318,0.058505725,6.2519088e-09,0.72573084,0.0006711858,8.211353e-07,6.582214e-05,0.36241812,0.00040889377,4.8499503e-05
1763,0.069953226,0.04932738,0.00073325424,0.0026492672,0.24285464,0.06498984,0.002302179,0.433316,0.016320992,0.021773782,0.00068325875,0.0017577583,0.058131672,0.0021710992,0.0017264449,0.018669546,4.335317e-07,0.13784552,0.011766211,1.8708772e-05,0.0006355807,0.15337774,0.002440433,0.00088255334
1771,0.24386969,0.24459739,0.19980557,0.20568056,0.4660492,0.29216382,0.18479435,0.4931536,0.22206661,0.20424649,0.17078811,0.16156776,0.21314868,0.20924251,0.2073715,0.2049155,0.09136196,0.2912421,0.19821651,0.1582474,0.21140452,0.306656,0.20285457,0.17678769
1772,0.16044614,0.17578451,0.13704796,0.15462142,0.4356098,0.21547027,0.13886167,0.49103054,0.15775199,0.13734882,0.10654221,0.099116296,0.17705704,0.15959278,0.119846776,0.156337,0.044952266,0.25343123,0.14021072,0.09057831,0.13705724,0.25361672,0.13323803,0.10818553
1774,0.23448673,0.23141982,0.13067761,0.16154058,0.3857933,0.23963208,0.20022668,0.41807255,0.18213242,0.17240594,0.098533355,0.14976297,0.23362653,0.1586873,0.12312305,0.19334203,0.03205702,0.2309469,0.19426501,0.06491688,0.13191794,0.26014715,0.17513849,0.12194078
1778,0.2555849,0.21948697,0.03350333,0.04479629,0.43096158,0.328307,0.042140797,0.5139975,0.13584381,0.15137625,0.063332655,0.07475247,0.12241824,0.04472545,0.053504437,0.22682458,0.0010032905,0.2771529,0.13100764,0.0066091125,0.06736987,0.39208022,0.08765745,0.04788357
1787,0.21876708,0.16016105,0.03701421,0.05526068,0.36709103,0.30028555,0.049965765,0.52589095,0.0906533,0.111247905,0.038606115,0.051467523,0.14744358,0.04280881,0.05640148,0.12490563,0.0015536041,0.19792004,0.11534237,0.0068312227,0.047026243,0.3135719,0.06196391,0.040740035
1792,0.13558328,0.14970309,0.033101693,0.04304745,0.4391015,0.15735295,0.024424205,0.42532408,0.09228648,0.11268661,0.03094786,0.04218308,0.12916623,0.047223896,0.058728818,0.10002442,0.0012840404,0.31905955,0.06633942,0.006033546,0.03061108,0.22822554,0.05356284,0.02798153
1796,0.15816359,0.18119371,0.15538529,0.17807019,0.464996,0.23398936,0.1404491,0.5133051,0.1713885,0.16688429,0.1313855,0.12504469,0.20078109,0.17668377,0.15569822,0.17854254,0.060822327,0.31818247,0.13401029,0.10729522,0.14690252,0.25437176,0.14616762,0.120431446
1798,0.17947541,0.18709183,0.062182218,0.09447064,0.421852,0.23623075,0.12755452,0.5451253,0.11961314,0.11420195,0.06574581,0.102176666,0.12893222,0.094627395,0.096294165,0.17000967,0.006558387,0.22834185,0.14583704,0.0245058,0.088822395,0.27759257,0.11718937,0.078913756
1800,0.108432755,0.103024736,0.01893192,0.04047191,0.32539687,0.18409021,0.02475523,0.5246988,0.06855336,0.07129491,0.02116092,0.022370478,0.08153021,0.02745759,0.019992732,0.08597302,0.00042536296,0.17971247,0.05356134,0.003312614,0.027094943,0.19431241,0.028426327,0.01984605
1802,0.056027014,0.059180614,0.003702221,0.016263243,0.30239213,0.085675046,0.009012865,0.5401952,0.04484757,0.060451683,0.007990951,0.012140745,0.11757817,0.009393188,0.00778044,0.110499226,1.7841718e-05,0.29672986,0.030107858,0.00020936021,0.0053301784,0.21746066,0.0161378,0.004896058
1804,0.27596122,0.24863449,0.001516883,0.004250405,0.18298356,0.08438212,0.011884656,0.30701393,0.043030303,0.046499398,0.002841333,0.015649142,0.07198696,0.00216753,0.002864902,0.043962605,1.1019326e-06,0.02984026,0.123587295,3.9332685e-05,0.0033310459,0.21542573,0.018776275,0.005265831
1809,0.18180075,0.18317631,0.07081348,0.1102593,0.38741913,0.21084626,0.11608682,0.51443136,0.13051404,0.13949893,0.076830074,0.088950686,0.18958671,0.111267224,0.087371714,0.14815952,0.010805241,0.23670016,0.15283391,0.032242756,0.0961387,0.2845149,0.11879994,0.072036736
1810,0.13729565,0.14968741,0.039326534,0.061541773,0.38239494,0.16346294,0.05154981,0.45299476,0.09191876,0.10526334,0.026834453,0.03857889,0.13371505,0.051032793,0.04320313,0.05981432,0.002311371,0.22359766,0.08169843,0.008493073,0.030908188,0.1589761,0.0428087,0.0329899
1815,0.12303054,0.14024691,0.0418024,0.0630157,0.41957828,0.15978135,0.0817991,0.45682362,0.08607133,0.07483194,0.050762378,0.06146346,0.12290896,0.057698138,0.04229668,0.11285807,0.0025997583,0.20896989,0.13252605,0.015000243,0.05503112,0.24524818,0.08935618,0.05100836
1816,0.08717224,0.08117865,0.010223771,0.03132199,0.37392697,0.094223306,0.048277117,0.47346988,0.06469247,0.05084256,0.014559285,0.028592845,0.05473882,0.024901899,0.012167035,0.05432164,0.00022439325,0.21597923,0.06111621,0.0020538513,0.0233006,0.08164156,0.033193737,0.015401562
1819,0.16485779,0.13495874,0.040529836,0.08129537,0.32964152,0.17027508,0.09485798,0.49847212,0.08604241,0.08071064,0.042980503,0.05758452,0.1442792,0.07567342,0.056754738,0.104169175,0.004332164,0.19319819,0.11436223,0.015863834,0.044985123,0.24197634,0.087706186,0.046907056
1823,0.21518019,0.23355217,0.22301365,0.22906868,0.45051613,0.2626896,0.22673944,0.48901966,0.22261287,0.21383868,0.18153721,0.19083184,0.236799,0.23083174,0.1972976,0.21829842,0.11844205,0.30171818,0.20453517,0.1700155,0.22648431,0.27288452,0.208969,0.18242307
1826,0.28221282,0.26493603,0.04184717,0.042695384,0.43870494,0.23691341,0.036102027,0.2742874,0.1480459,0.1239676,0.03318647,0.04728377,0.14136298,0.03441147,0.05529847,0.14612097,0.0013584859,0.13878402,0.16727461,0.007697191,0.051560003,0.31729463,0.0838161,0.049350664
1827,0.2325029,0.20140444,0.08799693,0.12259807,0.39586014,0.25332955,0.097111315,0.4681231,0.15868454,0.16599105,0.08628947,0.09533709,0.16848628,0.10787875,0.09907926,0.15023558,0.0128902225,0.2788745,0.14733422,0.0370787,0.10284742,0.27087218,0.109129705,0.09242959
1828,0.06808309,0.061238155,0.004061721,0.0110179605,0.49280414,0.14208205,0.0044564386,0.6590258,0.045815386,0.052106116,0.0067542726,0.006852112,0.027278557,0.010290954,0.009072357,0.03664813,2.6526057e-05,0.22180021,0.028193878,0.00059916027,0.010296603,0.11684621,0.010263124,0.005934838
1829,0.20341694,0.17355654,0.029894581,0.044517383,0.29754657,0.23331974,0.073476866,0.49340904,0.10823829,0.10180062,0.030853659,0.05975588,0.115722865,0.042065818,0.04365033,0.16240299,0.00086327747,0.1354137,0.13782632,0.004771177,0.046873134,0.29264227,0.07545862,0.03276904
1838,0.033318445,0.03130444,0.008537232,0.017388899,0.41579723,0.101053275,0.005619136,0.67457634,0.027625684,0.04376846,0.011298437,0.00748544,0.065923065,0.017771015,0.016955454,0.071937904,0.00011708871,0.44313303,0.013321367,0.0011131908,0.007983654,0.16221373,0.012304785,0.005070768
1841,0.1535112,0.08927056,0.010296633,0.026072074,0.32584044,0.2581801,0.02368203,0.687504,0.06928317,0.06909014,0.020253321,0.01892265,0.08398952,0.029882904,0.028998151,0.12341406,0.00020649114,0.3057463,0.055990912,0.0018539947,0.016816845,0.37804413,0.031377308,0.013830016
1842,0.21986975,0.18288328,0.07429057,0.089519136,0.5113665,0.2569667,0.06530428,0.47935718,0.16518286,0.16471148,0.070970945,0.076988794,0.18570724,0.102695756,0.10316141,0.12483956,0.0095783025,0.3353039,0.12341639,0.030689217,0.0726055,0.306365,0.103928514,0.06709268
1843,0.15989237,0.14540036,0.022742512,0.03555324,0.49576697,0.16098195,0.019746616,0.48192528,0.08266147,0.09082071,0.02915947,0.029388133,0.086516574,0.037070334,0.047132056,0.09639417,0.00087556447,0.26946947,0.06732861,0.006470248,0.037046462,0.22590092,0.05583778,0.027402801
1846,0.019443525,0.027013166,0.0073836977,0.018458458,0.4674159,0.08203302,0.005662681,0.70987606,0.020496631,0.053605326,0.008692948,0.005850549,0.07473929,0.02634648,0.021349197,0.06378942,0.00017752463,0.5050045,0.0070894333,0.0014529958,0.0062376456,0.11269686,0.010570933,0.0042543625
1847,0.03963478,0.03028616,0.0046483455,0.013560783,0.69146824,0.113652416,0.0024014362,0.69639194,0.037747566,0.031207027,0.009609879,0.0046792096,0.019770408,0.014229372,0.015627561,0.03061339,0.00010044573,0.4182416,0.010332234,0.0014132303,0.013055532,0.116770945,0.0106650265,0.0057478105
1852,0.40905,0.2588438,0.0052623074,0.01507786,0.15981652,0.22186768,0.02871468,0.27954385,0.07286117,0.10779686,0.00891846,0.03813561,0.2207399,0.0062992102,0.0061969915,0.11759612,6.889227e-06,0.050939087,0.18642232,0.000109059016,0.0063197524,0.39614525,0.029897941,0.0137245655
1853,0.1549619,0.16625814,0.082995206,0.12983802,0.43542278,0.21113066,0.11442131,0.5266348,0.13313419,0.12739816,0.081398144,0.09171004,0.162896,0.116206005,0.08955567,0.12927742,0.017548826,0.28950113,0.11152882,0.04150742,0.09516182,0.22902007,0.108494334,0.0815003
1854,0.025359299,0.027126411,0.0073380596,0.022072578,0.30464602,0.07178966,0.01600678,0.66823304,0.022656359,0.02765802,0.0071436884,0.008479825,0.06985821,0.018859198,0.010133837,0.048352238,0.00014421516,0.26311603,0.014282813,0.0009530653,0.006392011,0.11478358,0.016563628,0.004527976
1856,0.20397893,0.2345575,0.12558569,0.12130235,0.51390934,0.21590212,0.10125886,0.4101612,0.20041297,0.16781567,0.09466695,0.103064336,0.18987808,0.12880483,0.13264877,0.15036245,0.028524185,0.26557034,0.1758784,0.067235895,0.1358651,0.25609064,0.14130409,0.11648939
1863,0.15814278,0.13053225,0.09085558,0.150664,0.44269174,0.28936127,0.12106788,0.6170139,0.14820214,0.13542756,0.10220485,0.08828203,0.14892194,0.13773133,0.10705403,0.1796965,0.019893747,0.3718364,0.10247944,0.05405355,0.09479052,0.2674523,0.1025183,0.083416946
1865,0.09207323,0.095387556,0.019403936,0.040217325,0.3270831,0.1296806,0.070254795,0.48725516,0.06381158,0.04810085,0.015446118,0.031992912,0.08428187,0.0385223,0.017869394,0.06602709,0.0005008374,0.15554456,0.06545946,0.0034467848,0.02395313,0.13691492,0.030562786,0.018748043
1868,0.057224344,0.048017338,0.0058294754,0.023327071,0.48140478,0.13501255,0.012231777,0.6356895,0.047115114,0.049253553,0.007159222,0.0083095,0.03561572,0.016004099,0.009871617,0.0499592,8.0729114e-05,0.2485681,0.023797318,0.001250587,0.013861849,0.10075201,0.012207299,0.0074079353
1875,0.1749296,0.20921078,0.1457935,0.17391102,0.4729454,0.22886692,0.15302959,0.49311945,0.18314926,0.19083783,0.12307081,0.13644932,0.19387347,0.16979451,0.13586776,0.1768651,0.046916205,0.30406854,0.15781713,0.09224174,0.16097519,0.23527566,0.15773442,0.13942474
1878,0.026317555,0.020954514,0.0011944255,0.0037388396,0.4098114,0.08785769,0.003683414,0.7086736,0.024293186,0.034858588,0.0028995895,0.0033692354,0.038689803,0.005348898,0.004465973,0.105198555,1.383114e-06,0.35262632,0.009793024,5.9701753e-05,0.0020739203,0.17203401,0.0057763653,0.0014003403
1884,0.21142355,0.22803198,0.09065011,0.101918645,0.40076196,0.21783534,0.0869745,0.4479667,0.1498257,0.1794652,0.072311476,0.086863436,0.2371148,0.10125508,0.094123624,0.15749152,0.0111157475,0.23566362,0.14211468,0.026874917,0.07782007,0.2919258,0.12649617,0.07992404
1887,0.25333324,0.21951133,0.06306507,0.08245656,0.3689929,0.21020938,0.10941591,0.37372047,0.16526891,0.16098924,0.04997651,0.082766116,0.18791316,0.07347123,0.073833965,0.15895975,0.0050717317,0.15475939,0.19612493,0.016979497,0.06890557,0.25548434,0.10180338,0.063851185
1895,0.22724158,0.13179345,0.024230754,0.042907894,0.4042335,0.30097607,0.026963836,0.5785389,0.09815983,0.09751015,0.033812914,0.036855396,0.09882727,0.03754797,0.048384238,0.15319856,0.00061422546,0.23552659,0.07368192,0.00540225,0.029907646,0.40966922,0.04824246,0.02547394
1898,0.22438344,0.20442148,0.14655864,0.1731966,0.37606436,0.27062708,0.20832476,0.483229,0.19448315,0.19332004,0.1189038,0.1367322,0.26348025,0.16691561,0.13398285,0.21016723,0.03725917,0.25570765,0.19189492,0.0680717,0.12712193,0.30985168,0.16217256,0.12644795
1899,0.004348381,0.0072315214,7.8135025e-05,0.00069220277,0.31108022,0.026898608,0.00021972488,0.7026556,0.0041035973,0.0116767045,0.00017048449,0.00038876745,0.014246673,0.0007839884,0.000568858,0.01380811,9.463656e-09,0.33203632,0.0012662051,7.896269e-07,0.00017082701,0.042926267,0.0004900565,6.7882924e-05
1900,0.10872438,0.08577956,0.022748198,0.053284675,0.3277178,0.15416859,0.040271528,0.563537,0.06708853,0.08554467,0.024602134,0.028694523,0.14062117,0.047728978,0.032681633,0.10692104,0.0009251221,0.30179107,0.05798645,0.0050540036,0.025450168,0.19751446,0.038907427,0.019886406
1906,0.1972407,0.11063363,0.010697084,0.029482832,0.35651517,0.24727626,0.021685362,0.5519523,0.09325943,0.09599531,0.010749919,0.022402942,0.10364855,0.019536197,0.023186466,0.09150792,0.00010182481,0.17765704,0.0822307,0.0012676079,0.014192627,0.23318128,0.024995323,0.01354475
1908,0.07273126,0.08694721,0.01831472,0.040169273,0.51338637,0.14180674,0.0134625165,0.5442225,0.073097885,0.08802626,0.025903204,0.022254033,0.045420647,0.034974903,0.02296973,0.052451145,0.00064816535,0.30185607,0.041172124,0.004268313,0.03415579,0.13939057,0.02566399,0.01954194
1913,0.16304806,0.17427683,0.012260581,0.0141598405,0.20375308,0.11506241,0.023628436,0.36186334,0.05206315,0.09239878,0.008577186,0.02021902,0.18748105,0.016520347,0.011992093,0.06449585,0.00010207923,0.07448435,0.08144221,0.0007066423,0.008790015,0.23674817,0.03394459,0.011757487
1917,0.17497888,0.19169658,0.14687815,0.16836543,0.40503538,0.2272243,0.17961448,0.47620937,0.16830267,0.16607755,0.111673824,0.120194495,0.22243287,0.17164588,0.12712544,0.16446376,0.05189916,0.24205348,0.17097896,0.08604869,0.1391798,0.25059122,0.14774685,0.11442222
1925,0.2491475,0.27503464,0.11223353,0.15219751,0.32993016,0.22709359,0.24076764,0.43874595,0.19119748,0.19532707,0.10974938,0.17188863,0.22477667,0.1385397,0.10928484,0.1934173,0.022850944,0.19112355,0.24776033,0.05432509,0.14208965,0.26622242,0.1837816,0.13242358
1927,0.12146242,0.12711808,0.009596191,0.04222503,0.2397958,0.13737895,0.08164255,0.5610751,0.07787162,0.05913819,0.017568255,0.043358028,0.08411814,0.030635502,0.020990305,0.09917775,0.00028567913,0.12514141,0.10300539,0.0021085748,0.028082166,0.20353602,0.051892735,0.021484775
1929,0.29827625,0.27691504,0.13122675,0.11763334,0.41191286,0.29211453,0.12100013,0.4299372,0.20855509,0.19337402,0.107293755,0.130968,0.24864154,0.13905342,0.16713999,0.2530735,0.022472473,0.25638556,0.20711085,0.055041805,0.14246316,0.3888104,0.16457853,0.12509322
1930,0.19132966,0.13390313,0.015206919,0.02437539,0.5200204,0.2532654,0.008266182,0.45845369,0.086098395,0.09163408,0.024950255,0.02237936,0.08778498,0.023007082,0.037191562,0.13107088,0.00025919455,0.27185884,0.08652844,0.0023839206,0.024938896,0.378171,0.039002158,0.021154966
1931,0.16428234,0.038873013,0.0005530843,0.0024101608,0.29869035,0.39593393,0.00057507656,0.65419877,0.026749564,0.031308286,0.001529444,0.002292161,0.047694165,0.0012293638,0.0033722697,0.13059422,9.2592565e-08,0.2933479,0.020278748,6.849835e-06,0.00084331096,0.5423689,0.0033992166,0.0006521609
1932,0.008104567,0.0047874814,0.00016773335,0.0014847091,0.55436313,0.031158997,0.00048267993,0.7870346,0.0065809363,0.0034242428,0.00041047894,0.0003817975,0.0038592312,0.0013733284,0.00062098115,0.0062204874,1.4541135e-07,0.41102478,0.0017744183,1.3227238e-05,0.0004130309,0.026694287,0.0010747501,0.00021559678
1933,0.35259372,0.25341696,0.002629605,0.008417282,0.15285645,0.1366812,0.020610692,0.3291713,0.07190033,0.09363926,0.0065813297,0.026314488,0.18955387,0.0062346556,0.007154543,0.07085647,4.3998325e-06,0.070594616,0.18351263,0.00010001344,0.004440035,0.32511303,0.03959657,0.00936633
1936,0.17009616,0.16148227,0.0574821,0.0846367,0.47589046,0.22442341,0.065317996,0.5067972,0.13390565,0.11491196,0.061355416,0.065385334,0.15171038,0.07967339,0.0771062,0.15341365,0.00493684,0.24496496,0.12555993,0.020897677,0.08174285,0.27041933,0.08200072,0.06836948
1938,0.23638478,0.22132275,0.14942603,0.20180376,0.4229298,0.2633836,0.16544273,0.47263208,0.20387934,0.17577186,0.12679785,0.1384629,0.19542548,0.1711573,0.13662145,0.1980768,0.042123042,0.2476429,0.17558293,0.096226566,0.16166002,0.29528633,0.16439863,0.13856974
1939,0.2852069,0.2847742,0.051787563,0.07750193,0.35756683,0.15473849,0.08145315,0.36147273,0.1569336,0.15789308,0.053005967,0.086422294,0.1954686,0.061223216,0.064696364,0.15189154,0.003632563,0.15855864,0.20737371,0.0134080555,0.057720788,0.28612712,0.13873067,0.07559398
1946,0.18888703,0.19760633,0.12909833,0.1494974,0.43427172,0.22453363,0.12997532,0.50450194,0.16361746,0.15791732,0.11020696,0.10659006,0.18275774,0.1466625,0.13872844,0.165393,0.03575014,0.2775109,0.15260333,0.081555516,0.12589864,0.25664124,0.14374404,0.11773734
1948,0.027342064,0.007569493,9.844951e-05,0.0013971518,0.6054119,0.18682446,0.00013084576,0.8655047,0.010996589,0.015360004,0.0013648297,0.0005810972,0.0036918675,0.00068198174,0.0008447542,0.034533903,2.8405468e-08,0.5336808,0.0028813714,5.588931e-06,0.0012685179,0.12808241,0.00096114614,0.00025727146
1949,0.012257511,0.008043275,0.0018856559,0.008335836,0.46827263,0.079439186,0.0010775955,0.80687493,0.015647639,0.031848166,0.0037017867,0.002117767,0.039693035,0.01088572,0.008060005,0.061021227,1.051374e-05,0.72852486,0.0026171273,0.00018604545,0.0020739655,0.13790046,0.0034571043,0.0009607272
1958,0.1868267,0.16653572,0.03737859,0.06844069,0.34244618,0.18558937,0.084455274,0.4707907,0.116806656,0.12583321,0.03942317,0.057356913,0.14968252,0.058198612,0.046474762,0.09220207,0.0024092074,0.17053723,0.12613033,0.011748819,0.042603455,0.2347558,0.076252736,0.048499104
1959,0.1443715,0.15249151,0.07635461,0.10215578,0.5127692,0.18629348,0.070718914,0.51703227,0.12725623,0.12103696,0.067131035,0.06707071,0.13748579,0.10304986,0.093896456,0.12517558,0.012905351,0.3150004,0.10051407,0.040913265,0.093292125,0.2111718,0.090043865,0.068870194
1960,0.03463417,0.040145695,0.01740798,0.04517373,0.48590583,0.13251305,0.03118514,0.69776106,0.032460652,0.03632761,0.018283682,0.018093783,0.05500748,0.037018202,0.023645928,0.053600654,0.0009561423,0.24917747,0.025868867,0.005752445,0.019496614,0.110953294,0.02517499,0.012086912
1967,0.10724318,0.099323116,0.020141523,0.026797991,0.56352293,0.16507292,0.00760632,0.5260633,0.094760716,0.1226009,0.023033371,0.019283954,0.14289892,0.034153566,0.05257308,0.14231092,0.0003933528,0.47446665,0.04364998,0.0026733545,0.014876376,0.2901891,0.032321073,0.014046076
1968,0.21818092,0.21984315,0.1948493,0.23071547,0.43207625,0.27005735,0.21638379,0.5130474,0.21078327,0.20761731,0.16590269,0.17622569,0.2162783,0.22134086,0.18504079,0.22322573,0.087807536,0.3072681,0.20081075,0.14917871,0.2048629,0.2755452,0.20699486,0.17067927
1969,0.15766141,0.18598746,0.00852674,0.023304142,0.2682032,0.07181242,0.045938186,0.38336167,0.074889965,0.08201652,0.014185816,0.026310403,0.114631474,0.015846245,0.016584706,0.052648745,0.00018678524,0.10487033,0.1545053,0.001017581,0.016759979,0.123710744,0.039910104,0.018782444
1970,0.2999402,0.2932977,0.102403656,0.114957705,0.39868644,0.2568983,0.12586035,0.38833416,0.17518277,0.19685756,0.07630887,0.10262627,0.27678925,0.095627226,0.110299826,0.1350267,0.012665629,0.20737442,0.22889557,0.03854667,0.08983672,0.33026165,0.14035825,0.12063621
1974,0.15758425,0.1393684,0.06659549,0.09942694,0.55520236,0.3016414,0.03986258,0.57311654,0.15177907,0.15612614,0.08854054,0.06665757,0.10630183,0.09106167,0.09643739,0.16123265,0.007540776,0.37940326,0.091842204,0.026739419,0.09341252,0.28933486,0.08421934,0.061367285
1976,0.039888367,0.03051812,0.0003762659,0.002101191,0.4865879,0.17719087,0.00032254905,0.6829058,0.016713737,0.025550028,0.002347593,0.0017976682,0.017647969,0.0016500915,0.004263341,0.09520043,1.6310014e-07,0.39838612,0.011144093,1.491821e-05,0.0013080925,0.32672605,0.0027006743,0.00077478576
1980,0.14356807,0.1390559,0.064151466,0.10486357,0.4224792,0.21019143,0.09630455,0.59844506,0.12522611,0.13454466,0.075259425,0.092073165,0.11963545,0.09766384,0.059433408,0.17334053,0.0063988683,0.33082286,0.11003709,0.025988452,0.08916985,0.19862185,0.095054336,0.074315004
1986,0.10008121,0.072334826,0.002690496,0.010366945,0.30947736,0.14698435,0.0042134523,0.5865935,0.040233683,0.049270403,0.0063485573,0.006931281,0.064459965,0.005606383,0.006384357,0.05882084,7.061699e-06,0.22320084,0.031412777,0.00015350032,0.00387296,0.24719188,0.011279946,0.0038447913
1990,0.108352385,0.12244778,0.03629925,0.051216763,0.46543142,0.1485547,0.026806258,0.49828333,0.08618703,0.08376418,0.027161008,0.028604493,0.09877617,0.05626524,0.043398928,0.07507837,0.0024088088,0.294915,0.056374647,0.012128336,0.036244344,0.18849538,0.05179887,0.031412628
1994,0.042340536,0.016831888,0.00031817364,0.001978353,0.3514062,0.11782301,0.0006904878,0.64049697,0.015872808,0.026739389,0.00079872564,0.0011984572,0.02342049,0.0011982864,0.0013946322,0.057242952,4.142276e-08,0.35966393,0.0047680982,3.92706e-06,0.0004068941,0.22281659,0.001762841,0.00027729975
1997,0.20960312,0.20647979,0.053610757,0.08866563,0.46904728,0.23500526,0.06616309,0.51188624,0.1497425,0.121204734,0.06254162,0.067557305,0.116543755,0.07122405,0.0795905,0.13457039,0.0051020645,0.23472403,0.14403844,0.02126238,0.08783345,0.2377449,0.10003828,0.07088669
1998,0.28800413,0.2461903,0.01484826,0.024806352,0.24628186,0.22326222,0.027771413,0.3587779,0.11388084,0.15132949,0.023718784,0.040023524,0.25720036,0.013817919,0.019942801,0.15541326,7.942792e-05,0.14570892,0.17370424,0.00084127276,0.015361901,0.42567617,0.044485684,0.024190754
1999,0.238941,0.28478253,0.012402541,0.019418582,0.18541543,0.16475534,0.044243764,0.18326214,0.121152006,0.20316824,0.015483529,0.054594733,0.3280646,0.011932342,0.011906364,0.19438301,3.4571814e-05,0.07462541,0.20378463,0.00032244113,0.01196435,0.35660338,0.049921315,0.019774167
2000,0.08688736,0.08822467,0.023794966,0.052270852,0.45908847,0.20503876,0.027084807,0.63032603,0.074229404,0.0683117,0.02702727,0.026881265,0.060025387,0.0396582,0.03351615,0.07340488,0.0015096429,0.23524626,0.04154856,0.008563575,0.043835506,0.15768194,0.033054538,0.023981845
2005,0.11502789,0.13701987,0.08646541,0.11095662,0.44176194,0.17322919,0.09088499,0.5201124,0.14496699,0.13485394,0.07131836,0.07207686,0.16037358,0.11819442,0.09930901,0.14390448,0.016368289,0.30700228,0.093409084,0.043067545,0.094983526,0.21336702,0.09289152,0.068026945
2007,0.024547212,0.016543197,0.00014965134,0.0014603381,0.42498007,0.05953838,0.000367568,0.66165423,0.01144972,0.01984439,0.0007215591,0.0007694971,0.01343693,0.0005834033,0.0010532892,0.03349594,2.3333369e-08,0.3433573,0.0053252075,3.610585e-06,0.00058001594,0.09765252,0.001143375,0.00033984325
2010,0.29651943,0.14576833,0.017691923,0.029966798,0.33682263,0.26679945,0.027483534,0.54311264,0.103122704,0.086534895,0.023999283,0.032659426,0.09833946,0.030457385,0.04521521,0.1518237,0.00023447922,0.17821184,0.1294718,0.0028874525,0.029194154,0.43190095,0.058612872,0.023636693
2011,0.1950341,0.17773809,0.040334485,0.072584525,0.27589312,0.20577462,0.12329906,0.533018,0.123679295,0.117737986,0.05304938,0.089626804,0.14576788,0.07702319,0.044705205,0.13380891,0.003188878,0.14829852,0.17491318,0.013612099,0.060112882,0.22030538,0.10517721,0.060182836
2014,0.2504316,0.19511047,0.034287937,0.040994804,0.4732541,0.330633,0.020010483,0.43176356,0.16301084,0.17613563,0.036281813,0.045274302,0.1445342,0.033284906,0.059761837,0.13886566,0.00086995575,0.327737,0.118743025,0.005139778,0.036235105,0.33037835,0.045690496,0.034481354
2016,0.19899155,0.20298193,0.08165912,0.09004793,0.44582748,0.22523367,0.06839746,0.4416626,0.15899846,0.15215978,0.071740225,0.07120916,0.18090773,0.08753699,0.08912668,0.115315035,0.0123472605,0.23986202,0.14552715,0.031005293,0.09118295,0.26588428,0.08383806,0.06786091
2023,0.21581718,0.10643435,0.0071058483,0.01947953,0.3392885,0.31125313,0.007782705,0.5702366,0.056141097,0.065320574,0.013569589,0.013837947,0.07316028,0.015668752,0.018891107,0.11431613,4.2287804e-05,0.23176338,0.07533061,0.00074116123,0.012714462,0.38419977,0.017403798,0.008636441
2026,0.064446464,0.040680677,0.0030366918,0.009390288,0.36739734,0.16330466,0.0057949703,0.6557132,0.03646508,0.047570143,0.0057500917,0.007614786,0.059750166,0.012349626,0.010292502,0.13785897,7.138959e-06,0.36785576,0.015564904,0.00016174388,0.00391429,0.25662664,0.009508455,0.0028256625
2027,0.36712846,0.33485156,0.014934215,0.024797114,0.19251177,0.17590544,0.030485362,0.31798422,0.086085185,0.16768438,0.017896833,0.048317317,0.39692166,0.017333979,0.016534122,0.115352154,8.5521664e-05,0.10836479,0.186832,0.00085528183,0.012466383,0.41676977,0.05806199,0.023542244
2032,0.22475842,0.20334806,0.04179276,0.07025576,0.35586905,0.22000718,0.060087357,0.4800909,0.11112247,0.12847051,0.046344653,0.066456325,0.14418267,0.059366204,0.059349883,0.14186157,0.002429765,0.2027335,0.13635801,0.010280669,0.048447408,0.28621137,0.08561454,0.047570433
2033,0.048301224,0.03084467,0.0009199086,0.0042556436,0.3957553,0.158668,0.0015516047,0.7002739,0.01643314,0.018269353,0.0023466928,0.0027542727,0.024177814,0.0030539904,0.0041135824,0.03834321,1.8578518e-06,0.2802421,0.011492891,5.7067795e-05,0.0020497593,0.19430768,0.004131733,0.0013115362
2043,0.07698114,0.05561801,0.014108259,0.029938042,0.4229961,0.18349552,0.012859563,0.6081279,0.055887792,0.06619311,0.018517505,0.01863062,0.06576865,0.028611192,0.021357866,0.10291546,0.00024918502,0.3029896,0.03203908,0.002615633,0.01942776,0.2240915,0.02089754,0.010712703
2044,0.11588497,0.049989544,0.006613732,0.013855878,0.34439307,0.33641255,0.0052654063,0.6708797,0.033681933,0.041063327,0.0091000525,0.007864945,0.061059162,0.01128608,0.016267262,0.099205524,4.0814484e-05,0.21976173,0.025433728,0.00059512054,0.007933447,0.36295277,0.010135,0.0047987616
2047,0.2116414,0.19432284,0.09876015,0.17471981,0.32687786,0.23470841,0.18710995,0.5263349,0.16996989,0.13732679,0.0941539,0.11017253,0.18372837,0.1595868,0.11464608,0.16839798,0.02507009,0.2492394,0.15642694,0.0559315,0.12379467,0.23810354,0.121911936,0.10572261
2048,0.27481627,0.2521763,0.06701282,0.08747442,0.33592716,0.26668927,0.07513479,0.39914623,0.147651,0.16270244,0.06629885,0.08897122,0.22958805,0.07877126,0.07155538,0.14773118,0.004716493,0.1728231,0.19159102,0.019350227,0.0656455,0.33163908,0.11461452,0.073700175
2049,0.050654043,0.018659616,0.00079818093,0.0036141737,0.36411896,0.19620617,0.0009834367,0.76696175,0.018626912,0.01700096,0.0018346319,0.0012834272,0.015080289,0.0017963209,0.0027834794,0.013982343,1.0025523e-06,0.1894116,0.009834243,2.6286098e-05,0.0013149759,0.17082855,0.001151553,0.0008953792
2050,0.112180345,0.104410626,0.022774467,0.04229377,0.41448906,0.16360801,0.027068958,0.5241704,0.07461277,0.07615405,0.028100986,0.028456643,0.06769793,0.037581157,0.02748839,0.08229939,0.0008175751,0.18704274,0.059795715,0.005579348,0.034797978,0.18297628,0.037789173,0.024281574
2051,0.1102709,0.12080748,0.034740258,0.06550127,0.4741747,0.167758,0.041442372,0.5308511,0.105871685,0.09414906,0.04913365,0.046473455,0.07302005,0.057297926,0.049418714,0.08945421,0.0029404578,0.29064232,0.07846513,0.014073415,0.05991871,0.15970007,0.05305216,0.039072566
2056,0.013403936,0.013661756,0.0003930969,0.001446755,0.70534337,0.054135907,0.00018974999,0.72080874,0.006902697,0.0146807935,0.0014156093,0.00088345475,0.013709708,0.0018008857,0.0031720013,0.031729244,3.2861553e-07,0.59256554,0.0029274616,2.2220742e-05,0.0013891164,0.14171962,0.0023267393,0.00048562427
2060,0.1463691,0.1401946,0.010972962,0.01800973,0.45567226,0.20609938,0.00820911,0.53842616,0.09677379,0.09361122,0.018751098,0.020309051,0.08775366,0.017333718,0.027154433,0.10351256,0.00011949769,0.3348276,0.061637778,0.0014004876,0.0150958225,0.28270096,0.028682683,0.015986461
2062,0.30999953,0.32588297,0.062911674,0.082519084,0.4388109,0.23738913,0.07218878,0.38986647,0.2425229,0.20412812,0.06794378,0.09325494,0.18417554,0.056560956,0.08399262,0.14348519,0.004684859,0.21801111,0.22341383,0.017213106,0.088688746,0.2464947,0.102406554,0.09651058
2064,0.2976978,0.25905728,0.04735721,0.072601534,0.41725823,0.27585882,0.07869364,0.42555,0.21993704,0.20211814,0.0598261,0.09487277,0.14604169,0.06754867,0.074604854,0.18005691,0.0021452408,0.21478924,0.21556593,0.012671946,0.0725061,0.30439523,0.10110645,0.064798206
2065,0.2166134,0.22738326,0.07884239,0.09578562,0.3997616,0.22221392,0.07214972,0.402705,0.12084729,0.14125821,0.062323786,0.069377035,0.21633397,0.08570234,0.09340539,0.11471223,0.010417484,0.21333815,0.1434175,0.03156227,0.069422126,0.2954232,0.09875177,0.07412207
2066,0.120429985,0.12791596,0.084074214,0.124984525,0.4942833,0.18150446,0.08862861,0.5382869,0.13557683,0.12507607,0.08543189,0.0708181,0.13860674,0.13068101,0.10203437,0.14553532,0.022367975,0.34819534,0.09888441,0.053412367,0.11120861,0.19306654,0.104628146,0.07732512
2070,0.21571386,0.24041335,0.09588234,0.11271551,0.4203423,0.19812922,0.11839472,0.4135944,0.15911052,0.14621516,0.08732065,0.10778994,0.1627264,0.116026774,0.10259309,0.14218435,0.01765697,0.20972924,0.17294136,0.04058313,0.13209446,0.25682235,0.13642006,0.106006496
2071,0.32062483,0.34963384,0.061079305,0.08438677,0.28042114,0.1730237,0.1398869,0.33863357,0.16363446,0.1860812,0.06564197,0.12752111,0.28665906,0.07652978,0.0673311,0.14484115,0.005214949,0.13077943,0.24661712,0.0142921405,0.06354487,0.2934671,0.18410249,0.092069104
2074,0.1146627,0.12094475,0.05793305,0.07895899,0.46042258,0.14136091,0.08237573,0.50748456,0.10330681,0.07688194,0.047398765,0.057002798,0.0926369,0.08186938,0.062383227,0.08145155,0.008718313,0.263151,0.09047044,0.025669396,0.06814305,0.1482108,0.07516444,0.05084126
2078,0.24695525,0.19234294,0.058716714,0.124038085,0.32051083,0.27311477,0.1656245,0.49982953,0.13170914,0.1285389,0.05451506,0.092297345,0.19776998,0.09235052,0.06734667,0.1432238,0.0059041916,0.18078431,0.15023428,0.019071713,0.05655999,0.26607305,0.09923174,0.06253932
2079,0.124359354,0.13440451,0.09535789,0.120889805,0.4086666,0.19424361,0.13112755,0.5464426,0.118255556,0.11336245,0.079506725,0.08734663,0.14860572,0.12697999,0.09133583,0.11809352,0.02312215,0.25420624,0.11378157,0.046405565,0.08905179,0.20567665,0.10089877,0.07520211
2082,0.12711152,0.12199748,0.029710514,0.05665797,0.38415456,0.18720752,0.03991628,0.5707854,0.07940646,0.09157089,0.031672563,0.03796869,0.108763725,0.047719084,0.037642863,0.0824858,0.0012912849,0.20528246,0.07142284,0.008703222,0.037837595,0.24094386,0.046645258,0.03313614
2090,0.24691541,0.2895539,0.10222587,0.11051539,0.45412478,0.2272601,0.120692395,0.38716245,0.19130442,0.20217165,0.09625707,0.11358434,0.21907336,0.11437206,0.12029359,0.17458142,0.012720599,0.21141891,0.2121174,0.03930255,0.112524696,0.27750337,0.15210886,0.11288169
2092,0.25977677,0.25883842,0.11274584,0.13108547,0.34860393,0.21614487,0.26467192,0.40759394,0.19010806,0.16454537,0.105489716,0.15876019,0.26665843,0.1235716,0.107982874,0.23421551,0.0148869315,0.15446468,0.27060017,0.039383993,0.11972964,0.30586103,0.20907441,0.12774993
2096,0.085456364,0.10531178,0.040702112,0.06032071,0.49062565,0.19494148,0.021893773,0.5576434,0.084794305,0.111446366,0.041663498,0.033672597,0.12138343,0.057380132,0.054733504,0.106137864,0.002789157,0.33839637,0.054304447,0.012323454,0.038900465,0.24352637,0.047294006,0.030250628
2097,0.24259435,0.23804396,0.03949685,0.046450518,0.42528653,0.24839064,0.030928599,0.44617933,0.17435867,0.14003447,0.048260845,0.057566967,0.13858818,0.04967553,0.06966241,0.13891128,0.001896754,0.24045686,0.11790067,0.009406807,0.067643516,0.32884097,0.070805974,0.054807957
2100,0.094822764,0.10951107,0.03736575,0.05517927,0.5039243,0.17901415,0.04397006,0.5947342,0.093057804,0.081663,0.041282095,0.041955333,0.07388692,0.059107635,0.050074354,0.100315414,0.002675046,0.2993149,0.0689686,0.015273617,0.050117135,0.19885139,0.05859628,0.036477774
2101,0.14499944,0.09719192,0.019079592,0.033252746,0.29465052,0.1809877,0.03093328,0.50830734,0.06963579,0.07439547,0.015665494,0.019097915,0.11353934,0.029790092,0.028239511,0.11127223,0.00046086786,0.16031314,0.05889053,0.0028549647,0.018259719,0.2117624,0.031320356,0.01820251
2105,0.064475276,0.052653775,0.0021993301,0.006861756,0.5045305,0.15290396,0.0039035606,0.6951679,0.032031864,0.026950298,0.0048293094,0.00551531,0.026017318,0.0063542034,0.0072042267,0.037651926,1.01832175e-05,0.29756352,0.018186405,0.00020113011,0.0055096475,0.18554974,0.0062314,0.0031760943
2106,0.15795086,0.11794992,0.04227111,0.06304242,0.44065234,0.27958983,0.039200444,0.5180731,0.12593654,0.13387932,0.0408679,0.046641834,0.1407302,0.06104891,0.055919904,0.18298589,0.0018813646,0.37842286,0.07701834,0.011095168,0.04774034,0.3258546,0.060502402,0.034545913
2113,0.18630959,0.18208045,0.11365645,0.13074863,0.46686724,0.21828586,0.120527,0.460464,0.15121041,0.1335909,0.088633075,0.09630373,0.1592468,0.12876152,0.11339251,0.14888407,0.027852044,0.26355743,0.13838618,0.06847019,0.124815024,0.24151184,0.117244296,0.09387124
2116,0.10755478,0.09292755,0.014727168,0.021195183,0.4756817,0.12697463,0.013784605,0.41855755,0.08283991,0.08026819,0.011462394,0.014760554,0.07651098,0.023291009,0.027464543,0.04888905,0.000383623,0.19093661,0.046638507,0.00247228,0.017395834,0.12147133,0.022094306,0.013176258
2120,0.13861,0.15714751,0.07732336,0.124860704,0.37863144,0.14541513,0.18373756,0.5092766,0.1357036,0.10481063,0.07450513,0.09914056,0.11476947,0.1271396,0.07612369,0.1206275,0.017621351,0.23498358,0.132122,0.045826916,0.11017132,0.15441084,0.11737885,0.0875613
2125,0.1087403,0.10724033,0.047407962,0.08517855,0.5167868,0.19830783,0.039768603,0.57667285,0.0992868,0.124653414,0.0565259,0.04380171,0.1091182,0.08133559,0.06997846,0.11719683,0.004779956,0.39126417,0.0631087,0.018684814,0.053683937,0.20507522,0.05451845,0.041394956
2130,0.08476097,0.07924013,0.00019649172,0.001869293,0.16619043,0.040928073,0.0063663446,0.48596194,0.03155852,0.021733867,0.00073440006,0.0045239716,0.019546608,0.0007144899,0.00043408785,0.022715695,2.3579073e-08,0.0364162,0.041103285,3.1252207e-06,0.0010646841,0.07443851,0.0045326487,0.0011336883
2136,0.053557254,0.052781466,0.018024363,0.037321918,0.49204776,0.1558641,0.012351471,0.60261667,0.06438857,0.09686851,0.027088528,0.020355105,0.1122767,0.04445935,0.042080548,0.13398208,0.00051688805,0.5619292,0.023396237,0.002744488,0.01703134,0.19658436,0.019969685,0.0106859775
2137,0.0032274076,0.002473981,6.0274608e-05,0.0004208268,0.71713793,0.023797503,2.0864074e-05,0.76814616,0.0027441657,0.010394679,0.00043082266,0.00017034636,0.0069445805,0.00064148457,0.00092449575,0.022363331,6.55657e-09,0.8832843,0.00038608807,7.3187044e-07,0.00011950851,0.075542115,0.00033848555,5.4010052e-05
2139,0.26299587,0.21720108,0.03038909,0.05227519,0.22032368,0.25696525,0.059709977,0.42692268,0.12514688,0.17567365,0.036633745,0.06864147,0.39072582,0.034212347,0.03519365,0.24781413,0.00040041865,0.22392678,0.20002006,0.0027510235,0.023917265,0.47557887,0.07114515,0.032827593
2141,0.16348527,0.16376519,0.0997414,0.14365736,0.40661815,0.21683192,0.14682871,0.510481,0.14861003,0.13357796,0.07899841,0.09350684,0.16654196,0.13515367,0.101525895,0.121903345,0.026634198,0.25034925,0.12688147,0.053670026,0.098822944,0.21617119,0.10735374,0.08583499
2143,0.11016363,0.06608906,0.013611887,0.033241566,0.4512807,0.22761221,0.010361916,0.5731987,0.064492926,0.07958435,0.022084622,0.018433318,0.07001052,0.025319235,0.026908511,0.08229844,0.00027167032,0.34493017,0.0418557,0.0025539282,0.017491682,0.26957867,0.021927,0.01313226
2151,0.17392752,0.1307428,0.045000944,0.07220582,0.52883816,0.27202097,0.02985877,0.5569066,0.12586893,0.11196772,0.046327442,0.049947158,0.106976576,0.06796157,0.07895498,0.12901928,0.00335702,0.3412192,0.06726295,0.019849544,0.057744768,0.3045267,0.059919644,0.041037537
2156,0.08503945,0.09571795,0.07235873,0.10612508,0.46875674,0.17401817,0.08227598,0.626562,0.09437138,0.11851484,0.07091989,0.059140883,0.13248631,0.12208034,0.09035814,0.13188057,0.013632781,0.38890156,0.061586,0.03846872,0.068983726,0.19031957,0.07923788,0.049476907
2158,0.20141686,0.2074579,0.050840307,0.07134784,0.40186864,0.21134481,0.069535956,0.4244048,0.12899287,0.14162345,0.04654137,0.06573812,0.14671613,0.06704081,0.05972777,0.13322763,0.003817634,0.19021827,0.14543685,0.015193252,0.06999058,0.2261272,0.086955465,0.062927075
2159,0.09777654,0.09653795,0.024360588,0.05061195,0.4603035,0.17759153,0.01882055,0.55068874,0.082059525,0.10880772,0.03725929,0.033386152,0.095342815,0.046543244,0.0432334,0.107609734,0.0015496727,0.45678064,0.04684115,0.006048721,0.03153839,0.19963826,0.038180217,0.021811718
2160,0.16229601,0.15381993,0.04877386,0.06496961,0.49230117,0.2344844,0.03253589,0.47807467,0.1198465,0.120855205,0.036939487,0.046044216,0.1060999,0.06114413,0.07236179,0.101466775,0.0040095276,0.290251,0.082479745,0.015302295,0.057791565,0.21906762,0.04612917,0.038925532
2162,0.2611192,0.28878427,0.17700124,0.18977977,0.44686115,0.26225755,0.19707271,0.41046456,0.23722275,0.2214674,0.15353665,0.18626684,0.25572756,0.17139791,0.18230459,0.21278955,0.063722305,0.24974889,0.24617583,0.10615174,0.19697526,0.30538902,0.20269375,0.17973727
2169,0.20379587,0.18093316,0.049054746,0.07218197,0.46922383,0.23713909,0.043714967,0.4876247,0.13551258,0.1208941,0.05083224,0.052387986,0.115698054,0.056775723,0.06999183,0.10404433,0.003862307,0.23668337,0.111289985,0.01708727,0.066042036,0.27351528,0.06385122,0.05591407
2171,0.118685074,0.14001349,0.035154942,0.057798102,0.38459295,0.12729284,0.04270311,0.43325084,0.08662978,0.08494519,0.032136954,0.036353927,0.10751524,0.05764273,0.0455567,0.08155165,0.0033164294,0.16073018,0.091956705,0.014541154,0.049990058,0.14234959,0.06280721,0.03798041
2172,0.28449118,0.15606342,0.0013888452,0.004008092,0.53079206,0.21333401,0.0021160024,0.4197551,0.072124116,0.06284008,0.0039087185,0.0066492013,0.03642313,0.0021678433,0.0047024167,0.09593015,7.176922e-07,0.17693526,0.05248288,4.8939197e-05,0.00391519,0.31523517,0.009343299,0.0041229995
2179,0.1745517,0.190863,0.12210873,0.13523544,0.45891634,0.22636332,0.11447347,0.5012647,0.16510092,0.16124849,0.10072371,0.10358221,0.18050899,0.15424591,0.11962457,0.16140163,0.030092355,0.30355322,0.13797629,0.06970464,0.13069838,0.2502412,0.13791052,0.101254605
2180,0.18579821,0.1680133,0.10326944,0.12415173,0.47561628,0.26481804,0.08118267,0.5336393,0.15097241,0.15158649,0.11027925,0.088921554,0.14826812,0.1330857,0.11440723,0.20330359,0.017401066,0.3154836,0.11660047,0.053543203,0.12498039,0.30370843,0.116722144,0.087784275
2188,0.14637037,0.09223046,0.01915145,0.019863017,0.55384225,0.23004405,0.0055480516,0.48385733,0.08003305,0.08743017,0.017363178,0.01189228,0.10502432,0.020886099,0.029291058,0.06900168,0.00020203696,0.37433136,0.03855693,0.0019330233,0.012822112,0.34005824,0.014354155,0.012418224
2190,0.03435057,0.02422426,3.805412e-05,0.0005643137,0.1527675,0.054914255,0.0016460181,0.69959855,0.009547208,0.0113223195,0.000240914,0.0014993815,0.012832359,0.00036402867,0.000132773,0.020248411,1.1481264e-09,0.11520674,0.009983231,2.2621931e-07,0.00018852027,0.11209957,0.0011540012,0.0001478173
2192,0.23495612,0.19294758,0.03180007,0.05603099,0.3763134,0.21773687,0.050720405,0.43154562,0.120269775,0.13071135,0.042146854,0.058895294,0.1263929,0.045304317,0.045227207,0.13103363,0.0011733298,0.15268216,0.1426216,0.007400127,0.05117541,0.37371594,0.07057711,0.047498457
2193,0.327071,0.19488412,0.016064376,0.025064385,0.3914563,0.2762578,0.025172591,0.48937875,0.1035779,0.11870008,0.03339137,0.03162082,0.12062222,0.03454311,0.033403076,0.14463793,0.00026731097,0.2653832,0.118624836,0.0025974202,0.028995993,0.4662061,0.06224262,0.026682999
2196,0.097807884,0.08145829,0.0103794215,0.028727073,0.34641168,0.15491782,0.02321729,0.587499,0.04815318,0.043494433,0.0124325985,0.018430112,0.07188427,0.025350848,0.016316837,0.059404694,0.00021596403,0.20413093,0.050260704,0.002025207,0.016282072,0.20454842,0.024331486,0.013822554
2198,0.42492872,0.23491786,0.03184385,0.045651145,0.41673902,0.45381257,0.028205454,0.44698393,0.11980828,0.16033356,0.042102914,0.045251492,0.18706766,0.033193346,0.055392683,0.21656184,0.0004968572,0.20732936,0.17154269,0.005047285,0.036780436,0.53156614,0.057447456,0.03432644
2200,0.11335709,0.09659054,0.01877816,0.03399314,0.50023353,0.20710349,0.014242322,0.521627,0.083385214,0.08220315,0.02301203,0.020227926,0.055319145,0.028031128,0.030047143,0.06936528,0.0005090119,0.2524827,0.061883237,0.0053466638,0.030801712,0.19678229,0.029704453,0.022110837
2203,0.021027511,0.024416188,0.004487847,0.016094232,0.61099285,0.06726447,0.005419361,0.64400697,0.027947022,0.021559307,0.0059688273,0.00564769,0.018768806,0.0141647,0.008614697,0.020826252,9.509537e-05,0.37051898,0.012835071,0.0010740099,0.008090086,0.059209336,0.010657502,0.004521536
2204,0.018235998,0.007811778,5.209345e-05,0.00070355664,0.2607713,0.03990389,0.00036069442,0.7910148,0.004251713,0.0045933374,0.00029482186,0.00043986845,0.005531667,0.0005957278,0.00034133476,0.01731487,5.64238e-09,0.33345333,0.0027342127,1.0740367e-06,0.00020416926,0.102261126,0.00090462004,0.000119251374
2205,0.24624525,0.15454262,0.004600643,0.017119424,0.38287205,0.20256741,0.020920362,0.52988535,0.088799685,0.06513652,0.014266703,0.02449918,0.07660116,0.008497435,0.012888755,0.083258726,2.6574293e-05,0.2495461,0.08031725,0.00041083206,0.010217911,0.28072503,0.034218304,0.013038836
2207,0.25110224,0.1883757,0.005738591,0.015922708,0.16845573,0.20079544,0.019295244,0.45826527,0.064298145,0.099615626,0.012491799,0.020910703,0.16893367,0.010776899,0.014175151,0.11366379,2.5877718e-05,0.11944225,0.11933757,0.00036003243,0.008169943,0.38008875,0.032567427,0.011146805
2219,0.24427992,0.19217724,0.04102235,0.054107662,0.35537496,0.24528804,0.07239492,0.4785691,0.112446465,0.13231243,0.040675398,0.055711832,0.18415265,0.060940407,0.06041532,0.15983531,0.0017987372,0.21019384,0.13139232,0.009929057,0.038166754,0.3101833,0.07269607,0.045786846
2222,0.22384292,0.17565647,0.041856147,0.06313127,0.40321836,0.2723633,0.042621817,0.49285632,0.13931803,0.16775243,0.042351574,0.058447544,0.15280364,0.046496257,0.044035863,0.17889509,0.0010366831,0.20860879,0.12213149,0.0077871694,0.049169406,0.29649553,0.06292058,0.04319852
2224,0.19886893,0.1889648,0.023569373,0.04316362,0.26063192,0.18904212,0.056661766,0.42489004,0.086267255,0.09673789,0.021214245,0.035867896,0.13065414,0.029846592,0.02566679,0.08810615,0.0008550161,0.12295033,0.10702622,0.0040753037,0.028618794,0.19465187,0.051565856,0.030117687
2235,0.23069946,0.21634863,0.06541149,0.10834417,0.32586893,0.2215973,0.15680692,0.45994785,0.16088732,0.16542317,0.071611784,0.120864235,0.24877846,0.09783073,0.083447725,0.20684604,0.006241969,0.21277224,0.19048707,0.01921731,0.08093432,0.27063712,0.13058896,0.08194347
2242,0.17166927,0.14962894,0.048710253,0.087286666,0.42873585,0.21875553,0.05475255,0.47461352,0.14126793,0.1466986,0.05098174,0.05108429,0.15509592,0.07207989,0.07797265,0.11343315,0.0048777945,0.28970522,0.094449244,0.018928267,0.048914213,0.27223435,0.07020747,0.050584517
2243,0.3380778,0.280895,0.0046878746,0.01388534,0.11621603,0.15649645,0.050168943,0.34074923,0.099027045,0.08087042,0.007825582,0.041423585,0.15497966,0.005953267,0.0058169365,0.09232267,1.4019492e-05,0.04931174,0.22103356,0.00016235746,0.008224604,0.27086738,0.04689929,0.014550443
2247,0.13590103,0.1113885,0.006275996,0.016121129,0.37310398,0.13624558,0.0133089805,0.51521564,0.04761007,0.046570484,0.009713924,0.018633086,0.053739198,0.01579429,0.018202089,0.045324456,8.1889884e-05,0.18879764,0.048250467,0.0008950637,0.011466051,0.21560085,0.022834994,0.01001654
2255,0.12739198,0.08111524,0.008574346,0.033813987,0.27686015,0.17343405,0.058248468,0.5962341,0.04993027,0.06101403,0.010607227,0.0236663,0.06067353,0.024829092,0.012676575,0.066119544,0.00014019708,0.16143416,0.048806757,0.0012363119,0.01206109,0.15438244,0.02406702,0.011654703
2257,0.23012838,0.10834336,0.00470751,0.01165817,0.3263283,0.29074755,0.00936047,0.50386184,0.07703872,0.07679971,0.009606341,0.016618911,0.07572476,0.0047963457,0.007369913,0.17412835,6.3005164e-06,0.14590079,0.12457557,0.00016506246,0.009447202,0.36657256,0.01883829,0.010465122
2261,0.15414833,0.16577105,0.13551772,0.17494002,0.43472803,0.20409527,0.17347752,0.53362936,0.14425889,0.13540418,0.1063026,0.1129676,0.16857623,0.17576513,0.12625249,0.15280735,0.05112373,0.27512628,0.1375921,0.09423759,0.14494155,0.23205513,0.13847747,0.10967711
2265,0.14513284,0.14984015,0.04032547,0.07897306,0.35444462,0.18170711,0.07184813,0.5411831,0.110170946,0.09854065,0.045809142,0.055415355,0.143145,0.066282146,0.044506036,0.122992076,0.0027809488,0.21457486,0.10905109,0.013505726,0.05534769,0.23663443,0.06799353,0.044630952
2274,0.16955005,0.14656146,0.061270274,0.08871033,0.4144191,0.2381868,0.08482101,0.54188967,0.12130055,0.10767819,0.059267953,0.06454199,0.11913218,0.107629396,0.08604355,0.13083676,0.0089682825,0.27620655,0.09503157,0.026969334,0.07914188,0.2396482,0.08607035,0.06295083
2277,0.27653262,0.17247558,0.0035871542,0.006915997,0.25282618,0.12899144,0.0048924307,0.31560287,0.0609412,0.08119306,0.0056216996,0.009432101,0.16069198,0.0057299566,0.008475235,0.12361844,6.379236e-06,0.13377912,0.10992055,0.00011835346,0.0051246677,0.42051956,0.023277426,0.007497395
2278,0.022865582,0.011583767,0.00027723477,0.0020408642,0.5648976,0.20971176,0.00019633853,0.8294598,0.011592959,0.02479921,0.001106549,0.00067127147,0.017117826,0.0011032246,0.0016965531,0.07252668,7.2505465e-08,0.6014805,0.0035258199,1.0127809e-05,0.00068144285,0.24743386,0.0017673024,0.00038305437
2279,0.24136214,0.26051983,0.25526968,0.26972982,0.46510097,0.29528725,0.26110274,0.47153264,0.25561905,0.2404271,0.21565345,0.21911097,0.2703536,0.26226002,0.23105945,0.25344336,0.16179761,0.2999681,0.23557909,0.21543565,0.2573853,0.30714968,0.24492434,0.22615251
2282,0.3686865,0.2726173,0.06571824,0.09297671,0.35864833,0.35198516,0.093984224,0.32211608,0.21606152,0.21558678,0.075662225,0.09853027,0.2400577,0.06748497,0.070099674,0.22872633,0.0031916953,0.1432346,0.28616184,0.014567909,0.07095341,0.42051476,0.1156111,0.090641506
2285,0.21144311,0.19540976,0.05154294,0.07904528,0.40017885,0.22944033,0.08541826,0.50277424,0.13079427,0.14456448,0.062160663,0.082760274,0.15749022,0.07390714,0.06671021,0.15684158,0.004009958,0.24794734,0.16104968,0.01665148,0.07603372,0.2711242,0.10247593,0.06366668
2289,0.101489216,0.11520871,0.032060776,0.05984628,0.39967605,0.1813158,0.034178212,0.5524347,0.07012029,0.06712951,0.033404,0.04000325,0.07172913,0.041953083,0.038987566,0.083664045,0.0023746756,0.20627643,0.05716267,0.010912609,0.041458808,0.16518201,0.047878254,0.034437925
2293,0.19475958,0.1679816,0.013449166,0.029321736,0.19687004,0.10995227,0.05913603,0.40400386,0.051761717,0.06445089,0.014034854,0.039110497,0.15340772,0.023795292,0.015188237,0.059285995,0.00019671928,0.080472454,0.11158676,0.0015666083,0.017186474,0.2095777,0.048064437,0.022331351
2297,0.20637898,0.20571972,0.073448256,0.11278171,0.4063849,0.21607204,0.10071812,0.44202495,0.15400325,0.14744088,0.07650123,0.09068809,0.19286387,0.09761171,0.095146626,0.14163925,0.009641504,0.22433116,0.16365805,0.029926045,0.08085747,0.29042676,0.11994418,0.08217311
2307,0.20196517,0.20726027,0.1600149,0.1973286,0.4057946,0.24336182,0.22212824,0.4677518,0.18979429,0.17586018,0.1294642,0.14900517,0.20906098,0.1901505,0.1470579,0.18202199,0.06352141,0.2631256,0.18248889,0.108380586,0.16200797,0.24265017,0.1729089,0.14627235
2309,0.038429048,0.034603,0.008855934,0.033233717,0.28621677,0.10080579,0.022830201,0.7110119,0.03916378,0.06765675,0.012835996,0.01520507,0.096590504,0.03390249,0.015592298,0.10819457,0.0001703082,0.46461982,0.019040164,0.001178086,0.010219372,0.18832965,0.020487975,0.0059810583
2322,0.36600044,0.28268185,0.023226798,0.057155058,0.14999516,0.18191515,0.13976566,0.39892155,0.12284873,0.1347959,0.029627495,0.08489958,0.24000505,0.03240253,0.02468679,0.11687859,0.00055712817,0.08168299,0.2538971,0.0022293385,0.030386968,0.30123103,0.08357371,0.047062416
2324,0.027365152,0.028619815,0.001777909,0.007041176,0.56158155,0.14120321,0.00146845,0.73488176,0.026993815,0.04204483,0.006243028,0.005148848,0.030456068,0.0070292535,0.005896456,0.13398288,3.3580718e-06,0.55432165,0.009386141,0.00014420567,0.0052850656,0.19047642,0.0070997654,0.0024531914
2326,0.19368495,0.14825875,0.02286623,0.04028035,0.2009423,0.1543771,0.0714313,0.44733605,0.0523601,0.09072664,0.017686067,0.03232024,0.21827392,0.04000492,0.028905284,0.08860627,0.00051443506,0.07841135,0.1284188,0.003202107,0.019063389,0.2860385,0.046976686,0.0249627
2327,0.30323115,0.3028398,0.094819345,0.13373211,0.32412723,0.20652011,0.19895901,0.39139074,0.22426982,0.20290768,0.09584839,0.15275156,0.26315343,0.12306355,0.089691885,0.18030487,0.01422825,0.15512277,0.28080162,0.03547018,0.12259955,0.26911026,0.18871014,0.12496572
2336,0.15416291,0.1545372,0.072034694,0.10845413,0.37058198,0.22629996,0.07994652,0.5186742,0.12900417,0.14600189,0.06467716,0.06781407,0.17349368,0.09418585,0.072526,0.1236503,0.009725389,0.26136842,0.10456926,0.024354361,0.069566086,0.24256448,0.08237104,0.06455523
2341,0.11253158,0.114024796,0.0705894,0.085189626,0.4430419,0.20961191,0.051812552,0.5735682,0.10812916,0.11136842,0.06265532,0.054317128,0.14719057,0.10038512,0.09019699,0.122954965,0.011730772,0.3556559,0.06756274,0.030312417,0.07358607,0.23908357,0.061774727,0.05014795
2343,0.14666042,0.115496,0.023239572,0.04784072,0.50856125,0.24544674,0.020647977,0.5487618,0.094193354,0.09370482,0.039219636,0.038378634,0.06748063,0.036768377,0.045471646,0.12057682,0.00091343414,0.30605125,0.07604474,0.0073072906,0.049393307,0.21875176,0.040992424,0.03333086
2349,0.0896223,0.114844546,0.03980041,0.0670898,0.5849494,0.16397248,0.028155062,0.5046976,0.109014064,0.106670186,0.03839432,0.034083992,0.08152551,0.052753154,0.05117376,0.09006376,0.003287273,0.27267998,0.062200315,0.014531591,0.06135652,0.16730873,0.04867178,0.039617594
2352,0.04262297,0.04726685,0.01612864,0.0293664,0.4737328,0.1194252,0.009574933,0.5904897,0.041817356,0.051549666,0.011274226,0.011606906,0.061351202,0.027835764,0.024219457,0.049648765,0.0006406543,0.31931618,0.019519463,0.0035209733,0.016557438,0.11045871,0.013479804,0.010568285
2353,0.18896282,0.22041588,0.15837453,0.17962135,0.39029592,0.21300349,0.22218911,0.48147088,0.173101,0.1780784,0.11866627,0.15557598,0.21446851,0.18162261,0.13052545,0.16434644,0.056243785,0.22515517,0.18239875,0.09764302,0.16123544,0.22661974,0.16495906,0.14004698
2355,0.36689728,0.2721686,0.014917509,0.024026774,0.27838242,0.256252,0.02433168,0.40590668,0.13853598,0.14965028,0.022318643,0.041637786,0.18973303,0.023840515,0.032499775,0.14408964,0.00014628294,0.1606062,0.16160256,0.001257872,0.019920642,0.4056328,0.04732564,0.026087254
2356,0.15980451,0.15505871,0.043554705,0.071917176,0.4161628,0.19981042,0.03788013,0.5054497,0.12675095,0.13845307,0.045352533,0.05104871,0.16113237,0.061027694,0.073968984,0.15094832,0.0031624595,0.34347358,0.086359896,0.0107262125,0.043897696,0.30648816,0.07398409,0.03660507
2359,0.15738319,0.15313922,0.062182337,0.08972792,0.41923147,0.20972738,0.06438004,0.5271714,0.1252338,0.12149569,0.061107676,0.06679364,0.14865364,0.09418707,0.07632054,0.11265383,0.007773898,0.27116746,0.1003552,0.024394145,0.07619041,0.23034163,0.08704274,0.058507092
2361,0.09606129,0.05791819,0.02270558,0.035797972,0.53583705,0.21349987,0.008677322,0.6269784,0.08720564,0.08503329,0.025635555,0.017755914,0.11445237,0.03529511,0.039439317,0.10835387,0.00048480195,0.5988102,0.024693772,0.0027670958,0.013769108,0.31606054,0.021381535,0.013902809
2365,0.11861082,0.057819977,0.0007841745,0.0023847215,0.3219378,0.13670027,0.0018958261,0.4774801,0.014927896,0.022769038,0.0011952991,0.0032925834,0.073024064,0.0017478107,0.0018529923,0.072983794,1.5463763e-07,0.12295369,0.03357552,1.4059351e-05,0.0008728198,0.37956575,0.010654075,0.0013913527
2368,0.16714834,0.17476876,0.039334152,0.07518672,0.30130634,0.14362894,0.124812156,0.48117322,0.10688595,0.0992451,0.044963323,0.083485775,0.12368314,0.076605245,0.050871126,0.12449192,0.0038049188,0.14297423,0.13271078,0.013334522,0.07110884,0.16882554,0.09034262,0.057582308
2371,0.34444913,0.31984678,0.003695338,0.016146608,0.06275567,0.07833769,0.10675025,0.24385668,0.08268446,0.108381964,0.0059494893,0.06186995,0.22992893,0.00921087,0.0027117336,0.107107274,4.8754764e-06,0.02491772,0.23508903,9.2639e-05,0.0062405225,0.17291312,0.041156475,0.016185377
2376,0.09350709,0.07374366,0.017039556,0.03609048,0.28538537,0.11503913,0.041990876,0.4598966,0.04568997,0.047959946,0.010763893,0.022124035,0.09938507,0.03319013,0.020548495,0.054294474,0.00054427754,0.121359386,0.04885755,0.0032084235,0.018551651,0.1406375,0.02465798,0.013719769
2382,0.20930211,0.23234852,0.0724995,0.11199288,0.46099502,0.22983503,0.08430515,0.45663688,0.18889183,0.17607056,0.081907734,0.099868424,0.14403176,0.0996039,0.09310451,0.16438814,0.009336085,0.2815524,0.17703776,0.03321085,0.13072614,0.20751216,0.11001346,0.09712534
2383,0.032086723,0.027005397,0.00497877,0.013697501,0.4883875,0.13954273,0.0049825273,0.72280514,0.030621124,0.027946522,0.005307521,0.0058769444,0.03380372,0.011409033,0.009739811,0.03921833,5.591952e-05,0.3228918,0.01121351,0.0006274115,0.007205318,0.116934985,0.008643928,0.0045090066
2384,0.1622874,0.16909097,0.12818228,0.14532539,0.4773723,0.2308844,0.11494164,0.50345397,0.15898669,0.146209,0.10688954,0.09760345,0.16027875,0.15238196,0.13046774,0.15438655,0.037619215,0.29593247,0.12701903,0.07915693,0.12275357,0.24263687,0.122325726,0.10597458
2385,0.49232677,0.381196,0.02089855,0.036408525,0.2581565,0.2852652,0.034777332,0.29193148,0.17317112,0.20221093,0.031013127,0.059017435,0.2879677,0.020615738,0.03495641,0.15225862,0.00026119305,0.15451913,0.2460069,0.0014248828,0.018807506,0.49168667,0.07053866,0.035336256
2393,0.15957096,0.17674306,0.042110562,0.053393625,0.38007233,0.15747762,0.05841297,0.4218042,0.097743146,0.09613615,0.034259155,0.049122177,0.11434689,0.051235296,0.048823208,0.08043492,0.0030757794,0.21390362,0.10751116,0.011671638,0.04911288,0.18080476,0.064915195,0.041922595
2394,0.02427499,0.02214371,0.0017583919,0.0056736227,0.5451454,0.11019343,0.0015747284,0.7124393,0.011539306,0.019181201,0.0030537248,0.0020294373,0.027355889,0.0062385597,0.005336347,0.02079482,4.5428587e-06,0.3379205,0.0069610854,0.0001356114,0.0020295389,0.11403048,0.0029012389,0.0013324333
2396,0.12773521,0.09633145,0.028162545,0.061782584,0.39987865,0.20184827,0.033256643,0.58664703,0.06816817,0.0735798,0.031563368,0.032299567,0.07594941,0.046108477,0.04564806,0.08692592,0.0020295463,0.25072497,0.06300041,0.010090288,0.043257795,0.18180053,0.042404275,0.029694596
2403,0.20301078,0.20471177,0.12257843,0.15290968,0.41176972,0.22127876,0.19423576,0.49954882,0.1782626,0.15362337,0.112569466,0.120469466,0.18378487,0.15400787,0.12357227,0.1695424,0.0353778,0.22503863,0.1773214,0.07086105,0.13952796,0.24787995,0.1429602,0.11541767
2408,0.017131513,0.015857486,0.00025288956,0.0023009232,0.38258883,0.061967816,0.0005843259,0.7370296,0.010567578,0.015578607,0.0016584479,0.001540636,0.012138201,0.0022238456,0.0026443808,0.06201422,1.6439894e-07,0.42972282,0.004772655,8.709589e-06,0.0011276809,0.108575925,0.0027041927,0.00041507173
2409,0.040323112,0.028540978,0.0001934423,0.0016320887,0.31404126,0.06603145,0.00060450827,0.6513679,0.009234421,0.008396124,0.0005071005,0.00099566,0.01070207,0.0009011015,0.0011178022,0.015307144,7.656921e-08,0.22776352,0.0070487675,5.270051e-06,0.00043787187,0.09503416,0.0016120869,0.0004003234
2416,0.19352502,0.15838765,0.09413181,0.12533513,0.4541605,0.30025536,0.084904976,0.5661869,0.15042137,0.15585265,0.093130805,0.08762741,0.16714746,0.118729666,0.102264166,0.18280496,0.014005996,0.29649833,0.12677619,0.047584847,0.11416026,0.30238023,0.1051323,0.07751576
2419,0.06947568,0.08074325,0.021195453,0.041731168,0.6327102,0.14979275,0.011095445,0.61882174,0.07235372,0.0840286,0.034419786,0.028171767,0.059675384,0.049381968,0.049782395,0.08504605,0.0012096576,0.486425,0.03727444,0.008005997,0.038637847,0.17381611,0.039292607,0.022253457
2421,0.235008,0.24189387,0.043007255,0.075120024,0.37019497,0.19365467,0.08673494,0.4225467,0.14159413,0.13474596,0.050197065,0.08193243,0.18724993,0.06932045,0.066775285,0.12567008,0.0035629116,0.18076405,0.1734213,0.013483641,0.06333027,0.2808971,0.10230619,0.0635713
2426,0.47692716,0.32652918,0.008440352,0.020281328,0.115410484,0.14703752,0.06545284,0.22873875,0.09555487,0.13131084,0.011515051,0.05094748,0.27934965,0.0130653465,0.0076281377,0.083931334,3.0471992e-05,0.054510318,0.2718358,0.0003039881,0.007813564,0.29730678,0.04462032,0.02166877
2427,0.1153416,0.1098283,0.04285316,0.06763133,0.41548085,0.17032972,0.062846355,0.4891944,0.088763766,0.08577195,0.03365674,0.046235844,0.11018779,0.06878701,0.047111526,0.088143244,0.0036770448,0.28396684,0.064425476,0.013668479,0.04425884,0.18017355,0.05223961,0.03551937
2428,0.21866657,0.17521341,0.042099494,0.06899,0.35279697,0.26453438,0.05192546,0.54030395,0.10696481,0.10551869,0.05269851,0.05849342,0.16051589,0.0600881,0.05365002,0.16808598,0.0019547152,0.21397138,0.12398895,0.008868152,0.05433825,0.4010558,0.071047135,0.044674605
2430,0.30534834,0.3251487,0.1401367,0.1756957,0.33664772,0.20889693,0.23077278,0.40022272,0.23861034,0.22842157,0.12386092,0.19104138,0.26264775,0.15881784,0.12723473,0.1919915,0.033686046,0.17557745,0.28628886,0.069204174,0.17877987,0.27027434,0.20931019,0.16627273
2433,0.21220323,0.19239078,0.027627755,0.038547177,0.3898225,0.19093496,0.043717053,0.4096832,0.13604261,0.106815755,0.024243725,0.041710194,0.11166124,0.035208866,0.032207515,0.094454035,0.00073203415,0.14327826,0.11777326,0.0052357716,0.041477285,0.2552359,0.05658129,0.038255922
2437,0.2263711,0.17886598,0.039742425,0.05610454,0.3871818,0.2740487,0.037800934,0.504098,0.1184346,0.123936564,0.04068388,0.04414237,0.16149977,0.03864937,0.04511641,0.12848026,0.0012940741,0.19974083,0.11198878,0.008449081,0.046177577,0.3548552,0.0534074,0.037658095
2443,0.23233333,0.24626276,0.07983837,0.094797686,0.37698916,0.23293827,0.09020039,0.40624496,0.2258397,0.25471222,0.07171704,0.100959726,0.276005,0.092281975,0.095815144,0.18857536,0.0074667474,0.302694,0.17829095,0.018328229,0.06792121,0.3019445,0.11178214,0.073066466
2448,0.046498355,0.03932835,0.006032999,0.014110541,0.45716196,0.12278985,0.0033577986,0.6059587,0.027045112,0.041388586,0.005555457,0.0051792758,0.053917695,0.012264695,0.01582275,0.046198964,5.7564797e-05,0.36216947,0.012456308,0.0006219773,0.0048603965,0.2161508,0.00769288,0.0034715729
2454,0.12206737,0.13209434,0.054573838,0.079392776,0.49105737,0.22018154,0.041484274,0.57250583,0.10882649,0.10465138,0.056091357,0.05273072,0.10513748,0.084605984,0.073959164,0.11006894,0.0067551327,0.2907059,0.07895928,0.028092684,0.07831912,0.22822554,0.063788876,0.053436674
2460,0.09993452,0.1124689,0.030676426,0.07001938,0.33689043,0.14582358,0.08470698,0.5357162,0.09890101,0.10847212,0.0313382,0.061628386,0.15204568,0.05990757,0.03035103,0.111657694,0.0016060965,0.26248202,0.07723722,0.006108571,0.035037376,0.16715403,0.058862176,0.029322043
2461,0.2008337,0.21881075,0.20913807,0.22704063,0.47167304,0.2626842,0.20238642,0.48828688,0.20889072,0.19288944,0.17448838,0.16481374,0.22513512,0.22023946,0.18636297,0.20076275,0.10644153,0.32287723,0.18185976,0.16415964,0.20249633,0.25824904,0.19945617,0.17517535
2466,0.10291185,0.11370224,0.0490573,0.09684481,0.4059591,0.14380488,0.10816344,0.5245588,0.09567619,0.08619129,0.050508164,0.052788265,0.12277788,0.08790895,0.056978833,0.10126891,0.00787756,0.25219652,0.09168198,0.02407786,0.057301138,0.16258603,0.073313445,0.048502866
2469,0.29526272,0.30830517,0.14104494,0.16346177,0.3454715,0.23651667,0.22425383,0.4056963,0.23338336,0.22276044,0.11864068,0.18678328,0.26681212,0.15390094,0.12578574,0.2140083,0.027241467,0.16524628,0.2986175,0.06663565,0.16219562,0.28562638,0.2036922,0.14573276
2472,0.13724864,0.13664205,0.05040044,0.090949684,0.36485738,0.18788938,0.090614,0.5556797,0.108099595,0.124945454,0.045615498,0.070167474,0.15201724,0.0838191,0.062384106,0.13970998,0.0043787425,0.2846388,0.09506732,0.015716502,0.051344123,0.22477295,0.088386275,0.04477053
2475,0.13112484,0.097084604,0.008041749,0.023582418,0.17874268,0.13516593,0.04764031,0.61487865,0.045181833,0.053046778,0.012384297,0.028089963,0.12052253,0.019282898,0.012037607,0.075068764,9.638554e-05,0.13964832,0.084242836,0.00078805746,0.012269126,0.22948912,0.03686525,0.011932263
2479,0.23674466,0.2216732,0.057626896,0.084759586,0.34210506,0.23542142,0.12043792,0.48557687,0.14863524,0.14597656,0.064192586,0.09965062,0.14667132,0.07884104,0.06684446,0.14721315,0.0045878296,0.1909385,0.16777296,0.020018887,0.09115774,0.27024126,0.106485896,0.0760597
2482,0.3075357,0.2617335,0.048663564,0.07654259,0.32867858,0.2108633,0.1096757,0.4040602,0.17019957,0.1531717,0.055549894,0.08834798,0.17855503,0.07123659,0.06649346,0.1522205,0.0026312724,0.15855585,0.2046734,0.011564209,0.062310662,0.26640204,0.10812509,0.07429057
2489,0.17252567,0.18013655,0.06577678,0.10207341,0.4424358,0.23775978,0.08091651,0.54024285,0.15652062,0.16376492,0.07011227,0.08207637,0.14625648,0.09947525,0.09275867,0.14572455,0.008466608,0.3141966,0.12271334,0.029056683,0.08595303,0.23671237,0.09281839,0.07010312
2490,0.20007959,0.2233398,0.115200564,0.12909731,0.45836732,0.23543803,0.11811215,0.4304311,0.18134393,0.1831457,0.099171445,0.114026,0.17895581,0.12827297,0.119247995,0.17549235,0.023586372,0.2563453,0.17383146,0.062462427,0.13973121,0.26488912,0.13105337,0.10851061
2491,0.17463087,0.13668165,0.048670452,0.08108281,0.44352555,0.26844394,0.04484079,0.6228013,0.103083484,0.12017123,0.061788186,0.055068728,0.10644715,0.067626685,0.06609378,0.12957409,0.0032113073,0.2555061,0.090549335,0.015729534,0.06470978,0.29357284,0.06863253,0.048685286
2493,0.23415807,0.13205414,0.003264925,0.005571932,0.34530047,0.27428353,0.0036956014,0.49142748,0.045241583,0.05336028,0.0048905457,0.0076907915,0.06975939,0.0048989905,0.0107339835,0.072976984,6.725482e-06,0.15047696,0.04818709,0.00020168895,0.005059041,0.43287835,0.014334268,0.005297725
2494,0.20669346,0.19228941,0.07534587,0.13421091,0.307191,0.21331415,0.18427844,0.47835195,0.1263944,0.1467795,0.063347735,0.10968258,0.19081214,0.11680109,0.07303389,0.15206558,0.010958285,0.17468518,0.16073416,0.029626392,0.083298884,0.21950029,0.11500766,0.0805878
2496,0.17133105,0.18028757,0.13757999,0.18757555,0.45746306,0.24027203,0.166588,0.5353451,0.17806093,0.16540791,0.12602188,0.13201912,0.16599408,0.17423666,0.13078308,0.18073598,0.04709509,0.2907528,0.15302666,0.109039,0.16823201,0.22556236,0.15721546,0.12763678
2497,0.08858029,0.058301594,0.0058380873,0.015938593,0.37462297,0.1951769,0.005709945,0.62078726,0.0422418,0.04829462,0.0075334203,0.010334049,0.05318469,0.010211412,0.010011147,0.06848326,3.0366284e-05,0.24328823,0.033017553,0.0005428533,0.008320612,0.21054146,0.011440165,0.005949335
2502,0.3079646,0.18419434,9.2145085e-05,0.00025332466,0.26328543,0.12674297,0.00016284494,0.1546209,0.039245855,0.092560776,0.00041595264,0.0010247588,0.11040978,0.00021343243,0.0009026366,0.048758224,1.4673952e-09,0.09168359,0.07883237,3.479064e-07,0.00013970933,0.51255286,0.0019256584,0.00039625436
2504,0.12510283,0.1349975,0.054071434,0.0812264,0.5074128,0.15566543,0.06664394,0.48425332,0.11479707,0.094096266,0.051285334,0.05608901,0.10066231,0.0847721,0.07197392,0.10025232,0.007963539,0.29946685,0.088259995,0.025570678,0.07677804,0.17681654,0.08031815,0.05488181
2511,0.14525059,0.08134139,0.005497576,0.010692729,0.5244092,0.22839807,0.005352984,0.5975903,0.052861523,0.051352404,0.012609586,0.013108069,0.044687603,0.010730253,0.014098057,0.09630479,2.292115e-05,0.25037196,0.048148,0.0005749779,0.012464564,0.3435099,0.014101236,0.00816081
2512,0.19171603,0.2442568,0.07298418,0.098881446,0.3515817,0.15851447,0.14499444,0.3702335,0.16972356,0.15796882,0.05491138,0.10263757,0.17470041,0.09288452,0.07546953,0.13409208,0.009527286,0.13141981,0.18930846,0.024717348,0.09637892,0.18611509,0.105382115,0.08292331
2520,0.23118915,0.25189757,0.15953939,0.17575724,0.37434673,0.22220123,0.21129043,0.41912782,0.19293424,0.18880019,0.121785216,0.1547938,0.2550027,0.1817684,0.13528998,0.19410907,0.053786777,0.19851285,0.20652217,0.095853075,0.16253388,0.26839566,0.19339816,0.14751919
2524,0.30489674,0.27298892,0.030685041,0.043051593,0.3854162,0.25628728,0.048952147,0.4731243,0.12445948,0.14106683,0.0372022,0.056293327,0.16663271,0.037544303,0.05273782,0.10346171,0.00088388927,0.19066495,0.15413083,0.0060357535,0.033791732,0.3635846,0.059733447,0.05068763
2529,0.19528225,0.18639807,0.15420064,0.17728224,0.43830308,0.27764726,0.14171642,0.5093282,0.18320988,0.17669894,0.13623951,0.11037525,0.20613801,0.16489422,0.14212772,0.15814672,0.059319567,0.3144696,0.16943955,0.098025024,0.14824101,0.2768511,0.1485609,0.12378892
2530,0.28417554,0.3212844,0.070653334,0.10188336,0.41717482,0.18627992,0.10284256,0.395832,0.21728107,0.19864506,0.07052882,0.11276523,0.21577755,0.08647803,0.09196737,0.15410975,0.008096356,0.18349792,0.24231449,0.02975714,0.09322978,0.2523636,0.13647099,0.101278976
2538,0.23875614,0.2856249,0.086401686,0.10602082,0.42256713,0.23159204,0.122735664,0.4266799,0.1796246,0.19422129,0.075293876,0.10207168,0.21490678,0.08571091,0.09120602,0.13091393,0.012160938,0.17895092,0.21839333,0.031204155,0.11633904,0.24185841,0.11717621,0.10501547
2539,0.1531132,0.1817016,0.012732881,0.028264612,0.34610376,0.13264954,0.036671825,0.3300727,0.07687769,0.0802267,0.017853905,0.033835854,0.11091011,0.022766367,0.020394942,0.09132325,0.00026688213,0.14523418,0.11906363,0.0020923147,0.019655934,0.19686347,0.04892608,0.02360101
2541,0.31051764,0.28548592,0.013116955,0.034343496,0.13964874,0.12319158,0.10031932,0.30152446,0.120722085,0.11969997,0.015441601,0.064652406,0.24853404,0.021688543,0.013407965,0.10827019,0.00013682664,0.060693458,0.2043414,0.00075969374,0.017013516,0.23714885,0.06401044,0.030135402
2547,0.020157559,0.015525847,0.00080829073,0.005003593,0.6332023,0.1088386,0.0008299599,0.80496454,0.013159546,0.025496304,0.0029133419,0.0015738478,0.011724942,0.0032864984,0.0038945081,0.05986387,1.1428863e-06,0.42543954,0.005488092,6.2577645e-05,0.0025589925,0.11388436,0.0030240058,0.0010271946
2551,0.12620524,0.1343606,0.056975044,0.07455534,0.4784594,0.16270009,0.056526363,0.47677946,0.116623126,0.10839971,0.054048985,0.051281273,0.11403087,0.078917466,0.066355914,0.09330829,0.0069891755,0.2924187,0.08702684,0.022343457,0.06518948,0.17465,0.069346786,0.051838364
2555,0.12164835,0.07162445,0.014664618,0.036416467,0.55166686,0.19837461,0.017109478,0.6810482,0.06780163,0.05507647,0.023446452,0.020939296,0.038152527,0.03181331,0.0280805,0.08543952,0.00033865322,0.3145056,0.041954685,0.0044095456,0.033952516,0.16343312,0.027504215,0.018249033
2557,0.04849679,0.06555786,0.013355719,0.02430738,0.52358955,0.1001957,0.013422033,0.5569558,0.053763222,0.060581908,0.015338571,0.012714737,0.089035,0.025708323,0.025786689,0.059692074,0.00039376793,0.33917826,0.028700698,0.0030731808,0.014048336,0.16711463,0.023056485,0.012222994
2558,0.4039834,0.4225196,0.016229665,0.029623596,0.15530914,0.12845649,0.054687086,0.2256722,0.13786185,0.17880209,0.018405234,0.06412461,0.33308873,0.01577341,0.016768279,0.089984804,0.00015063633,0.068117544,0.29605603,0.0008899659,0.017886993,0.28938124,0.0705697,0.039128408
2560,0.14371403,0.0902626,0.006488992,0.012127485,0.3233452,0.17098425,0.014234679,0.40811747,0.04296461,0.06972646,0.0061410163,0.013239331,0.07978338,0.012290033,0.01433348,0.076753795,3.4514662e-05,0.16699709,0.0508529,0.00048083323,0.007816314,0.23262644,0.015663179,0.0071970066
2563,0.06361874,0.06273738,0.01433412,0.04770663,0.34489796,0.14304881,0.030453062,0.66966635,0.0575354,0.082758665,0.025935048,0.028133605,0.12707633,0.041598044,0.029506166,0.16524315,0.00046825083,0.40081847,0.03862177,0.0024002574,0.021531431,0.2570596,0.03478151,0.012893633
2566,0.14232855,0.102383226,0.0014171517,0.007512202,0.23925222,0.11981077,0.008899598,0.5291581,0.04972541,0.04495568,0.0034643156,0.008725209,0.06989741,0.0040739784,0.0046534548,0.041230086,1.9239983e-06,0.12975624,0.060845517,6.403643e-05,0.0029214104,0.15233618,0.00930144,0.0041803457
2567,0.18499295,0.13554688,0.036455754,0.046993576,0.3552929,0.26245612,0.037617367,0.45403317,0.08767208,0.113812506,0.026262265,0.033633925,0.20203558,0.04340641,0.04468713,0.13704373,0.001167793,0.24008906,0.08447421,0.0049798926,0.025181426,0.37765598,0.047733758,0.027630253
2568,0.20398971,0.15509641,0.04507205,0.07197008,0.5294273,0.26064533,0.042023167,0.49978918,0.12462857,0.121407345,0.053535372,0.052040055,0.11531512,0.06538061,0.07267438,0.13520074,0.003352024,0.2911471,0.111545354,0.017303191,0.06761121,0.2856591,0.0775612,0.050998304
2573,0.19492882,0.14446561,0.0040761284,0.011429768,0.27520958,0.2500931,0.011179829,0.4765989,0.069943435,0.074997135,0.008894326,0.017539218,0.112664066,0.0092716785,0.010253533,0.13150416,1.0041168e-05,0.1280518,0.09275239,0.00020576987,0.0076743052,0.4693505,0.02335216,0.008909526
2587,0.06332987,0.053626146,0.0050573107,0.015998177,0.32306802,0.1005406,0.014243593,0.65530694,0.038660888,0.05545243,0.0074937805,0.013082882,0.07034269,0.018124482,0.010392846,0.04950279,4.6207482e-05,0.28815737,0.025676308,0.0004736405,0.008654469,0.15093967,0.014853229,0.0049251257
2590,0.10694923,0.117461205,0.051256858,0.09631126,0.45050317,0.16040814,0.08597989,0.564869,0.11552139,0.13126159,0.055780042,0.07586385,0.13243563,0.1003696,0.06984683,0.13944018,0.0052252994,0.3539324,0.08682488,0.01855648,0.06526122,0.17779273,0.08670658,0.045051735
2591,0.115362085,0.13331273,0.06576747,0.11898368,0.39018002,0.17096432,0.13096929,0.52955496,0.10505451,0.10793336,0.059312224,0.06940407,0.1339518,0.10867201,0.06326203,0.10972208,0.014525937,0.2239263,0.09406747,0.041481517,0.092095986,0.16751532,0.08667664,0.065783456
2593,0.19902892,0.19883619,0.14022018,0.19121169,0.42414352,0.2502489,0.15641391,0.5217285,0.18987198,0.19311093,0.12468087,0.14110233,0.21025309,0.19625187,0.14326228,0.22259912,0.03638341,0.29378676,0.17187355,0.08521811,0.1616042,0.2718156,0.14757334,0.13191767
2597,0.37412152,0.373341,0.022875369,0.039111838,0.26917344,0.18015416,0.09751216,0.28160086,0.1841257,0.16108213,0.03172296,0.10060918,0.21224502,0.027988406,0.028931268,0.15275188,0.00032783614,0.10431892,0.29172033,0.0017181212,0.0341517,0.27211544,0.10314823,0.043148585
2599,0.27321106,0.24911469,0.023416134,0.038511362,0.20432363,0.21732837,0.06940308,0.41637063,0.11590934,0.18571183,0.029226476,0.061685424,0.31310162,0.034816507,0.030831786,0.20047417,0.00031580613,0.13857372,0.19468531,0.0021308274,0.024545912,0.40017655,0.07457335,0.031091342
2604,0.12296068,0.11797998,0.012860544,0.02601442,0.36881074,0.13854271,0.016659867,0.49378705,0.047022525,0.077101804,0.011183936,0.017208438,0.14442123,0.022060806,0.016816886,0.06456959,0.00017571324,0.178469,0.061685577,0.0019969237,0.012087402,0.23242055,0.02995648,0.01486943
2606,0.17630127,0.18956786,0.054990444,0.07260129,0.40252492,0.1757847,0.053544693,0.39202702,0.11729745,0.12092172,0.041347157,0.05321983,0.1749957,0.05673495,0.068328924,0.09868946,0.0045299665,0.1982807,0.11735239,0.018956827,0.0493425,0.23465443,0.084728405,0.057415154
2610,0.08311465,0.092110865,0.06139131,0.106667444,0.5239691,0.1892932,0.061394185,0.6510333,0.08569985,0.08651498,0.062503226,0.05516001,0.098625705,0.10764488,0.07865172,0.11348083,0.012044124,0.3826205,0.05673023,0.036720388,0.07340956,0.18291894,0.079725355,0.046599723
2612,0.1042314,0.10121352,0.007570886,0.015802803,0.4658407,0.11909465,0.007278248,0.47778606,0.06290462,0.057607826,0.008085645,0.012021915,0.06470262,0.012419567,0.025793025,0.040788572,0.00013958442,0.25556827,0.037255514,0.0010319037,0.010533901,0.1821062,0.017281944,0.008272408
2624,0.14360039,0.13128392,0.021759063,0.04078672,0.42501047,0.21100856,0.021513725,0.5255431,0.11970589,0.11297445,0.02906598,0.035228398,0.10968623,0.034283657,0.043346677,0.124521956,0.0005285204,0.33791587,0.07153729,0.0038506237,0.030034855,0.23862085,0.03231124,0.02331968
2632,0.15322152,0.1286504,0.02168693,0.04803386,0.24746081,0.18994687,0.07055012,0.49429634,0.07520292,0.09099706,0.024960855,0.044796392,0.18608032,0.03349104,0.0337516,0.16718787,0.00048939954,0.18363889,0.107507914,0.0031374833,0.018348172,0.32296944,0.05165873,0.021479333
2634,0.15529582,0.13671182,0.019896248,0.046740696,0.30170077,0.20538804,0.03026281,0.52139056,0.070330516,0.08202782,0.024877518,0.035550836,0.108710214,0.028955111,0.029745013,0.085642494,0.00065481174,0.17982073,0.090620324,0.003950875,0.02410879,0.23856643,0.047662728,0.026306791
2635,0.2863419,0.28714252,0.11241084,0.1065434,0.41867673,0.23189282,0.11464707,0.37089646,0.20967498,0.18342966,0.10186136,0.11563392,0.1990866,0.11321134,0.14672777,0.15256526,0.018982071,0.19638962,0.24651282,0.048474662,0.13439946,0.3169747,0.14578179,0.11980862
2643,0.21401945,0.18497163,0.06570906,0.07568254,0.39403537,0.25387007,0.048585743,0.48924884,0.11472213,0.11834217,0.050583534,0.053431563,0.14898904,0.07281843,0.0827012,0.11681757,0.007198448,0.22704823,0.1121919,0.024787948,0.061326716,0.26918888,0.069280736,0.054737784
2645,0.037914235,0.018764902,0.00038280396,0.0022730788,0.34570032,0.06420472,0.0017350692,0.6606969,0.0096460525,0.009760141,0.00067329,0.0016874437,0.013386505,0.0015031277,0.0016247543,0.014440549,2.240431e-07,0.14339444,0.007136093,1.055965e-05,0.0007993253,0.08560117,0.002547422,0.0005631404
2649,0.057968035,0.046503752,0.007851625,0.029495578,0.5790919,0.16772327,0.0098960595,0.63670594,0.05382187,0.059081305,0.019516129,0.010792261,0.05320539,0.020099618,0.015503431,0.054138362,0.00016281605,0.46500617,0.028777469,0.0019450921,0.013632648,0.14318784,0.0141878575,0.009660116
2655,0.23580343,0.23376903,0.16051756,0.17738597,0.41836685,0.26063815,0.1601028,0.45864463,0.19863635,0.17706275,0.13104454,0.13175371,0.2122846,0.16634692,0.16013478,0.19044027,0.050267864,0.22833592,0.20379037,0.0986714,0.17372188,0.30932787,0.162267,0.1441023
2657,0.24476184,0.118540555,0.016528588,0.03529346,0.290863,0.34006006,0.01554378,0.5160073,0.100602455,0.116175316,0.022131966,0.030120168,0.20073786,0.02540806,0.023895692,0.18379876,0.00010439902,0.24992006,0.08498335,0.0012205569,0.014384113,0.49349022,0.03302407,0.014606677
2658,0.13404538,0.15198322,0.08442696,0.11271238,0.38046634,0.17273997,0.12065497,0.49503747,0.108066864,0.10546673,0.061566535,0.06861755,0.16756928,0.11994851,0.07972618,0.12419633,0.016287021,0.21239352,0.11203468,0.042849842,0.08445345,0.20045094,0.10183734,0.07052264
2659,0.07695607,0.06134053,0.0048392676,0.014454801,0.32379976,0.0867241,0.013130745,0.50263417,0.033366892,0.049056835,0.006470527,0.009028176,0.08528801,0.014336383,0.008459899,0.032693632,4.567793e-05,0.26634285,0.028674383,0.00046501952,0.005208484,0.1286752,0.012471111,0.005586652
2660,0.10075944,0.056515466,0.011406333,0.033861395,0.47662407,0.29719535,0.01587368,0.63833225,0.063235775,0.07016968,0.014795496,0.014584422,0.083155915,0.018130325,0.018469857,0.07313831,0.00015397278,0.35908702,0.044521935,0.001556585,0.010767885,0.29010072,0.02002991,0.009559457
2661,0.21403447,0.1739018,0.019924369,0.04060936,0.3151309,0.19311251,0.044966504,0.41068414,0.116522126,0.10420805,0.02209042,0.038567316,0.14286338,0.02741993,0.033194356,0.09405409,0.0005399279,0.1874392,0.12724346,0.0025861403,0.023989137,0.20782416,0.047976654,0.022827258
2665,0.15599571,0.15246508,0.028888747,0.047993816,0.24205804,0.18110666,0.06486972,0.5211668,0.07991268,0.13937804,0.029187411,0.045811865,0.33510157,0.053341646,0.046891086,0.2024996,0.00066319853,0.27362296,0.087418005,0.0031530033,0.017263232,0.36798644,0.06464263,0.020901853
2667,0.05695524,0.020320937,0.00063569,0.0025124878,0.39690667,0.26657388,0.00041028942,0.7663787,0.019996667,0.050696548,0.002509214,0.0015344921,0.032171503,0.0020219337,0.0032106491,0.08873396,2.1199678e-07,0.5433203,0.0065428307,1.4778702e-05,0.0010619349,0.31470355,0.0025270132,0.0005238201
2668,0.14801727,0.14964464,0.06176496,0.10746302,0.39542025,0.19327119,0.09886911,0.56398755,0.10841473,0.10321556,0.060706355,0.0690151,0.12631762,0.08790129,0.06954642,0.09276311,0.010667247,0.26907367,0.10379725,0.029273942,0.071095265,0.1951725,0.08596559,0.061558396
2671,0.0101680355,0.010796162,0.00038704512,0.0027690527,0.40125793,0.037432387,0.0009598749,0.78610575,0.00703169,0.00964149,0.0012856729,0.0010056142,0.011421592,0.0021357506,0.0016216355,0.01667467,7.822658e-07,0.47343457,0.0028933934,2.3729917e-05,0.0009460936,0.061600067,0.002069609,0.0004977693
2672,0.20498738,0.20846485,0.11541699,0.1459889,0.38177907,0.21255572,0.19623464,0.4577243,0.18058145,0.16991612,0.098860435,0.12233437,0.19227599,0.1456607,0.114512555,0.15780218,0.029261917,0.2123665,0.18330169,0.065633714,0.12875111,0.22124769,0.14861463,0.115466386
2674,0.11108478,0.11073059,0.021255601,0.051139597,0.32893822,0.13112365,0.06651282,0.5589229,0.069921695,0.06871729,0.024252078,0.03690715,0.10768428,0.04707362,0.03219955,0.06799798,0.0011971667,0.1946626,0.06836755,0.005675718,0.02674208,0.14367083,0.046314623,0.026440058
2679,0.100880004,0.09210112,0.01831462,0.037565056,0.46517593,0.15726629,0.024761427,0.57249326,0.07449816,0.06873061,0.021610402,0.028799072,0.06085847,0.03411639,0.02929327,0.072294764,0.0005332814,0.25110972,0.06858654,0.004245437,0.029846128,0.16312382,0.035922714,0.022221431
2681,0.10474119,0.09202152,0.00087040965,0.0030827203,0.248857,0.039574042,0.0033986515,0.42622447,0.016535686,0.024487142,0.0011874326,0.0043865885,0.047071896,0.0022893352,0.0024795837,0.013760802,1.4999904e-06,0.105400905,0.02893696,3.0471498e-05,0.0016026746,0.13573489,0.009957997,0.0021940896
2693,0.252879,0.15034774,0.011730646,0.020177823,0.37456143,0.28708616,0.009539046,0.51331866,0.0849756,0.09224461,0.019194826,0.017123524,0.08887161,0.020506293,0.02692779,0.108381696,0.00015225136,0.20348606,0.07290602,0.0018046948,0.017789941,0.38437968,0.02077728,0.017592138
2695,0.13498075,0.1389723,0.10897928,0.1396316,0.5267608,0.23331206,0.08832726,0.5571333,0.16430208,0.14559901,0.10118845,0.095363386,0.13883625,0.13178974,0.11883598,0.15342517,0.028770264,0.37691233,0.106812015,0.06862009,0.1263006,0.23553978,0.1112024,0.090170965
2702,0.10814677,0.11018591,0.06679255,0.10589673,0.35694283,0.21559283,0.09289855,0.6051589,0.100909434,0.12628491,0.07283987,0.07102908,0.18098815,0.12543151,0.08738107,0.1713442,0.010555727,0.40352312,0.073747985,0.026901884,0.05459593,0.25100207,0.083874494,0.046337932
2703,0.1696486,0.18829831,0.015310301,0.0323598,0.39182898,0.1314367,0.036734734,0.37397382,0.093748726,0.069410615,0.019930085,0.03144055,0.117713116,0.021824233,0.024033774,0.061060008,0.0003989285,0.1678545,0.120258085,0.0025576064,0.02775218,0.17487969,0.039392438,0.024660341
2708,0.09398869,0.044798575,0.00055623165,0.0020280425,0.29568148,0.14710373,0.0012777962,0.49212238,0.0251742,0.042401027,0.0020073317,0.0014794173,0.05611128,0.001802358,0.0016379296,0.05851218,1.7688912e-07,0.25442708,0.013614698,1.1880378e-05,0.0010744444,0.36269885,0.003093863,0.0011437675
2711,0.277452,0.25986487,0.10035394,0.14235795,0.4235954,0.29543695,0.112451926,0.4979938,0.20302308,0.19693501,0.1169097,0.11547315,0.19685324,0.14096305,0.13245673,0.26408148,0.017084485,0.23145948,0.20979552,0.0537492,0.14461058,0.34019727,0.13513812,0.11600092
2712,0.11556886,0.12483171,0.045775924,0.0795223,0.42516965,0.18254614,0.045367893,0.5800507,0.09672784,0.10699889,0.047547072,0.04479682,0.10446711,0.07399306,0.053356055,0.092707105,0.0042701173,0.28606105,0.06897017,0.01648131,0.056724075,0.1987532,0.056042794,0.041728266
2713,0.34154233,0.21854533,0.01493646,0.032745723,0.22155383,0.27698576,0.055097777,0.44613367,0.12356145,0.12176231,0.02378846,0.053294573,0.18023422,0.020886919,0.024727166,0.14670852,0.0001743878,0.117704205,0.17510569,0.0012681645,0.01799377,0.37876612,0.058394484,0.025353312
2717,0.14586815,0.16352583,0.07506792,0.11727893,0.4604799,0.22805187,0.072047666,0.528668,0.123318195,0.1575323,0.08287282,0.08207977,0.13375856,0.09684577,0.08861704,0.16872664,0.010950281,0.28480345,0.12051652,0.0350763,0.107126914,0.22073075,0.10081726,0.06509121
2719,0.146653,0.16765466,0.07984341,0.11070493,0.46688217,0.1965648,0.09827005,0.49317187,0.12459147,0.11982655,0.08267226,0.080631204,0.13111815,0.10475856,0.08036429,0.12646824,0.014692841,0.27352557,0.1169928,0.0443321,0.10529238,0.19816278,0.110672735,0.083038434
2720,0.21571401,0.17810732,0.020384576,0.029429171,0.5771178,0.3114549,0.011212627,0.545417,0.13408859,0.13356194,0.051819462,0.030939486,0.06690125,0.030866817,0.046854783,0.13249508,0.0005893821,0.33324587,0.088467546,0.0042627677,0.05748218,0.29355788,0.03726715,0.0350763
2723,0.17564078,0.13231419,0.019124454,0.03862312,0.23375505,0.20646177,0.04948108,0.52708316,0.06542782,0.11167745,0.019232983,0.039161358,0.17384386,0.032216087,0.019656746,0.09673237,0.00031698254,0.14583838,0.093706906,0.0020976795,0.020427993,0.32383814,0.04439169,0.021487959
2731,0.17868714,0.18778281,0.073546804,0.10692603,0.37918293,0.16782278,0.12931196,0.470132,0.12790741,0.14375283,0.06615818,0.08871397,0.14439584,0.12025048,0.07843856,0.1212723,0.011830033,0.20734271,0.12869869,0.034394175,0.08767225,0.1979729,0.10849035,0.07608909
2733,0.011441238,0.0106928805,0.002867422,0.0060620112,0.53069246,0.07140173,0.0007745886,0.74614716,0.018994467,0.049497575,0.0043049115,0.0023181513,0.088008754,0.011095408,0.010682762,0.08369151,9.039063e-06,0.78334415,0.002652511,0.00012409159,0.0014721559,0.18199398,0.004008817,0.001031914
2734,0.2059859,0.22333768,0.05554466,0.08370947,0.38008404,0.19316463,0.083837084,0.40871778,0.12643857,0.120779775,0.056819413,0.07389785,0.14998446,0.07729149,0.07146818,0.14032486,0.0054933913,0.18799154,0.15873559,0.02138431,0.07964534,0.23137037,0.11545916,0.06708853
2736,0.08833705,0.04521433,0.004866946,0.020059844,0.393329,0.20187765,0.008697571,0.70795965,0.036558658,0.040076297,0.011198194,0.00871844,0.044461068,0.012404932,0.011034663,0.07900059,3.8744074e-05,0.28266677,0.030560937,0.0006021802,0.009905699,0.23990728,0.014400773,0.0057945335
2738,0.1537579,0.1652458,0.06410257,0.089676216,0.3908257,0.16068801,0.094930194,0.5008404,0.10360131,0.10927495,0.05435144,0.0784066,0.13252877,0.09459745,0.06920068,0.09097043,0.010629591,0.23576243,0.1102928,0.02935091,0.06460197,0.16332242,0.09714181,0.06410061
2739,0.22446944,0.22684918,0.10876965,0.121065,0.39038384,0.23802875,0.120112285,0.44372565,0.14978425,0.1563159,0.067956805,0.08857711,0.23459865,0.10597433,0.102886826,0.14372589,0.014242429,0.19181047,0.16650164,0.038609233,0.07512183,0.29039803,0.116949685,0.090852216
2740,0.19749402,0.17346753,0.052550748,0.07754735,0.35286763,0.22611421,0.09122979,0.5045529,0.13933839,0.15640044,0.05260181,0.07205234,0.18432775,0.07520285,0.058468793,0.15422077,0.0033857196,0.216915,0.1281597,0.013051759,0.05586562,0.28750739,0.089765705,0.05457463
2744,0.06598615,0.04205785,0.012448568,0.03513891,0.41580763,0.18044055,0.016003791,0.6926651,0.055238105,0.05844015,0.016524829,0.015734525,0.07266738,0.033977292,0.030296417,0.08678243,0.00040257463,0.4521937,0.023373809,0.0023463392,0.014049107,0.19613667,0.02045143,0.008299444
2745,0.21047924,0.10161361,0.01205667,0.036346924,0.21074598,0.27639148,0.02798926,0.6478441,0.052543685,0.0656329,0.014502299,0.02557054,0.104380794,0.020206874,0.016322402,0.077493325,0.000136517,0.16708532,0.06828967,0.0011595235,0.01018691,0.2988987,0.025634764,0.01400811
2747,0.32494217,0.18387134,0.009093326,0.021844648,0.17320949,0.3263132,0.054382317,0.45084193,0.11563685,0.18562882,0.024481596,0.04405534,0.4065403,0.02632586,0.022029532,0.39708656,3.8891743e-05,0.16519155,0.18297173,0.00039081858,0.009053363,0.6251326,0.05766322,0.015139237
2752,0.14729269,0.15869357,0.029808937,0.049276657,0.35941562,0.120201394,0.1051213,0.42142165,0.108807415,0.091016166,0.02864999,0.055818077,0.11760298,0.062088974,0.034390867,0.09458496,0.0013099882,0.14355993,0.12581833,0.008218278,0.05507205,0.12248114,0.062357917,0.043683894
2757,0.10529362,0.073854886,0.019757705,0.041241072,0.37364003,0.16133192,0.026357144,0.53530943,0.04475702,0.051478032,0.019783095,0.019632915,0.080487296,0.031054223,0.022082727,0.0583302,0.0007008116,0.21595244,0.04792023,0.004692037,0.020822298,0.20494464,0.031164326,0.017943138
2767,0.16190211,0.1614875,0.04762533,0.07659229,0.5536808,0.24415751,0.039424118,0.4574214,0.16454896,0.16914149,0.083460145,0.07130407,0.112764135,0.061778225,0.069050536,0.19174895,0.0029653008,0.37582487,0.12041905,0.015473764,0.07377431,0.22394586,0.074182495,0.0464384
2768,0.09083987,0.07527002,0.015293445,0.028628008,0.44057572,0.2183924,0.014454555,0.57786036,0.07544116,0.09586678,0.020289203,0.019031538,0.0869674,0.024427822,0.024922498,0.11211958,0.00024926697,0.34751377,0.039632484,0.0022839196,0.018845545,0.22220233,0.02274156,0.012203568
2772,0.28840393,0.2277883,0.035551775,0.059263516,0.35182005,0.22552672,0.046577167,0.39935076,0.14952873,0.18095043,0.046071652,0.05884559,0.22872292,0.04937665,0.064070106,0.17494552,0.0013983933,0.2634652,0.14980616,0.006430929,0.03689,0.3662908,0.08608019,0.045810718
2779,0.17867455,0.121396154,0.040854473,0.076938905,0.31035033,0.21671437,0.06894685,0.562242,0.07682852,0.11337273,0.03632173,0.038911335,0.20737088,0.06849701,0.05217255,0.1405292,0.0023100344,0.24365175,0.106346585,0.012221485,0.032995697,0.30794704,0.06530807,0.036849007
2780,0.20842929,0.21858028,0.07151069,0.08649762,0.4267347,0.17237726,0.11681248,0.4163138,0.14517897,0.14308272,0.066424586,0.086563945,0.15658905,0.09786594,0.074869685,0.1404744,0.007455501,0.18302876,0.16351001,0.031089703,0.104509674,0.22611672,0.14009055,0.085332885
2782,0.14967419,0.12429948,0.010405305,0.017652621,0.34258303,0.16061571,0.016258841,0.5038663,0.078437746,0.092179455,0.016650777,0.024242088,0.10079865,0.023960222,0.023256171,0.14702576,0.00010377253,0.2707017,0.064048134,0.0013506924,0.01809062,0.3101952,0.041757345,0.013072524
2785,0.09884128,0.099092156,0.051358096,0.09454259,0.3603121,0.16825218,0.09789957,0.59290934,0.08138621,0.07693888,0.05379435,0.05424087,0.10770279,0.08558733,0.052341297,0.09260107,0.007056899,0.21600533,0.08287686,0.02192979,0.058119465,0.17461553,0.07083386,0.04670008
2786,0.17789288,0.18199399,0.13146082,0.17800616,0.4230757,0.22811209,0.17372116,0.53845006,0.17419723,0.16101424,0.12464037,0.12097804,0.18403052,0.17347758,0.12977953,0.15749498,0.04966264,0.2666718,0.14911246,0.094521515,0.14502573,0.24008913,0.13703765,0.12215116
2788,0.30170932,0.13179305,0.0014154111,0.006626381,0.13663407,0.25102642,0.0031580655,0.40335622,0.057272986,0.100557484,0.0027217022,0.007471297,0.28416166,0.001993326,0.0038625766,0.098356456,6.5759036e-07,0.17003687,0.08392571,1.601493e-05,0.0009315423,0.54316604,0.0069905156,0.0022530034
2790,0.21658225,0.20630597,0.11085141,0.15544432,0.4418101,0.26449716,0.12282137,0.5112095,0.18890552,0.19334541,0.103679255,0.107417636,0.20082612,0.14703038,0.13621469,0.18257816,0.024254765,0.30815107,0.16065301,0.06762056,0.115405396,0.27847502,0.12565315,0.10512965
2792,0.26503006,0.21662,0.018277476,0.038483772,0.25012162,0.1693601,0.040664256,0.34683326,0.11141379,0.15097487,0.018987495,0.04215419,0.25909534,0.025278091,0.019051079,0.09371403,0.00014545368,0.19752894,0.16992156,0.0015758481,0.014673028,0.3281816,0.044136904,0.027660256
2797,0.17068827,0.167506,0.13272414,0.15540722,0.4897658,0.21901596,0.11830904,0.49710965,0.16904017,0.15670477,0.11922524,0.109811895,0.14558668,0.1514037,0.13331184,0.15238898,0.04609926,0.312913,0.13007426,0.08829524,0.14394273,0.21118712,0.13246799,0.10833295
2800,0.20507,0.21941136,0.1914505,0.21701367,0.45248443,0.26760682,0.21190284,0.50688756,0.18979654,0.19466795,0.15922724,0.15974712,0.22432558,0.21646912,0.17395191,0.19566602,0.090297066,0.29266223,0.1758219,0.14418237,0.18203941,0.27325216,0.18893746,0.16028555
2803,0.43877712,0.31783766,0.026352318,0.036697175,0.2708591,0.21766663,0.047634657,0.33756113,0.13635743,0.15124822,0.026405357,0.053521104,0.23920172,0.028853824,0.037933215,0.12733054,0.0003891247,0.098101,0.22897223,0.0028083525,0.031193212,0.3674345,0.08157607,0.044052336
2806,0.22704603,0.23786369,0.17865922,0.1867435,0.4474849,0.25162882,0.1835855,0.47808468,0.21560371,0.19916312,0.13244691,0.14468187,0.228375,0.20349593,0.17128667,0.17864929,0.06974957,0.2926124,0.18279324,0.11130848,0.16717844,0.24996884,0.17491816,0.14686903
2808,0.010261806,0.005893764,0.00028199345,0.0022713696,0.50966,0.07355808,0.00014315471,0.799126,0.006224878,0.017641881,0.00093721465,0.00039910007,0.015454539,0.0019355927,0.002328994,0.035660163,1.9917192e-07,0.702216,0.0010927941,1.3963305e-05,0.0006244028,0.12702903,0.0007795087,0.00019599045
2810,0.14961398,0.11591604,0.025419254,0.04988806,0.34210458,0.1785655,0.035428394,0.46485028,0.087957405,0.12068478,0.023956956,0.030376721,0.13104358,0.0421372,0.03381336,0.08194254,0.00092425616,0.19827774,0.07520256,0.0047864756,0.028821724,0.19429502,0.036150258,0.022194069
2811,0.015756652,0.017270612,0.00080785877,0.0062830267,0.5404264,0.048023034,0.0031707757,0.7372631,0.01066859,0.0087214,0.0019780735,0.0024144966,0.010123009,0.0045211865,0.0026985677,0.01830072,3.1239363e-06,0.21895021,0.008438757,0.00010434896,0.003617742,0.056842797,0.0042299116,0.0013482313
2814,0.17744854,0.19179595,0.12554744,0.14145236,0.46977648,0.21610564,0.110410295,0.47182214,0.16983709,0.14534108,0.09424188,0.09950481,0.1694195,0.14594746,0.1389322,0.15163551,0.035685617,0.24774987,0.13317688,0.079258434,0.13247834,0.23402296,0.13012739,0.10830142
2817,0.052318715,0.03599547,0.003417425,0.012934308,0.4487642,0.1618461,0.0038543183,0.7281529,0.032951877,0.036267124,0.008393873,0.0057341033,0.026984686,0.0090226745,0.00988111,0.045147695,2.5671005e-05,0.35305458,0.018247219,0.0004369654,0.006745088,0.19700581,0.008536187,0.003937825
2819,0.061053008,0.04865946,0.0017255404,0.0067269006,0.26642102,0.1013873,0.004420596,0.6190746,0.029969918,0.031774376,0.0027883267,0.0055061784,0.043853875,0.0039217914,0.0029346002,0.050246917,2.7079705e-06,0.14388384,0.01952509,6.107219e-05,0.003375672,0.12703948,0.008372445,0.0025951492
2822,0.052719165,0.03652774,0.017814755,0.03675167,0.54845154,0.15055227,0.012295296,0.684137,0.052026946,0.053672757,0.02509658,0.014677144,0.05467738,0.04223388,0.0305965,0.06681586,0.0007389316,0.4816519,0.02269504,0.0048657777,0.018551106,0.15523638,0.024896434,0.013505897
2824,0.14395143,0.1638813,0.08553196,0.11453315,0.38206172,0.20268025,0.12023946,0.5024235,0.11656912,0.107475944,0.06932804,0.08491442,0.13634826,0.1146887,0.07286979,0.12430427,0.017873187,0.20181634,0.10880032,0.04723245,0.09944422,0.18144383,0.10382782,0.07723438
2828,0.35218027,0.29837915,0.070827596,0.08779711,0.28148055,0.24744569,0.10305907,0.4104252,0.15794575,0.1888185,0.068722285,0.09565191,0.36636594,0.08263634,0.07447737,0.15548007,0.004693277,0.16284707,0.25154397,0.016718775,0.053436,0.4193259,0.13322137,0.086376816
2831,0.13280243,0.12085132,0.031666745,0.061200242,0.3190237,0.16321431,0.07065043,0.5657177,0.082783766,0.0847796,0.037290208,0.045773607,0.11957585,0.05674983,0.03816807,0.100449726,0.0021799463,0.207936,0.09650849,0.009130165,0.042241212,0.20277277,0.057158332,0.03445119
2832,0.152469,0.12387027,0.040333983,0.066001445,0.5155538,0.24895853,0.037592843,0.5414625,0.12590396,0.11734087,0.05791248,0.052677494,0.08680713,0.063578926,0.068057366,0.10612267,0.0041665407,0.30907688,0.08501167,0.01701145,0.06489358,0.24590148,0.06646766,0.04768135
2834,0.47929195,0.46029857,0.0036942447,0.006236254,0.12112185,0.12797509,0.013843348,0.17872882,0.14047495,0.13826394,0.006981191,0.027420191,0.16231793,0.0029275632,0.006078439,0.08589076,3.3499025e-06,0.03456805,0.36771622,6.0956285e-05,0.008447436,0.2236817,0.026218794,0.014376172
2838,0.06033713,0.06443364,0.022734832,0.03312883,0.47813544,0.1688236,0.013504932,0.66046107,0.054567125,0.07093158,0.019208666,0.016967086,0.08746046,0.044457477,0.03853959,0.07664169,0.0009009779,0.39385015,0.028617933,0.004964685,0.022188777,0.1866716,0.023316683,0.01372756
2839,0.17246298,0.17382379,0.13147739,0.1651722,0.41832593,0.2408039,0.13332634,0.54989606,0.162936,0.14997959,0.113971725,0.10682712,0.1767572,0.14692669,0.11848335,0.15669937,0.036560185,0.306359,0.13803412,0.07635641,0.12594137,0.2651098,0.1292514,0.10948989
2841,0.007642572,0.005170301,0.0001529768,0.00079653674,0.34830773,0.035418414,0.00010323404,0.80419,0.0026760309,0.005475999,0.00032412703,0.00023014964,0.01211437,0.0010377687,0.0009458502,0.004711996,7.960678e-08,0.4140956,0.0008816574,3.3254153e-06,0.00014470816,0.100371264,0.00037531994,9.4329946e-05
2844,0.26126477,0.23317507,0.010488246,0.026327943,0.21123563,0.18468927,0.026693778,0.47684205,0.092070095,0.11888524,0.017659502,0.03721959,0.13579732,0.01641242,0.015125948,0.11651661,7.305825e-05,0.1079437,0.14608194,0.00085178955,0.019131111,0.34534666,0.03887183,0.022196691
2849,0.12755151,0.13090563,0.09411665,0.12889327,0.43637583,0.21384765,0.11054437,0.6043469,0.12892959,0.14571272,0.08290969,0.0804685,0.16416787,0.13343795,0.10575988,0.13071923,0.022990752,0.39019394,0.083924994,0.050923932,0.08082809,0.21621402,0.091269635,0.06761262
2852,0.2919394,0.2723846,0.062197797,0.07702838,0.3113174,0.18379948,0.12378289,0.36402553,0.17170182,0.15839224,0.050876364,0.10191275,0.22420445,0.07221742,0.061113667,0.15523411,0.004246877,0.13317952,0.21160465,0.014097334,0.076247364,0.25166944,0.1314664,0.08005564
2857,0.04603623,0.02775261,0.0025080054,0.010023797,0.464852,0.19721986,0.001479816,0.6839148,0.023597537,0.032935206,0.0046489052,0.0042257523,0.02919524,0.0073269596,0.007945219,0.055314515,8.954278e-06,0.46793094,0.010147607,0.00025018654,0.0031697568,0.2022458,0.0049139927,0.0022809564
2863,0.55082417,0.41118437,0.01701311,0.022462284,0.13781393,0.2126427,0.028638719,0.19847535,0.15095136,0.20529507,0.01756116,0.05144973,0.38024983,0.018575855,0.027547626,0.18003684,0.000116250434,0.08696849,0.3027687,0.00060605234,0.012640222,0.4893976,0.06798867,0.028285306
2866,0.26597163,0.21796861,0.0644068,0.094635256,0.33639362,0.23648134,0.105691865,0.4685055,0.15347119,0.1528294,0.053578272,0.07643729,0.19860579,0.082003206,0.085443,0.13769196,0.0063282256,0.1938438,0.16777691,0.022217236,0.059710175,0.29846817,0.10299952,0.0713765
2869,0.1879541,0.17703389,0.0750736,0.10846492,0.38599706,0.21026404,0.087711915,0.49821526,0.1231212,0.111792676,0.077579185,0.08065833,0.1568608,0.092312895,0.07907662,0.14153585,0.010111967,0.22549671,0.14118624,0.03454521,0.08921301,0.27123833,0.11276892,0.08010125
2871,0.13263246,0.08229092,0.0038271477,0.010150209,0.47700232,0.23132654,0.005049581,0.43817157,0.056400742,0.08494526,0.0064767897,0.007875884,0.060556926,0.006443295,0.009279328,0.050207652,1.4025951e-05,0.20350723,0.045278072,0.00027920556,0.0054579545,0.23140974,0.009071468,0.005363876
2872,0.14615206,0.10156424,0.019288935,0.04148906,0.4648801,0.21202488,0.02030175,0.46988094,0.08399314,0.081024006,0.030846374,0.031203762,0.07094753,0.030329293,0.03256272,0.09483381,0.0005087815,0.29839537,0.07422836,0.004771066,0.027304959,0.19565995,0.038885735,0.024586445
2875,0.22778584,0.19847025,0.053175997,0.07446519,0.40662137,0.29673308,0.058560498,0.49818757,0.15001823,0.15796074,0.07050403,0.07008219,0.17231016,0.06950224,0.0681788,0.18584548,0.003480396,0.22303227,0.15265995,0.016579278,0.08360961,0.37911475,0.09387092,0.07346951
2878,0.21169803,0.22273962,0.19741778,0.21962492,0.43189618,0.25265622,0.22195655,0.4830208,0.21267872,0.20251584,0.1621854,0.17577848,0.22235517,0.22500673,0.18035235,0.19888176,0.09969626,0.2756278,0.19637947,0.14702505,0.20035842,0.25794956,0.20770931,0.17471276
2891,0.4198711,0.3301551,0.02214357,0.039667454,0.19541188,0.18668485,0.07034852,0.2892811,0.14255647,0.18833198,0.022156762,0.06728884,0.367456,0.026396735,0.029189728,0.122044675,0.00026675954,0.07334957,0.2929845,0.0017641202,0.018938277,0.37614578,0.08991217,0.03839064
2896,0.108122215,0.075105526,0.0010239303,0.0024875365,0.28715637,0.07664424,0.0030604128,0.28650954,0.032064293,0.030937418,0.0011028531,0.002029561,0.038419653,0.0019418057,0.0017591077,0.012160676,6.836879e-07,0.07009109,0.032905184,2.7474e-05,0.002382629,0.10363318,0.0032946446,0.001972787
2898,0.0124381045,0.0135249505,0.005491672,0.013251746,0.54150724,0.06320723,0.002645182,0.729022,0.018362708,0.040627033,0.0075651817,0.003670676,0.050125647,0.018377585,0.010097715,0.047193974,6.2913314e-05,0.66864,0.004567709,0.0007287918,0.0043525305,0.100397184,0.0061850743,0.0022879208
2911,0.111012064,0.09388976,0.018981548,0.030500142,0.36845487,0.14860207,0.0191581,0.45723593,0.089224204,0.08921027,0.015202178,0.019160474,0.10348576,0.035553385,0.029490419,0.07997564,0.0004914388,0.27903846,0.046123363,0.0032442943,0.01930247,0.20700207,0.024081443,0.016853223
2914,0.12700164,0.1367489,0.08319395,0.11326461,0.42964903,0.18159191,0.10635192,0.5122955,0.11861048,0.11050915,0.06636284,0.07150887,0.13134271,0.11162828,0.07752571,0.099884205,0.01753787,0.30338454,0.10129354,0.040191438,0.08120497,0.181616,0.08757009,0.06594814
2920,0.31811425,0.14303969,0.0015410535,0.002246363,0.456218,0.28986406,0.0004570893,0.17867678,0.042980053,0.09333915,0.0023599346,0.002621107,0.09638595,0.0016505354,0.005325324,0.06612826,5.917199e-07,0.09503273,0.051719632,3.3588076e-05,0.0025554432,0.39330155,0.0057722833,0.0023343184
2923,0.32125637,0.33150733,0.086851254,0.10164497,0.317544,0.20969564,0.12487357,0.35047206,0.17498037,0.19751844,0.07212136,0.114150904,0.3266122,0.08271184,0.081279226,0.155129,0.0074992017,0.15964895,0.28764474,0.022986986,0.06668319,0.31795764,0.15450718,0.09514364
2931,0.16193274,0.20044056,0.06652505,0.082542025,0.4362579,0.15412499,0.082321905,0.4381281,0.122888006,0.1252118,0.05145443,0.07202064,0.15156417,0.09048996,0.077140905,0.100863606,0.008905249,0.2120404,0.12683639,0.025921313,0.08089847,0.19482732,0.09826657,0.06615302
2946,0.24006774,0.15506366,0.022142924,0.04052304,0.36793664,0.2620828,0.038242925,0.45151535,0.11446025,0.10459172,0.032198567,0.041762672,0.12263732,0.03879453,0.036007587,0.110561155,0.0005258028,0.18486315,0.110917464,0.0041308436,0.03034101,0.3006592,0.047593072,0.030522367
2950,0.17452031,0.13829723,0.05675951,0.09554335,0.40628976,0.25393656,0.06575001,0.5516165,0.13201994,0.12319569,0.055707984,0.068446495,0.12357345,0.074411534,0.06588322,0.14565122,0.0041275066,0.25077385,0.11670221,0.023353979,0.07878309,0.2571495,0.07780748,0.057162203
2951,0.10162514,0.101381935,0.014235254,0.04084984,0.2532147,0.10742586,0.085512,0.64970565,0.06173946,0.06536514,0.027834123,0.042496793,0.11919493,0.03865466,0.020802611,0.09294027,0.0005731712,0.18665828,0.10224857,0.0032081064,0.027353596,0.18343548,0.07428115,0.022298336
2953,0.017457413,0.037001785,0.010580028,0.018506493,0.4954731,0.0671253,0.0057440866,0.6851717,0.029964704,0.04593334,0.008969816,0.0071378704,0.068100326,0.019635916,0.016894616,0.043298293,0.00019232943,0.46197674,0.010461502,0.0013632909,0.006686795,0.117546156,0.011376841,0.004652064
2958,0.073228545,0.06973211,0.023255222,0.045851734,0.41876778,0.12402564,0.043076716,0.5714203,0.053754546,0.044467703,0.020943636,0.024290608,0.05131156,0.051170453,0.027429724,0.05981247,0.0017449061,0.19190755,0.03816219,0.008090799,0.03229941,0.1211002,0.03764082,0.020966582
2961,0.082331195,0.063868515,0.0021485053,0.010544309,0.24942328,0.11395678,0.015570238,0.6360297,0.03179688,0.04532743,0.004905183,0.011443143,0.07271513,0.0063648,0.0039711664,0.053331513,5.0376048e-06,0.11713378,0.05087951,0.00011314523,0.0046684113,0.16407421,0.013423934,0.0041391756
2964,0.46208394,0.40910968,0.019392038,0.02199584,0.22705887,0.1596502,0.02769347,0.23534074,0.13686566,0.18197028,0.017198205,0.037590586,0.39014655,0.014035818,0.01965868,0.077962995,0.00016393799,0.07555675,0.25205404,0.0008471511,0.015471556,0.3518441,0.059950568,0.031607598
2967,0.28553194,0.31474966,0.09468256,0.13748991,0.3767622,0.2661344,0.16878685,0.43271533,0.26381058,0.2473586,0.105277166,0.18382369,0.24354686,0.11923165,0.1102051,0.23063873,0.015412116,0.20053324,0.26562867,0.04143365,0.14484091,0.3033489,0.17534482,0.13510205
2969,0.2503741,0.28916165,0.08614167,0.10698503,0.43609944,0.21465306,0.08452193,0.4191577,0.20209482,0.17805442,0.09484429,0.11085914,0.19103064,0.09045906,0.11160539,0.1634226,0.011803189,0.24372226,0.18809474,0.035738315,0.114403956,0.30601963,0.13161169,0.11528711
2975,0.26480916,0.25494698,0.17004961,0.17485258,0.42290083,0.36998665,0.16817136,0.5142878,0.21137097,0.20325695,0.14629494,0.15518188,0.2444211,0.18843742,0.18478894,0.2523718,0.051707994,0.25766394,0.20729013,0.10938249,0.18002667,0.396093,0.18033801,0.15346548
2976,0.09491084,0.075566046,0.0070876507,0.017727096,0.40943766,0.11857951,0.009609802,0.5054954,0.046800874,0.048685715,0.00600909,0.008695665,0.078,0.013220773,0.014856446,0.025509464,9.436116e-05,0.28461963,0.0304154,0.00088978827,0.0059061763,0.13506983,0.010953727,0.005880946
2978,0.08606565,0.068194166,0.009590577,0.026213005,0.3225735,0.14520368,0.024452902,0.62586665,0.04116534,0.04120537,0.015000482,0.016082503,0.06820188,0.02074467,0.016589185,0.0537621,0.00019246244,0.22407971,0.04445286,0.0015044909,0.014736132,0.17637679,0.021421162,0.011122077
2979,0.23473318,0.2463099,0.23152034,0.2469299,0.47248927,0.29254746,0.213144,0.49002504,0.24471413,0.22446887,0.19266813,0.18903786,0.24168357,0.2380019,0.21739258,0.23104298,0.13625263,0.3110513,0.2194867,0.18432957,0.23446181,0.28787857,0.22441459,0.19821814
2983,0.2912687,0.2583357,0.0031812703,0.017917378,0.15081142,0.12590319,0.04006366,0.38002017,0.07834695,0.0863668,0.00890613,0.035062827,0.16422403,0.008814074,0.007684756,0.06774102,1.75515e-05,0.09927222,0.18938191,0.0001401531,0.0062258807,0.24936517,0.03878219,0.01287728
2989,0.17160669,0.11624912,0.0010459212,0.0028920898,0.1439018,0.14132126,0.0044735097,0.45668143,0.041576054,0.061716776,0.0019872142,0.0062326174,0.1616044,0.0026107721,0.0038750083,0.07063048,5.1030275e-07,0.17576791,0.045766756,1.2355824e-05,0.0007418205,0.29899144,0.009063826,0.0017898226
2990,0.3486472,0.31844845,0.014596173,0.025933368,0.23621343,0.18825272,0.04407873,0.33213958,0.10293259,0.1463705,0.027460024,0.056159053,0.18348323,0.023568282,0.021891102,0.10499727,0.00017818941,0.13577104,0.21145919,0.0015638347,0.024741372,0.29360065,0.058700092,0.04002428
3004,0.28440073,0.25228527,0.13339515,0.13505709,0.35991654,0.27840167,0.16268668,0.42719916,0.1965095,0.2065659,0.100809634,0.14241067,0.28035983,0.15450299,0.118871965,0.21460478,0.021261513,0.19094889,0.2074107,0.04779697,0.1284687,0.34210604,0.17551811,0.11867849
3005,0.26028132,0.27185425,0.05068402,0.075794846,0.32622075,0.26160142,0.08872404,0.4317801,0.16857508,0.17939359,0.058664568,0.08983992,0.18775353,0.055385333,0.0672181,0.1561749,0.003513613,0.16161418,0.20552069,0.012497012,0.07517073,0.28944215,0.099991366,0.07148861
3009,0.06078524,0.051275995,0.012355222,0.024896324,0.5238266,0.11576865,0.009763456,0.58427626,0.057565037,0.04870507,0.01185991,0.008191705,0.036817577,0.024993666,0.017455008,0.028920816,0.00049181137,0.2842223,0.024807926,0.004044077,0.01745141,0.12531665,0.015871117,0.009975943
3020,0.078063145,0.08567402,0.019924475,0.034150828,0.47570208,0.1361778,0.012423498,0.5304309,0.06026978,0.075331606,0.022796609,0.020146187,0.056980796,0.029371047,0.0281478,0.056840226,0.00060706225,0.22484514,0.05045766,0.00509949,0.031760998,0.16182105,0.02785218,0.020555837
3028,0.23391053,0.18370786,0.025626076,0.051287726,0.39921984,0.22544815,0.03823819,0.5320138,0.11760664,0.107068956,0.03447284,0.038590193,0.09376402,0.057689205,0.054653503,0.12788288,0.0011504182,0.25624764,0.094350494,0.008422975,0.04966994,0.29148605,0.0698416,0.035920303
3030,0.24936596,0.26939005,0.2006955,0.21683256,0.4308813,0.2734508,0.21057703,0.4634189,0.22881384,0.22541846,0.17065237,0.18876931,0.24517949,0.19992304,0.19285868,0.22998434,0.07969577,0.2793302,0.23459718,0.13478671,0.20163919,0.3050671,0.2172233,0.1835545
3036,0.15329027,0.15395522,0.06317458,0.12766398,0.36704358,0.24535008,0.10025872,0.5674747,0.11515257,0.12521532,0.06798828,0.08486895,0.18086852,0.110180385,0.079395115,0.14131029,0.009715135,0.3146185,0.1041988,0.023091534,0.06509922,0.25678244,0.09955126,0.060843363
3040,0.20845965,0.1925943,0.0066257413,0.015417574,0.2619815,0.13487008,0.021262042,0.37619,0.06009293,0.09003662,0.012775522,0.03066808,0.15305072,0.011759249,0.015667995,0.12744698,2.9082943e-05,0.12652625,0.11658189,0.00034748606,0.008253065,0.3364919,0.04416429,0.009566132
3041,0.11984055,0.09953114,0.032034133,0.05583257,0.39671993,0.18611327,0.054669272,0.5691949,0.08405202,0.07788773,0.037703518,0.032599334,0.10335556,0.058252987,0.0420434,0.086158596,0.002740573,0.21292828,0.076370195,0.013027992,0.04831245,0.21334285,0.052997734,0.034930244
3042,0.33125967,0.20147815,0.003410381,0.01227161,0.16657595,0.13274129,0.034540914,0.5209042,0.06180497,0.07572308,0.0087561505,0.03666399,0.07738739,0.0076130605,0.005537538,0.07993724,4.897771e-06,0.079465754,0.12373161,0.00015373043,0.006878544,0.3131274,0.044183064,0.011966533
3051,0.13785654,0.07983242,0.004345106,0.012634825,0.33147314,0.20945798,0.011637557,0.45108956,0.041018393,0.060384143,0.005457206,0.012249413,0.1266348,0.007468122,0.0075922306,0.10247917,7.4830887e-06,0.1440199,0.07023416,0.00015542265,0.0044722906,0.31127456,0.014711483,0.004926743
3052,0.22403902,0.21929578,0.13465191,0.16760166,0.30593655,0.22120419,0.2417115,0.45063317,0.15940711,0.16108078,0.10896708,0.1546429,0.2582018,0.16747507,0.1119847,0.19414523,0.03455818,0.18388104,0.19328256,0.061886944,0.12413486,0.2841493,0.18788935,0.12100736
3054,0.2266218,0.25139335,0.2236293,0.23407604,0.4415389,0.27508703,0.24701217,0.47370547,0.22318852,0.22150058,0.18202256,0.19645952,0.23942165,0.23151651,0.20157932,0.22015876,0.12720929,0.29335937,0.21263903,0.16793926,0.22150923,0.27579466,0.21633214,0.1874226
3056,0.095882446,0.108341664,0.04708625,0.07810964,0.46696228,0.17189175,0.0480149,0.5572758,0.105569795,0.09062235,0.045068923,0.042984553,0.08116759,0.069918595,0.050212994,0.07950806,0.0051990766,0.25329894,0.06969469,0.017794376,0.05760332,0.15153874,0.04810907,0.03891286
3062,0.2717906,0.17991573,0.014783157,0.019790603,0.44699162,0.24136111,0.010255324,0.27276865,0.12063361,0.12368049,0.011300918,0.015792757,0.12947983,0.010129552,0.018162452,0.16156507,5.338813e-05,0.13859604,0.09136397,0.0009466125,0.017945584,0.2890982,0.026900172,0.015410134
3067,0.27433613,0.25580767,0.044123314,0.06083414,0.27449587,0.18886809,0.10942669,0.40354103,0.14176543,0.13163471,0.039497036,0.07620253,0.17304493,0.0531221,0.04278803,0.13738091,0.00149349,0.11675113,0.18998154,0.009164576,0.050008472,0.24956791,0.09078942,0.06076461
3072,0.31684887,0.25740197,0.014144684,0.031515013,0.1977331,0.25531214,0.047262963,0.5012078,0.14765452,0.11969323,0.022565426,0.05084915,0.19828357,0.018110467,0.02332397,0.15192881,0.000116243005,0.13617012,0.18706226,0.001095284,0.01823523,0.4186648,0.055052936,0.02727621
3073,0.14339866,0.13228227,0.011992516,0.02847764,0.35708547,0.15439972,0.026082102,0.5399263,0.09646068,0.10704034,0.021242995,0.024092974,0.12601526,0.025864175,0.019785656,0.123050004,0.0001647301,0.26921633,0.08064043,0.0015831889,0.020473748,0.22514714,0.035610724,0.020412257
3081,0.22384913,0.19152279,0.038889416,0.05142317,0.44010502,0.23417017,0.041692913,0.3549321,0.13250434,0.11988887,0.034971643,0.046081286,0.13411304,0.04078145,0.055276092,0.13093996,0.0017021802,0.17604014,0.11865643,0.009442393,0.046775833,0.26812628,0.05593312,0.04632309
3083,0.2714128,0.17171027,0.018748214,0.030679993,0.34337434,0.21683137,0.03313498,0.36064535,0.092844516,0.089120075,0.018620327,0.033013526,0.12353845,0.023540929,0.02820845,0.10354768,0.0002389551,0.12490245,0.13667163,0.0021721614,0.020615887,0.3104728,0.048164647,0.025651833
3086,0.03150043,0.033222374,0.017903505,0.029012006,0.3530998,0.09029593,0.010912569,0.66819274,0.040000327,0.08476579,0.014787297,0.011282797,0.15387636,0.040166214,0.034092255,0.10622909,0.00048234029,0.48511794,0.01287368,0.0024773392,0.009545783,0.17584777,0.015968207,0.0065927026
3093,0.11368818,0.14662519,0.051710438,0.09135896,0.4749768,0.16304794,0.057907004,0.5271505,0.12742595,0.11561631,0.051188316,0.060898904,0.08968508,0.08531588,0.058095172,0.091168486,0.007212198,0.283102,0.08328081,0.023841165,0.07657102,0.14605507,0.06808272,0.053469706
3097,0.16943964,0.16730836,0.07391772,0.10674662,0.40124232,0.2358951,0.08427357,0.51372117,0.13826622,0.13151155,0.0658288,0.07279839,0.16907886,0.08810626,0.07937555,0.14311865,0.008217595,0.25829417,0.12870046,0.028220817,0.079815015,0.280073,0.09878073,0.07142511
3099,0.12273388,0.11042664,0.012326883,0.030264303,0.4415928,0.21197225,0.015981311,0.5292338,0.061406214,0.056814536,0.017290879,0.020826694,0.041466035,0.019857991,0.022256725,0.066484466,0.00027715595,0.13517936,0.07642448,0.0027423222,0.0296371,0.18677366,0.027901078,0.020890439
3104,0.07839653,0.059437163,0.0065619135,0.020973705,0.5852654,0.1404342,0.0058037564,0.6055645,0.048097916,0.06238413,0.013139881,0.009312753,0.029991373,0.016520612,0.015578849,0.038213383,0.000105501065,0.27395886,0.023426173,0.001253989,0.017303199,0.13677338,0.012430252,0.008379348
3108,0.34463364,0.24768758,0.043692738,0.04921449,0.3555693,0.29592568,0.03704671,0.30498886,0.11435309,0.15267889,0.034436565,0.044885628,0.2379977,0.038154908,0.054440506,0.1335527,0.0011140587,0.10754927,0.20250916,0.0062944726,0.041009597,0.35735115,0.0743565,0.038590245
3112,0.20699702,0.13788827,0.0040581794,0.0065421956,0.4793111,0.15748236,0.0026589613,0.16510916,0.028539743,0.0662155,0.0023532351,0.0051239803,0.12402838,0.0042537465,0.0077325744,0.021945214,7.377903e-06,0.10525599,0.0484292,0.00018976664,0.0025333301,0.21718967,0.009433144,0.0051181493
3116,0.19453223,0.2000177,0.12879959,0.15024367,0.42580703,0.21850993,0.11992761,0.48962986,0.16612007,0.15528171,0.11233057,0.105750956,0.18657684,0.15010004,0.13842283,0.14450178,0.039959475,0.26341924,0.16031072,0.081836216,0.13820045,0.25804287,0.14796995,0.11634814
3117,0.1353495,0.14615987,0.045667477,0.08496789,0.37944588,0.15624909,0.10293803,0.46675628,0.122832365,0.106143974,0.04292192,0.05809234,0.13072841,0.07276756,0.058896646,0.10025993,0.0047802767,0.20042902,0.11139403,0.014643812,0.049573354,0.16576277,0.06812482,0.0478058
3119,0.09140479,0.06690811,0.016253678,0.049167186,0.36340088,0.16286197,0.027541738,0.66584325,0.05167213,0.059236296,0.02079129,0.0251028,0.055285625,0.03190032,0.018612523,0.07630758,0.0005262565,0.25188813,0.038558133,0.0041942038,0.029108655,0.15569344,0.033757336,0.019347072
3124,0.21337117,0.22705093,0.021112781,0.03218022,0.31531033,0.13368042,0.038521443,0.30114886,0.08500333,0.10054097,0.019699128,0.032948807,0.1929615,0.030987885,0.032089233,0.068017416,0.0005425424,0.14857055,0.13472489,0.0035956143,0.021047086,0.20558377,0.052953035,0.029266583
3134,0.36652198,0.30741024,0.014766076,0.02118654,0.2861888,0.17615287,0.029689187,0.32588503,0.13690832,0.17503577,0.023659134,0.041130975,0.19680668,0.0259156,0.023564856,0.101226486,0.00015641654,0.13452305,0.19895932,0.0012456119,0.025062876,0.3437882,0.05873341,0.030764315
3137,0.22561325,0.23385878,0.049313735,0.07915899,0.29658157,0.17515875,0.10884891,0.4403461,0.10841089,0.12312423,0.03949641,0.079268746,0.17318209,0.06646968,0.052094728,0.10885068,0.0037696753,0.14963712,0.15189011,0.013318673,0.058218,0.22061004,0.09260253,0.057806972
3138,0.18559438,0.1882647,0.02255703,0.025643665,0.45600832,0.14150552,0.02311018,0.32335195,0.090895705,0.07801755,0.014343688,0.023190396,0.10274288,0.020899804,0.032639682,0.056325413,0.0005233597,0.13151304,0.093580514,0.003928611,0.022223042,0.19501866,0.03739632,0.02292893
3141,0.0826746,0.048156854,0.0009635492,0.0018121982,0.5094471,0.19270681,0.0006810806,0.60458493,0.020201119,0.018052282,0.0011840351,0.0016879569,0.029177973,0.0011723622,0.0025931112,0.03000707,3.158734e-07,0.12116027,0.017652804,1.62572e-05,0.0021764839,0.2884605,0.0032947243,0.0010359313
3144,0.18306874,0.24454895,0.020796645,0.035058964,0.43357596,0.18581192,0.072921924,0.4427167,0.18151134,0.14963496,0.03557217,0.066920325,0.123956196,0.034512654,0.031390212,0.18346693,0.0004177667,0.19339778,0.15685064,0.0038489813,0.056248724,0.1766863,0.05958138,0.039239064
3147,0.24490193,0.22068237,0.115264595,0.12895636,0.45831752,0.29083258,0.1342257,0.46727824,0.18519321,0.16509081,0.09180986,0.11438973,0.19977199,0.10821318,0.12103962,0.18272501,0.014421071,0.23251761,0.19206077,0.051163044,0.13084288,0.33543038,0.12848432,0.11185005
3152,0.1274229,0.15224522,0.07954021,0.10433119,0.42750865,0.1522017,0.099104136,0.4975336,0.120833896,0.103755,0.061497796,0.08137613,0.12650219,0.106954925,0.091212474,0.12176257,0.014204146,0.24050272,0.11124052,0.037604243,0.09904208,0.17976013,0.095616005,0.06318199
3155,0.14847986,0.15233925,0.064823985,0.08820928,0.3404066,0.18653947,0.10854073,0.49479556,0.10641102,0.09756975,0.063648716,0.074292526,0.1779122,0.09101059,0.06185917,0.13072093,0.0075620175,0.20701636,0.14631066,0.024567453,0.06746019,0.2616556,0.108863994,0.06260005
3157,0.06347766,0.050989687,0.010695792,0.027919842,0.51192427,0.13619766,0.015948873,0.6703488,0.048894294,0.04796496,0.014816391,0.015003484,0.05618086,0.030969383,0.02463655,0.0806523,0.0003024865,0.36531153,0.02454114,0.0027686357,0.017470093,0.16434267,0.023697503,0.010982015
3162,0.20438892,0.18409956,0.06778794,0.08796557,0.40111372,0.23465584,0.08689965,0.53565896,0.16318177,0.15967406,0.060567446,0.07600955,0.13784884,0.09313999,0.070351206,0.13862184,0.0077094603,0.24631728,0.137452,0.027480183,0.103376314,0.23199484,0.095874265,0.07794266
3167,0.18648046,0.14391287,0.013635187,0.024158694,0.24006304,0.15520783,0.03204986,0.42083466,0.07065721,0.08888109,0.015735352,0.031444497,0.18600598,0.018924734,0.019647237,0.0962209,0.00015296541,0.1230148,0.114058726,0.0012533554,0.015388262,0.2634846,0.041328162,0.018008051
3170,0.15029407,0.17253913,0.13676636,0.14864855,0.471441,0.2033206,0.1588998,0.50870895,0.15344036,0.14121166,0.11222331,0.11194821,0.16295707,0.16605347,0.11750785,0.1507865,0.04288866,0.25784644,0.14653917,0.09135867,0.15214396,0.21608779,0.13867715,0.11357738
3171,0.1534191,0.16090849,0.05187477,0.07219224,0.35400656,0.20664988,0.07512912,0.52892566,0.11394556,0.10637978,0.047573373,0.0563611,0.16077612,0.06721901,0.053781234,0.09889786,0.0044814735,0.23319872,0.11281743,0.015231425,0.05365755,0.25415882,0.069327414,0.050886188
3173,0.12706397,0.13291292,0.06882652,0.08825431,0.45842844,0.19160289,0.05961235,0.52353394,0.13866778,0.14987424,0.06543323,0.060310196,0.1642382,0.09878615,0.0765728,0.15836729,0.007809775,0.35865813,0.084297076,0.026234169,0.07163518,0.2576702,0.076740846,0.053600222
3174,0.2923818,0.28546762,0.17078678,0.19703656,0.39106345,0.28018925,0.20982361,0.4585095,0.21223967,0.2009423,0.15222839,0.18059294,0.24155532,0.19394672,0.1779272,0.21514583,0.059730537,0.23215854,0.23029207,0.12004479,0.18149464,0.32099652,0.20730405,0.18154804
3175,0.28805786,0.27553737,0.049102098,0.07721444,0.28125373,0.23805071,0.11384446,0.41132912,0.18685149,0.2023151,0.048385315,0.09805094,0.27503735,0.07779283,0.05865081,0.1681502,0.002560053,0.1597822,0.20960441,0.009015924,0.06481388,0.33723435,0.09666604,0.06855791
3177,0.049395435,0.048924297,0.01515211,0.034205392,0.58039063,0.08708574,0.016946157,0.6085912,0.053538587,0.037967186,0.01799537,0.015718192,0.044976667,0.03831138,0.028353412,0.042394325,0.001216752,0.3770288,0.025598275,0.0063537,0.025757432,0.09970858,0.024314098,0.013168733
3178,0.05363395,0.02590287,0.0013524856,0.008138801,0.34397757,0.109329306,0.0039604506,0.7323066,0.015370284,0.01578351,0.0023443028,0.0030383854,0.0214462,0.004390887,0.0030354562,0.026684612,2.7044734e-06,0.24944612,0.012057204,0.00010600195,0.0020732214,0.11985259,0.0047419625,0.0021545219
3179,0.17134431,0.17645292,0.09058795,0.13998644,0.3797922,0.1944629,0.16976364,0.47536597,0.16077007,0.129114,0.08122771,0.10348921,0.17174646,0.12454117,0.08324556,0.15601385,0.018045323,0.24380921,0.145151,0.04347955,0.1163671,0.21704133,0.13436046,0.093890935
3186,0.040640425,0.04453755,0.004970252,0.016366929,0.47703266,0.065582335,0.008346119,0.58609116,0.0319455,0.035641957,0.008862068,0.00898196,0.04660787,0.016082685,0.008658327,0.03843901,6.752396e-05,0.3980591,0.022981767,0.0009629444,0.010700172,0.10086155,0.01538021,0.006603073
3191,0.18152542,0.19693057,0.094515644,0.11573012,0.4356113,0.19085233,0.08275676,0.47672033,0.16858146,0.18134889,0.08707964,0.09660414,0.18073672,0.120524496,0.116199814,0.14721125,0.016240446,0.32301992,0.12561108,0.03861159,0.08534269,0.2513402,0.11135664,0.0798549
3192,0.275241,0.2750429,0.050669316,0.07658778,0.3436846,0.210389,0.08947548,0.3984582,0.17570521,0.17213093,0.050560888,0.07419874,0.18845211,0.05813306,0.057477016,0.1571315,0.0026252952,0.1477982,0.19027628,0.01217922,0.06628005,0.28400365,0.100589275,0.06544925
3198,0.018941876,0.012179048,0.0006761067,0.00427645,0.554561,0.06668941,0.0019383896,0.766881,0.014185823,0.014440488,0.0018161901,0.0021085124,0.017180057,0.004276366,0.0037268822,0.043669373,1.4130699e-06,0.3514363,0.0070525366,6.5842105e-05,0.0022276994,0.113845944,0.004428258,0.0010720477
3200,0.0872818,0.09464114,0.009377677,0.039614804,0.19095327,0.13718171,0.11245779,0.61809766,0.044784855,0.06539205,0.017424054,0.05024383,0.08771716,0.031338483,0.012423059,0.07741036,0.00023615093,0.09463712,0.07531674,0.0012152942,0.018792437,0.14466842,0.03942607,0.015149107
3211,0.12304288,0.09895134,0.016214246,0.033070132,0.35524893,0.11071536,0.026252959,0.41742548,0.07261522,0.08762955,0.018188205,0.02379723,0.14005657,0.02494678,0.028138671,0.13323644,0.00032467817,0.22252426,0.067548834,0.001771312,0.015922207,0.22708127,0.04143474,0.014917122
3216,0.035320133,0.018959623,0.0005314706,0.0040030414,0.25206256,0.070048,0.0020065007,0.7036013,0.015265995,0.0239673,0.0013913031,0.0017626146,0.04983279,0.002981101,0.0025018346,0.04355976,5.0910114e-07,0.39060426,0.0070958207,1.9740943e-05,0.00070810417,0.16560936,0.003507264,0.0005070224
3220,0.09283693,0.07126132,0.022349827,0.04490995,0.48701647,0.1901306,0.021324035,0.66017294,0.07417935,0.06661357,0.025444185,0.02223812,0.054716345,0.040319014,0.040727325,0.07677944,0.0010566737,0.2884098,0.040747717,0.007419557,0.031675737,0.19013035,0.034472045,0.022783626
3223,0.2042508,0.21748276,0.05593399,0.07728242,0.36079666,0.14896122,0.07274093,0.41464862,0.13454199,0.13252674,0.054001566,0.06764893,0.14425273,0.07234273,0.053965982,0.096701205,0.0046089967,0.16532087,0.1418882,0.0152723985,0.058731407,0.24982797,0.09775746,0.06943495
3224,0.15586926,0.18694654,0.045086164,0.082129054,0.4053714,0.17396878,0.07312894,0.432215,0.15090555,0.1488366,0.046427708,0.06940201,0.15794636,0.061118193,0.04339167,0.11967377,0.0023079321,0.24292272,0.13690904,0.0109596485,0.06097439,0.20038062,0.07687588,0.057076834
3225,0.144396,0.15995257,0.062214028,0.0716689,0.49872494,0.19136634,0.052286614,0.50473064,0.12013479,0.14677459,0.057947665,0.05155668,0.16942415,0.08634161,0.076246165,0.12741388,0.0057796496,0.35797638,0.087955475,0.023548182,0.057287693,0.27104154,0.06782703,0.054712288
3227,0.40403637,0.24250822,0.03239808,0.063709214,0.24008124,0.34534356,0.05567893,0.4623307,0.1556727,0.1571622,0.045662507,0.063212246,0.27298447,0.05005872,0.059558284,0.19506831,0.00069022266,0.18309423,0.20293379,0.004478973,0.026946127,0.46047136,0.07503587,0.04531356
3228,0.110523745,0.086997524,0.013260347,0.031625707,0.48504105,0.20936489,0.010132162,0.53373826,0.07519284,0.086348444,0.02621025,0.022124356,0.07379404,0.025317667,0.031126702,0.10544815,0.0002243229,0.36683697,0.05596901,0.0024162254,0.01771986,0.29189852,0.029304653,0.013783406
3230,0.23105207,0.23370844,0.15331575,0.18825734,0.3886333,0.22841957,0.18525374,0.46067747,0.19557798,0.1908871,0.13805343,0.14786987,0.22767033,0.1962487,0.14634661,0.20748971,0.05807524,0.25798818,0.2019851,0.10303652,0.16773738,0.2690989,0.19494599,0.14609617
3236,0.07755989,0.091067456,0.010261457,0.017823217,0.40464208,0.07187561,0.013784878,0.36667025,0.057163343,0.066082165,0.010161952,0.015865823,0.080964185,0.021461478,0.01974616,0.077216774,0.00016529951,0.22424324,0.04499372,0.0012177385,0.02117062,0.14897738,0.026217679,0.010313405
3237,0.15020391,0.09395692,0.013920407,0.03068137,0.42371714,0.19116,0.021186246,0.47860023,0.05955531,0.061330516,0.019283827,0.020538153,0.07882789,0.021821003,0.022957068,0.097025484,0.0001809515,0.20895483,0.07040361,0.0021511076,0.017544962,0.22954889,0.027810998,0.016046913
3239,0.10466663,0.096785,0.02492354,0.036158748,0.45198816,0.15589024,0.03175426,0.4697801,0.05758114,0.05381118,0.025577094,0.026388284,0.097960785,0.034606066,0.040451795,0.08848528,0.0010651271,0.22443354,0.074758865,0.006106006,0.030674372,0.1986234,0.048216492,0.024705982
3241,0.09825277,0.051696025,0.0010474424,0.007946503,0.25103307,0.17933361,0.005411408,0.7214334,0.029088534,0.028212551,0.0039187158,0.0036604395,0.07585596,0.0033843266,0.005434196,0.088441946,1.51247e-06,0.17576174,0.027171236,5.898425e-05,0.0022276295,0.36802456,0.0068697287,0.0019344857
3242,0.12856865,0.07324368,0.0038479557,0.013166391,0.4231294,0.23615819,0.006970423,0.5681776,0.057392087,0.07354741,0.0077071115,0.012104821,0.052101225,0.007978052,0.0093998425,0.15601704,8.935971e-06,0.15755844,0.042889442,0.0002742454,0.013039567,0.2355466,0.015410488,0.0062310486
3243,0.18279469,0.17902185,0.08991044,0.13631131,0.31474206,0.18693388,0.25286168,0.4880737,0.13870402,0.14087833,0.079285525,0.11736678,0.1948513,0.15301971,0.087734036,0.16594242,0.01726972,0.17490305,0.17570697,0.042367868,0.10552025,0.20669435,0.12858416,0.090370186
3249,0.114210665,0.13078442,0.045445807,0.061374735,0.5000992,0.16824913,0.03268147,0.4564285,0.09536188,0.10773423,0.032431886,0.03679185,0.15463491,0.055002388,0.06687999,0.09567905,0.003543352,0.28796458,0.064859994,0.013746968,0.036565784,0.19954169,0.051179968,0.03293711
3253,0.20469405,0.25093028,0.12848099,0.13773957,0.3816056,0.21124242,0.20589651,0.4380543,0.17365876,0.17603241,0.101105064,0.15357919,0.19224276,0.14615855,0.11067496,0.16655426,0.029362915,0.2064682,0.19587833,0.06064373,0.14317897,0.2116102,0.14980672,0.132474
3259,0.19529316,0.21100265,0.1883891,0.19929454,0.44295713,0.24295086,0.19273831,0.47528833,0.19647901,0.18101536,0.14737731,0.15237448,0.22045629,0.20133479,0.176054,0.18143776,0.0952709,0.26705843,0.17232037,0.13660319,0.18737775,0.2589173,0.17182176,0.1557515
3266,0.40613958,0.22215223,0.019550463,0.054380827,0.14150925,0.25954908,0.1817059,0.4142288,0.10809909,0.12105629,0.024972156,0.07117617,0.35792586,0.033737097,0.029185526,0.2072896,0.00022606376,0.073370785,0.25936544,0.0016569028,0.018234683,0.42899147,0.089510135,0.03096916
3267,0.10077724,0.11999246,0.047559526,0.08808874,0.4188848,0.16015773,0.076093584,0.5749843,0.101307414,0.10120981,0.05076738,0.056055102,0.10792371,0.07728865,0.052629124,0.10549629,0.0062708,0.23048337,0.091657385,0.020314695,0.07677451,0.15271094,0.070237555,0.04632338
3270,0.036965534,0.022723587,0.0006159991,0.005483912,0.5387853,0.18271789,0.0007377196,0.81744224,0.013385379,0.0241982,0.0030851453,0.002990943,0.015844699,0.0031671647,0.0045170193,0.044861533,7.1797564e-07,0.49971077,0.007306692,5.7480378e-05,0.0018725608,0.24573113,0.0041221827,0.0009945532
3271,0.3355268,0.27192008,0.012179238,0.024380725,0.3348171,0.29071575,0.01600771,0.42616367,0.15069228,0.14151475,0.0259263,0.03356188,0.123082094,0.014472247,0.020658277,0.1420034,7.328866e-05,0.12993596,0.15635324,0.0013740453,0.023062844,0.34445128,0.03811507,0.026322566
3273,0.07885732,0.09152883,0.03005209,0.07112072,0.40731978,0.12183208,0.06503699,0.56388867,0.07248504,0.059838288,0.03486882,0.047307692,0.08824599,0.059794072,0.03907304,0.07994471,0.0028435278,0.28807315,0.06626174,0.010082275,0.046152357,0.1319826,0.05728773,0.03088119
3276,0.2174906,0.1911865,0.013438416,0.02765161,0.3108173,0.18720956,0.018177828,0.42424753,0.079566196,0.13379067,0.01510822,0.028236788,0.23093851,0.022185579,0.035267137,0.098091334,0.00022661948,0.20406084,0.08445094,0.0014976271,0.012598271,0.36105716,0.038368125,0.014919554
3285,0.17430122,0.10062517,0.0032085257,0.014462539,0.21777593,0.1263684,0.028004827,0.5971332,0.050644867,0.05429966,0.006275963,0.014155381,0.08588304,0.008831818,0.0065710093,0.060364895,1.0213279e-05,0.10879729,0.093319915,0.0002487554,0.0070572095,0.21057911,0.02272545,0.00844238
3291,0.12390658,0.08457036,0.022840006,0.05564002,0.2960928,0.2063514,0.047256313,0.6471101,0.07362229,0.088011354,0.027630989,0.04070465,0.11496255,0.048948705,0.040635128,0.14338061,0.0007735364,0.26023495,0.058630295,0.004740639,0.025927039,0.25016877,0.04612017,0.021155901
3292,0.10606429,0.08367629,0.042768974,0.06329189,0.53360504,0.25909403,0.024704473,0.6381831,0.10473905,0.108002886,0.056567855,0.038059577,0.07822541,0.068168975,0.066622354,0.11854736,0.0033431277,0.3906444,0.04644654,0.016271804,0.052205883,0.25750422,0.04408321,0.029094784
3294,0.06079175,0.05007884,0.0057605417,0.016262699,0.40230212,0.12996289,0.007694592,0.6043788,0.045660943,0.04666787,0.0067713633,0.0077242516,0.03306904,0.015500396,0.010588044,0.032522533,8.807519e-05,0.23793872,0.018974062,0.000810833,0.010432418,0.099364884,0.00815243,0.006307364
3300,0.30278736,0.30913714,0.14844468,0.15581839,0.421176,0.28617296,0.16684453,0.45203876,0.22314976,0.2322309,0.1297317,0.17144638,0.26973286,0.15930937,0.16088279,0.21160567,0.03336638,0.23548518,0.24648272,0.07173906,0.15750718,0.34983596,0.2018898,0.15645272
3302,0.07252572,0.05012347,0.009726405,0.02241878,0.5803461,0.15242086,0.0061103688,0.5635073,0.049045052,0.0452365,0.012465263,0.009421855,0.0440014,0.026949152,0.021063097,0.058935005,0.00017666766,0.3653687,0.018561572,0.0017192862,0.0152410185,0.20789677,0.019320041,0.009499473
3304,0.18088825,0.10684089,0.015548479,0.028279612,0.46995354,0.23698528,0.024798345,0.54474485,0.08545045,0.071877524,0.027203495,0.028840855,0.06266769,0.028781086,0.04680321,0.09719126,0.00048108096,0.2771436,0.060081534,0.0044884356,0.032938264,0.2803191,0.043087263,0.02191724
3310,0.01974118,0.023771353,0.00012561114,0.00078963046,0.49098247,0.016278414,0.0005429747,0.48876795,0.0035623414,0.0028564935,0.00021295575,0.0003679407,0.007267272,0.0012281928,0.0005563892,0.007188427,5.1064493e-08,0.10264097,0.005922765,7.5141324e-06,0.00048392772,0.025708875,0.0014498984,0.0003374757
3311,0.15941653,0.17143558,0.12241055,0.15444936,0.44190338,0.21459357,0.15789561,0.4872409,0.14605102,0.14500755,0.09921139,0.12137137,0.1867438,0.16188064,0.11815829,0.15017271,0.03439586,0.25760064,0.14504361,0.07644848,0.12830491,0.20917916,0.1287013,0.10616596
3321,0.22149418,0.14612731,0.04966499,0.0758371,0.4348968,0.3048862,0.041036963,0.53301835,0.123278745,0.14136678,0.06251644,0.05728658,0.1551848,0.06858098,0.07513304,0.17565146,0.0033998436,0.36297765,0.103171825,0.015289459,0.06173326,0.35101828,0.071117915,0.048673
3323,0.23714335,0.20244606,0.0057156305,0.017347418,0.314787,0.24443786,0.01652631,0.50493354,0.076805085,0.102575965,0.011577025,0.024323858,0.08928614,0.010813719,0.01377911,0.11924474,1.9026233e-05,0.13535716,0.105166525,0.00048780226,0.011874487,0.29328418,0.019193213,0.013304043
3324,0.10113412,0.101422474,0.018021211,0.04389042,0.35702923,0.15268679,0.03528617,0.57930064,0.060121723,0.071656786,0.021792497,0.03285745,0.07408624,0.034813404,0.020007677,0.06857704,0.00053236703,0.20142244,0.059613936,0.0039250245,0.03196162,0.13705994,0.03502766,0.024927745
3327,0.16257653,0.1504614,0.02421525,0.05256858,0.38429666,0.20926964,0.035617307,0.51396567,0.09063529,0.09668706,0.037904147,0.03855325,0.10706429,0.034996722,0.041740935,0.09985375,0.0013453222,0.1779576,0.08528589,0.0066742683,0.04028029,0.2495452,0.054596763,0.03519723
3330,0.1626778,0.1918696,0.09774833,0.12990274,0.38405085,0.20391583,0.15872571,0.48924917,0.15851332,0.1377344,0.073990606,0.1039773,0.17330623,0.12232688,0.08634279,0.12665185,0.01959369,0.18806045,0.15029867,0.046912413,0.10495483,0.22312924,0.11273644,0.09338905
3331,0.19555016,0.18417329,0.08353953,0.14486457,0.44413406,0.24037474,0.11477384,0.56379074,0.17419513,0.16948591,0.100315735,0.10752419,0.16619243,0.12653972,0.10308329,0.1862128,0.013719009,0.2935817,0.1628273,0.046237256,0.1241075,0.26212135,0.12718935,0.09347015
3335,0.23460814,0.23081039,0.079047464,0.08027488,0.3592213,0.21105587,0.10547305,0.39358747,0.15204817,0.16583255,0.04969053,0.074478224,0.20374298,0.08337738,0.0689521,0.10858167,0.006146697,0.14304833,0.17091957,0.024305465,0.07080237,0.25136018,0.08790376,0.07348082
3342,0.0654115,0.041868504,0.0017110677,0.0063503208,0.4467339,0.25842223,0.002592543,0.7695084,0.03903928,0.044899747,0.0072942413,0.0051849596,0.035976306,0.0067070993,0.007899956,0.16243689,2.6561665e-06,0.43125382,0.020844815,0.00010335786,0.0049456223,0.3379603,0.0077870325,0.0030536668
3343,0.056711093,0.036622737,0.0033973434,0.011947356,0.46612245,0.21782401,0.003351009,0.7453488,0.031921104,0.06537208,0.0095864795,0.007108443,0.042079683,0.013486927,0.010202013,0.1322488,1.0960678e-05,0.5723223,0.011899017,0.00026628384,0.006721998,0.29345137,0.009217836,0.0041757845
3345,0.054652195,0.048600964,0.00011921965,0.0007955441,0.47660238,0.09425251,0.0002103924,0.45261127,0.01537024,0.029670743,0.0006652235,0.0013338394,0.013455881,0.0008383626,0.0008079573,0.033052325,9.699303e-09,0.27318832,0.015007987,1.4406008e-06,0.0006965346,0.18982701,0.0014551677,0.00042875065
3348,0.17347015,0.1467163,0.026632622,0.06099312,0.31138733,0.17777583,0.10699517,0.5454954,0.08494092,0.08145674,0.037094716,0.06450212,0.1755303,0.05359738,0.033955865,0.12936169,0.000983747,0.22600889,0.14923932,0.0062451405,0.031351138,0.28527296,0.08891247,0.038806606
3354,0.10727271,0.11607741,0.05995469,0.07811551,0.5213976,0.20726244,0.049351342,0.5853791,0.096633285,0.10221286,0.04710476,0.054396544,0.09815276,0.08373335,0.06722444,0.106891274,0.0075657144,0.26814142,0.074079715,0.031020734,0.09024296,0.17750421,0.071890876,0.048430167
3356,0.12597862,0.10429706,0.027994856,0.053547457,0.5145886,0.20465583,0.019977456,0.5319524,0.076929025,0.08243915,0.030232357,0.029214358,0.06946854,0.033476457,0.034431454,0.095850326,0.00094620214,0.25269142,0.053486306,0.0077446243,0.04752858,0.21544175,0.037425604,0.028214801
3361,0.049451932,0.054386795,0.001377909,0.0046684733,0.5397852,0.111072004,0.0021651767,0.6039578,0.031279437,0.041454684,0.0027122705,0.0049384404,0.032010067,0.00433187,0.0047357013,0.074261785,1.2716763e-06,0.21010585,0.025289008,7.7543205e-05,0.003960093,0.14185694,0.007793653,0.0018595771
3363,0.24976906,0.27195072,0.17972423,0.17869174,0.42310378,0.24761401,0.19503842,0.47042462,0.21763639,0.20947616,0.14837067,0.15565841,0.23990291,0.19218302,0.17767173,0.19219135,0.06460633,0.23380388,0.23459709,0.116454676,0.18863787,0.2929722,0.19050892,0.17947976
3368,0.08020946,0.062231254,0.009279789,0.02268563,0.20879008,0.13262841,0.010751059,0.4806011,0.04495891,0.0921239,0.009312303,0.011226376,0.24498035,0.020008862,0.01594767,0.120812856,6.419068e-05,0.37499082,0.03113858,0.000426052,0.0039964807,0.34844264,0.0147300325,0.00619505
3373,0.17336573,0.17704666,0.121297285,0.15107632,0.52200115,0.2545606,0.10328766,0.49856108,0.171236,0.16751558,0.101753935,0.10584487,0.15245762,0.1434921,0.122168824,0.14364582,0.033958435,0.30721086,0.13309136,0.07505965,0.14394034,0.23769724,0.12715103,0.11177724
3374,0.15639494,0.17743348,0.12346007,0.15397972,0.40759325,0.20610288,0.15175124,0.5089549,0.14312734,0.1297389,0.09336753,0.107183285,0.18566957,0.15405984,0.1069083,0.1564434,0.037397195,0.2587688,0.13235569,0.07118021,0.1153823,0.22661774,0.13089415,0.10883713
3376,0.15633373,0.116639525,0.015442754,0.034145214,0.46385592,0.1868067,0.016145296,0.51715064,0.07712696,0.07298513,0.024716513,0.023006817,0.058467653,0.026014183,0.03477364,0.07660868,0.00038572407,0.248432,0.05940826,0.002867219,0.02851546,0.21010455,0.028580045,0.019674549
3380,0.0051499233,0.004111448,5.170341e-05,0.00044385667,0.38022897,0.02356197,0.00015462635,0.71449584,0.004575883,0.008935551,0.00022747023,0.00031912755,0.013275742,0.0005243626,0.00039499617,0.029204493,2.898162e-09,0.5559994,0.0014584431,3.0454171e-07,9.011973e-05,0.09437401,0.00077895215,5.732005e-05
3384,0.15720077,0.13660066,0.06304668,0.12062255,0.30459687,0.18108778,0.18837078,0.5402038,0.10676933,0.115251996,0.054344106,0.08843327,0.1730877,0.10080471,0.05498572,0.13242845,0.0077734576,0.16898306,0.13454494,0.022137567,0.06710995,0.22232963,0.09618981,0.059930827
3385,0.08148374,0.08199078,0.0034918496,0.006353457,0.58545554,0.1144492,0.0025370282,0.35781094,0.060610656,0.07958272,0.0046797115,0.0056641367,0.0642749,0.0058862036,0.011180056,0.04628058,1.352141e-05,0.3192079,0.025200576,0.00027148236,0.005078098,0.15437901,0.009667564,0.003928449
3389,0.12767386,0.14894703,0.06267225,0.069183365,0.4714789,0.19304614,0.04205714,0.46533066,0.12908983,0.1469529,0.059952017,0.06136655,0.16946006,0.09712287,0.09384628,0.16657716,0.0061548413,0.33267966,0.08872076,0.021585355,0.06637446,0.29704636,0.08649713,0.054850463
3390,0.32386655,0.27567968,0.056238968,0.0715221,0.39541137,0.27116796,0.057153065,0.3523617,0.17488238,0.16417548,0.051884163,0.07153191,0.18602513,0.055349633,0.07517051,0.1913578,0.0027175753,0.19813527,0.2115203,0.013588265,0.073467016,0.35855725,0.10755793,0.072335795
3391,0.11179052,0.026857201,1.153436e-05,7.455787e-05,0.34895405,0.25978664,4.7712692e-06,0.40331516,0.010853884,0.015795233,0.00018345893,8.954723e-05,0.017935602,3.248023e-05,0.00024143275,0.04268892,2.7792596e-11,0.21605258,0.004627442,1.568696e-08,2.291022e-05,0.6169569,9.5917385e-05,2.5641033e-05
3394,0.16717602,0.160512,0.005907901,0.0122281015,0.3741716,0.09721681,0.011499371,0.27850404,0.0793836,0.07650372,0.0067517906,0.015285411,0.09449795,0.009045428,0.009619564,0.03365014,3.1005966e-05,0.08666466,0.08391231,0.00053283735,0.008545384,0.21291903,0.018215636,0.013388129
3402,0.171571,0.17255908,0.10577547,0.12628981,0.4453289,0.22964196,0.09432406,0.5188787,0.14865917,0.14402658,0.09147061,0.08589192,0.13516048,0.12852608,0.11054957,0.13213429,0.027616572,0.24979113,0.11842053,0.066003546,0.12090229,0.2273894,0.11523747,0.09103349
3414,0.23467556,0.21798973,0.06874603,0.08173412,0.4351454,0.23700622,0.06938008,0.41482246,0.14855772,0.1492088,0.058367837,0.07392718,0.17979856,0.07353114,0.08236362,0.12751934,0.0060238675,0.22991721,0.15667875,0.022189578,0.06727819,0.2577855,0.10027585,0.0658971
3415,0.063168555,0.03869663,0.00031743312,0.0021825337,0.5058304,0.12027062,0.00095263595,0.59620297,0.023430713,0.03007872,0.0015178199,0.0020161527,0.019002965,0.001729821,0.0024529314,0.04705976,1.4904847e-07,0.33197626,0.022066424,1.2733284e-05,0.0012428304,0.15372336,0.00406677,0.00093604205
3417,0.35105598,0.23252323,0.0024463898,0.0042900713,0.28545576,0.20447133,0.0026582063,0.26148874,0.04557173,0.112552404,0.0048239133,0.007708147,0.22583318,0.0030210447,0.008208124,0.118887715,2.0892246e-06,0.07958804,0.09420381,5.33257e-05,0.003204042,0.5000043,0.015488555,0.00500209
3419,0.22302155,0.14872453,0.005443757,0.01213831,0.30192545,0.14780688,0.009757617,0.44136563,0.06250239,0.09874606,0.009267111,0.015603,0.06699389,0.009140075,0.009459062,0.08251219,1.7902325e-05,0.08751589,0.085451715,0.00042944803,0.013599179,0.2234105,0.028122142,0.009072073
3420,0.21966611,0.19803616,0.12620027,0.13779457,0.4316086,0.28813145,0.13849479,0.5085951,0.1613995,0.16800214,0.10662027,0.11292965,0.21000996,0.14694546,0.1324049,0.18488339,0.028840702,0.27498358,0.16011818,0.06447433,0.12871978,0.29718313,0.12774944,0.11053026
3426,0.12973753,0.12334682,0.0379688,0.06852088,0.37782902,0.14358856,0.07385106,0.54146016,0.091580115,0.08544121,0.037500452,0.048942845,0.12106425,0.07195378,0.046590604,0.10453285,0.0027433254,0.23684762,0.09067265,0.014152055,0.0506085,0.192818,0.06563561,0.04211352
3427,0.33883503,0.17026842,0.0047224597,0.0069259047,0.26129544,0.2674028,0.0032048905,0.3496788,0.057103172,0.095802814,0.005816088,0.0078201825,0.19144955,0.00517794,0.0121941315,0.08015596,9.456372e-06,0.097491354,0.06477178,0.00014679643,0.0034996367,0.46793625,0.0138902115,0.0061730277
3430,0.24199024,0.22783427,0.10741809,0.11630573,0.36285648,0.2315658,0.15710883,0.46225592,0.14604397,0.14913435,0.0808274,0.10805113,0.21121673,0.14554654,0.1041371,0.16714396,0.017433194,0.18395732,0.18144765,0.04369726,0.11469628,0.2907946,0.13818498,0.0877995
3431,0.15343547,0.15423006,0.10877665,0.13559125,0.41017583,0.21624838,0.13631286,0.51984346,0.13441879,0.123147175,0.08596786,0.09855865,0.17004064,0.12198274,0.09645387,0.15113278,0.0219212,0.21967016,0.14227578,0.054792717,0.11762518,0.2586144,0.123680525,0.093821205
3432,0.10724297,0.12096365,0.016290521,0.029667497,0.47845942,0.13567425,0.022590972,0.48071733,0.08465618,0.08152822,0.01601599,0.02601177,0.07570845,0.025007777,0.026345516,0.06212676,0.00039092102,0.21209405,0.056753244,0.0031892022,0.026689375,0.16991055,0.030253729,0.020366425
3436,0.35530832,0.2565248,0.038226455,0.075280376,0.18870863,0.26361847,0.16743016,0.42602137,0.14646398,0.15589137,0.04289112,0.107118726,0.30172485,0.05763153,0.042124163,0.20690481,0.0013079111,0.103367075,0.27115345,0.004950478,0.03896675,0.36493784,0.12943661,0.057496123
3440,0.069978476,0.059027676,0.0011793015,0.005220153,0.38981864,0.14613588,0.0050687133,0.60715646,0.044012453,0.048095953,0.004038012,0.0082174735,0.029426502,0.0040768757,0.0046325815,0.08988604,1.8223175e-06,0.28839922,0.029623924,7.6014134e-05,0.005574605,0.14697498,0.008456176,0.0024372754
3444,0.030713512,0.027045963,0.0037231995,0.016901754,0.46126568,0.07715788,0.006208617,0.66520673,0.020292213,0.023480462,0.006287488,0.006219948,0.02160467,0.0117120305,0.0073998543,0.024084084,5.6347813e-05,0.2913944,0.012233834,0.00064176164,0.007010577,0.072206706,0.00885521,0.0044520996
3446,0.095390186,0.093541995,0.022463452,0.038246036,0.33802027,0.13594969,0.050161436,0.52296793,0.06957121,0.07922324,0.02281987,0.029381247,0.11740084,0.040207904,0.034144152,0.117198884,0.00071363314,0.19820082,0.065456174,0.004142437,0.02688936,0.20637129,0.04953477,0.020421647
3451,0.2742726,0.19126573,0.046527483,0.04883746,0.56563145,0.32830048,0.034360055,0.4806039,0.1614213,0.14384079,0.056766994,0.049976822,0.11903845,0.05859639,0.09200074,0.12841223,0.0030135238,0.27774915,0.1252774,0.015817314,0.061979685,0.32562533,0.065687954,0.055343185
3452,0.03621015,0.046187766,0.020473715,0.03246367,0.48403317,0.103314206,0.014235073,0.5496141,0.053262446,0.067086644,0.018212557,0.015618279,0.0794363,0.034464244,0.0278745,0.07261526,0.00077033206,0.42023605,0.022640921,0.003424316,0.016718507,0.13745458,0.019698618,0.010218784
3453,0.22546077,0.2349778,0.1605886,0.17910613,0.3720904,0.23511633,0.20097928,0.47335535,0.18263333,0.17686416,0.13807613,0.15232325,0.2422416,0.19001776,0.14066255,0.18955405,0.056693364,0.24962085,0.19589694,0.09695029,0.1612707,0.28098512,0.19172359,0.14796525
3456,0.23711467,0.26833525,0.1758489,0.19021435,0.422622,0.2576716,0.21075612,0.45254305,0.22428493,0.21104616,0.14811613,0.1746954,0.2763625,0.18389323,0.15631692,0.23032543,0.054167315,0.23665962,0.22852258,0.09920242,0.17582698,0.30188054,0.19720656,0.15969898
3462,0.23577717,0.31125224,0.055073403,0.067270905,0.43418702,0.21459392,0.050191496,0.36902946,0.16098341,0.17081396,0.06544132,0.090967774,0.14814213,0.054366644,0.060734153,0.13963558,0.0036068663,0.17441735,0.18684067,0.012363383,0.09317872,0.28317353,0.089517616,0.08513932
3466,0.18942012,0.160355,0.04045299,0.063515626,0.38533255,0.22878174,0.06566263,0.47055775,0.12417093,0.1509926,0.05268148,0.06084333,0.11486702,0.06703901,0.042932026,0.123875745,0.0026136693,0.23699868,0.1285659,0.012296309,0.06635925,0.21801834,0.07313499,0.05118446
3471,0.10779844,0.09995777,0.024683915,0.026089177,0.45845798,0.18742566,0.018355213,0.44493067,0.07130148,0.09976262,0.021804383,0.020742917,0.11974745,0.027847804,0.041471876,0.10713465,0.0006415354,0.2893068,0.054415483,0.004005095,0.02608989,0.26608402,0.031991143,0.018847458
3472,0.06938852,0.033469904,0.002414624,0.0051135067,0.37164658,0.17617704,0.0026076376,0.64456886,0.021548117,0.03235496,0.0037019835,0.0033855618,0.074517876,0.0046120733,0.005993995,0.12339784,1.5482074e-06,0.34975782,0.014009849,5.9426773e-05,0.0019613218,0.40156028,0.005706741,0.0020079806
3476,0.07595264,0.10054985,0.017513683,0.03411452,0.40369317,0.12097813,0.01790157,0.4848702,0.047696568,0.061434668,0.019566813,0.020666301,0.06633002,0.030905703,0.023906967,0.058145095,0.0006205539,0.19961327,0.05407588,0.0040445956,0.025479348,0.11523287,0.030696137,0.017146572
3483,0.29794344,0.26114893,0.07746725,0.10992089,0.33703533,0.2582512,0.1369517,0.3907603,0.18236291,0.17530851,0.07322995,0.116482526,0.21494971,0.082767785,0.08671603,0.17566136,0.006947133,0.15324768,0.23378882,0.025418812,0.10505229,0.27968448,0.12704988,0.098554894
3486,0.2787179,0.24044684,0.08191738,0.09434125,0.41893494,0.32353643,0.08556575,0.47052634,0.17692588,0.179869,0.09125538,0.111528784,0.1793765,0.087953225,0.10187872,0.22659478,0.0072419527,0.22963987,0.20002803,0.027475849,0.110314615,0.38515264,0.121984266,0.09295076
3489,0.20029184,0.18597955,0.039686173,0.060926672,0.40911233,0.19530204,0.04213399,0.4923249,0.11474922,0.12434173,0.03917476,0.049560778,0.13316348,0.0591998,0.056877647,0.09577093,0.0021449395,0.29168856,0.0996993,0.011104662,0.042053174,0.22484137,0.063947015,0.04437963
3490,0.22543272,0.2614454,0.15302001,0.16974038,0.423975,0.2432091,0.14698094,0.45651606,0.19723475,0.19891587,0.11911168,0.13828479,0.21638031,0.16026941,0.15615565,0.18249293,0.04748904,0.2511194,0.19828494,0.091993764,0.16611291,0.28960946,0.16824298,0.15223841
3492,0.19930123,0.20253827,0.05632615,0.073684916,0.43689486,0.18964806,0.064966254,0.45808306,0.121295564,0.13725482,0.052306827,0.070314825,0.17120971,0.06694835,0.06575814,0.117915004,0.0035165087,0.21298009,0.1395801,0.016322723,0.061423514,0.2803442,0.10467079,0.061177064
3493,0.09164334,0.1084379,0.029013725,0.07570034,0.46669424,0.13771975,0.059317723,0.56598735,0.07526055,0.07257535,0.030201001,0.036764584,0.07235055,0.06306725,0.0389792,0.06760221,0.0034544684,0.2423248,0.065253265,0.0135976365,0.04929024,0.11014103,0.04864348,0.035460062
3496,0.08653553,0.034800038,0.0009810097,0.005145577,0.6289281,0.29020306,0.0014867944,0.7497219,0.029559769,0.033281118,0.0054778447,0.003740003,0.015653633,0.0034925845,0.0061049126,0.060248002,1.4371059e-06,0.40981984,0.015920827,7.282516e-05,0.004056441,0.26048476,0.003352822,0.0019671903
3500,0.12414095,0.12401796,0.040847875,0.07623719,0.46246406,0.19137082,0.043729592,0.5856709,0.09917879,0.09167916,0.046750568,0.049801674,0.0882955,0.06587751,0.05781865,0.08331432,0.0043349336,0.2816225,0.07403654,0.019185692,0.06254096,0.22147663,0.061965924,0.049878996
3506,0.15085852,0.1653928,0.049655605,0.07644338,0.3733607,0.17253636,0.084993,0.45287693,0.119744636,0.13118908,0.04221347,0.07242031,0.13734101,0.06575344,0.055037875,0.12156759,0.0033296575,0.17459454,0.12265404,0.012464735,0.06582247,0.19010392,0.06821131,0.05278108
3507,0.32684657,0.29404294,0.060386542,0.07023317,0.32194182,0.20542462,0.081688106,0.3842419,0.14231686,0.17518736,0.046984598,0.084121816,0.20996054,0.054416627,0.052205604,0.10833443,0.0029943262,0.1423609,0.17863312,0.011841973,0.07005461,0.26367792,0.082633294,0.06927897
3510,0.26040334,0.2621437,0.016082948,0.03494125,0.12558846,0.12807173,0.17351308,0.28668222,0.11076767,0.11143677,0.015857866,0.072518066,0.28112546,0.02208372,0.010787051,0.09920438,0.00020760516,0.03403935,0.2744922,0.0010134726,0.021707663,0.20992534,0.07252591,0.03009424
3511,0.16369754,0.1700049,0.12627093,0.15077807,0.42095318,0.23508078,0.15338156,0.52774227,0.1494861,0.1379086,0.09948463,0.105448715,0.16097593,0.17136343,0.11578586,0.15633203,0.041496523,0.2487794,0.13202675,0.0830836,0.14575157,0.22153163,0.12556545,0.10354392
3512,0.18284324,0.21485983,0.19552249,0.20331372,0.46550778,0.23886718,0.19029446,0.48430523,0.19511913,0.19062085,0.16154476,0.15263227,0.21618967,0.20362096,0.18109731,0.18762495,0.09980411,0.2721007,0.18176083,0.15323548,0.20488706,0.24164404,0.18631022,0.1618131
3516,0.34287298,0.31614193,0.04778719,0.06790474,0.29977864,0.20976515,0.07831193,0.3343171,0.13681892,0.16377686,0.059844587,0.095684536,0.27905846,0.05265125,0.05733565,0.15347004,0.0023350713,0.14930037,0.23837619,0.008573135,0.050350484,0.35899523,0.13656706,0.070602015
3517,0.2268503,0.24952649,0.1074726,0.12020469,0.42981976,0.22851272,0.14936881,0.43745285,0.21755777,0.18435407,0.103255995,0.13691548,0.18292244,0.12820022,0.112558484,0.19183284,0.019158231,0.25750807,0.21058467,0.049534816,0.14517838,0.2621139,0.15341103,0.11463959
3523,0.20822117,0.22007467,0.08942256,0.111303754,0.38357484,0.24546678,0.11387019,0.48387116,0.17982544,0.16600981,0.097932056,0.11025972,0.22798137,0.11290195,0.096136846,0.1679271,0.01340934,0.23434359,0.18821144,0.036275323,0.11086683,0.29746714,0.13299344,0.096244
3525,0.20401755,0.21401112,0.16246088,0.2017377,0.44674236,0.24623017,0.1979253,0.4914686,0.18916947,0.18242738,0.13923468,0.15466468,0.21015221,0.20385271,0.16827014,0.19866847,0.0649751,0.29965198,0.18348943,0.118356846,0.17842059,0.26576966,0.18711953,0.1466081
3530,0.20231259,0.2577936,0.014062589,0.025350336,0.27687663,0.12191833,0.052983817,0.32511884,0.08540619,0.094876006,0.018487565,0.04095401,0.12788062,0.021206373,0.023134438,0.06300323,0.00029545894,0.05178942,0.22145067,0.0017943153,0.030558703,0.19429776,0.052078318,0.032419905
3531,0.03515474,0.031919133,0.010628828,0.01795529,0.6138034,0.12555662,0.0024994977,0.6572484,0.033026863,0.050766673,0.011269686,0.006178702,0.04047451,0.017940408,0.023220168,0.050490204,0.00019149612,0.4108112,0.009655391,0.0019735037,0.011739129,0.1407195,0.011424111,0.005714287
3536,0.1602358,0.13339424,0.008149744,0.012849368,0.3344097,0.21468933,0.007981558,0.4364035,0.07993568,0.054900967,0.010067318,0.016865395,0.061691776,0.011456463,0.01483305,0.07275098,6.292063e-05,0.116733335,0.055658627,0.0009409887,0.015653007,0.21998706,0.016711015,0.011051748
3537,0.20359303,0.15018721,0.009527807,0.020472672,0.35712618,0.18595268,0.010257129,0.49048164,0.08233807,0.104503825,0.01307632,0.017056946,0.11422583,0.013717183,0.020518508,0.07644131,7.592909e-05,0.19419374,0.084183,0.0010505158,0.013222889,0.2888179,0.024199551,0.012692908
3549,0.26971793,0.23915848,0.04475936,0.0713167,0.3025041,0.18976054,0.10621442,0.40586805,0.14664692,0.17945942,0.0398149,0.08429862,0.2534533,0.058987435,0.05378489,0.13405395,0.0020369182,0.17654902,0.19049315,0.007730705,0.036870725,0.28106296,0.09412306,0.05345424
3553,0.035905622,0.03589306,0.009659231,0.014561715,0.44258386,0.12904131,0.004792542,0.6106497,0.03215307,0.04698951,0.009113468,0.0077983183,0.07550195,0.02172753,0.022601545,0.060881704,0.000146603,0.46023723,0.011472832,0.0009826696,0.0058579836,0.19617568,0.011484276,0.004852181
3556,0.24530046,0.23827498,0.054979518,0.089491956,0.29963526,0.20511077,0.13311182,0.38621667,0.16059105,0.15849438,0.047367204,0.10999687,0.21012245,0.091096245,0.06553133,0.1790382,0.0037940592,0.14234759,0.17810896,0.015499056,0.073825754,0.28481215,0.12216414,0.06814653
3561,0.05545574,0.04862828,0.011542086,0.032564692,0.3877964,0.13008995,0.017513404,0.6801803,0.027906526,0.033218954,0.0135234175,0.011699636,0.05427869,0.025940819,0.020769957,0.049892947,0.00041071966,0.29354104,0.023473904,0.0028171341,0.01263256,0.16410317,0.02127311,0.009239837
3564,0.22757691,0.24406883,0.06759684,0.10340326,0.42237058,0.30617577,0.07740957,0.5140251,0.20310588,0.19327489,0.080549054,0.09163253,0.1902121,0.07724926,0.09347515,0.1839296,0.005190565,0.27084133,0.18979388,0.018323453,0.08853367,0.31088904,0.09114676,0.077441655
3568,0.015220079,0.0102562625,0.00092145905,0.0025581236,0.44358477,0.058183126,0.00049996545,0.73670185,0.006789391,0.016396277,0.0010833776,0.00086809555,0.0237688,0.0031085294,0.0031048497,0.01415071,1.3190682e-06,0.4560591,0.0023854862,4.5289078e-05,0.0007813877,0.10017753,0.0012554851,0.0005393999
3572,0.17202601,0.22997117,0.04562867,0.060588717,0.4583863,0.16195682,0.045232132,0.34996587,0.13983354,0.14371839,0.037930872,0.04911506,0.1772258,0.049680576,0.053670984,0.08372377,0.0026241355,0.21963406,0.14048529,0.012821424,0.047555767,0.19637585,0.0683279,0.052456245
3575,0.63537776,0.43338868,0.0032178299,0.011010028,0.11225905,0.2211037,0.012531371,0.29861286,0.10541616,0.14767197,0.0069586956,0.025457691,0.22766714,0.0032889359,0.008827615,0.09658876,3.5046862e-06,0.06783456,0.28692853,6.912578e-05,0.0040693395,0.4500519,0.02545426,0.011597495
3579,0.039058175,0.023931168,0.0029198623,0.008293916,0.61578226,0.16713254,0.0008465221,0.69535655,0.031543188,0.045782637,0.0050609037,0.0031909295,0.022353373,0.006003642,0.009123305,0.046503384,1.011884e-05,0.509512,0.0062074224,0.0002437794,0.0041993475,0.16571213,0.004018364,0.0016454367
3581,0.13457546,0.10539893,0.018279353,0.030469045,0.39437282,0.20954885,0.010186813,0.6007885,0.07304441,0.08831332,0.021424256,0.01818532,0.11895047,0.030689025,0.042310614,0.08925834,0.00040557122,0.30440176,0.048160784,0.0038615256,0.018040199,0.31601217,0.027666554,0.015408983
3584,0.20987704,0.14437664,0.009225817,0.03226202,0.12999663,0.1817824,0.13326387,0.41571894,0.076728925,0.09376206,0.016123798,0.06232314,0.1534025,0.020978114,0.008866555,0.15174027,5.3413187e-05,0.057799432,0.17208424,0.00058871234,0.016777819,0.24644847,0.04694297,0.019424044
3586,0.21929002,0.24145557,0.076567404,0.09306738,0.47965997,0.25906748,0.07243031,0.411566,0.19758652,0.17613281,0.0787903,0.08881261,0.14567487,0.08359502,0.09300959,0.16952763,0.008418254,0.22965772,0.17196818,0.03056153,0.12657556,0.24137697,0.11464978,0.088130325
3591,0.17304698,0.20605652,0.13823234,0.17335118,0.4357075,0.2173652,0.16715689,0.47825775,0.17065197,0.16373108,0.11675649,0.1311912,0.1843724,0.16900253,0.12773289,0.18236001,0.048184134,0.26495436,0.15551372,0.09321838,0.14937806,0.2261414,0.15755665,0.12541562
3594,0.092221536,0.10452298,0.0364471,0.06266021,0.4517865,0.15811108,0.03328046,0.56435776,0.0945053,0.09143786,0.030815957,0.037146606,0.08770724,0.050488513,0.049277145,0.08728062,0.0025956123,0.26801684,0.061645582,0.0118385805,0.051186845,0.1349912,0.0508484,0.031062266
3596,0.14328006,0.11283585,0.028283011,0.05342822,0.219658,0.14819027,0.097993635,0.5030292,0.07955771,0.09039835,0.02513721,0.044820495,0.17198482,0.059432086,0.037463948,0.14759791,0.0012150818,0.17214113,0.08177766,0.005229078,0.025582217,0.262251,0.055211134,0.02440477
3598,0.1338562,0.100554116,0.009755875,0.017119711,0.30998963,0.21199445,0.015808558,0.5145679,0.03597692,0.05802356,0.009446359,0.013277734,0.098398104,0.019112252,0.0094963135,0.074524105,5.9515423e-05,0.17490646,0.06024189,0.0007273178,0.013404843,0.3086656,0.019950572,0.010013907
3600,0.16192901,0.08916397,0.0026660326,0.0064965244,0.2545485,0.18861075,0.005092075,0.5271419,0.038353242,0.03555287,0.0035606404,0.009059359,0.06750114,0.0040315725,0.0063278815,0.07118409,5.483221e-06,0.0802861,0.05402157,0.00013784823,0.00693849,0.28254595,0.015321404,0.004298316
3604,0.19682133,0.14974411,0.029796341,0.04628518,0.5266789,0.25942183,0.020615319,0.49040157,0.13746653,0.120194696,0.036007997,0.039432034,0.07974813,0.048290662,0.04519339,0.11760197,0.0012221927,0.28134277,0.0843217,0.008654726,0.050278474,0.29050326,0.053103894,0.038301375
3607,0.30305716,0.26383954,0.07248058,0.08794891,0.45551422,0.32578057,0.05660764,0.41696745,0.18730223,0.17248832,0.080919325,0.08879716,0.20892009,0.07397863,0.11844194,0.21084695,0.005781614,0.26258013,0.18784861,0.024079246,0.08001581,0.4365556,0.10427686,0.08808426
3610,0.1483617,0.17575547,0.09947833,0.117868535,0.50645155,0.20376347,0.07451475,0.4566893,0.1629645,0.13711892,0.08368877,0.09244219,0.13490961,0.10327905,0.10098384,0.11870906,0.021622555,0.27513593,0.12253948,0.04850779,0.10579637,0.21747722,0.105839096,0.08257098
3627,0.25967383,0.29643083,0.059814565,0.08404168,0.37541547,0.22942995,0.07277238,0.3305795,0.17795064,0.20214592,0.06172732,0.10247843,0.193015,0.071491,0.06581713,0.14895777,0.00409047,0.19855647,0.2158326,0.017084837,0.06749247,0.25426286,0.10766311,0.08585256
3628,0.070369676,0.06499892,0.03224891,0.07114329,0.4096374,0.166997,0.06614334,0.6802092,0.072905056,0.0807892,0.040401466,0.03537597,0.10497451,0.071343735,0.043216772,0.11195786,0.0028579186,0.37926334,0.0508018,0.012613707,0.038090967,0.18373017,0.047545657,0.026431454
3629,0.041872095,0.044729196,0.0011198934,0.0053634313,0.43438175,0.073258065,0.0022214716,0.58320916,0.038517132,0.0421471,0.0021510872,0.0039777523,0.02474838,0.0037236293,0.0038027077,0.043063793,1.9034917e-06,0.3236141,0.011566876,6.4011154e-05,0.0025656293,0.11378638,0.005665072,0.0016725853
3630,0.22665566,0.2055856,0.12228344,0.1398325,0.39441618,0.24481437,0.12386765,0.4514393,0.15258664,0.15984799,0.09141499,0.09523441,0.210713,0.13243823,0.12401885,0.14501141,0.0293416,0.23550141,0.17078026,0.057243068,0.11268474,0.26857427,0.12642874,0.10722166
3631,0.10104079,0.11779611,0.052126285,0.07884778,0.44190598,0.15393297,0.062403835,0.54703534,0.10423425,0.0839274,0.04764801,0.05368854,0.1164173,0.07361168,0.04570475,0.11808855,0.0044564726,0.28315696,0.077354,0.015503028,0.055760216,0.18774459,0.065068476,0.039508734
3633,0.33975065,0.21383849,0.032057162,0.04121676,0.29662478,0.36282173,0.05806848,0.43803895,0.12345371,0.1763179,0.037161678,0.05899375,0.29535124,0.04941608,0.04950035,0.25391057,0.0004219198,0.18515599,0.20361412,0.0036564749,0.030878805,0.54517084,0.06332922,0.033754718
3636,0.05057561,0.04832946,0.017555173,0.046811115,0.49879035,0.17287466,0.015958479,0.7048406,0.051001154,0.05791027,0.025203032,0.020169247,0.051877152,0.04289015,0.02989833,0.07884312,0.0009610088,0.40602997,0.025447747,0.0064138984,0.025662644,0.15397474,0.0263755,0.015037212
3637,0.13096187,0.13165188,0.09073337,0.11851484,0.54069453,0.21181913,0.06692332,0.55016476,0.13839355,0.13428427,0.08722776,0.08265375,0.12074236,0.12475582,0.10993969,0.14304058,0.017299397,0.36807087,0.101488784,0.04999807,0.1134897,0.20083095,0.09905542,0.07316755
3638,0.19185792,0.18557295,0.062446278,0.08913123,0.507908,0.25353,0.06345076,0.5281873,0.1465153,0.14762665,0.06687461,0.0647507,0.1353292,0.0860892,0.086656936,0.12911981,0.008173177,0.32347256,0.120725036,0.028041264,0.08756852,0.24406919,0.08278116,0.06656652
3640,0.17610875,0.18358833,0.011483961,0.023756264,0.31955096,0.17561293,0.02568758,0.45466292,0.08847478,0.10986133,0.01943024,0.029479327,0.1504808,0.019101312,0.021760864,0.104112595,0.00015980295,0.18877806,0.11539016,0.00157818,0.022854961,0.28509262,0.04499881,0.020399129
3644,0.24788381,0.24966355,0.17237845,0.19207875,0.4288008,0.26538327,0.17813009,0.4630089,0.21031588,0.19100145,0.14710744,0.1423176,0.22374281,0.19309112,0.17750435,0.19829063,0.07052708,0.26328728,0.20850052,0.12465475,0.18284626,0.30203912,0.17984371,0.16378978
3648,0.100982815,0.07313382,0.011076877,0.032417748,0.29622567,0.19615471,0.01697489,0.6195382,0.049479328,0.058476746,0.01638527,0.021732224,0.06114292,0.023593655,0.015531637,0.06175865,0.00022953449,0.198483,0.04115344,0.0020208922,0.017928474,0.16604412,0.02303042,0.013570028
3654,0.22081462,0.23687,0.16460566,0.18704416,0.4213806,0.25957674,0.17492922,0.48420817,0.20644164,0.20179427,0.12966014,0.14453413,0.2159204,0.19378056,0.16482732,0.16414703,0.06915553,0.2902721,0.18773744,0.11056858,0.1627323,0.26583603,0.17145075,0.13993654
3655,0.29056826,0.23933335,0.041704047,0.06541576,0.23445496,0.2523192,0.08547082,0.42621058,0.13735107,0.15034565,0.055018064,0.07175426,0.2843842,0.055391382,0.04755904,0.14943725,0.0016878197,0.13860832,0.22906409,0.008210504,0.037077613,0.42917603,0.097112216,0.061978392
3657,0.23214565,0.22122324,0.03645376,0.049082365,0.45455313,0.232578,0.031644583,0.41923815,0.13161509,0.12718347,0.040059976,0.047128342,0.20507158,0.039871234,0.06246381,0.10587692,0.0016251705,0.22058333,0.14497529,0.00759292,0.03693925,0.34511468,0.071999095,0.04633322
3665,0.21263318,0.22220115,0.11232196,0.1420252,0.417289,0.22008201,0.115759976,0.46915653,0.15825382,0.14936985,0.105918415,0.11282343,0.20083399,0.14820993,0.12441102,0.1547735,0.02786879,0.25931257,0.16235611,0.06613274,0.12822428,0.271905,0.1466187,0.10685477
3670,0.08454268,0.104252174,0.025959525,0.042126905,0.44005114,0.13139768,0.023732321,0.49779674,0.07561042,0.1051755,0.02566036,0.028236665,0.12399237,0.047530245,0.04905398,0.10416427,0.0010889402,0.33546618,0.046005785,0.0051657953,0.022529345,0.19521044,0.04256353,0.020390518
3672,0.16275471,0.1451376,0.04117047,0.073330015,0.43624875,0.2302119,0.043698747,0.55723095,0.12387411,0.13996768,0.04847969,0.053210985,0.1269379,0.061931614,0.055005733,0.14390074,0.0019467135,0.32342827,0.081201635,0.009896662,0.050362315,0.25929672,0.05914523,0.04133911
3674,0.30937165,0.333978,0.16785154,0.17640431,0.34112087,0.23623312,0.21008947,0.40300828,0.20064704,0.22124901,0.12417748,0.17599043,0.30998877,0.1851615,0.15803847,0.21649073,0.045056563,0.19802628,0.25619084,0.08705563,0.15596913,0.32135105,0.19244713,0.15833066
3675,0.0903448,0.056519512,0.005075345,0.010880562,0.3333175,0.23901786,0.0064063002,0.6316437,0.042067893,0.04038728,0.0073803645,0.008636699,0.0748779,0.012930735,0.01633421,0.08939908,2.1466638e-05,0.35757247,0.022092214,0.00041876713,0.0055192388,0.33362287,0.011411877,0.0049358816
3676,0.046913665,0.038272947,0.0005693256,0.002242266,0.36246562,0.033509303,0.00170813,0.40248042,0.01716097,0.01103959,0.0005301887,0.0014484506,0.017987143,0.0019046102,0.0015515287,0.009063751,6.4967645e-07,0.07586253,0.015842363,2.7577476e-05,0.00156435,0.05190899,0.0023649065,0.0009269247
3683,0.0789339,0.07847847,0.014061418,0.045096193,0.28328013,0.12773396,0.038951457,0.590297,0.04623659,0.056642678,0.01572179,0.026456064,0.07180821,0.02977126,0.016427338,0.06244062,0.00044291478,0.14091766,0.047361612,0.0031799115,0.022014672,0.13184597,0.028630966,0.014919583
3687,0.12322566,0.1428971,0.028357062,0.05525379,0.3209997,0.15210845,0.073697805,0.5345228,0.084065594,0.09462165,0.034093622,0.053039104,0.12196928,0.055057846,0.034165084,0.09433701,0.0015280232,0.21554314,0.09898566,0.006431523,0.04765228,0.17663385,0.061959658,0.03696604
3690,0.07691181,0.07486982,0.040995702,0.061741725,0.49639556,0.16413294,0.02639157,0.5916337,0.08831799,0.09452615,0.04325529,0.03530124,0.09545079,0.07314781,0.053980824,0.10432749,0.0040458515,0.4308102,0.044374034,0.014357346,0.047088787,0.20384245,0.04097041,0.026444318
3695,0.2254367,0.20627773,0.029847054,0.05563457,0.37273508,0.19049153,0.04551281,0.4468141,0.123725794,0.13974161,0.040037747,0.05490865,0.12888375,0.038980067,0.04554763,0.13204978,0.0010465472,0.22343096,0.14104018,0.0058699893,0.047100138,0.2391541,0.061338436,0.044193253
3696,0.16471703,0.16734362,0.08826181,0.115720145,0.45157793,0.25341573,0.079663284,0.53941345,0.17036738,0.17277326,0.07534853,0.08382244,0.18080245,0.10904644,0.1103297,0.18355832,0.01246146,0.36688584,0.11455706,0.03492186,0.08521399,0.2764223,0.096605904,0.06881516
3699,0.23846206,0.2719431,0.050295167,0.055491433,0.28732246,0.14211172,0.09585918,0.26819846,0.11341258,0.14011785,0.029484387,0.073160924,0.24123174,0.04952045,0.03487714,0.08168564,0.0023014892,0.104225494,0.20999232,0.009869232,0.04915855,0.21018353,0.07977799,0.057281356
3701,0.13843657,0.08167391,0.022949947,0.053682253,0.4123047,0.2793989,0.019953694,0.59120893,0.07999074,0.07460332,0.03702711,0.032726202,0.07419929,0.034877226,0.033259004,0.15696308,0.0006495791,0.22874391,0.06009399,0.004803473,0.033784546,0.33391747,0.05024543,0.022841213
3709,0.27006054,0.2743539,0.035045456,0.047872394,0.3514813,0.22882466,0.031933043,0.32164198,0.14110205,0.16729584,0.032796927,0.05363032,0.24217354,0.042083044,0.057577815,0.1315878,0.0012571376,0.19664496,0.15868661,0.0064358637,0.031005947,0.34362122,0.07418238,0.043066524
3711,0.040360417,0.03191849,0.0013292119,0.0050596935,0.124588445,0.101815335,0.007832117,0.63322055,0.036169868,0.090735346,0.0028851335,0.0068452745,0.24332744,0.005135839,0.0031853223,0.16201052,8.2109693e-07,0.26828277,0.019917576,1.583699e-05,0.0010910039,0.2677589,0.008465111,0.0010005145
3712,0.056717392,0.06755358,0.011811094,0.035486735,0.44012803,0.09822211,0.018399531,0.5807833,0.04845632,0.047180265,0.01650062,0.017677354,0.05053021,0.028339613,0.017544486,0.042755794,0.00052908465,0.2801727,0.035714842,0.0028640088,0.023035783,0.09517627,0.02250034,0.014836549
3713,0.071171984,0.077072375,0.012608903,0.035431433,0.44992846,0.12795253,0.0121285245,0.55509245,0.06699147,0.083967626,0.025042957,0.023037843,0.063863695,0.029732956,0.028660985,0.09257539,0.00036298888,0.4238549,0.039036337,0.002521031,0.017461723,0.1608425,0.029735824,0.014030949
3714,0.023714188,0.022598665,0.009313646,0.019422097,0.59456474,0.10392159,0.0049402723,0.72338176,0.03772555,0.043945342,0.012368968,0.0075171813,0.044566993,0.02792352,0.02396681,0.07795678,0.00024200037,0.58036315,0.0094881365,0.0019238173,0.010987186,0.1366775,0.010515197,0.004618689
3716,0.3173347,0.27646765,0.016069608,0.033854894,0.3664679,0.22265215,0.03199878,0.45992523,0.16358048,0.16101038,0.03210722,0.052780755,0.1534149,0.027664207,0.034597687,0.13497047,0.0002463801,0.21760404,0.17950048,0.0018679998,0.027312422,0.3095526,0.065404534,0.03257877
3718,0.16071585,0.1020203,0.03416392,0.061515216,0.45506552,0.2829365,0.042166077,0.6491705,0.10617395,0.10871814,0.049290653,0.042246845,0.11773573,0.062239278,0.059097826,0.18587817,0.0020140663,0.30013278,0.07946535,0.010540997,0.055578467,0.2956696,0.05719526,0.03370482
3719,0.28996348,0.2962061,0.07240156,0.08159672,0.36073318,0.22930945,0.10314255,0.4205912,0.17105046,0.18046366,0.06836598,0.10144404,0.19200824,0.084970444,0.0713995,0.17243606,0.005575947,0.1946333,0.21759723,0.017198585,0.09774304,0.29591578,0.118128896,0.09208929
3725,0.008473156,0.007360308,0.00013261408,0.0017187338,0.49923354,0.059789576,0.000727069,0.862882,0.008061107,0.01651822,0.0009119788,0.000890642,0.012291561,0.0017528738,0.00091075484,0.053329542,4.5651593e-08,0.63262594,0.0024086873,4.960378e-06,0.00073561043,0.118203335,0.0014814248,0.00026984682
3726,0.16738415,0.1786675,0.118274085,0.1336317,0.42225853,0.21250951,0.12774232,0.4659185,0.15189008,0.16296089,0.101828314,0.09991956,0.23465022,0.13820502,0.11072289,0.22777188,0.022133812,0.2675927,0.14197622,0.049839634,0.11810772,0.30390558,0.1413634,0.09001535
3727,0.14648536,0.12738192,0.0659501,0.12562187,0.37431365,0.21426225,0.11472838,0.5560905,0.1235604,0.10949198,0.06562692,0.07452871,0.12738983,0.11764749,0.061469123,0.1463047,0.008781727,0.24143703,0.09300851,0.032275286,0.08756225,0.20736869,0.09758869,0.066458024
3730,0.15121835,0.090732336,0.0009770964,0.0034757606,0.2845152,0.14913145,0.0014465649,0.55319613,0.031478904,0.042926237,0.0024927005,0.0033331867,0.037678216,0.001913518,0.0029451489,0.03944404,6.8102764e-07,0.096374646,0.03461372,4.2676762e-05,0.002753936,0.23645198,0.0060666986,0.0028488068
3735,0.23208223,0.24181184,0.008801688,0.021172753,0.22772844,0.16405793,0.02920811,0.3696068,0.09914521,0.09674018,0.02036486,0.03944118,0.13778836,0.012739795,0.020175412,0.14429924,7.239731e-05,0.13728648,0.16466759,0.0005763288,0.017469987,0.27570608,0.05560429,0.020029226
3736,0.24364576,0.19821897,0.036034722,0.0613708,0.36220804,0.23720706,0.056997374,0.43108892,0.11706188,0.12599662,0.033261046,0.04854507,0.12843332,0.047116764,0.04377013,0.13261633,0.0015534451,0.15388319,0.12258464,0.008207512,0.05049439,0.25617206,0.06542068,0.04342527
3738,0.031338207,0.04022607,0.015499414,0.024941985,0.61530405,0.107253365,0.0075439634,0.6378429,0.052385088,0.066566445,0.016523711,0.01043225,0.06571523,0.026685122,0.030735834,0.08857654,0.000387839,0.5115775,0.015241564,0.0032579603,0.014158682,0.15737866,0.014804369,0.007408117
3740,0.19404136,0.19304225,0.030606851,0.055149347,0.37909898,0.17664842,0.07489819,0.4790152,0.12134606,0.12042955,0.037345137,0.054855905,0.14356698,0.04891714,0.048756074,0.11875532,0.0016826404,0.22034173,0.14297622,0.0076799258,0.04795736,0.23830055,0.08268641,0.045547605
3741,0.08474876,0.064020835,0.013505948,0.028602479,0.332154,0.16179256,0.016529184,0.6203474,0.049753703,0.06566112,0.0145824,0.015649501,0.07235502,0.03065933,0.026166027,0.08256502,0.00038755595,0.30101737,0.030823236,0.002326361,0.01580247,0.20094915,0.02304686,0.010143791
3744,0.19859077,0.15808453,0.05221551,0.071720324,0.5435554,0.25680852,0.03756988,0.45643193,0.1374263,0.13109276,0.054546356,0.048551533,0.100649536,0.06861192,0.07877903,0.10876796,0.004369616,0.2922043,0.09191071,0.020997124,0.062949166,0.24735557,0.061313704,0.051493935
3747,0.17786364,0.18637535,0.03732016,0.053314317,0.33504233,0.1655594,0.06130251,0.41788277,0.0935108,0.12856667,0.035229437,0.05465449,0.18624341,0.049392924,0.03858425,0.16444167,0.0012387461,0.17543894,0.12433524,0.005621999,0.043473598,0.28245988,0.08124032,0.042370033
3748,0.16674384,0.17973055,0.09138501,0.1141404,0.44401392,0.20952807,0.097142376,0.5126331,0.13575236,0.122914314,0.079049595,0.087335326,0.14076869,0.12108251,0.105704606,0.14002313,0.016997678,0.22949761,0.1272579,0.051054183,0.10911743,0.24309057,0.117208175,0.08121512
3750,0.2239852,0.17499854,0.07077428,0.105411224,0.4437609,0.28748146,0.0715491,0.5677106,0.15773101,0.13620262,0.07391336,0.073213615,0.14623107,0.08638278,0.09202819,0.13538902,0.010196588,0.2832128,0.13307334,0.033535447,0.076710925,0.30099085,0.10371744,0.07703214
3754,0.0923068,0.08231074,0.030765653,0.05668653,0.429263,0.14114338,0.04875797,0.60298264,0.07579582,0.07574735,0.033558134,0.031472035,0.10048609,0.06390849,0.04096937,0.09220585,0.0021629042,0.26122013,0.060081415,0.01067506,0.039201207,0.19587007,0.052122615,0.030295016
3756,0.19260423,0.2129766,0.16750762,0.20033993,0.41233197,0.23392512,0.23058246,0.50031906,0.18958172,0.17908682,0.13702612,0.15371431,0.20748024,0.19391079,0.13601157,0.17507166,0.06993115,0.24897552,0.18103173,0.11317801,0.16752668,0.23238777,0.16869947,0.15005882
3758,0.21509229,0.2288677,0.20919487,0.22564332,0.4492555,0.25994518,0.2395029,0.4882489,0.21622016,0.20680067,0.16438273,0.17505936,0.22871554,0.23707612,0.18286149,0.2084216,0.10793551,0.28397712,0.19841571,0.16830516,0.21586512,0.26574725,0.20172839,0.18131045
3760,0.22236523,0.1752288,0.043883897,0.0658304,0.42828757,0.26691183,0.0455466,0.42279738,0.12495637,0.13008307,0.039251357,0.0472297,0.14668769,0.05867612,0.06556554,0.12697265,0.0029556397,0.2174507,0.113773294,0.01520492,0.05012271,0.27389997,0.06468112,0.047323287
3762,0.08048053,0.083088085,0.006025498,0.020946693,0.22079723,0.06415735,0.02613455,0.60991544,0.031232454,0.033793792,0.0067160316,0.017921396,0.052816533,0.015169581,0.009096922,0.034890596,7.674921e-05,0.092221506,0.03321967,0.0006419256,0.009117772,0.13205464,0.022608519,0.0076137846
3763,0.26940775,0.2798362,0.03618844,0.055490866,0.33339643,0.20083508,0.052947517,0.36740267,0.1536367,0.1835666,0.055493604,0.075033456,0.2422374,0.046921656,0.06319129,0.19089662,0.0014290364,0.21257447,0.1995688,0.00582108,0.043514963,0.3966682,0.118595965,0.051457968
3764,0.15962833,0.1417278,0.044082686,0.056395676,0.40085852,0.21233043,0.040494148,0.52883124,0.112361416,0.10524903,0.04551583,0.052033175,0.117864795,0.05818501,0.058080453,0.14547908,0.001931794,0.27624464,0.10955434,0.010536562,0.05322658,0.29739404,0.07736476,0.046479456
3766,0.0696466,0.03382297,0.0004800187,0.0037622778,0.23573357,0.09406967,0.004030619,0.71045905,0.017345851,0.022355689,0.0012942029,0.0034945896,0.046400715,0.0022243084,0.0014599278,0.029940644,2.2222413e-07,0.26507714,0.024748856,9.896276e-06,0.0009694347,0.14570862,0.0035193523,0.00082903716
3769,0.2391973,0.2147128,0.015473596,0.024410311,0.21471898,0.19899589,0.032123342,0.4366885,0.096145354,0.16495453,0.019296462,0.039121404,0.26554352,0.020936258,0.020783897,0.14076172,0.00010628383,0.18395886,0.14886874,0.00076706795,0.013556855,0.3892596,0.044447545,0.020452376
3775,0.03149311,0.042739615,0.012103573,0.027281314,0.55062413,0.1060056,0.0059642284,0.6629894,0.036117617,0.058030184,0.021295981,0.011673618,0.051915806,0.023255976,0.025811765,0.07288777,0.0003432604,0.43283665,0.0180544,0.0030273874,0.01963794,0.13733062,0.018288026,0.010241268
3778,0.21678825,0.24126793,0.11121288,0.15675597,0.39079443,0.24157971,0.1363718,0.49627328,0.19800638,0.17951603,0.10485571,0.12329369,0.179462,0.12872232,0.098078415,0.16065702,0.02448381,0.2185062,0.16267769,0.06272845,0.13493375,0.25778696,0.14170563,0.12352055
3788,0.09360228,0.0644168,0.008496278,0.01807933,0.33135185,0.16706036,0.008845691,0.51418984,0.062456578,0.10848827,0.011802366,0.015759105,0.17130937,0.021528546,0.02135711,0.14128903,5.5954624e-05,0.43756077,0.030821867,0.00051971385,0.006211992,0.34494194,0.018732589,0.0061245225
3796,0.17198473,0.17272928,0.050837614,0.07510733,0.5472518,0.18945721,0.04962327,0.40962228,0.14892435,0.12456659,0.04665688,0.0647667,0.10892013,0.068801716,0.074462295,0.108311184,0.004188337,0.25487515,0.11223832,0.017612578,0.07230311,0.21193656,0.08290842,0.055541173
3797,0.24254793,0.14689179,0.023793586,0.04336769,0.49249277,0.34706,0.022048306,0.52637255,0.10484193,0.09479303,0.039331246,0.037391957,0.08288607,0.033671577,0.060775287,0.12668759,0.000909604,0.2341168,0.110671744,0.0055814288,0.048423517,0.339793,0.047146957,0.03164886
3800,0.18763445,0.1432744,0.011171867,0.02038239,0.23803978,0.13595259,0.030047176,0.37222028,0.0621968,0.0967213,0.008761607,0.020402275,0.14856997,0.015460214,0.012678867,0.04930483,0.00010951975,0.09817513,0.08698709,0.0009248411,0.009528654,0.1644306,0.028349144,0.013978478
3802,0.17777999,0.16588742,0.043725934,0.067668065,0.40379834,0.18337426,0.110668205,0.5214186,0.120822154,0.10654428,0.059211887,0.07484734,0.108746074,0.070218764,0.04977864,0.09947422,0.0039477726,0.22627166,0.1743058,0.015315053,0.06598553,0.19778544,0.08901158,0.06230462
3807,0.17307475,0.17319027,0.040989522,0.05492938,0.32814452,0.20301701,0.068542704,0.45248458,0.09878453,0.09931051,0.032355648,0.054794975,0.15277651,0.04679146,0.04746479,0.13900238,0.0017727913,0.13701436,0.13551529,0.00904968,0.047304686,0.27723098,0.07400136,0.042771857
3808,0.15652013,0.11985315,0.009248439,0.013700336,0.44111285,0.17832042,0.0057295817,0.4137778,0.080343746,0.08266156,0.009335471,0.013370896,0.11874818,0.0120302085,0.022348998,0.10440293,6.0044382e-05,0.303915,0.053703137,0.000927324,0.008594251,0.30469567,0.02135838,0.008145178
3810,0.46134153,0.35177127,0.021809336,0.032969847,0.21946402,0.2309584,0.03425597,0.266547,0.13914768,0.20162858,0.023628326,0.044051275,0.3953152,0.019882677,0.032573573,0.15924358,0.00016677998,0.092556685,0.31444335,0.0011917226,0.015701542,0.46593216,0.0663467,0.03376053
3812,0.03247165,0.033023536,0.0041979123,0.008064161,0.5552598,0.078049,0.0016325114,0.5501812,0.026989508,0.03812335,0.0039293426,0.0033752804,0.041561965,0.0076859565,0.009067414,0.031531636,2.1068718e-05,0.41468227,0.008234076,0.00031754482,0.003739392,0.11399313,0.004025111,0.0024316448
3814,0.0275262,0.017721068,0.0022329935,0.005796552,0.45154527,0.1447651,0.0011733655,0.72566116,0.015943823,0.033037554,0.004791712,0.0027399033,0.063285135,0.0071246126,0.011411624,0.06620679,6.250431e-06,0.57446015,0.0057699606,0.000115068266,0.0016459696,0.2354329,0.0046529886,0.001563843
3818,0.16900417,0.18713011,0.14583695,0.17569354,0.4277033,0.23371798,0.17256439,0.51167566,0.1740359,0.16676512,0.12408363,0.12643158,0.18269539,0.17443185,0.13781258,0.18216132,0.04897393,0.2935589,0.15425785,0.09078986,0.1481425,0.24827245,0.15121381,0.11686065
3825,0.23549683,0.20227157,0.09531871,0.09963901,0.4007689,0.28640604,0.0878101,0.50144863,0.12488518,0.14666075,0.08939292,0.08556336,0.2131205,0.11470105,0.11165796,0.1841136,0.013028586,0.27063873,0.14928068,0.036864545,0.08879383,0.38095698,0.123344846,0.079628155
3828,0.077646896,0.0820913,0.0061532306,0.022441175,0.39211157,0.12907569,0.013746716,0.6389919,0.051013894,0.060755454,0.011473086,0.014572783,0.039196763,0.018172914,0.012140306,0.04245567,9.703478e-05,0.19288701,0.04417338,0.0012693875,0.020396663,0.112685315,0.016056184,0.010697346
3830,0.084538065,0.082431585,0.033763174,0.050517023,0.37724546,0.13491568,0.029851928,0.53461456,0.057144128,0.07791245,0.029070554,0.027119273,0.13732024,0.056694094,0.05026197,0.11076839,0.0021517423,0.29930905,0.043042596,0.008231535,0.030340584,0.23474483,0.042854473,0.022449007
3831,0.15226771,0.13522182,0.03308015,0.059158858,0.37319392,0.13227233,0.068905845,0.5212884,0.08132294,0.07793359,0.03309688,0.047921855,0.11700467,0.056251418,0.045943055,0.086702846,0.0023886815,0.17908774,0.09814125,0.011119428,0.042770445,0.18015307,0.0780171,0.036657605
3835,0.15217105,0.17501669,0.09550809,0.11811973,0.5028523,0.20510198,0.11084051,0.4549303,0.15956454,0.13472666,0.08558923,0.089726545,0.16864939,0.10432937,0.09452886,0.13654469,0.017187376,0.24619599,0.14900434,0.049317528,0.11611598,0.2374818,0.11837065,0.09794964
3839,0.08979429,0.075043544,0.00040436658,0.0019512307,0.24124677,0.14898375,0.0033121563,0.6908113,0.01827383,0.028183648,0.0038642737,0.004598139,0.04613378,0.0016943216,0.002413511,0.10962123,8.155089e-08,0.19930232,0.034783337,9.286931e-06,0.0016633128,0.4434447,0.0077601806,0.0013061324
3840,0.24353439,0.2562929,0.20942867,0.22500613,0.42252567,0.27353323,0.23947664,0.4807957,0.21223125,0.20859857,0.16875593,0.1839288,0.2534172,0.2335666,0.18807459,0.21664341,0.09719065,0.27600425,0.21705456,0.15179628,0.20075303,0.28557667,0.21718432,0.17746837
3841,0.06449348,0.028168058,0.00034729333,0.0026793506,0.26504394,0.11210587,0.0026227632,0.7403599,0.017024653,0.021147527,0.0009640901,0.0021144,0.025468538,0.00165562,0.0013797013,0.031735428,1.6358865e-07,0.15377305,0.020727765,9.418103e-06,0.001187449,0.14751074,0.0030608026,0.0008690712
3843,0.19633916,0.14280494,0.03602283,0.062504195,0.20381816,0.16417699,0.11042917,0.4618898,0.064290024,0.09460922,0.033238932,0.052868206,0.2491456,0.052303676,0.033035386,0.09969989,0.0015074774,0.118476406,0.13142413,0.005553234,0.026840305,0.259114,0.060112316,0.035427637
3845,0.20885003,0.21804222,0.19958399,0.22829504,0.4522306,0.26761654,0.22529264,0.49509168,0.20740244,0.2018407,0.16485539,0.17262644,0.23785508,0.21851669,0.17714517,0.20131865,0.1045381,0.29641423,0.19084549,0.14860743,0.19378057,0.2703346,0.19588766,0.16777839
3850,0.06779976,0.050381616,0.017449996,0.035389308,0.5158937,0.1965819,0.014421471,0.63836527,0.04559843,0.061863642,0.021581294,0.014509271,0.090487264,0.031690042,0.03255978,0.07678046,0.0005966767,0.37486327,0.021159643,0.0042085657,0.013526567,0.2327551,0.019998109,0.012623753
3851,0.2868443,0.186264,0.016177481,0.027942367,0.30281168,0.28478694,0.023102466,0.48274836,0.093765356,0.1425488,0.02232396,0.034159668,0.21892765,0.029916223,0.037023887,0.12848562,0.00017800703,0.21858338,0.10318749,0.0014574484,0.012862663,0.4427078,0.03732226,0.01905828
3854,0.19991645,0.20660652,0.14871474,0.18400799,0.43445092,0.25203362,0.17604907,0.51349425,0.18753351,0.17308612,0.12494496,0.14100145,0.19716315,0.18939504,0.14585608,0.18919314,0.04895809,0.28303757,0.15511142,0.10110177,0.16875084,0.26019105,0.16199937,0.14004003
3863,0.01471037,0.014952036,0.0037465773,0.008553674,0.56886697,0.07386115,0.0018558468,0.6603009,0.0228386,0.0367921,0.004042798,0.0031666805,0.03787482,0.009976834,0.0109170275,0.051756438,2.4469371e-05,0.5921489,0.004739076,0.00031352916,0.0029418352,0.10676742,0.0046775555,0.001628955
3864,0.075540766,0.033842973,0.003670965,0.0107636405,0.50699866,0.23338734,0.002201802,0.619089,0.037242588,0.044017535,0.0070642326,0.005169725,0.029690403,0.007139175,0.011850715,0.09143342,1.1719495e-05,0.28209198,0.01934134,0.00030155302,0.006209752,0.2713865,0.0074785138,0.003205846
3866,0.28010964,0.10941211,0.008422729,0.009447854,0.47007167,0.393232,0.0039467844,0.5469628,0.07143743,0.07533394,0.016645467,0.011678581,0.06931392,0.012954591,0.026839921,0.1080323,4.0780556e-05,0.24462505,0.05784338,0.000745016,0.0139326975,0.48454663,0.0178097,0.009426737
3867,0.22519842,0.22665685,0.15309124,0.18165752,0.40061554,0.24763341,0.18345416,0.47694874,0.19251959,0.19266033,0.12704778,0.13639124,0.22803134,0.17864448,0.1584368,0.17676693,0.05907757,0.26512596,0.18812992,0.0967508,0.15731655,0.2794912,0.16899398,0.1338152
3868,0.2876127,0.32332763,9.442318e-05,0.0005502638,0.23101455,0.036908124,0.0014924323,0.17550686,0.061397035,0.04811181,0.0005125969,0.00559495,0.031578567,0.00023995212,0.00048010136,0.023049599,3.4028795e-09,0.019629348,0.11561321,6.811394e-07,0.00094130565,0.099200994,0.0055041816,0.0012515786
3871,0.07335994,0.051481068,0.0034229234,0.012510323,0.27077323,0.12158181,0.008955382,0.569288,0.03973202,0.06619171,0.005434232,0.008324123,0.11538468,0.013725269,0.009724117,0.071575984,1.9016275e-05,0.3794363,0.02501705,0.00022181404,0.0034470537,0.2246264,0.009806233,0.0029223133
3874,0.22632225,0.15332875,0.028257914,0.0494068,0.31125805,0.29513207,0.026852725,0.51790476,0.07612777,0.10563505,0.03165562,0.03584732,0.16110256,0.038840674,0.039452918,0.10993953,0.00081682793,0.18851182,0.09952409,0.0047898768,0.032171667,0.36921442,0.04087246,0.032725316
3876,0.074662454,0.0905998,0.03324486,0.06522185,0.4054551,0.13070162,0.03173336,0.6089956,0.072477154,0.10666911,0.038277663,0.03594206,0.12980898,0.06729351,0.050915245,0.096671924,0.002591046,0.44469777,0.041206077,0.008631087,0.03214918,0.17385118,0.046478506,0.027350472
3890,0.21276008,0.21993695,0.088027835,0.11480185,0.4740892,0.21770391,0.10489716,0.4657755,0.17396298,0.1595372,0.08845503,0.092258394,0.15748245,0.107513584,0.116869904,0.141588,0.018530942,0.25823337,0.18221642,0.046327397,0.11775564,0.254005,0.11819325,0.09388837
3893,0.09888835,0.10651223,0.0018021017,0.009782279,0.20695922,0.067199446,0.019873802,0.560106,0.05160708,0.04642034,0.0031951743,0.01061335,0.045555625,0.0054920707,0.0035643699,0.031770624,6.984195e-06,0.044673234,0.048035927,0.00018841047,0.0062034023,0.08972716,0.010910516,0.005430643
3896,0.14617679,0.1342549,0.03764919,0.06513762,0.46843672,0.24214563,0.03722486,0.55745536,0.09480568,0.097434945,0.039895374,0.046291452,0.08771988,0.053474754,0.044381842,0.0948748,0.0022655525,0.23134093,0.081821054,0.01320425,0.060604434,0.2141838,0.05887479,0.04279771
3897,0.15837237,0.17850377,0.14288525,0.1762586,0.45741677,0.22198096,0.15534696,0.4998134,0.16391845,0.15185505,0.12612186,0.11384041,0.16624849,0.17587218,0.13310443,0.15909857,0.055728152,0.2939601,0.13692483,0.0972542,0.1510159,0.22002093,0.14151384,0.11754077
3899,0.2183473,0.14589658,0.026808029,0.041171707,0.32923988,0.22633833,0.02567014,0.4618993,0.08574599,0.12761371,0.02493866,0.031759854,0.22137435,0.036569137,0.05124163,0.13380551,0.00063342217,0.24834752,0.10090052,0.0037620421,0.017650304,0.39173818,0.049770918,0.02273419
3900,0.11005561,0.0808496,0.022698568,0.059338316,0.2669504,0.14449245,0.064389974,0.5523894,0.056152966,0.067599334,0.026897307,0.03388461,0.108991906,0.04568481,0.02710953,0.096508026,0.0010529347,0.20207499,0.06943444,0.004961954,0.027618594,0.1917844,0.0493276,0.023352945
3904,0.11467707,0.09699674,0.027396815,0.050864965,0.48959145,0.22292557,0.024194214,0.58581525,0.077756874,0.08597202,0.033850357,0.03113809,0.08641583,0.048352916,0.044930756,0.11543225,0.0012583225,0.40478757,0.051277816,0.0070937076,0.03691495,0.22925521,0.043441296,0.0237812
3906,0.07705981,0.08873979,0.032405622,0.07318083,0.50212973,0.15778962,0.03313491,0.62964123,0.07666743,0.08720286,0.04305792,0.035581674,0.073836334,0.059710808,0.04944441,0.086044006,0.0036330097,0.30591407,0.049968615,0.016233372,0.055060983,0.16604485,0.051348954,0.03228544
3911,0.10103898,0.1267524,0.047495965,0.07282863,0.44918305,0.14440526,0.061437923,0.470987,0.08627019,0.07838961,0.043192755,0.04509983,0.11052932,0.060187437,0.046546426,0.07338345,0.0054190815,0.21167074,0.08446691,0.019885682,0.06090734,0.15580197,0.060551316,0.043752212
3913,0.20146357,0.17409255,0.0138508305,0.020613842,0.3172897,0.106934704,0.020485992,0.26251444,0.10160936,0.08291401,0.010091602,0.018184131,0.13647455,0.015801651,0.017114824,0.036357697,0.00011021193,0.09413737,0.09633139,0.0013400085,0.00927929,0.22221424,0.031408437,0.016995694
3920,0.25328854,0.22932881,0.03492034,0.0428256,0.4744044,0.20982917,0.037732985,0.3541203,0.12912166,0.15033899,0.0358075,0.043980975,0.14520432,0.040055547,0.06284136,0.17617586,0.0011285776,0.20127726,0.12818179,0.00711704,0.056277547,0.33072904,0.07536945,0.03741622
3923,0.25069818,0.24082142,0.11231761,0.13221633,0.50031304,0.26353836,0.09036174,0.39579862,0.22241125,0.19139192,0.085145734,0.10723747,0.1728542,0.10521833,0.118474975,0.15945752,0.015185378,0.2743479,0.17808847,0.047134757,0.12484062,0.2523587,0.11608587,0.1053879
3925,0.18690893,0.12364018,0.014160366,0.054652195,0.2512223,0.1915635,0.082330406,0.594918,0.07952757,0.06889774,0.02486543,0.05387284,0.09356195,0.036258057,0.024520747,0.13423905,0.00034343323,0.17116456,0.11357121,0.0026435107,0.024325265,0.25721952,0.064429276,0.026848473
3926,0.2668795,0.28099397,0.20198238,0.24609531,0.40105194,0.2752996,0.26092678,0.46014574,0.24800415,0.23783092,0.16934703,0.20163144,0.27067748,0.22813615,0.1862034,0.23129761,0.09365624,0.25182015,0.24743809,0.15454692,0.20837274,0.29511258,0.22417963,0.19796945
3930,0.18576968,0.18695095,0.10480095,0.12189771,0.54372656,0.25029933,0.09510753,0.48297703,0.21667233,0.19753924,0.086190626,0.09100014,0.15377925,0.12299593,0.11556687,0.14854719,0.01815291,0.30252838,0.12948805,0.052058972,0.13416296,0.23656331,0.10545277,0.094844684
3935,0.18932433,0.17950258,0.07474098,0.11445731,0.36236215,0.21643701,0.12883623,0.4945039,0.15033612,0.13618127,0.06462954,0.09412611,0.15211006,0.09920468,0.07186319,0.14692679,0.009654758,0.21542521,0.14701349,0.028405694,0.087734595,0.23271638,0.10933893,0.0805279
3943,0.10743475,0.10116198,0.041438803,0.07800645,0.39581484,0.23802322,0.052998208,0.64432645,0.087205045,0.0849967,0.04596003,0.045572847,0.12035637,0.075725414,0.06890044,0.12670232,0.0052140383,0.3248021,0.06364018,0.018035073,0.05315648,0.27036738,0.057597965,0.034209173
3953,0.10458833,0.031070134,0.0005000481,0.0040055593,0.24609165,0.25411382,0.004046117,0.81546223,0.011064357,0.018675663,0.0020942327,0.003662245,0.03077809,0.0027310343,0.0033022163,0.07190926,2.7961408e-07,0.18839234,0.024774393,2.0908234e-05,0.0011092853,0.3508856,0.0045659463,0.0009735637
3959,0.12932062,0.15456972,0.03634885,0.062363926,0.3132572,0.13579985,0.08958355,0.46783862,0.09423574,0.096340604,0.034242827,0.052257016,0.1311758,0.067055926,0.043800436,0.09707576,0.0027965088,0.1729488,0.09681136,0.010081538,0.047255833,0.16330005,0.06574941,0.0397543
3965,0.1295621,0.12150297,0.012654822,0.028067736,0.41597632,0.17265262,0.019007066,0.51567346,0.104318425,0.08166798,0.019818174,0.023587227,0.053697832,0.019622128,0.020143198,0.067341246,0.00030796265,0.20045039,0.07453974,0.0024863845,0.03318472,0.1599234,0.028660063,0.017406488
3967,0.088147186,0.064576164,0.01363949,0.031921886,0.40689898,0.17260544,0.011391669,0.5948384,0.05458908,0.071604654,0.015408072,0.014024169,0.1267247,0.023048913,0.027877167,0.09291258,0.00018346401,0.44306263,0.03750007,0.0014160608,0.010650115,0.27759522,0.022402959,0.010233601
3970,0.21555138,0.1765294,0.024948075,0.02800216,0.3820563,0.265346,0.017537864,0.39889994,0.12790008,0.12613931,0.025478242,0.028979825,0.13233005,0.029803779,0.04303367,0.1422986,0.0005362005,0.22035314,0.07828027,0.0032028346,0.027339062,0.30664536,0.03674415,0.02351484
3972,0.13417882,0.13119091,0.024354957,0.050327998,0.29785457,0.15561257,0.046940465,0.5263127,0.07335481,0.0911391,0.023484962,0.03828594,0.1277552,0.043013383,0.027702611,0.076590545,0.00089048286,0.16014738,0.08228897,0.0039869123,0.02584395,0.19314136,0.037768137,0.024115263
3974,0.27099636,0.20288636,0.051836792,0.067830466,0.51281273,0.32358557,0.03716842,0.49921542,0.16094029,0.14474577,0.059047397,0.06398401,0.11527167,0.058722675,0.09726672,0.19192338,0.0030474775,0.31837708,0.12791185,0.017008556,0.077947035,0.32699493,0.07297543,0.055303156
3976,0.24416879,0.18568297,0.032071974,0.06790828,0.26188058,0.26149642,0.09857688,0.53061664,0.11970576,0.14056855,0.03789969,0.06342689,0.2106307,0.060998525,0.043699853,0.19102708,0.0013013287,0.21006992,0.12577929,0.0063275932,0.03761547,0.30945894,0.07577454,0.0435754
3983,0.11077077,0.105099395,0.047391377,0.0865011,0.43443483,0.1937886,0.07409154,0.5947839,0.10510011,0.08573764,0.046594407,0.05020886,0.08340084,0.07908593,0.056672905,0.09059679,0.0060916496,0.26160106,0.07001602,0.022322098,0.06735166,0.16804744,0.05965903,0.044456627
3987,0.1592203,0.10540194,0.022048155,0.025470853,0.31256658,0.14073883,0.029418863,0.45117387,0.06467552,0.073121525,0.014403501,0.018797278,0.10876874,0.030539662,0.025290644,0.04377965,0.00058084744,0.17879815,0.06909153,0.0030778942,0.016092943,0.1734419,0.023824252,0.017671749
3988,0.2658621,0.17074494,0.020045092,0.038829416,0.3009091,0.3080326,0.053758148,0.5506747,0.096261874,0.12129451,0.03576746,0.055463467,0.19704768,0.038631253,0.03598662,0.18004699,0.0003242389,0.21515456,0.12546498,0.0031582112,0.02703017,0.4255608,0.06961814,0.030086733
3993,0.15248387,0.13065726,0.049518693,0.07389443,0.56620693,0.23142864,0.037334267,0.5217054,0.12535891,0.1422348,0.06793658,0.051017605,0.09537027,0.07750041,0.07805833,0.111400716,0.006435638,0.35311136,0.090448886,0.026084187,0.080527514,0.23601803,0.07423861,0.056296572
3996,0.20758912,0.2312284,0.20340043,0.21632326,0.44349623,0.26431468,0.21666375,0.48929873,0.20231558,0.19818111,0.16547708,0.16708815,0.22916023,0.22458228,0.18700507,0.20413119,0.107789814,0.27604353,0.19367512,0.15414345,0.20264605,0.2646914,0.19875422,0.17111422
3998,0.16858308,0.12980112,0.040515024,0.07532727,0.31145224,0.2097411,0.0646151,0.5678905,0.079023205,0.1041939,0.05532827,0.054743394,0.13031194,0.07898758,0.05679622,0.1492739,0.0033889294,0.23004682,0.093073785,0.015239947,0.059240825,0.29949537,0.08074826,0.05078689
4000,0.48356703,0.18032634,0.0004162906,0.0011532552,0.15077469,0.23047365,0.001605141,0.3370126,0.028545389,0.07847132,0.0011129237,0.0044021644,0.1224682,0.00055721554,0.0010430446,0.054901052,1.5267878e-08,0.03151402,0.07056613,1.5743782e-06,0.0006150605,0.54262173,0.0062657883,0.0011656508
4005,0.05149853,0.057167113,0.009402613,0.029454822,0.33595014,0.1371981,0.02587984,0.61190784,0.046300933,0.05464137,0.011062589,0.014484732,0.061949536,0.022002827,0.011851782,0.054091986,0.00019903922,0.17049399,0.032809664,0.0016743626,0.011481386,0.13008375,0.015244549,0.0092773
4008,0.1618313,0.09467242,0.01021199,0.023349918,0.582085,0.21649808,0.0077907466,0.53681266,0.07849721,0.07354072,0.017398065,0.017607192,0.040109847,0.01584821,0.021744976,0.04784539,0.00017771617,0.3262351,0.04114861,0.0015781455,0.021110345,0.23693007,0.0192734,0.013803949
4009,0.091103114,0.10657884,0.046684146,0.06617135,0.49797592,0.13702525,0.056007326,0.51079583,0.09380047,0.074231684,0.038366802,0.045640767,0.0855195,0.07099858,0.059322353,0.08491031,0.005884728,0.28458264,0.070380025,0.019183042,0.058842447,0.14527093,0.067996666,0.035233136
4014,0.14725916,0.11516172,0.03945983,0.053209327,0.42158002,0.20749159,0.029530719,0.498252,0.08192775,0.11623907,0.03949226,0.03459681,0.15746179,0.06364481,0.07398817,0.16791366,0.002011595,0.35551834,0.06146339,0.010077279,0.03698616,0.34273067,0.05806275,0.027821751
4018,0.21162292,0.22276303,0.1619539,0.17017248,0.44516698,0.25449425,0.15932174,0.5011916,0.18359426,0.1802137,0.14502004,0.14487214,0.20123963,0.17872776,0.16586198,0.18253635,0.06300052,0.27032924,0.1874044,0.11576457,0.17874144,0.2679156,0.19015463,0.14798993
4020,0.1424852,0.17104347,0.07396197,0.11996045,0.3942549,0.18953635,0.10606174,0.48957896,0.13879813,0.1305742,0.072917625,0.091963,0.13664389,0.11431837,0.07705103,0.13882685,0.013089417,0.26674682,0.09963238,0.033781346,0.08428824,0.20042895,0.1023726,0.07208958
4021,0.05093337,0.06404865,0.008894629,0.016060043,0.49363804,0.090242565,0.009306799,0.5588728,0.045952998,0.0406252,0.009454563,0.01278702,0.04369264,0.018156882,0.018926697,0.052541915,0.00018019236,0.32023272,0.028367097,0.0016358434,0.017016426,0.118520856,0.017501257,0.008397907
4025,0.22167785,0.20163818,0.14564064,0.16406348,0.48214713,0.30181122,0.13608004,0.54450184,0.20317857,0.20049627,0.15197618,0.1433842,0.21311097,0.17340213,0.18031417,0.29564658,0.028543629,0.31129876,0.17241812,0.07696863,0.15823993,0.37723988,0.16887367,0.123220205
4033,0.014403386,0.0125288395,0.0003761917,0.0026884458,0.5288074,0.088830404,0.0007181185,0.81902534,0.009432403,0.007247535,0.0011228614,0.0011444939,0.0050042337,0.0018328497,0.001083633,0.011487128,5.3131754e-07,0.24115235,0.0050911233,2.9320288e-05,0.0017573492,0.052325163,0.002235183,0.0006787854
4036,0.36270002,0.27811506,0.047960114,0.058752846,0.28922707,0.30354673,0.054265477,0.35142928,0.17344023,0.25524566,0.053084143,0.07746435,0.3557449,0.06428309,0.062015373,0.27971116,0.0011090713,0.24909662,0.20969847,0.0058402047,0.03262439,0.5051689,0.10675164,0.04943265
4037,0.25226143,0.21195512,0.041301418,0.06433958,0.28016073,0.21298829,0.09872342,0.39057517,0.11448004,0.12425582,0.043959484,0.07818759,0.19751017,0.055283327,0.038288977,0.100766405,0.0017519069,0.11201699,0.19485019,0.00941903,0.054180067,0.27938938,0.09838672,0.05630801
4061,0.17661014,0.17187935,0.07003312,0.09269438,0.41741553,0.20600131,0.075014204,0.48096442,0.1458476,0.14065048,0.06959155,0.07221715,0.16014504,0.10801248,0.087971136,0.16455063,0.009265306,0.32439113,0.11926136,0.028415587,0.09048944,0.26559514,0.09829919,0.0652601
4063,0.12172012,0.11231049,0.049751867,0.0767102,0.5408964,0.23670831,0.041933473,0.51632094,0.13224769,0.103848055,0.05320337,0.053062085,0.083640836,0.074972644,0.07210725,0.12488,0.004565112,0.34806892,0.08507404,0.02083309,0.07765782,0.20941205,0.06883547,0.041602377
4070,0.14433353,0.14538403,0.11225848,0.14150512,0.46661156,0.21888703,0.1012722,0.55131376,0.13452701,0.12635668,0.10117978,0.08819325,0.15240268,0.14716744,0.121577196,0.15672792,0.02973534,0.3184564,0.111474305,0.072123796,0.120087735,0.23194093,0.11470066,0.09043334
4072,0.054912068,0.043406058,0.009579406,0.022729196,0.52944535,0.14041261,0.008990112,0.6743706,0.041304372,0.040701494,0.016407773,0.011783022,0.028352052,0.020306142,0.014615464,0.06281946,0.00018169598,0.30455124,0.022394797,0.002311292,0.022579614,0.120250255,0.016826594,0.0098540615
4079,0.1995789,0.18292277,0.08134934,0.1115398,0.37496787,0.20541911,0.14772388,0.43417683,0.13789462,0.1306446,0.058162343,0.08697933,0.15898861,0.11517766,0.08887667,0.1588191,0.011405676,0.18608102,0.14415042,0.033153635,0.07961071,0.23403676,0.10629706,0.07173648
4082,0.08989119,0.11892995,0.05231535,0.08877349,0.52301174,0.1749108,0.042984407,0.55186486,0.11847015,0.13284954,0.062819175,0.052956615,0.11785429,0.0975802,0.07752845,0.12751295,0.006914452,0.43383005,0.060149495,0.025198605,0.063123085,0.20728321,0.07183078,0.044022184
4088,0.058419794,0.075031534,0.039400253,0.05696144,0.546685,0.12198194,0.02260872,0.5264503,0.07930924,0.09996793,0.038157035,0.029829126,0.08949073,0.06591585,0.05506029,0.07621459,0.00389845,0.39893508,0.03823013,0.014713537,0.04185464,0.14297701,0.038195625,0.027080797
4090,0.2158417,0.20112054,0.055545375,0.07955938,0.4259519,0.23710863,0.0740722,0.47799563,0.13107751,0.13535598,0.0705961,0.08448643,0.11970986,0.07527264,0.071045905,0.17048259,0.004561272,0.23302376,0.14384638,0.019396093,0.092140764,0.2681852,0.102203414,0.06682439
4107,0.22762477,0.25809637,0.21643077,0.23239128,0.4476988,0.25989243,0.25386572,0.47335553,0.22983296,0.21572076,0.18763384,0.1983332,0.24517226,0.23143055,0.18607466,0.22747248,0.10927627,0.28032053,0.2292195,0.17308396,0.22508089,0.28058815,0.23986152,0.19928975
4109,0.082641765,0.09482629,0.020238698,0.041096527,0.5853478,0.13135004,0.015350134,0.56340927,0.09298339,0.12751943,0.041457716,0.036182247,0.10609845,0.050977103,0.052384768,0.1313173,0.00087191246,0.57472146,0.044644985,0.005274465,0.026211899,0.21980445,0.044623725,0.019339457
4114,0.31972894,0.3088466,0.1376941,0.15740135,0.3192138,0.2797781,0.21405153,0.40152168,0.20673461,0.22658925,0.10500919,0.16955547,0.31620505,0.13384445,0.10888426,0.19872692,0.021842372,0.18049787,0.2625921,0.050883517,0.12223341,0.31559822,0.17448173,0.14582177
4116,0.08936625,0.077030994,0.034285832,0.05836079,0.3839738,0.172746,0.03203127,0.59693444,0.07449653,0.11263022,0.042219512,0.035414133,0.1684558,0.063645415,0.05408107,0.18078282,0.0016674941,0.45157775,0.045761667,0.008302836,0.030326677,0.29025817,0.0540003,0.023232877
4117,0.1515284,0.15301745,0.13618489,0.16727035,0.45880887,0.23527192,0.12720683,0.56004393,0.14805698,0.16273674,0.11542549,0.103764296,0.19373468,0.17260137,0.13971512,0.16537985,0.043845583,0.40748152,0.11222919,0.08194974,0.11943657,0.2560744,0.12211968,0.09979662
4118,0.15260307,0.13494661,0.04646546,0.073061384,0.42624724,0.20708987,0.04726545,0.51707864,0.08821468,0.10205116,0.051220655,0.050847843,0.12459562,0.07056672,0.070725076,0.105349004,0.0047381516,0.31293857,0.08326612,0.01819504,0.052208815,0.23250718,0.07203321,0.04437379
4124,0.12948506,0.12400173,0.025474483,0.06309877,0.3229603,0.19788003,0.035583295,0.6004251,0.095468596,0.1278531,0.036042955,0.03865775,0.13432775,0.04355676,0.027800022,0.11648463,0.0007857247,0.34686732,0.07038657,0.003983566,0.028312933,0.22358575,0.034646366,0.030637182
4133,0.21005294,0.21168496,0.1115979,0.13151622,0.46972522,0.23233747,0.09374332,0.44570136,0.15660873,0.17100857,0.103785835,0.095374346,0.20222017,0.12085742,0.12742068,0.14489889,0.023194883,0.2730736,0.14655839,0.053271197,0.10618742,0.2862824,0.13553011,0.10671268
4135,0.16147883,0.14702281,0.022363663,0.044460453,0.47173014,0.19656639,0.020558009,0.51447564,0.07263446,0.0734968,0.024313753,0.02798754,0.10783521,0.032953452,0.05437547,0.09648682,0.0008173671,0.2541507,0.06922002,0.005857642,0.024874998,0.26056015,0.037518874,0.024076214
4142,0.06267874,0.087229975,0.0022837527,0.0057120277,0.36820778,0.07799531,0.0032622057,0.3407,0.039670493,0.03742282,0.0035042528,0.006826201,0.040699642,0.0024678246,0.0025852965,0.044151682,5.425581e-06,0.1042534,0.03130843,9.567421e-05,0.008247624,0.13207197,0.0073032165,0.003820128
4143,0.20777287,0.2529091,0.022478467,0.03866898,0.36853176,0.16225296,0.074791,0.35791594,0.132299,0.12841508,0.022780718,0.062945835,0.17353806,0.027547682,0.022730054,0.09554868,0.00047418417,0.15863854,0.17975236,0.003280406,0.032482427,0.19894587,0.062255744,0.03956436
4146,0.10792672,0.11019016,0.059293084,0.12668933,0.42614093,0.19888413,0.111115515,0.5585672,0.112592176,0.10954064,0.060665846,0.076398365,0.11537437,0.10461211,0.06600861,0.11085106,0.009471897,0.27161247,0.09149341,0.028376063,0.071878366,0.16191407,0.07070071,0.057195492
4150,0.29963005,0.27122936,0.060972847,0.06611433,0.33216017,0.2492976,0.084835716,0.37492952,0.1745513,0.16064145,0.060744666,0.083767645,0.17306677,0.07127381,0.08081706,0.14708222,0.0046270597,0.15285602,0.20855902,0.015922165,0.07860677,0.29220706,0.08981896,0.0714104
4152,0.19412841,0.17010711,0.01371659,0.02398595,0.3050923,0.15478793,0.0155510055,0.43674332,0.07080446,0.0897156,0.016855078,0.0252268,0.14105915,0.01925675,0.021127699,0.074051835,0.00022204554,0.14534998,0.08328767,0.0014868831,0.017811093,0.22992198,0.03862058,0.01868175
4154,0.5166529,0.24498948,0.0034921465,0.003956441,0.42528772,0.364236,0.001895615,0.24173346,0.0667879,0.12211486,0.0058783824,0.008141649,0.19067825,0.0030202244,0.013083892,0.1368807,1.9071804e-06,0.13299075,0.11753211,5.2340587e-05,0.0034013058,0.65396374,0.013208767,0.0046300455
4158,0.20816188,0.17922229,0.010526752,0.03074039,0.18215816,0.23007509,0.045447096,0.49081317,0.062919505,0.079204835,0.020201001,0.04280086,0.13050759,0.020497119,0.013714872,0.18796898,8.106182e-05,0.09785271,0.15500492,0.0008147946,0.020470947,0.335387,0.04949281,0.022248244
4164,0.018863332,0.02499778,0.0071316184,0.020019555,0.40859404,0.06571884,0.008772086,0.7110902,0.026006632,0.045544557,0.008277597,0.008171788,0.05887217,0.027306665,0.0126206335,0.045428492,0.00013016755,0.49769613,0.009292524,0.0009435635,0.0063115912,0.10698335,0.010860556,0.0040050345
4167,0.081960164,0.03109997,0.0012113266,0.0050423606,0.47696757,0.33304882,0.001476886,0.7527957,0.017423313,0.027031414,0.0030154872,0.00318563,0.01627847,0.0034224777,0.0039092866,0.055403184,9.857787e-07,0.23821238,0.0139461,6.513678e-05,0.0035242722,0.2727955,0.0027783331,0.0019738597
4171,0.07332977,0.07451314,0.013358069,0.032972433,0.34777632,0.10958653,0.03684503,0.53028595,0.05540068,0.06232612,0.014614997,0.021257421,0.078138985,0.031193832,0.016853524,0.054359224,0.00041195645,0.24301355,0.043707084,0.0018663665,0.01739586,0.119438946,0.026885774,0.014820526
4175,0.09463977,0.07965504,0.013802183,0.041718002,0.29294258,0.18951905,0.049574606,0.60297316,0.070372835,0.124431685,0.023198344,0.034204606,0.17050374,0.03630421,0.021516562,0.21766563,0.00018011336,0.35862553,0.049954146,0.0016649422,0.016720893,0.25407362,0.034177177,0.013487567
4177,0.15286753,0.16323707,0.038385764,0.059274297,0.40001497,0.16579022,0.054040674,0.4418457,0.08990709,0.10307341,0.03816442,0.044880796,0.16370068,0.061698467,0.051770773,0.1103096,0.002803256,0.22142775,0.112030044,0.010788023,0.043530945,0.2233884,0.06972629,0.040545918
4178,0.10381809,0.10134075,0.047697462,0.08016861,0.4952833,0.19589615,0.042142086,0.6093224,0.08814176,0.089480005,0.054663047,0.04439563,0.09108075,0.074330695,0.067346536,0.11903375,0.005647363,0.3270686,0.06445059,0.02279823,0.060142335,0.21339549,0.062117342,0.039732497
4179,0.20074376,0.20348577,0.030531373,0.061005138,0.19944654,0.100520596,0.17588902,0.42774272,0.1160862,0.11748052,0.028564304,0.09301921,0.16089539,0.04603652,0.023335535,0.10366508,0.0012233561,0.06943118,0.1496533,0.004712669,0.06270417,0.16527393,0.099396594,0.048627265
4183,0.06245352,0.041240834,0.00022212515,0.0008673452,0.30307573,0.11666092,0.0014438337,0.7020968,0.008764058,0.018689767,0.0008760822,0.0015450345,0.02556374,0.0018941,0.0015010001,0.059462298,3.9227185e-08,0.23143525,0.016231125,5.476986e-06,0.0013424648,0.32728314,0.0035463194,0.00064895384
4186,0.12273683,0.088361576,0.004284723,0.0068405042,0.42270002,0.2059258,0.0026682955,0.48278362,0.049727898,0.09787297,0.0075571802,0.008557769,0.12832303,0.008402812,0.01620313,0.117997006,8.365323e-06,0.43078148,0.028934667,0.0001744856,0.004188554,0.39763793,0.011818928,0.0046663117
4188,0.15867412,0.16087645,0.09042201,0.11321778,0.34138522,0.19136861,0.13369244,0.5147362,0.116341166,0.1335886,0.07183711,0.08945808,0.18720792,0.12844793,0.08679708,0.13387668,0.017759748,0.20704655,0.12281348,0.042885683,0.081951134,0.2465132,0.1086401,0.07193714
4197,0.022584118,0.01417707,0.0009343593,0.0047243293,0.6634809,0.07483174,0.0009491168,0.6718891,0.017903076,0.018739047,0.0039501847,0.0018086719,0.01683544,0.0038525043,0.0067488817,0.03885263,3.5325675e-06,0.6147505,0.005228167,7.821561e-05,0.0019812663,0.103609435,0.004016297,0.0009151838
4199,0.22157556,0.24129328,0.1658825,0.20575956,0.416063,0.26650426,0.21986905,0.5033039,0.2210413,0.2076917,0.14178665,0.16103826,0.26778233,0.20075841,0.16608469,0.20283619,0.060003567,0.26543668,0.22935681,0.11276761,0.1700275,0.28586194,0.177286,0.15668087
4200,0.18445845,0.21328704,0.11973522,0.15194334,0.40663543,0.21518242,0.17097804,0.45681095,0.1749082,0.17459081,0.10388857,0.13474722,0.19852503,0.155198,0.114429295,0.1622781,0.03180421,0.2646832,0.18339533,0.06474986,0.1475142,0.2166639,0.15306671,0.11229957
4203,0.10343355,0.083987005,0.036177386,0.09756121,0.3933738,0.22325364,0.049971648,0.66161156,0.08458415,0.0979282,0.042612478,0.0363519,0.10573926,0.07293337,0.050569106,0.092190124,0.003909528,0.29360688,0.057007182,0.014678295,0.04027468,0.19341344,0.047804784,0.033537924
4206,0.18324226,0.1751009,0.040346228,0.0834414,0.3632204,0.20938197,0.07779717,0.5196612,0.139367,0.14336044,0.054034628,0.06890557,0.14688428,0.06590571,0.052365705,0.15839924,0.0025252432,0.2080625,0.12496096,0.013405864,0.0707507,0.25106826,0.08718411,0.053976055
4208,0.17238149,0.16936891,0.08398258,0.11828835,0.39909047,0.22760683,0.101020806,0.54572415,0.13750656,0.13372026,0.084740825,0.08173535,0.165204,0.1211597,0.08720083,0.14811131,0.014755582,0.2704926,0.1374253,0.04167254,0.09300926,0.27337682,0.11405797,0.08089696
4211,0.31869856,0.18323582,0.0033276975,0.007975942,0.17714667,0.16355291,0.01197269,0.33076984,0.050324358,0.06623665,0.0057988865,0.010322896,0.17474325,0.004419998,0.006574007,0.038814202,5.06572e-06,0.05770257,0.124468125,0.00010401277,0.0029892214,0.42428097,0.015314055,0.007047676
4212,0.025349364,0.028887328,0.0020096141,0.009773059,0.5975599,0.11095483,0.0022009714,0.70444745,0.02573763,0.028420642,0.006191934,0.004044157,0.020723442,0.007723886,0.009101919,0.052458327,1.41623095e-05,0.46343058,0.010594174,0.000420664,0.006879104,0.13382174,0.009361265,0.0029413595
4213,0.29394764,0.3125066,0.022194183,0.037488107,0.30141443,0.1273637,0.0411703,0.2694263,0.12728263,0.14862134,0.016540108,0.03965107,0.20427547,0.024310282,0.025029043,0.061542656,0.0004681625,0.08865002,0.18143338,0.0020781078,0.021994619,0.20711029,0.06018698,0.036121443
4214,0.20945203,0.2095952,0.08716398,0.123758525,0.31283274,0.2069497,0.18687402,0.47343966,0.14315346,0.17386806,0.07318227,0.109435655,0.22053829,0.12836488,0.07158078,0.15070808,0.0123430155,0.18984146,0.1807607,0.033080254,0.09321382,0.23001856,0.13028464,0.09996277
4218,0.08691384,0.045523,0.002126113,0.008567806,0.30078724,0.17023785,0.0033585376,0.6069968,0.033421442,0.06479098,0.005398793,0.0047003883,0.10245419,0.007026378,0.007528346,0.062151797,5.582906e-06,0.3742582,0.023239415,8.845176e-05,0.002335266,0.28159997,0.006357281,0.0026749303
4223,0.07215386,0.056657985,0.014180356,0.04523557,0.44932953,0.1739206,0.02139808,0.6889609,0.051704463,0.05934188,0.020366024,0.018499946,0.048736524,0.033647876,0.025690876,0.05820989,0.0006860501,0.3378109,0.029829456,0.004145151,0.019008266,0.16055153,0.02107798,0.014531135
4225,0.33346555,0.26408824,0.025851592,0.04905042,0.2765982,0.21797667,0.046743296,0.3635605,0.11500435,0.1329753,0.027155848,0.05475085,0.24114011,0.03376048,0.032320384,0.1144564,0.0005198491,0.14397518,0.17570423,0.00330588,0.02495489,0.36594132,0.06783627,0.038356584
4227,0.038421087,0.021745829,0.0004582948,0.0030918694,0.5312394,0.1789084,0.0009316799,0.7471361,0.009560419,0.017624043,0.00296197,0.0032150063,0.011398206,0.0021563924,0.001599931,0.08333093,2.2967002e-07,0.3389363,0.012621835,2.7179625e-05,0.0026884163,0.21420157,0.0035195549,0.0011180147
4232,0.117560655,0.12632406,0.061388843,0.099116966,0.466837,0.17296927,0.057995804,0.5227733,0.10217189,0.10027292,0.06254766,0.053323045,0.11282791,0.08490859,0.064077236,0.10866167,0.009040586,0.2800006,0.08817582,0.028451145,0.07317046,0.20032392,0.07763438,0.058698736
4234,0.20573483,0.1917606,0.079786375,0.106302,0.5061525,0.23069341,0.06598167,0.49373055,0.16716014,0.15797707,0.08158962,0.0833836,0.14129,0.10238396,0.119015306,0.13738045,0.0123956865,0.3196627,0.124337256,0.036095984,0.100267485,0.2731896,0.106606245,0.082985684
4236,0.19297431,0.20337178,0.12546541,0.1562628,0.4436849,0.22959122,0.15182291,0.49780804,0.16302624,0.15234157,0.124655716,0.12819152,0.20465466,0.15128632,0.13588548,0.17887987,0.03428239,0.29592672,0.16189037,0.0714246,0.13400479,0.27592644,0.16794123,0.11731193
4242,0.18729304,0.18141793,0.09599113,0.12602259,0.4510014,0.21215633,0.11531742,0.4637628,0.15379642,0.13354161,0.07519938,0.08593209,0.1419201,0.12174099,0.103111334,0.14196344,0.020910146,0.24654354,0.12860702,0.0539555,0.10936219,0.23039545,0.10169037,0.09213888
4243,0.21375011,0.25086516,0.025256155,0.041815236,0.44100776,0.16687928,0.03386053,0.36693913,0.13885984,0.117458545,0.027612828,0.048041433,0.118289344,0.037451543,0.045365147,0.09706422,0.0011470228,0.178628,0.11968801,0.0060860687,0.05051021,0.2257258,0.056900945,0.04149074
4249,0.07723509,0.03355164,0.00057360425,0.0028191495,0.28456146,0.1779164,0.0014056648,0.72894406,0.021576155,0.017839579,0.002071972,0.0026699407,0.024832577,0.0014413334,0.002338816,0.06697554,2.0919511e-07,0.2093667,0.019821491,1.5266707e-05,0.0013327752,0.29903308,0.0032095464,0.0010651448
4255,0.12662722,0.121999465,0.000989115,0.003561108,0.3120592,0.06648094,0.0023455222,0.31946275,0.027055962,0.059549388,0.0011249149,0.0031025598,0.08472295,0.0019164518,0.0023343728,0.011738996,5.095893e-07,0.09983896,0.03759835,2.0247831e-05,0.000983709,0.14466849,0.004251699,0.0018890362
4258,0.16675927,0.14382453,0.052445695,0.06812787,0.47743148,0.21760027,0.03893261,0.52432096,0.11688,0.11868063,0.050594307,0.047841154,0.13433877,0.07487939,0.07846665,0.12225283,0.0042647114,0.36415914,0.08335306,0.017855994,0.05358975,0.29005557,0.06269785,0.050053388
4259,0.13233812,0.10025031,0.00057834416,0.0033185254,0.07599921,0.059173763,0.018829053,0.4229691,0.01782999,0.019985233,0.0010041312,0.0058582197,0.076039,0.0013898847,0.0010838525,0.018878466,3.471378e-07,0.016317869,0.06969278,8.590947e-06,0.0007966365,0.15457231,0.008135198,0.0015745838
4260,0.26310012,0.22394131,0.0060408306,0.01739175,0.39511564,0.21746875,0.015895097,0.44109473,0.13750817,0.0867565,0.017792735,0.025408348,0.07256559,0.009091775,0.01254303,0.13393176,3.481848e-05,0.15916094,0.13455987,0.0004925419,0.027092746,0.24197334,0.030292762,0.023778114
4261,0.18576556,0.18633594,0.036543015,0.05105825,0.4432147,0.23893797,0.024319358,0.40722993,0.12193512,0.12355112,0.037671153,0.041978225,0.12813962,0.039660197,0.06163906,0.11617099,0.0014990997,0.22296195,0.12191197,0.008056029,0.044824198,0.29201698,0.057825286,0.040484615
4263,0.062006205,0.047783762,0.011140862,0.036877133,0.47430882,0.19499873,0.0116169145,0.7104062,0.042381465,0.05373749,0.020430224,0.01657236,0.043005865,0.022502642,0.018000813,0.07840887,0.00021518338,0.310806,0.029322667,0.0026016952,0.022159047,0.14929299,0.01814234,0.011769904
4266,0.20409201,0.20052336,0.0542658,0.08278849,0.30422857,0.17728028,0.15298887,0.44076493,0.1361598,0.1557489,0.061951704,0.09446593,0.221768,0.08239686,0.046539836,0.096376516,0.0048185363,0.1822895,0.18310146,0.014709597,0.060121063,0.20962875,0.087003626,0.07026647
4268,0.02470589,0.016260525,0.0007681352,0.0044190893,0.23365583,0.081521,0.0014579487,0.79655904,0.013824002,0.046055507,0.002694314,0.0021981793,0.14001583,0.0045695347,0.0034210808,0.10960624,3.3805276e-07,0.6453477,0.006399611,1.4516956e-05,0.00056990783,0.35621834,0.0040327976,0.00064404646
4278,0.13641988,0.12831171,0.05813443,0.081683494,0.3958928,0.19984964,0.08551787,0.4362073,0.088637054,0.08211433,0.046546333,0.05790941,0.13847144,0.073568605,0.0524492,0.10966047,0.0059441114,0.19597375,0.10187753,0.020716539,0.058120202,0.22289419,0.06757517,0.045867518
4282,0.06741415,0.057567306,0.004820021,0.015538242,0.3700107,0.09963801,0.0065590334,0.5174204,0.025948314,0.030699562,0.0051126583,0.0072790612,0.03647588,0.010798047,0.0075498843,0.033389505,4.169325e-05,0.13538499,0.026605051,0.00058944325,0.009109254,0.12409367,0.009958233,0.005405662
4283,0.1377221,0.11097546,0.0075754025,0.019536706,0.47930023,0.22486272,0.010475812,0.58058256,0.09670952,0.094091244,0.020489639,0.023849862,0.055121984,0.016899481,0.021225741,0.15330133,5.165354e-05,0.30747434,0.057354342,0.0007747403,0.021763429,0.25578114,0.028450264,0.012020658
4285,0.3400366,0.21840127,0.00080435566,0.0030627209,0.28007638,0.20119789,0.0015918737,0.45284164,0.09500794,0.12305984,0.0043290188,0.0075306725,0.105270386,0.0018237091,0.0044225245,0.07725783,3.847147e-07,0.22964598,0.07529747,1.3477137e-05,0.0020780216,0.40057725,0.007687684,0.0027030972
4286,0.3319112,0.31061256,0.038373347,0.06109151,0.33860075,0.22047251,0.08009447,0.33567563,0.1577726,0.16466098,0.041707564,0.08454766,0.24975933,0.038383722,0.04945542,0.123605505,0.0012449749,0.15907493,0.22916003,0.0056338357,0.03989473,0.293342,0.096566215,0.061697517
4289,0.17727675,0.16067854,0.07877078,0.13019781,0.43459862,0.20472047,0.1418419,0.53118265,0.14553967,0.13245034,0.0805213,0.08960549,0.13637093,0.13494986,0.10637436,0.13741113,0.017419387,0.26162842,0.12908426,0.05540328,0.106387645,0.20450704,0.11129831,0.082642995
4293,0.21665116,0.24380212,0.0417465,0.050951574,0.5404462,0.18882646,0.028694106,0.30678612,0.1466891,0.16141924,0.049891695,0.047148153,0.15231164,0.04504463,0.06612375,0.10703217,0.0021916043,0.20578529,0.14806642,0.011648592,0.06032591,0.24589483,0.07287556,0.05871632
4297,0.23804952,0.22778344,0.047120932,0.060388364,0.3701102,0.2467866,0.07414887,0.41895136,0.15219803,0.1665907,0.044483557,0.0660293,0.15546349,0.053177025,0.049212977,0.15667862,0.0023079233,0.162676,0.17528191,0.012458585,0.062343545,0.22036146,0.08295982,0.060814694
4300,0.227533,0.15660095,0.04044247,0.067856684,0.42759913,0.36256802,0.054429542,0.5117053,0.09884373,0.11375069,0.042148396,0.0551697,0.10823103,0.048953235,0.051391397,0.17945142,0.001422091,0.2174232,0.09704607,0.009355938,0.0540515,0.27482018,0.06132484,0.038452838
4311,0.09154698,0.087559365,0.013389188,0.027496861,0.33217615,0.099643335,0.023916522,0.4781062,0.044931352,0.044633046,0.013216501,0.020514818,0.085732475,0.019657852,0.0189588,0.053920045,0.0003476617,0.1766072,0.048705216,0.0016037241,0.01421635,0.13676722,0.031120688,0.013499781
4312,0.18956052,0.19006552,0.11620496,0.14490554,0.41765833,0.21891555,0.14175461,0.49917755,0.16073172,0.13887642,0.09861691,0.11031969,0.18009046,0.14534566,0.11548553,0.16254212,0.030201308,0.26643023,0.14515154,0.07253742,0.12453395,0.25319418,0.15043336,0.10876513
4318,0.10034853,0.075316146,0.01920765,0.02717387,0.4784809,0.20300922,0.014040485,0.5677434,0.06791368,0.0805688,0.025460776,0.02172716,0.08103389,0.036635958,0.042972464,0.12762427,0.000613996,0.35704488,0.04159839,0.004470077,0.027726986,0.24448495,0.027994113,0.016613895
4320,0.4864858,0.41439638,0.024829233,0.03850255,0.26220343,0.21265462,0.047579937,0.25494853,0.20015159,0.19561797,0.028336607,0.08088072,0.28080952,0.022054242,0.03321504,0.15402143,0.00024389006,0.08704585,0.3078409,0.0015308667,0.026274359,0.33672762,0.0789252,0.043411743
4324,0.06605157,0.0510166,0.012176748,0.034996606,0.41475227,0.14313802,0.01905556,0.6720325,0.044196934,0.057612475,0.019704921,0.014968359,0.10095887,0.029074386,0.03201767,0.08303829,0.00032963476,0.32442117,0.037264567,0.002483713,0.01558648,0.19853024,0.024438636,0.010163042
4330,0.17095767,0.13899994,0.020976758,0.04077892,0.31047976,0.23452142,0.037306912,0.5784295,0.10054843,0.1285496,0.026959764,0.036636133,0.23776898,0.032038953,0.037935957,0.1840662,0.00044080874,0.28259608,0.08509109,0.0025951888,0.018679943,0.3855412,0.05356779,0.021526095
4340,0.016368747,0.015079269,0.005416889,0.011936565,0.53475296,0.09120785,0.002012878,0.7064683,0.02784232,0.057666212,0.007787055,0.0048341816,0.04972941,0.018579045,0.012294022,0.08668623,3.392444e-05,0.7178974,0.005345956,0.00050365285,0.004617606,0.12503342,0.005848408,0.0021807037
4346,0.14010306,0.13126718,0.036513858,0.0514939,0.42331955,0.19443668,0.038240552,0.5086305,0.09586477,0.09186353,0.037506595,0.041537244,0.11233018,0.058383588,0.055485167,0.11091511,0.0022549625,0.2509396,0.084293164,0.0109365685,0.048256136,0.23141375,0.05534698,0.034750916
4349,0.18323989,0.1878132,0.16885881,0.21310422,0.46072182,0.25396407,0.19280551,0.5265384,0.18168467,0.17884658,0.15493912,0.14936122,0.2024009,0.21138768,0.16933313,0.19843327,0.081544615,0.3394378,0.16059957,0.13138448,0.1749826,0.25451085,0.18154928,0.14462754
4356,0.061367903,0.05304999,0.00209662,0.010966603,0.18196352,0.09522116,0.017887741,0.53038204,0.019158008,0.026954737,0.0024961177,0.00895385,0.061002307,0.007268938,0.0035821677,0.0320832,7.482618e-06,0.09527443,0.025871955,0.00012394198,0.0025140333,0.11468296,0.00976629,0.0024293212
4358,0.06820252,0.07186916,0.05386355,0.09204365,0.45455888,0.14708292,0.06121265,0.62600064,0.068249896,0.08738394,0.05322408,0.043825716,0.12624657,0.09974619,0.068227924,0.11094423,0.008403793,0.40276024,0.050074525,0.024853269,0.048480347,0.18495613,0.06154593,0.034075342
4360,0.046098568,0.045196783,0.0037301232,0.016088262,0.37484404,0.13326937,0.005044239,0.64435387,0.03068675,0.079702936,0.011291491,0.010326326,0.07662638,0.013462377,0.009811351,0.10026012,1.913397e-05,0.47909492,0.021771278,0.00035281293,0.0050267684,0.23350501,0.012508192,0.0042117126
4361,0.2419092,0.2940725,0.015300528,0.021551078,0.4334136,0.13619564,0.017493362,0.19201009,0.080923975,0.11882298,0.017407803,0.028055595,0.20287865,0.015968336,0.032764297,0.065154225,0.00027499843,0.12323238,0.13394912,0.0019255907,0.01520722,0.18344761,0.040392082,0.026044361
4363,0.19115387,0.17329562,0.02581985,0.05667401,0.28485066,0.19271356,0.052789632,0.5221358,0.10184839,0.11022864,0.036287237,0.05307507,0.16709648,0.037365224,0.03592139,0.111508794,0.0009667538,0.16978258,0.12112987,0.005044972,0.038233224,0.27735734,0.067739375,0.038032375
4364,0.33331916,0.2831477,0.024370367,0.0396319,0.37822586,0.22336853,0.028942019,0.3670616,0.1605989,0.11938256,0.0391344,0.04858731,0.123908505,0.03603642,0.04310952,0.1524173,0.00074384507,0.18661648,0.16060966,0.0051516015,0.049787883,0.3472544,0.06809701,0.043396
4378,0.21442512,0.18080401,0.025006754,0.043202974,0.39730817,0.21862064,0.02592345,0.5483192,0.10677026,0.14236465,0.030694969,0.03929206,0.12755454,0.035150226,0.032454282,0.112190895,0.00048266313,0.2050516,0.08912171,0.0039940514,0.036508907,0.29222175,0.0488374,0.03029987
4380,0.086439125,0.056534883,0.007413151,0.021318544,0.45185268,0.19671418,0.008602581,0.6357518,0.046796672,0.062188536,0.013956051,0.015195805,0.059250653,0.017556269,0.019791825,0.12644401,6.2730476e-05,0.3669206,0.028232561,0.0012894401,0.015007297,0.23596585,0.017669953,0.008632421
4388,0.21462533,0.21784157,0.16597179,0.1908198,0.38027206,0.24458072,0.23573175,0.4756995,0.18717386,0.18043593,0.12577175,0.1499212,0.23140652,0.18721142,0.1336138,0.18481152,0.053287324,0.23389284,0.18918212,0.09084645,0.1510471,0.2676798,0.16710135,0.14043278
4389,0.07730924,0.0646831,0.014139273,0.020792061,0.37280267,0.17099668,0.009404834,0.52017415,0.044273276,0.085624784,0.017832661,0.01581042,0.13984352,0.029695204,0.02737127,0.14967768,0.00024471275,0.45418194,0.024784913,0.0014104312,0.011512734,0.26261032,0.019130781,0.009072223
4399,0.12625885,0.14029881,0.03437785,0.037167367,0.501384,0.19734196,0.027027063,0.529706,0.08805571,0.09510392,0.031119853,0.03618198,0.100303,0.045205798,0.044723395,0.1099733,0.0013765822,0.26266122,0.061745133,0.009495216,0.04404298,0.29281458,0.056462567,0.031192731
4402,0.18471776,0.19576423,0.13283351,0.16903795,0.41223156,0.22355148,0.19211523,0.48997477,0.18275414,0.17930028,0.10372734,0.12831998,0.20067674,0.16865936,0.12759645,0.16997677,0.040915318,0.2685529,0.14551324,0.07715944,0.14196159,0.21778286,0.14202408,0.11337507
4406,0.17453516,0.123606876,0.01825259,0.035301365,0.42877293,0.2431698,0.023112558,0.5403241,0.09072494,0.09531303,0.035621114,0.032716006,0.11610621,0.036873665,0.042186853,0.16231827,0.00039714001,0.334549,0.08604583,0.004105443,0.031441446,0.3651768,0.04738257,0.022531074
4413,0.15384193,0.16601503,0.13238835,0.15444474,0.4292527,0.23570198,0.13816383,0.5296862,0.14337535,0.14006715,0.10610309,0.101442695,0.1762817,0.16056187,0.1229221,0.14166975,0.045650523,0.26026306,0.13387476,0.081781015,0.13405767,0.228402,0.1245201,0.10495539
4422,0.27261814,0.28641513,0.23715678,0.23507033,0.43641722,0.28173432,0.23707516,0.44437197,0.25047565,0.24413021,0.194637,0.21158946,0.26550892,0.25100344,0.22395337,0.24201152,0.12925611,0.2919239,0.24955331,0.18159802,0.2419135,0.30775496,0.24281523,0.22082138
4424,0.2687226,0.2785384,0.16371065,0.17649041,0.4576085,0.28214335,0.14363027,0.4144487,0.20675553,0.21590367,0.1399454,0.16071357,0.23307659,0.1637363,0.16841133,0.22292136,0.048632547,0.26675048,0.22101861,0.09555816,0.17540635,0.32783067,0.18970853,0.160254
4425,0.17163712,0.16947168,0.1088713,0.14213778,0.43896288,0.21493654,0.10472461,0.5376196,0.15181746,0.15022393,0.088079944,0.09709229,0.15929407,0.14291754,0.11354587,0.13955913,0.027755313,0.28068745,0.12155103,0.06163808,0.11959513,0.22314192,0.108517334,0.093172476
4426,0.10807436,0.08107403,0.016368847,0.03393219,0.48024198,0.18085828,0.016004663,0.6240586,0.074141495,0.056289956,0.019146083,0.017905215,0.044820912,0.028136848,0.033537555,0.061055664,0.00073379563,0.21904695,0.048057914,0.0047974773,0.037355464,0.17097196,0.023877686,0.016680432
4430,0.09047193,0.0658388,0.0064241504,0.013718641,0.36955693,0.20156574,0.0060107596,0.5300009,0.049305804,0.06699728,0.007920335,0.0095911855,0.060759183,0.01033177,0.010294893,0.07788361,3.4172543e-05,0.17956965,0.031463396,0.00057606515,0.0106206825,0.27631995,0.01230443,0.005462224
4431,0.059138097,0.045758605,0.005519142,0.011562554,0.42282268,0.14637624,0.0050461423,0.62326825,0.033248164,0.03769044,0.0064853746,0.005376629,0.0397755,0.013643065,0.010645459,0.052734,5.189903e-05,0.28466818,0.015306045,0.0006677897,0.007857827,0.16046527,0.010352039,0.0042007514
4432,0.06576347,0.058981504,0.02568093,0.056558095,0.43667352,0.15853943,0.03888409,0.6140902,0.06752073,0.0719481,0.03040265,0.028335031,0.09685852,0.0562729,0.042101603,0.112795666,0.0016417569,0.42448628,0.036937654,0.008426799,0.026898207,0.22398302,0.04000727,0.020198133
4433,0.17544012,0.17803493,0.12322955,0.1437119,0.43065512,0.18321297,0.15807682,0.46953893,0.1733577,0.1599423,0.09407437,0.116588295,0.16099623,0.16349877,0.11768071,0.15566276,0.03559696,0.25362912,0.1376813,0.07221013,0.148993,0.21732755,0.14304805,0.11056746
4435,0.086371064,0.052518982,0.01625551,0.03658627,0.45325896,0.23534988,0.010429663,0.59574974,0.06775921,0.07269354,0.017846413,0.017793184,0.072980024,0.03105659,0.028883684,0.116670065,0.00022231966,0.40904075,0.034411393,0.0025142485,0.016139813,0.28175947,0.024595862,0.010732697
4437,0.26513737,0.26020855,0.0077759544,0.016910989,0.1570363,0.089309506,0.04972099,0.2684493,0.049037937,0.08110343,0.0056162644,0.023251237,0.23814352,0.011593122,0.008401091,0.04458517,5.478766e-05,0.049128722,0.13352127,0.00045755508,0.005611817,0.16867952,0.030392086,0.012606381
4440,0.081305504,0.084308244,0.018056715,0.039774835,0.2665016,0.16220792,0.042298425,0.5545455,0.05744391,0.07381301,0.019009124,0.031078782,0.086982004,0.034448184,0.02209254,0.08299858,0.00066285004,0.14905551,0.06289204,0.00340198,0.025856145,0.13581055,0.03268566,0.017228076
4443,0.06276412,0.04843126,0.005654694,0.012441067,0.36876127,0.11298424,0.00978166,0.5597338,0.043804307,0.03430901,0.005232398,0.0087106265,0.036999125,0.013435355,0.0101898005,0.03478851,5.111024e-05,0.20328997,0.02263181,0.0006836463,0.008065833,0.12177788,0.0065125786,0.004818932
4445,0.06476878,0.049514923,0.023199752,0.043128118,0.3970288,0.15194109,0.017926315,0.60576,0.051093735,0.08949772,0.026737044,0.01869424,0.13024898,0.04920387,0.035305016,0.10678939,0.00082587573,0.5187688,0.029041115,0.0036376647,0.016090903,0.22713597,0.024881078,0.011926014
4451,0.038072083,0.053158257,0.0303814,0.04013565,0.41573548,0.121704824,0.020806154,0.65094817,0.047790516,0.07842088,0.022329336,0.018473782,0.1364158,0.052969854,0.04512804,0.08110904,0.001808833,0.40133825,0.021524768,0.0064367787,0.020369839,0.16668662,0.025213202,0.013949374
4452,0.06470302,0.041586455,0.0015099943,0.0053208745,0.35757214,0.10034489,0.0011509488,0.6159049,0.028595034,0.048284274,0.0027235667,0.0022712345,0.07608995,0.004424889,0.0077177966,0.05796345,2.422526e-06,0.3740813,0.011376884,6.117303e-05,0.0012544579,0.2789559,0.0046639685,0.0013888478
4458,0.50499004,0.24812318,0.0025600807,0.008080243,0.14453466,0.30564752,0.009246008,0.30539763,0.058704138,0.100865535,0.0047973995,0.01651516,0.23158307,0.0037907555,0.0082120625,0.10986588,2.3334517e-06,0.07765757,0.16400288,6.708053e-05,0.0028522224,0.46423933,0.018931715,0.0058838935
4465,0.26557827,0.19036938,0.019149411,0.02945106,0.35448432,0.28646377,0.01736912,0.42734855,0.11681838,0.10629187,0.023065496,0.02860452,0.10140337,0.02131061,0.034385126,0.104775585,0.00037107617,0.15851809,0.1239956,0.0032359632,0.029126259,0.3274934,0.04053022,0.026313407
4468,0.115996525,0.115902804,0.07121124,0.09429348,0.48431298,0.1934836,0.06250324,0.5574955,0.10922213,0.13570353,0.06286734,0.053986087,0.1648576,0.10022621,0.07823815,0.12907405,0.009186035,0.37155423,0.07129745,0.025868975,0.059774008,0.21993843,0.072679564,0.047863614
4470,0.19156024,0.20550522,0.14680198,0.18240264,0.4379946,0.23957744,0.17555264,0.48815465,0.17004047,0.16067639,0.117451474,0.13053921,0.18959387,0.18089807,0.14839762,0.16735382,0.054787368,0.2682154,0.15879633,0.10082902,0.14910856,0.24306507,0.16531222,0.1266423
4473,0.2179543,0.19785824,0.03985465,0.05313131,0.41144583,0.22863665,0.03693275,0.39485034,0.14392899,0.14314303,0.048988678,0.053654294,0.16176938,0.046574056,0.06444153,0.1433078,0.0016409592,0.25444257,0.121106416,0.0072918697,0.04788561,0.3123093,0.05350596,0.050493225
4481,0.14856334,0.15531309,0.08654892,0.12098386,0.3751613,0.21965589,0.1342549,0.49031186,0.13649464,0.12399509,0.076682694,0.08777285,0.17398298,0.12109247,0.08399256,0.13064961,0.01995769,0.23234035,0.12342521,0.041962855,0.09744834,0.21796823,0.095018275,0.0781932
4488,0.17494664,0.17526758,0.11317688,0.1354731,0.46480176,0.251777,0.102035694,0.5096874,0.14808601,0.15893641,0.09950938,0.09634056,0.16596861,0.13757347,0.12705934,0.16559198,0.02467416,0.27580637,0.14518246,0.059422918,0.12297998,0.25726753,0.11895452,0.09214204
4491,0.17751333,0.20943925,0.09128985,0.11678216,0.44396743,0.20098864,0.11391774,0.45703113,0.19356455,0.15659082,0.08592748,0.09422459,0.15545242,0.11166247,0.08880194,0.15158625,0.018022312,0.24082167,0.15713441,0.047412183,0.13941933,0.21274903,0.13247065,0.10235473
4492,0.22041847,0.2050526,0.049999703,0.06041196,0.2709231,0.15968926,0.100210026,0.38623703,0.10661434,0.11197178,0.030783422,0.05467804,0.25533718,0.059773773,0.045349073,0.11073174,0.0027443967,0.13168107,0.15942037,0.009129803,0.03293219,0.24950035,0.08386736,0.04390576
4493,0.07466739,0.09183615,0.06021243,0.083553165,0.4632021,0.18061684,0.04908827,0.57780766,0.09141819,0.09953556,0.05460256,0.046466853,0.117441855,0.08806254,0.06554321,0.10308248,0.008676223,0.3256497,0.061653487,0.02421155,0.060760256,0.1967698,0.058931105,0.04276261
4494,0.18709603,0.19801933,0.055782415,0.07726228,0.4656478,0.14973569,0.054253522,0.41355848,0.13718256,0.124470815,0.049837667,0.05745098,0.1391927,0.06621864,0.07563127,0.095966674,0.0052114567,0.26292384,0.1214506,0.01825436,0.06133728,0.21043907,0.091705196,0.055333417
4495,0.115599334,0.119493335,0.081799336,0.080538586,0.50182575,0.21550076,0.041945677,0.5413189,0.11030677,0.13487704,0.06682564,0.05763736,0.14909624,0.101203546,0.10173659,0.16048358,0.009016703,0.3841415,0.07200303,0.03133292,0.0671023,0.27999416,0.06873284,0.050979637
4496,0.044092637,0.042308696,0.009168071,0.021596251,0.46199864,0.1689106,0.010162567,0.651695,0.040509444,0.03529034,0.010043623,0.00997575,0.029535666,0.017416734,0.012518085,0.0347497,0.00015692414,0.1752157,0.025494713,0.0015671484,0.022477698,0.118092835,0.01195266,0.0088264
4497,0.09175603,0.055179555,0.007578812,0.025492255,0.4479215,0.17818001,0.015571671,0.67003214,0.05175791,0.05674111,0.010798648,0.011686643,0.05222714,0.017023431,0.014856257,0.049897067,0.00012054063,0.28402796,0.029885484,0.0014359958,0.014032117,0.15235165,0.012172934,0.008759805
4499,0.10897953,0.13573614,0.028456302,0.04140657,0.496931,0.12834992,0.028815778,0.46298236,0.08512989,0.0937018,0.032146823,0.03536213,0.0853015,0.05082514,0.047303203,0.08296509,0.0019400378,0.23400769,0.06989593,0.009557358,0.050129604,0.17543627,0.058876522,0.034518592
4517,0.16923599,0.1253272,0.03960817,0.06952884,0.41009188,0.21291083,0.04347847,0.51773655,0.09981226,0.11542865,0.040264435,0.04025097,0.12548974,0.062141027,0.056594532,0.10080629,0.0029606214,0.22149722,0.088003,0.013799114,0.045592315,0.26084957,0.061798364,0.042273745
4523,0.15726088,0.20190018,0.13224436,0.12730335,0.45858318,0.18003048,0.11546558,0.4258859,0.14066224,0.14011826,0.102585845,0.094835944,0.18521288,0.12882555,0.12404861,0.12408145,0.042091,0.233419,0.1443908,0.07179541,0.1305029,0.23119558,0.13084611,0.10924639
4524,0.009579425,0.0067053265,9.856167e-05,0.0009312553,0.47255912,0.04466193,0.00013232444,0.7944362,0.0020554143,0.0044620316,0.00018064688,0.00023946211,0.004291476,0.00057702186,0.00028160412,0.00389072,1.7500735e-08,0.27871546,0.0012824704,2.7042543e-06,0.00016950464,0.031839598,0.00042501235,0.00012532198
4526,0.1771162,0.15787105,0.05491061,0.089178644,0.43101192,0.21984449,0.076675706,0.5806769,0.12898104,0.12332885,0.06078581,0.06747431,0.11356218,0.092374735,0.07122038,0.13394351,0.0060378476,0.26992357,0.11311169,0.024132807,0.08457269,0.24626656,0.091142744,0.058613874
4529,0.10854079,0.13665035,0.045582682,0.07145283,0.5298969,0.16420895,0.03601096,0.5634408,0.107807085,0.09249276,0.049867835,0.045986935,0.07988761,0.06192192,0.06335379,0.07067745,0.006261936,0.27794978,0.071777314,0.019201975,0.068311624,0.17264567,0.065651946,0.04938473
4530,0.27037197,0.1905092,0.034510445,0.045304544,0.37190047,0.31086865,0.04880199,0.52310926,0.11775606,0.13295937,0.04108336,0.05554866,0.13206378,0.05254628,0.061599676,0.17261878,0.001044999,0.1804061,0.13632339,0.006992377,0.047330137,0.35255602,0.061802868,0.041848194
4531,0.16820782,0.16690658,0.03288529,0.054083608,0.437497,0.18742251,0.03478056,0.45513117,0.10991088,0.10415766,0.033579946,0.036298044,0.10298048,0.040164784,0.059328754,0.09906155,0.002150811,0.21223605,0.091913834,0.009773473,0.043929506,0.24191242,0.052532185,0.037007764
4543,0.19122459,0.1947643,0.050883144,0.075158305,0.30113897,0.15295123,0.11981282,0.40657413,0.09829248,0.09664815,0.038330536,0.07755893,0.18625641,0.07482716,0.04565531,0.12495152,0.004410327,0.14390853,0.13524526,0.016283318,0.056949046,0.22245044,0.10714222,0.060696118
4544,0.057987254,0.05709981,0.05489878,0.08083601,0.56626165,0.19179425,0.030608008,0.6773971,0.08428943,0.122420646,0.063067734,0.039890558,0.11718857,0.10338122,0.08130062,0.14593275,0.00651543,0.61004174,0.034732427,0.022438854,0.047977407,0.1960824,0.04854972,0.03259499
4547,0.10080049,0.08076895,0.014096054,0.025255091,0.56882614,0.17273429,0.008210963,0.4964512,0.06918763,0.07118362,0.014603314,0.012708442,0.052725278,0.01895101,0.022023708,0.055553406,0.00021994437,0.30079192,0.037342533,0.0022953944,0.016579412,0.18618107,0.017832745,0.012769109
4548,0.053698923,0.03299038,0.0027222694,0.014969167,0.2570496,0.087408595,0.039693106,0.6649215,0.027949585,0.022407213,0.004386241,0.010005213,0.039430313,0.013045048,0.0049848706,0.056712646,1.7475055e-05,0.16496491,0.023227267,0.000303525,0.005960348,0.111705184,0.012799662,0.003791337
4552,0.1958329,0.10323829,0.001592923,0.0047907867,0.18472214,0.28109115,0.004025482,0.51945096,0.062384546,0.16398287,0.0052577346,0.010514312,0.27946198,0.0042229644,0.004619139,0.2965666,4.6668674e-07,0.20954742,0.07714097,1.692151e-05,0.002364092,0.5096351,0.012078563,0.0023554987
4555,0.12687694,0.13842764,0.007346814,0.021018365,0.3811044,0.11235585,0.024879256,0.5023135,0.08474571,0.07121742,0.011096852,0.026705302,0.06559903,0.01678238,0.012453165,0.09304432,8.34658e-05,0.16034172,0.07406028,0.00076817983,0.029646728,0.15554024,0.03895361,0.014491399
4558,0.09846387,0.08490674,0.028173875,0.052137572,0.52437365,0.17773773,0.02615567,0.53218466,0.08087203,0.09454995,0.03521803,0.027271712,0.09627932,0.044752464,0.044264056,0.13324912,0.0012323316,0.37050918,0.060652908,0.00784817,0.035716686,0.24258766,0.040340073,0.023912093
4566,0.19659936,0.15404217,0.062580526,0.084094904,0.38715157,0.26307008,0.07983072,0.5254545,0.13090207,0.114264004,0.067827545,0.073418215,0.13512407,0.0923805,0.08187142,0.17754298,0.00579474,0.23537506,0.13071549,0.024576344,0.08201062,0.312556,0.105814844,0.062281154
4569,0.12223958,0.10402811,0.02693662,0.06965085,0.46282473,0.18558325,0.053336922,0.5923592,0.08973777,0.09241119,0.033750214,0.046028167,0.09635968,0.050639823,0.043588158,0.112408794,0.0012956079,0.27956107,0.085347824,0.0073438347,0.04625796,0.19744015,0.061385926,0.03240169
4576,0.025698975,0.025985641,0.008717397,0.020016506,0.40022203,0.09034034,0.0072897607,0.6587948,0.033724155,0.075620554,0.0077803596,0.006941816,0.10284753,0.029571423,0.016254852,0.06306448,0.00012409194,0.539232,0.0088462,0.0010024728,0.005212701,0.14727862,0.010474098,0.0042576767
4577,0.23567449,0.24648407,0.13261913,0.14281832,0.4662933,0.26416487,0.1268726,0.4419186,0.20779675,0.18773358,0.103458166,0.12770687,0.17935143,0.13643144,0.12170315,0.16535142,0.024636991,0.25950035,0.17718369,0.06645967,0.14273037,0.28185412,0.13755004,0.12821916
4578,0.2732884,0.18898699,0.00026457262,0.00078768394,0.27594283,0.0555158,0.0005200461,0.091985025,0.015510052,0.029825661,0.000261908,0.0013105954,0.111335345,0.00026054986,0.0009933459,0.015460541,2.0730102e-08,0.01949146,0.0340681,2.8028312e-06,0.00036217194,0.24996594,0.0045271507,0.0008571326
4579,0.07150336,0.070823245,0.0486838,0.08110279,0.36170328,0.13813014,0.065705866,0.6057339,0.06839042,0.08233448,0.039665997,0.037135005,0.13058534,0.0833335,0.051130634,0.085214175,0.0063164174,0.32521975,0.04189982,0.017777847,0.0328767,0.17830183,0.042624157,0.028963594
4583,0.20456499,0.15517393,0.0026816821,0.009204228,0.35262212,0.13979281,0.010933386,0.37868446,0.09357359,0.09005942,0.0072154463,0.017860018,0.06706589,0.0057266406,0.007454587,0.051153786,9.652164e-06,0.22946057,0.08762445,0.0001385489,0.0079513015,0.15194204,0.018092344,0.008702823
4585,0.0756636,0.08556024,0.06018331,0.090616606,0.46131653,0.14079836,0.0515093,0.60144675,0.08446658,0.10752674,0.05889854,0.036369316,0.13288748,0.09153744,0.06924848,0.107548185,0.008690642,0.35604104,0.05201126,0.025093315,0.053645737,0.17206073,0.053461302,0.041880727
4592,0.01139669,0.0077713616,0.0010459422,0.0046420284,0.52875066,0.06868551,0.0007332326,0.75810796,0.014757747,0.021515427,0.002543411,0.0018180322,0.01780774,0.0059298864,0.0045588003,0.044441864,2.6502432e-06,0.75336933,0.002305499,5.1691033e-05,0.0012591274,0.09136381,0.002758543,0.00055905915
4596,0.5289563,0.44567606,0.017816244,0.03698337,0.17122744,0.30378744,0.03267736,0.30053216,0.16788217,0.26258048,0.036223717,0.07416919,0.4578877,0.02485658,0.036214314,0.2534007,0.0001269608,0.1943883,0.35514078,0.0007092553,0.016226284,0.5962543,0.075556226,0.034204002
4599,0.039404258,0.02674076,0.0007565929,0.0059972852,0.17736264,0.118255556,0.0039057638,0.7763034,0.012463204,0.017740518,0.0017708145,0.0031014862,0.024361225,0.0028833176,0.0014441637,0.04706203,6.228542e-07,0.13798791,0.009830028,2.571165e-05,0.0015718775,0.1773528,0.0032762117,0.001179824
4611,0.40100202,0.39149353,0.024299849,0.038327802,0.24454421,0.20602013,0.058849238,0.28563616,0.1728921,0.19599953,0.026935395,0.06356425,0.2933032,0.027393272,0.02846804,0.13502964,0.00033117665,0.10155615,0.27813086,0.0023768183,0.027724313,0.28090918,0.080084786,0.04293523
4612,0.14179581,0.121691756,0.017880838,0.031674057,0.24628186,0.16736147,0.03622452,0.51272297,0.06120099,0.09770837,0.017002769,0.030415693,0.18628941,0.029369099,0.024572115,0.117815495,0.00026585386,0.19207852,0.058030512,0.0018667359,0.014980604,0.27617553,0.030169697,0.013809001
4615,0.22263996,0.21630491,0.11667724,0.12249101,0.4180866,0.19571571,0.113748565,0.40364954,0.14793566,0.14895572,0.074854136,0.07991911,0.18821092,0.1279454,0.11629252,0.13173673,0.026188072,0.20120333,0.15664719,0.05380336,0.12840421,0.2182337,0.12670393,0.1017233
4616,0.22132152,0.19335502,0.0078437645,0.0059143906,0.63214564,0.18399306,0.0045806337,0.26810244,0.13414097,0.11452255,0.008000239,0.013343572,0.0705204,0.0062917112,0.011839798,0.09226478,1.80662e-05,0.21524896,0.062312696,0.0003188511,0.017069507,0.19631723,0.023210121,0.010204349
4621,0.27910987,0.29241762,0.05139227,0.04896236,0.40797976,0.22737344,0.04186214,0.33911693,0.12737063,0.17135519,0.03703488,0.06674675,0.19238576,0.046814635,0.06317799,0.110940926,0.002207255,0.16864589,0.16938698,0.010920487,0.050846793,0.27897438,0.080805145,0.05543108
4624,0.15542752,0.121011674,0.04534223,0.07908345,0.3597762,0.23673359,0.06355544,0.56622195,0.10700624,0.102430716,0.040955227,0.04565128,0.14275812,0.06845978,0.053434283,0.10725987,0.0032801752,0.2782258,0.09333309,0.014514585,0.044407617,0.25032264,0.065873325,0.039626632
4628,0.052413315,0.056923915,0.02588972,0.04261006,0.43562186,0.14278471,0.021847047,0.6577616,0.055439495,0.06944172,0.026817188,0.021160504,0.09067137,0.053353306,0.04408519,0.107507795,0.0014660719,0.40065175,0.025749054,0.0063473126,0.022693783,0.19849722,0.031270456,0.01561226
4632,0.13428177,0.120527945,0.03589233,0.069710754,0.3450174,0.21669944,0.08294085,0.5933017,0.11046463,0.12623852,0.046651486,0.057321887,0.1919092,0.06966588,0.048796542,0.21332367,0.0013460688,0.27906036,0.093929544,0.007684898,0.036699668,0.33184353,0.06532572,0.033733893
4636,0.2523871,0.2768014,0.051690273,0.07257658,0.4350306,0.20603105,0.060264066,0.39262113,0.15122065,0.15393816,0.059612468,0.07011723,0.13820074,0.06949088,0.07893935,0.102629684,0.005433739,0.18192826,0.18633993,0.018729812,0.07455421,0.24322711,0.08777678,0.07256594
4637,0.26244566,0.24909715,0.05120503,0.08894836,0.3677007,0.2689776,0.11336327,0.47672004,0.18420194,0.16731644,0.06027272,0.09303603,0.18930893,0.06781287,0.064982004,0.1853695,0.003025792,0.18446548,0.2020138,0.014879473,0.068743765,0.33905655,0.10385913,0.06914634
4642,0.20920306,0.10706535,0.0005066688,0.0034167836,0.1797946,0.1381649,0.0042145853,0.65618944,0.036152698,0.047978092,0.0032892143,0.0057079694,0.053470403,0.0018094805,0.0037290533,0.06378947,2.4188085e-07,0.22053947,0.040293228,1.5635987e-05,0.0012158962,0.35921824,0.0063681155,0.0014756051
4644,0.15647353,0.12514143,0.019874133,0.04710672,0.24609856,0.14543201,0.07011319,0.5279051,0.06267456,0.071116164,0.01955989,0.036063116,0.10808461,0.047444787,0.024455102,0.05626376,0.00080076617,0.1425518,0.08739493,0.0038871085,0.019227594,0.17382446,0.04329052,0.024640238
4646,0.13804261,0.14443679,0.074650936,0.10732013,0.4944713,0.2177397,0.06712319,0.5181098,0.1272531,0.11037085,0.07421881,0.071729824,0.11058539,0.10117551,0.09107336,0.12255433,0.013209004,0.26575968,0.10268984,0.045557715,0.10564697,0.22393243,0.089664824,0.07098428
4648,0.06563012,0.0539317,0.00035357746,0.0015321159,0.15683742,0.06491568,0.0019418771,0.56121624,0.017229248,0.023721933,0.0007986839,0.0023063656,0.055260595,0.0010668361,0.0017443257,0.037537523,9.0662006e-08,0.096658476,0.013027152,4.196209e-06,0.00060477713,0.20457575,0.0031802286,0.0005041144
4650,0.36779553,0.2942465,0.036301173,0.09216848,0.17962576,0.19947864,0.21105407,0.38566092,0.18236084,0.1738382,0.05178578,0.12527795,0.30466717,0.0674069,0.04127145,0.17992663,0.0017894299,0.131421,0.28448677,0.00546361,0.04846545,0.2891888,0.14206985,0.07231285
4652,0.0708206,0.052922312,0.014148542,0.032558866,0.41897607,0.18341549,0.01621646,0.6354237,0.055037662,0.06797075,0.018643508,0.017412264,0.07973974,0.027680293,0.024736973,0.085325904,0.00035046114,0.38145506,0.03133391,0.0031965962,0.014460868,0.21198328,0.023705017,0.011158942
4653,0.22061184,0.2452159,0.05802715,0.081652954,0.33030862,0.19778146,0.12807626,0.39740774,0.15063722,0.16913904,0.051810607,0.09175163,0.20630705,0.07289126,0.05249757,0.12795328,0.0041139345,0.13903986,0.20393124,0.014253278,0.07244163,0.23485875,0.09471145,0.07543817
4654,0.26982647,0.2727542,0.053910397,0.06676881,0.34411427,0.19598228,0.07559538,0.36267036,0.14292608,0.1601139,0.04399658,0.082661346,0.2180463,0.051669605,0.05400118,0.13191022,0.0026690506,0.14659794,0.17714153,0.01083391,0.05364804,0.247586,0.10298539,0.06211002
4658,0.24894486,0.13789614,0.035162296,0.06253138,0.4086395,0.33889082,0.058660187,0.57323384,0.13986094,0.12835813,0.049523745,0.055926725,0.18318005,0.06209698,0.06652634,0.22445498,0.0013309321,0.23406786,0.15165691,0.010955485,0.06323737,0.44830072,0.083503634,0.03852291
4662,0.44385618,0.31390306,0.014925372,0.033160202,0.18036562,0.2791898,0.066371694,0.36364356,0.13052915,0.15775052,0.017828738,0.06849018,0.33303642,0.018881984,0.021265855,0.1414079,8.4792366e-05,0.10845322,0.28183925,0.0007776931,0.010795444,0.39951542,0.06208032,0.027472777
4666,0.10816978,0.10068194,0.014543949,0.034294534,0.36035132,0.14501286,0.027956104,0.5918235,0.0592009,0.05833739,0.018680682,0.017919693,0.09317419,0.027177524,0.028961642,0.06516253,0.00045476825,0.18856396,0.057830136,0.0026448362,0.017277086,0.2811473,0.035982203,0.016720666
4669,0.04840016,0.07192491,0.019300615,0.033793006,0.49926084,0.10226085,0.016195765,0.53993136,0.060087405,0.08045841,0.021177437,0.019714652,0.08271445,0.035622172,0.03572198,0.10012765,0.00075111096,0.39506072,0.029676799,0.003898737,0.025628377,0.16550502,0.03160109,0.014010401
4670,0.20621316,0.22176284,0.20079584,0.22187507,0.4774214,0.26323742,0.1981319,0.49267268,0.21593177,0.19451167,0.1670195,0.16451566,0.21440712,0.22765374,0.19464903,0.20864852,0.1009224,0.31290686,0.18758895,0.15955022,0.20260645,0.2620871,0.19939402,0.1676929
4673,0.18912472,0.17806013,0.08738008,0.106681444,0.44950634,0.25323352,0.072921306,0.50236535,0.15361612,0.1562267,0.070604414,0.08219447,0.18093432,0.12071642,0.114906065,0.16036458,0.013340175,0.31624097,0.118418634,0.03950764,0.09422296,0.30011854,0.107149966,0.069726735
4675,0.14501278,0.16761567,0.111580856,0.15171291,0.4732125,0.18949442,0.1283645,0.516371,0.15986751,0.15326153,0.099277414,0.10146539,0.16672577,0.15574215,0.10784768,0.1338005,0.031321645,0.3491119,0.13717024,0.067352206,0.12858744,0.18481214,0.13175578,0.104338184
4697,0.008785941,0.0075148726,0.0025213044,0.0065962197,0.5259625,0.059232358,0.0008626895,0.77847403,0.013561498,0.026890222,0.0032541316,0.00170894,0.042606585,0.007977667,0.0069057345,0.04175692,1.0562289e-05,0.69509363,0.0019028889,0.00014823128,0.001589564,0.0865396,0.0027284927,0.00078324985
4699,0.19388218,0.118920386,0.0032985068,0.008605017,0.3087628,0.22653055,0.010974012,0.5695792,0.055598315,0.053032514,0.007260646,0.014987397,0.05399986,0.00807447,0.00859192,0.07314063,8.830432e-06,0.16113462,0.06118353,0.00022117731,0.00678084,0.36143538,0.01810806,0.007056267
4703,0.19251692,0.20104042,0.12884344,0.154301,0.37449944,0.2130052,0.17376788,0.47127536,0.1398605,0.14760034,0.10456998,0.12267431,0.20109998,0.16065712,0.11171633,0.15154323,0.038761,0.2210888,0.16331898,0.07324234,0.12653123,0.23844731,0.14728804,0.11437688
4711,0.17555776,0.17916411,0.031114832,0.046842296,0.37141776,0.19614364,0.046105877,0.45056093,0.09359872,0.12842771,0.044614397,0.055553205,0.14195609,0.050094664,0.046062846,0.21390735,0.0010445814,0.2144236,0.13329424,0.006409801,0.046887256,0.32870755,0.09177047,0.037871305
4713,0.0064912145,0.009074707,0.0038064683,0.008878591,0.52125204,0.034960452,0.002117083,0.75681233,0.010580238,0.015195199,0.00369266,0.0019335645,0.026161786,0.01232992,0.0068909847,0.02032602,5.678941e-05,0.47362623,0.0026606093,0.00046943137,0.0028057497,0.0635145,0.0034892405,0.0014499383
4719,0.17921726,0.21690448,0.04857166,0.05711743,0.3694921,0.15959108,0.04632147,0.4234669,0.1310535,0.14037159,0.05050144,0.060523223,0.15019327,0.060444858,0.062516145,0.122376844,0.0035199425,0.282428,0.101328045,0.011914826,0.051515345,0.21014799,0.07180665,0.045896992
4727,0.070100605,0.077416815,0.02671377,0.048531715,0.5875778,0.14478649,0.015483856,0.56784546,0.067543216,0.08236604,0.03315402,0.025326025,0.06466366,0.050725665,0.05619379,0.0931639,0.0016214973,0.4341105,0.036078766,0.008280129,0.036569156,0.15745948,0.03717616,0.020621004
4728,0.07092442,0.074081466,0.012145128,0.024208777,0.43901485,0.08261219,0.014973697,0.5297679,0.04278859,0.05154393,0.013058266,0.013885797,0.08132333,0.02479546,0.01871271,0.05146977,0.0002409303,0.31474093,0.041764874,0.002434308,0.015236834,0.16498783,0.03060825,0.012009777
4729,0.19283763,0.10225878,0.010799263,0.020128824,0.18833736,0.18636641,0.025626987,0.51257414,0.045756977,0.0711385,0.011801454,0.019438935,0.1430849,0.016115073,0.011488125,0.1097878,7.336474e-05,0.09855987,0.094037086,0.0006885378,0.011660532,0.2980179,0.030157827,0.013436961
4732,0.21078043,0.15035945,0.033228897,0.062312026,0.38873863,0.25728557,0.06601696,0.51258,0.11307333,0.10143166,0.044403557,0.05036509,0.15287681,0.060708106,0.056098036,0.13925008,0.0018952289,0.23351967,0.10556328,0.009940117,0.045048386,0.34529966,0.071419485,0.044137504
4735,0.090771995,0.082220614,0.005577664,0.017208356,0.3008901,0.10231084,0.026785616,0.5839579,0.039680768,0.037092555,0.00875644,0.016973631,0.05136008,0.013509061,0.009224788,0.043182224,6.840199e-05,0.2211682,0.042268284,0.0006370698,0.008606783,0.11439966,0.022471258,0.008476638
4736,0.41667575,0.15085292,0.000267312,0.0006193651,0.34616816,0.16223514,0.00021419223,0.19480444,0.04179002,0.055998318,0.0007172502,0.0013771692,0.044588257,0.0002504168,0.0022940417,0.033809047,1.1574607e-08,0.060446758,0.07095083,1.2411205e-06,0.0005054672,0.39914373,0.0020093636,0.00058341
4737,0.25986478,0.2339155,0.019062748,0.018108862,0.3603051,0.15585558,0.010423369,0.30324912,0.121964164,0.09447257,0.011148187,0.025514526,0.08793553,0.016741099,0.021229288,0.0769352,0.0001566437,0.11872933,0.08741629,0.0016894868,0.018895695,0.2507294,0.02538705,0.018553907
4741,0.1089763,0.110299826,0.053064156,0.09462643,0.46117112,0.19948363,0.06587056,0.56334746,0.11974186,0.101566374,0.057176877,0.06356924,0.1024813,0.09357897,0.07113785,0.13220622,0.006555486,0.31422985,0.08682863,0.025320726,0.07980386,0.20158358,0.07679383,0.049752545
4744,0.13819313,0.15440698,0.1306743,0.16513835,0.4836178,0.24441937,0.120189145,0.55535424,0.16020672,0.13658486,0.10796024,0.103541136,0.14879769,0.15628861,0.12243349,0.1427812,0.046766818,0.33422422,0.11721295,0.08478247,0.13913114,0.2192238,0.11884904,0.09982167
4748,0.11311523,0.12976055,0.042083446,0.071296185,0.4243484,0.20766106,0.061472498,0.5753976,0.0831737,0.11630387,0.042575214,0.05014845,0.12145182,0.059243318,0.045522276,0.109067775,0.002450079,0.26233822,0.08923118,0.010717569,0.044810645,0.21338423,0.052334744,0.039154727
4752,0.14801034,0.13935193,0.042802244,0.076618955,0.41255048,0.16955511,0.058045946,0.52661884,0.0982848,0.10537255,0.048771128,0.05010085,0.11395441,0.06760012,0.053061213,0.102178,0.0044455254,0.279598,0.0878141,0.015717417,0.057736855,0.20004787,0.072395414,0.04695533
4757,0.16116789,0.17484644,0.045754597,0.070880584,0.42772403,0.18341556,0.07335052,0.45103407,0.15374447,0.1417249,0.06228508,0.070887595,0.117527455,0.06858018,0.054587018,0.15418358,0.003144188,0.20721696,0.16538282,0.015936762,0.08803518,0.20233564,0.08894906,0.062341683
4760,0.19964112,0.17257485,0.09255265,0.1273683,0.42526004,0.26056513,0.09571566,0.529353,0.15257786,0.15373324,0.0927419,0.08856366,0.17662321,0.12971751,0.11545341,0.17672612,0.019644244,0.29455134,0.14020091,0.053157162,0.10741718,0.28500062,0.1097829,0.08647617
4761,0.07521564,0.07220879,0.021539157,0.040009588,0.5231067,0.17863694,0.017326875,0.63094556,0.06628998,0.07695746,0.023354316,0.01869924,0.07536737,0.046411794,0.044018734,0.063690394,0.001151484,0.4012394,0.036573723,0.0077512376,0.024310265,0.2017197,0.028544363,0.016486203
4777,0.27225828,0.2565348,0.121959776,0.14311165,0.3692839,0.265256,0.18442585,0.42619607,0.1857409,0.19021903,0.10567038,0.1455416,0.24512729,0.12853205,0.12179744,0.19670509,0.02180686,0.19927138,0.22677179,0.05241257,0.11344022,0.31311062,0.16392654,0.11535006
4778,0.17993322,0.18612635,0.05737407,0.065155484,0.46885744,0.2002033,0.04692705,0.4362264,0.12332839,0.124800436,0.050510727,0.049105085,0.14804731,0.06716444,0.06596842,0.1071756,0.0063234037,0.20371617,0.12492925,0.02220911,0.07564093,0.23109977,0.08712589,0.06526278
4780,0.14152397,0.13425398,0.06518558,0.102516234,0.42960283,0.20429341,0.09147572,0.57352424,0.12923552,0.10750975,0.06819412,0.07867749,0.12763739,0.10134325,0.07581203,0.11517619,0.010049049,0.3095939,0.10360485,0.02881266,0.08225776,0.2230227,0.09698735,0.0657789
4784,0.14147764,0.16058542,0.018611869,0.030967165,0.5016277,0.12646359,0.025428783,0.3450903,0.06670844,0.068588205,0.01771223,0.02321217,0.1309265,0.027956128,0.02842871,0.076861754,0.00036926265,0.21372847,0.06858609,0.0026454197,0.021161001,0.19589351,0.037413202,0.0209889
4788,0.07825412,0.07560812,0.018913297,0.051677875,0.35525087,0.1470261,0.03512787,0.67935336,0.0527803,0.055965487,0.027148984,0.025521066,0.07738097,0.03969796,0.029947063,0.0673461,0.0010924938,0.20289455,0.05470151,0.0056483573,0.030133806,0.18275434,0.036424518,0.020305105
4790,0.25984073,0.2763567,0.1373088,0.16162318,0.39362317,0.25382408,0.1586383,0.43277878,0.19005053,0.20515281,0.11795965,0.14519227,0.2653705,0.1494316,0.14383839,0.17647888,0.035718344,0.23937726,0.21724689,0.070285805,0.1316179,0.29082036,0.18027529,0.13654031
4795,0.08394278,0.036205992,0.0002506,0.0013684892,0.49258152,0.13883066,0.00061698334,0.5579423,0.025420401,0.02941616,0.0012109914,0.0018717635,0.015254838,0.0010252265,0.0015292226,0.066369876,2.964685e-08,0.22355315,0.018842233,5.6002154e-06,0.0015704653,0.20018655,0.0028389588,0.00078258367
4796,0.114876635,0.081453875,0.004567787,0.014823659,0.4035112,0.17111018,0.006678544,0.6078255,0.052341934,0.05486978,0.008377862,0.009600145,0.052020866,0.010393954,0.011484632,0.07610797,1.9909987e-05,0.28684175,0.043516666,0.00038669456,0.008877516,0.23538853,0.014603327,0.006928925
4798,0.3215748,0.31789517,0.05468803,0.07463172,0.30646545,0.17446485,0.0838523,0.359711,0.14627604,0.17503403,0.052801043,0.097803295,0.21248221,0.07101515,0.06284706,0.12966482,0.0033552414,0.114135966,0.23621105,0.012388544,0.07516994,0.2699588,0.112749346,0.07649748
4799,0.01217095,0.010863236,0.005609742,0.011882932,0.54936785,0.08174658,0.001476983,0.7787035,0.019778783,0.042785827,0.0073807836,0.0026539671,0.05139994,0.018979995,0.014673248,0.045736633,7.082125e-05,0.67290735,0.0029135053,0.00071112765,0.003104457,0.13795303,0.0035127932,0.0019567404
4804,0.23691969,0.2585358,0.046709064,0.067014135,0.31839797,0.22373958,0.06726144,0.4637493,0.12321295,0.14129753,0.059066493,0.073087476,0.17151731,0.052180372,0.060082722,0.12568729,0.0031699513,0.17853118,0.16209303,0.012537066,0.06588703,0.26962528,0.08651443,0.066829674
4805,0.3049203,0.11210332,0.0003662902,0.002360928,0.2912093,0.18490654,0.00084148516,0.4270509,0.037194487,0.032284755,0.0024410472,0.0037316636,0.039514888,0.00084477785,0.0021729926,0.0931187,5.0063637e-08,0.10329062,0.064645335,7.898086e-06,0.0011345926,0.5058001,0.0093193455,0.0022505724
4806,0.040560927,0.032973733,0.0021911834,0.0055139624,0.3537816,0.09151781,0.0029800283,0.49543884,0.029154057,0.038155247,0.002218332,0.0035899319,0.06776416,0.0046054185,0.0054128473,0.041335355,4.379847e-06,0.34246472,0.012567149,6.966977e-05,0.0014569897,0.16822281,0.004593161,0.0013150484
4809,0.14676216,0.09080314,0.00063439994,0.0046924,0.44930473,0.20523223,0.0019060151,0.6744603,0.047606256,0.041241348,0.0037187678,0.0051744995,0.02603172,0.0026324906,0.0055637406,0.08881952,5.479282e-07,0.23204298,0.036024164,3.862724e-05,0.004533109,0.25909534,0.0057782163,0.0030788542
4811,0.12330572,0.11753046,0.0461375,0.062170714,0.45873213,0.24110606,0.04613124,0.54324764,0.116041824,0.12338017,0.048840303,0.0485501,0.10596619,0.06923681,0.072162814,0.13131255,0.0034442013,0.27405202,0.09605653,0.015277211,0.062302865,0.23352003,0.05679663,0.0392297
4815,0.044283614,0.049478117,0.0205079,0.0408697,0.52541524,0.122184694,0.013925139,0.66353583,0.05405789,0.06608088,0.028847901,0.018964434,0.07422988,0.043653335,0.03803992,0.11037806,0.00088980433,0.48750737,0.025276871,0.005987855,0.027747128,0.15060271,0.031292357,0.014148336
4820,0.066894874,0.06926232,0.013700284,0.029043103,0.3926895,0.11872875,0.02054128,0.5722706,0.053504936,0.064049885,0.013316072,0.015914502,0.08294673,0.025739737,0.020511191,0.053716976,0.00038780467,0.29640433,0.03078991,0.0023165757,0.016483653,0.15214726,0.021399561,0.012929994
4831,0.35676262,0.26602152,0.013115659,0.037839364,0.1387181,0.16113214,0.15691632,0.32031122,0.13369858,0.12491969,0.02079232,0.077448815,0.27310246,0.029472211,0.014270305,0.1324227,0.0001507053,0.061054803,0.24504237,0.000910488,0.016311886,0.2850948,0.07680121,0.032750912
4835,0.09240006,0.07288197,0.020054929,0.03902589,0.42718643,0.17279148,0.018770086,0.54106826,0.06346115,0.08934154,0.016860502,0.01926429,0.09515128,0.029693512,0.024414472,0.0811899,0.00044706368,0.28210172,0.039065905,0.003931658,0.01939712,0.1882595,0.028996972,0.01456452
4837,0.2624845,0.25044316,0.031362537,0.04940294,0.26156607,0.18201838,0.058071915,0.34821454,0.13053757,0.15676646,0.027533276,0.050053135,0.25589064,0.034559358,0.032816697,0.12094771,0.00084410724,0.13410403,0.1703325,0.004600326,0.026992688,0.2722086,0.06920539,0.036708184
4839,0.10169072,0.08468945,0.03795682,0.06480424,0.514907,0.20314138,0.025108648,0.5987472,0.101571664,0.11247178,0.052489933,0.037780575,0.08465049,0.06104533,0.059774265,0.14506319,0.0021101697,0.43285728,0.054032803,0.012574162,0.053762928,0.26216623,0.056080136,0.030834759
4841,0.12182564,0.10384348,0.0021430005,0.00623991,0.4616433,0.16507834,0.0039796173,0.52815163,0.045183986,0.06349132,0.0041259276,0.008866622,0.061354075,0.00550999,0.006675311,0.04905719,3.5032492e-06,0.2627808,0.03418795,0.00011479712,0.0040669637,0.24477865,0.012705643,0.0035244967
4846,0.38607007,0.38519374,0.08735351,0.11381406,0.29511443,0.2744872,0.15078638,0.44273725,0.2034846,0.23144966,0.11792002,0.16954571,0.26806554,0.09350441,0.08793037,0.2416532,0.006052609,0.21854791,0.31030893,0.023828862,0.10344824,0.374041,0.15836251,0.14044625
4849,0.06477302,0.07081501,0.0047160205,0.0076911664,0.29769245,0.066966966,0.0043929014,0.4419652,0.04097309,0.06694778,0.0045989994,0.0071105803,0.09263359,0.0106197,0.012345608,0.04842606,1.8564313e-05,0.31458113,0.025299044,0.0001888297,0.003283602,0.15507513,0.010196896,0.0034851227
4853,0.14407408,0.16284205,0.05268927,0.07230333,0.4104458,0.1862261,0.08676664,0.49581513,0.14088756,0.11982267,0.039335743,0.058440134,0.14045967,0.066915296,0.057305142,0.095120974,0.0048074913,0.20265645,0.10427753,0.013716415,0.06503728,0.19588214,0.06827814,0.049392007
4854,0.16829689,0.16705686,0.08766033,0.12804355,0.38597748,0.21856311,0.13881719,0.52155006,0.13254203,0.121656716,0.07215671,0.08899128,0.15293323,0.11617896,0.093243,0.15126085,0.015771514,0.21880595,0.12921216,0.040282812,0.08875345,0.24954051,0.11482214,0.078838855
4857,0.4258063,0.26372504,0.0012864991,0.0045667007,0.08024516,0.17112756,0.010530046,0.37393457,0.043178152,0.07853319,0.0032574865,0.015855663,0.15299454,0.0025581494,0.0029891948,0.11643061,4.581493e-07,0.042245936,0.16649424,1.5632886e-05,0.0021006025,0.49642512,0.017649546,0.0038383643
4858,0.19183263,0.20872872,0.13017203,0.15585311,0.4702629,0.26614046,0.12283282,0.516028,0.17334357,0.1908729,0.119296804,0.11171257,0.21083717,0.16020502,0.14697939,0.18895942,0.03361791,0.34133333,0.15427771,0.078233205,0.13390745,0.30249017,0.13355488,0.115508035
4859,0.37880003,0.34036085,0.011313883,0.023250865,0.27243784,0.19494082,0.034839462,0.25145122,0.08633801,0.14868796,0.021799538,0.04470753,0.22541127,0.018470963,0.016388053,0.1192188,9.0781454e-05,0.11815439,0.20078109,0.00096661295,0.024201091,0.27445045,0.052428603,0.037345827
4869,0.20245329,0.23870462,0.013360087,0.022016574,0.19945541,0.10543819,0.048242506,0.36844754,0.08062574,0.10698847,0.01432422,0.043504246,0.17667314,0.018634615,0.01511876,0.092317626,0.00012435265,0.08742243,0.13361908,0.0009600336,0.016982444,0.1841944,0.045553166,0.020378027
4873,0.284304,0.24540083,0.06205927,0.078605585,0.2653105,0.232213,0.090959005,0.3476555,0.15083154,0.16889904,0.040705424,0.070132464,0.26761913,0.05927669,0.046270568,0.12221709,0.0030160663,0.11719136,0.19980901,0.013657349,0.051803824,0.3061073,0.0803197,0.06813906
4875,0.20614289,0.21871391,0.09892312,0.114111856,0.5203622,0.2275111,0.089954026,0.42075405,0.20703028,0.18199697,0.082186766,0.0838626,0.14429113,0.110222146,0.114112064,0.14589901,0.018589107,0.2713694,0.15743609,0.050636437,0.13622731,0.21601045,0.10556541,0.1005292
4876,0.21355873,0.17052689,0.0136059355,0.0224989,0.3962813,0.19202882,0.020247702,0.44066674,0.10043563,0.11364224,0.017326573,0.031417623,0.10615741,0.020905197,0.02433632,0.10868747,0.00015556543,0.19653054,0.10380899,0.001748334,0.025482016,0.26280007,0.03785528,0.018435333
4882,0.15100591,0.13154894,0.025334837,0.04234801,0.48616874,0.23077555,0.026557254,0.4991697,0.09560292,0.092937514,0.030098913,0.03640355,0.06996443,0.039330903,0.043962277,0.1027591,0.0011147986,0.2825241,0.06810253,0.0066496264,0.03751753,0.22574009,0.04258466,0.027234402
4887,0.2141082,0.17414339,0.026616346,0.061091993,0.27906346,0.21510649,0.08358507,0.44086888,0.076885,0.10015798,0.034502994,0.06100389,0.1542129,0.05056923,0.035387993,0.11759327,0.0010740743,0.12623614,0.12872975,0.0046985126,0.037517574,0.28280503,0.076091915,0.03657782
4888,0.13386899,0.13835801,0.095821135,0.1191889,0.525432,0.19609404,0.08773223,0.52567375,0.12836896,0.11886761,0.08627349,0.07480743,0.11993361,0.12461986,0.10042652,0.11554759,0.022063833,0.30268407,0.092851155,0.05481863,0.09921972,0.19891286,0.10778812,0.07836541
4892,0.15330735,0.1301552,0.053002004,0.089602806,0.32125333,0.19454393,0.08798956,0.493742,0.11317025,0.1031501,0.05164049,0.05772153,0.14506625,0.0831673,0.05020341,0.1379547,0.0046873186,0.251167,0.10210173,0.016204428,0.05061703,0.22441693,0.070515186,0.048093602
4893,0.11948077,0.08143625,0.0017229838,0.0068991315,0.29445806,0.1106808,0.005907694,0.6263492,0.027459137,0.03509327,0.0033348678,0.00655357,0.04441746,0.004863827,0.0038885507,0.040350795,2.8691918e-06,0.22522235,0.02868936,9.171659e-05,0.0026743042,0.26232105,0.010580799,0.0030198987
4895,0.19942872,0.2333128,0.13968496,0.15176703,0.37088335,0.21228309,0.19821566,0.45615688,0.16729167,0.16348502,0.10437319,0.12869371,0.233768,0.1511686,0.12879996,0.17475136,0.038864035,0.20004287,0.18716185,0.07383783,0.13505478,0.25960854,0.15427168,0.12356626
4897,0.21392876,0.19490702,0.123192646,0.17352301,0.44557315,0.24527717,0.16332386,0.48207307,0.18063714,0.16527542,0.10865365,0.11942154,0.17876692,0.15564717,0.13197301,0.16054896,0.040045056,0.28278694,0.16583565,0.083353564,0.13906273,0.24684256,0.1491966,0.1165172
4904,0.1597375,0.16404086,0.0575355,0.081181094,0.4638434,0.19597569,0.040457834,0.47920778,0.111558355,0.12958056,0.061872788,0.052863475,0.12637623,0.07250634,0.07655563,0.12548073,0.006131106,0.29177442,0.100930735,0.026288856,0.072280616,0.27691546,0.07816258,0.05296375
4909,0.0019104569,0.0009957786,6.5842985e-05,0.00091519865,0.47050497,0.031959977,0.00012334822,0.9189755,0.0016880992,0.007024871,0.0003979823,0.00019787568,0.0086803865,0.0015905411,0.0005160951,0.041199297,1.3380225e-08,0.8530949,0.00020605374,2.535323e-06,0.00013065526,0.08221069,0.0005116964,3.4881887e-05
4910,0.31261367,0.27965155,0.04005267,0.039500963,0.4258407,0.22679317,0.023238128,0.2761128,0.14700471,0.12943454,0.02875021,0.04083753,0.17046088,0.027139353,0.056209784,0.063945934,0.0012939085,0.15459739,0.14165771,0.005994665,0.029214974,0.2767089,0.055796195,0.04234297
4911,0.08120619,0.0662893,0.0013875002,0.006509534,0.39036107,0.083556734,0.0033356955,0.48520696,0.034467343,0.045250665,0.0035137762,0.0037787957,0.04388525,0.0039829873,0.0044724373,0.059076544,2.992988e-06,0.19773217,0.026699014,8.674422e-05,0.0053623985,0.1483619,0.008632825,0.002820972
4912,0.3386869,0.2962441,0.020882268,0.02719744,0.30237362,0.28008658,0.030660886,0.36381882,0.12121783,0.17762649,0.025753697,0.043988306,0.21338983,0.021451944,0.029243244,0.12838905,0.00029435285,0.14765967,0.20226009,0.0020067682,0.025301883,0.38495553,0.055901065,0.031589825
4916,0.070624165,0.03956038,0.0011279752,0.0063829534,0.40373886,0.17547071,0.0048060245,0.7295838,0.031847186,0.040971693,0.0054416745,0.0057668816,0.02930159,0.0046616253,0.0031171117,0.08726645,1.2776011e-06,0.27399638,0.035111737,6.001514e-05,0.005661087,0.21247654,0.006241712,0.0028812522
4917,0.15808214,0.17636934,0.13504387,0.15066542,0.50066555,0.25694168,0.12195031,0.5355204,0.16693604,0.17026198,0.12050611,0.10454424,0.1951422,0.1821343,0.14931183,0.20537236,0.041546356,0.3414237,0.13684025,0.087275684,0.15135744,0.25662467,0.132028,0.111216985
4926,0.27863464,0.07790592,0.00022510857,0.00052990456,0.17671324,0.17486858,0.00047417398,0.31032267,0.018251853,0.029960964,0.0003713005,0.0015018686,0.10293661,0.0004622829,0.0013011099,0.054495204,7.7061015e-09,0.07679432,0.02681261,1.1593496e-06,0.00030276983,0.5128232,0.0027326504,0.00044792602
4928,0.077735655,0.08337859,0.033160713,0.059598938,0.5116519,0.13518934,0.036074776,0.5439867,0.0898082,0.07123788,0.037573725,0.035496596,0.053577304,0.061209235,0.04222839,0.07046915,0.0036684668,0.30931088,0.048172962,0.015829887,0.056199588,0.13002881,0.04977209,0.032386743
4931,0.21370378,0.21103027,0.073400036,0.10304878,0.42057428,0.25605807,0.085217446,0.4640329,0.16191226,0.15864226,0.09379283,0.09789072,0.17989737,0.09210578,0.0960154,0.18826938,0.009764603,0.26311314,0.18004748,0.033215687,0.10383203,0.2856099,0.13657577,0.08400102
4940,0.23377106,0.22949135,0.02365816,0.06290071,0.24879618,0.16070163,0.10399836,0.46145582,0.11892636,0.14281726,0.03646787,0.09143835,0.23216143,0.0350131,0.030674895,0.15323316,0.0006394727,0.15663321,0.23573416,0.0029054626,0.03208003,0.26760066,0.09558756,0.038257096
4941,0.10058348,0.080318995,0.008694867,0.026716996,0.3335031,0.20850842,0.019881537,0.6759059,0.061391953,0.06328032,0.016470484,0.020081228,0.06339495,0.018798947,0.014724123,0.065405145,0.00013374584,0.20678791,0.04212652,0.0012397044,0.016499182,0.19305219,0.021774638,0.012112282
4943,0.015996847,0.015467284,0.00060880114,0.0023759527,0.20556746,0.032583877,0.005291623,0.6335392,0.011789343,0.017237702,0.000767098,0.0016845664,0.033930317,0.0030900545,0.0012260141,0.027786475,5.704141e-07,0.18132389,0.0055755163,1.2871393e-05,0.0007375299,0.075051785,0.0024480508,0.00051355886
4944,0.2270709,0.16904956,0.005439492,0.01794413,0.20787874,0.21403432,0.021860315,0.5164561,0.060126755,0.108628854,0.010073212,0.034972407,0.16845845,0.015229194,0.009386154,0.14211188,1.4637874e-05,0.116362475,0.098331764,0.00024642402,0.010614901,0.36429274,0.030368226,0.011591472
4945,0.22577733,0.22690678,0.14056443,0.18012029,0.42208555,0.24362199,0.20020416,0.4718651,0.20697711,0.1787198,0.13026442,0.15050621,0.2163959,0.16674435,0.1528182,0.21147622,0.044137083,0.28241864,0.20547545,0.081293754,0.16717109,0.27022874,0.1780936,0.13318291
4946,0.13807864,0.11823067,0.055652544,0.09300316,0.53517675,0.2871466,0.042537328,0.6185225,0.13699742,0.12990329,0.07769116,0.053980436,0.10833725,0.07361513,0.07678696,0.19214664,0.004231764,0.41875184,0.073984616,0.022427775,0.07252626,0.30708295,0.07022759,0.049661614
4964,0.18471834,0.17100006,0.12537003,0.15093154,0.43374565,0.2361415,0.14964154,0.5108024,0.17484334,0.16105717,0.11006461,0.114720106,0.16561061,0.16517277,0.13081215,0.15350126,0.037456203,0.27242255,0.15271465,0.081634946,0.13009538,0.2284122,0.12932862,0.108678795
4966,0.1873403,0.18147767,0.06135067,0.08536027,0.37530905,0.22411315,0.084762,0.5082495,0.1376182,0.15601951,0.06427277,0.080754794,0.1884026,0.09087731,0.07295049,0.18506728,0.004716151,0.23341648,0.1515245,0.019444639,0.0805416,0.28368086,0.10199627,0.060029585
4968,0.031261466,0.026972333,0.0051785293,0.009090322,0.6902794,0.115491435,0.0017503307,0.5253439,0.03772366,0.0445006,0.0068595954,0.0035151744,0.034340855,0.012856774,0.015896132,0.06713499,5.4421434e-05,0.5629646,0.0076225884,0.0006594101,0.00732239,0.15812372,0.006485031,0.0027780635
4971,0.15265468,0.16267295,0.06741221,0.11342409,0.3302496,0.16511256,0.18446591,0.49115652,0.11021293,0.116076276,0.06262338,0.10544441,0.16426906,0.112406686,0.0616804,0.13813601,0.009805585,0.19325289,0.145688,0.026495274,0.09744758,0.18139839,0.12835655,0.06911943
4973,0.129039,0.112687126,0.035436284,0.068184294,0.48870927,0.20332322,0.044628024,0.50142133,0.09774143,0.11557937,0.050642375,0.04798684,0.11474414,0.058832504,0.057910256,0.16067375,0.0021532122,0.3508096,0.08301807,0.011224364,0.053801976,0.21551062,0.06480715,0.036860887
4976,0.2613905,0.23869354,0.07809358,0.12502007,0.3308884,0.24771915,0.15029797,0.47072622,0.16962145,0.15201364,0.081092134,0.12679487,0.18098722,0.11322444,0.0895861,0.16865808,0.012266046,0.2203478,0.19268592,0.031940404,0.098111086,0.28180262,0.15125221,0.09865153
4979,0.20623936,0.1879398,0.08140031,0.11801049,0.50247896,0.25404495,0.07292221,0.46386907,0.16117656,0.15073843,0.07747358,0.07464501,0.13389862,0.09990047,0.09859668,0.15263633,0.011881084,0.2644445,0.13286586,0.041555196,0.10702314,0.2532297,0.10139211,0.07821276
4980,0.35948282,0.23004146,0.008813154,0.018211083,0.34528172,0.32075456,0.012297357,0.44634134,0.08900565,0.10311409,0.018477663,0.023444107,0.12589324,0.013072869,0.024829395,0.09481478,6.441131e-05,0.22763757,0.08044861,0.00062403333,0.010126411,0.45246178,0.024178656,0.015484059
4987,0.19538544,0.19781768,0.042981476,0.093417056,0.4029916,0.1839507,0.08179958,0.49926874,0.15065473,0.15408142,0.0559785,0.06564296,0.14354351,0.079820745,0.04895794,0.115873516,0.003207884,0.2530142,0.124022834,0.015103297,0.06461278,0.22218868,0.08179505,0.056076694
4998,0.014020201,0.008079605,0.0014379272,0.0052434187,0.47584608,0.05370078,0.001177717,0.71281487,0.012318555,0.0395795,0.0039821244,0.0019142131,0.051382497,0.010275924,0.0042188317,0.08121447,2.4603605e-06,0.7637632,0.003918457,5.7250512e-05,0.0013923428,0.12452767,0.0037340487,0.00086411403
5000,0.120109215,0.13866465,0.09184577,0.12196137,0.44086075,0.18307824,0.08011932,0.5443013,0.13987322,0.17193866,0.10126576,0.078983225,0.17313677,0.12512799,0.0959123,0.15664722,0.019519007,0.39061907,0.09683864,0.047242396,0.091707714,0.22263283,0.10662668,0.07829751
5001,0.26076236,0.17166236,0.0072156163,0.021615911,0.17738523,0.22420517,0.01526649,0.3826224,0.059872665,0.08530259,0.010164514,0.018914089,0.13414405,0.011224556,0.010794252,0.05681357,4.679433e-05,0.12650709,0.095766455,0.0005151989,0.0066855573,0.32520026,0.02216892,0.01227294
5002,0.27803117,0.16674188,0.0061136163,0.011790926,0.33256522,0.24227959,0.004918887,0.5010998,0.0984886,0.08911507,0.014663311,0.014231218,0.10475374,0.0059394394,0.013580961,0.09492006,1.86417e-05,0.18436511,0.08648553,0.0002426267,0.00839427,0.41957846,0.017714437,0.009446524
5004,0.11616141,0.11545779,0.007593297,0.021832002,0.3808275,0.12139224,0.013083991,0.5504561,0.07368527,0.063027345,0.010393297,0.017450485,0.057869934,0.016617503,0.014727175,0.056775127,0.00011187059,0.18181694,0.051799096,0.0011884006,0.015049772,0.14038752,0.024725568,0.01086322
5005,0.07455473,0.062046014,0.01411153,0.036338996,0.48042926,0.16912073,0.014090925,0.6079317,0.044567704,0.050825592,0.018753396,0.017090708,0.06400754,0.02513144,0.021157436,0.049786665,0.0005097577,0.2606748,0.03298584,0.0036912516,0.020743644,0.19842085,0.024873838,0.01427292
5008,0.08175041,0.06533695,0.017350508,0.03055436,0.40112466,0.19505085,0.014704698,0.6588608,0.050021905,0.0661276,0.021765731,0.015406929,0.089702435,0.03247711,0.026258,0.09621481,0.00044031403,0.31444204,0.035037395,0.0036142461,0.018705886,0.24279515,0.023672627,0.01371326
5010,0.1951316,0.15007001,0.03981456,0.05474616,0.3887153,0.25509042,0.043738265,0.5139196,0.101871744,0.120991014,0.037124667,0.04248334,0.1325069,0.06269275,0.058332615,0.1309727,0.0021286567,0.26753157,0.09676916,0.010012059,0.044110063,0.3196241,0.050971996,0.03879759
5016,0.029600196,0.01931721,0.00064630405,0.0036083348,0.47701862,0.09416397,0.0008877356,0.62563115,0.01836688,0.040489107,0.0019302058,0.0016601864,0.035738092,0.002061985,0.0024775218,0.046927083,4.3179006e-07,0.46964496,0.007538499,1.847678e-05,0.0010740459,0.08036574,0.0018647211,0.00058514276
5017,0.16043106,0.14952052,0.08783319,0.110214144,0.50529754,0.2678795,0.06487691,0.53569794,0.14934368,0.14521837,0.08716942,0.08073053,0.14786287,0.1082578,0.104376204,0.16846086,0.012650546,0.3560425,0.11825664,0.046808954,0.10439883,0.28973693,0.10797323,0.07238911
5024,0.29253778,0.36999562,0.024825964,0.034176618,0.21426608,0.11268377,0.10204424,0.254108,0.14497289,0.15731631,0.024020586,0.08786888,0.23760168,0.027827067,0.017811993,0.13587584,0.00026796732,0.075711645,0.26296404,0.0020189139,0.038331307,0.22972488,0.08638226,0.056292985
5029,0.12130786,0.10469546,0.014986495,0.03337011,0.4453402,0.20552488,0.012990131,0.6098064,0.087458014,0.08228077,0.018834129,0.022902612,0.0677612,0.030989658,0.03766372,0.093631,0.00040724143,0.28583035,0.04189797,0.0029966575,0.023569671,0.25012228,0.029768316,0.016196724
5031,0.14718111,0.15703164,0.02233323,0.051498234,0.25275865,0.15599208,0.10095515,0.46623638,0.08207075,0.10242739,0.024839422,0.060565785,0.16440763,0.04081216,0.027178137,0.10288213,0.0007431829,0.12258395,0.10198726,0.0032116245,0.028728876,0.1783097,0.06264634,0.027207142
5036,0.23703161,0.25291613,0.044672053,0.07730579,0.36055484,0.19485493,0.07843426,0.39221358,0.15840426,0.16368786,0.040919423,0.06329276,0.15635239,0.06381108,0.052101377,0.084639676,0.0030465387,0.18677619,0.1546266,0.00941802,0.053761106,0.20053497,0.06497303,0.06137867
5037,0.10824437,0.0678095,0.0037712979,0.018464593,0.22826469,0.15986831,0.023824316,0.7695229,0.030728454,0.047971312,0.008387755,0.017262852,0.059810743,0.0132246,0.009099343,0.05802126,3.040062e-05,0.15286395,0.042728554,0.00036958547,0.009498611,0.2341335,0.021422103,0.008335987
5043,0.16744612,0.13479087,0.03900713,0.047885194,0.475069,0.21239646,0.03276744,0.4954918,0.08745251,0.10565663,0.03798519,0.033892676,0.131897,0.05040383,0.05697577,0.10672746,0.0017775324,0.2237417,0.10116001,0.010830917,0.05175993,0.2855196,0.058883693,0.038308337
5047,0.12765339,0.12629756,0.041182224,0.04505415,0.3997397,0.21582991,0.028631495,0.48968583,0.07449402,0.09838644,0.029893724,0.037199784,0.14851247,0.040199634,0.038577836,0.121552356,0.0012230171,0.19498783,0.087314434,0.008389334,0.039269358,0.25280944,0.05034029,0.030434893
5051,0.13566515,0.15625782,0.061140954,0.079800114,0.42728093,0.21654703,0.048267864,0.46981254,0.12899096,0.17153157,0.059689578,0.062182873,0.20191632,0.09303545,0.08942406,0.18645138,0.005237245,0.37949598,0.09129047,0.019721331,0.063150406,0.29831362,0.080653414,0.04825088
5052,0.0047419304,0.0028572516,0.00023350693,0.0028654907,0.52002114,0.046417303,0.0005010723,0.9050612,0.0064707412,0.00847149,0.001312044,0.0006093151,0.00929822,0.0017092956,0.00162138,0.029575288,2.0388076e-07,0.71900284,0.0011020356,1.4180784e-05,0.00057733676,0.07416481,0.0018075006,0.00023149609
5054,0.12576526,0.12961803,0.035399638,0.06547131,0.45798606,0.20498914,0.035529263,0.59001625,0.09374623,0.10760788,0.048209626,0.041333977,0.0991811,0.067430176,0.054087874,0.1411007,0.00213718,0.28307107,0.06908371,0.012745164,0.056971096,0.21745205,0.06913498,0.03984772
5055,0.17704003,0.101541296,0.0040297247,0.010043339,0.26556873,0.2714515,0.004793447,0.5731498,0.045825437,0.05690185,0.007607781,0.009426261,0.07854993,0.0063898764,0.0091710305,0.070795275,1.5603022e-05,0.16105083,0.04972624,0.00022152807,0.005781886,0.3829585,0.012222193,0.005892717
5056,0.12014691,0.11833985,0.05778106,0.09789556,0.51802194,0.17414612,0.056356423,0.5225935,0.11824955,0.12314886,0.06508437,0.054220475,0.09839789,0.08744363,0.063619964,0.10552379,0.0071825986,0.3618738,0.079735816,0.028996218,0.074384026,0.19539563,0.07538555,0.055562675
5063,0.059032775,0.05000794,0.00043514452,0.0019776593,0.5804379,0.10612122,0.00066658104,0.51371205,0.026090413,0.0612546,0.0041918033,0.0029548812,0.035450965,0.002452768,0.003223506,0.09371801,2.6602936e-07,0.59755194,0.015990408,1.5502565e-05,0.0020962695,0.20919275,0.0040172245,0.0012446281
5068,0.15171675,0.12687688,0.005649927,0.01395844,0.4085671,0.17182438,0.011153945,0.5247944,0.06947659,0.06720695,0.0098888725,0.013590399,0.05596316,0.011298122,0.012337233,0.05115957,3.4817913e-05,0.20551445,0.05884819,0.0005738167,0.012076656,0.22344975,0.022061452,0.010518477
5073,0.32491013,0.3403547,0.1773052,0.17852898,0.42777172,0.27310795,0.18766057,0.39158878,0.24396092,0.2679729,0.14864622,0.18447463,0.30504793,0.17648903,0.17945158,0.22081801,0.050499395,0.24597251,0.27236387,0.088057935,0.18841194,0.32883126,0.2097046,0.18783344
5075,0.3632022,0.3708147,0.02151705,0.040403787,0.27395803,0.23377497,0.051288363,0.29287234,0.22294632,0.15451999,0.03493313,0.078793935,0.19683574,0.027543716,0.04640661,0.16246842,0.0004901005,0.12022328,0.28681403,0.0035816894,0.042060092,0.27307752,0.08796462,0.047966145
5078,0.24823451,0.2558914,0.14080366,0.14307559,0.4420521,0.26064777,0.14280817,0.42189708,0.18309142,0.175174,0.10909382,0.11799859,0.23634918,0.15431887,0.15695946,0.18177672,0.03601138,0.2462112,0.19612299,0.07342548,0.13353974,0.29404894,0.16197413,0.12864551
5083,0.03480616,0.044433784,0.01160674,0.026587522,0.36990064,0.10586577,0.015722021,0.6504816,0.033109844,0.06322174,0.017760497,0.015306556,0.0877629,0.03287429,0.019818923,0.100848444,0.000280952,0.38690004,0.018931914,0.0015776969,0.014050746,0.16208646,0.022300562,0.0087635
5084,0.22445638,0.18623202,0.004660189,0.012005908,0.2628199,0.11646218,0.012623463,0.3751865,0.08156012,0.07787059,0.0073226644,0.013102902,0.07545526,0.008290685,0.010110649,0.061671946,2.1198692e-05,0.11454881,0.09556821,0.00031949012,0.008791337,0.19411357,0.021283174,0.009838242
5085,0.20742859,0.1316085,0.060225837,0.09571455,0.35390356,0.25344527,0.099365205,0.5639229,0.13223916,0.12844938,0.059863266,0.065944284,0.18154353,0.09733172,0.06894336,0.19335568,0.0044146227,0.3098195,0.111566395,0.015603651,0.054213617,0.32631376,0.0973413,0.04996687
5086,0.1961339,0.1467331,0.022628758,0.037011918,0.39308664,0.2321431,0.026185026,0.49045,0.123670176,0.15608415,0.030277386,0.039608523,0.18096715,0.030292578,0.036506217,0.18075775,0.0003309485,0.2931648,0.11792178,0.0028437967,0.028549725,0.3578887,0.054282114,0.0250139
5088,0.050939616,0.047593947,0.011291344,0.025315704,0.5545918,0.11713363,0.008339618,0.5886172,0.047444716,0.046821404,0.018412486,0.013182136,0.034795552,0.024723768,0.023911573,0.061109073,0.00036163867,0.44135734,0.022457873,0.002855782,0.020890616,0.13684577,0.019019611,0.010634215
5093,0.26083237,0.19308409,0.025351742,0.038299717,0.37830317,0.34015808,0.017788993,0.43183446,0.1355852,0.13111097,0.037588906,0.03608165,0.1131792,0.022863373,0.054920733,0.1348479,0.0007117088,0.16707426,0.12609355,0.0042291386,0.041213296,0.36775273,0.04684961,0.029966373
5101,0.18587033,0.16623433,0.0241061,0.05702597,0.24251021,0.16823164,0.10830999,0.55570203,0.08898229,0.10002525,0.029827861,0.060067754,0.1707277,0.05259816,0.03347677,0.11369524,0.00090729335,0.17996648,0.13725172,0.004153338,0.031309325,0.20323983,0.072952636,0.032554373
5102,0.13572416,0.089168556,0.018233497,0.034100454,0.48487142,0.22172953,0.014902051,0.5650556,0.082725525,0.09447593,0.028901339,0.024880018,0.086030304,0.035030074,0.03918298,0.147263,0.00046443503,0.4027679,0.051284373,0.0037824938,0.024574857,0.27834898,0.03268656,0.016951544
5104,0.11595878,0.10943746,0.055530433,0.079613246,0.40931666,0.16813983,0.07797481,0.58600014,0.0890385,0.08107103,0.03830422,0.04660521,0.12157316,0.0898734,0.06030618,0.09052904,0.006817,0.2412735,0.07529292,0.02386879,0.0568209,0.1831793,0.07122739,0.041308515
5105,0.17624258,0.18305518,0.112932816,0.15125476,0.35844904,0.22894782,0.15698186,0.49726322,0.13976334,0.14765514,0.09315841,0.117887355,0.18320917,0.14823142,0.11007924,0.16640592,0.030031784,0.21897532,0.14555195,0.06089964,0.10994217,0.22977191,0.13489051,0.10082219
5108,0.44234437,0.4306135,0.029881835,0.042601194,0.17415544,0.20020074,0.068542376,0.21195927,0.1413023,0.19157994,0.029758679,0.08489978,0.44013095,0.02019106,0.025497418,0.22719692,0.00023644378,0.07049948,0.3497046,0.0015707802,0.022579245,0.45278195,0.10521693,0.047436077
5109,0.12664807,0.15011066,0.0020989429,0.0056589535,0.4305442,0.08009918,0.0035200561,0.34705168,0.06647976,0.07176909,0.0037287984,0.0071365116,0.053057827,0.0037292833,0.0071149073,0.06571679,3.9761635e-06,0.11203941,0.046993453,0.00013912625,0.0065037427,0.1352124,0.012758412,0.0049269623
5110,0.17041491,0.14851521,0.031240331,0.039935242,0.3669313,0.1353174,0.044888932,0.40210965,0.08178201,0.08157863,0.02311694,0.03536259,0.10795993,0.040139478,0.040410478,0.07530099,0.0013906896,0.15811351,0.07363913,0.006611414,0.040101252,0.18219957,0.05454835,0.031182213
5115,0.20565464,0.19561176,0.06599722,0.10150937,0.45935977,0.25235912,0.0902565,0.49380547,0.14215873,0.16619873,0.074815676,0.07794142,0.15379341,0.075204544,0.08833651,0.1563962,0.0072326576,0.26631537,0.14310722,0.025872916,0.08587156,0.25626713,0.09907011,0.06951333
5116,0.17287229,0.136321,0.02274582,0.052147027,0.33071414,0.1448159,0.055300284,0.45519897,0.11140518,0.09830891,0.021778977,0.03935128,0.11354907,0.03914668,0.02724223,0.061433986,0.0009831893,0.15521881,0.09668992,0.005114189,0.03437732,0.16946773,0.040046807,0.030446414
5122,0.03719823,0.029520767,0.005426307,0.013070464,0.4892399,0.15880191,0.0048425295,0.7288871,0.026194809,0.026054688,0.00616412,0.0051882393,0.027699167,0.014890491,0.008623986,0.0445713,4.7396945e-05,0.37337908,0.010526032,0.0007566716,0.00795931,0.13910148,0.0076278523,0.0038556
5124,0.22900659,0.18605886,0.07342209,0.09200263,0.45029855,0.30055797,0.056929518,0.5355116,0.17392921,0.16394316,0.07492339,0.069099,0.16892207,0.10145565,0.11002936,0.21304587,0.007174524,0.3077743,0.13776456,0.028625105,0.0868872,0.3672139,0.091537245,0.07242982
5126,0.027859801,0.024874583,0.004446929,0.014914818,0.4541486,0.11977751,0.0046859863,0.7403551,0.022848565,0.034418702,0.008198984,0.006404956,0.045239944,0.013391519,0.010163028,0.06556298,4.247307e-05,0.49812466,0.009578164,0.00058841886,0.0058757053,0.17157412,0.009167001,0.0033255538
5132,0.12639377,0.12318997,0.06388996,0.08854722,0.47794384,0.21745528,0.05519539,0.5686147,0.11130016,0.09030042,0.049063165,0.051928926,0.12357414,0.091142744,0.08124391,0.120270975,0.008636678,0.30513078,0.07568311,0.03247907,0.063150756,0.24155852,0.07543018,0.050094895
5134,0.19857448,0.20411077,0.09062433,0.14939329,0.39566836,0.21133873,0.17761588,0.45952243,0.15893821,0.15624039,0.077597305,0.11984373,0.18982448,0.13768445,0.09559893,0.14133896,0.018641133,0.22586061,0.16973111,0.043210365,0.10540458,0.21995221,0.121644415,0.0931915
5136,0.0028336183,0.0028061448,0.00012994779,0.0011524002,0.4100859,0.025288597,0.00022277312,0.89316416,0.0023969747,0.004004448,0.00037183645,0.00023052454,0.005950573,0.0012465288,0.00064256304,0.009431727,8.195631e-08,0.5258814,0.0005158718,6.358428e-06,0.00022182526,0.05020838,0.00055644516,0.00010468323
5142,0.21071538,0.21809989,0.077135004,0.088733256,0.4798093,0.22394687,0.06898364,0.36349818,0.17746638,0.18918107,0.06341335,0.08325059,0.19885896,0.09491264,0.105501845,0.16605337,0.008122358,0.26570272,0.113704436,0.026126616,0.078507364,0.27338013,0.10539432,0.07027864
5147,0.19671193,0.17746249,0.04403061,0.0641973,0.51634943,0.24931024,0.030026024,0.48276412,0.15419592,0.14279266,0.05577973,0.047638092,0.11082558,0.05136771,0.07418721,0.11703633,0.0031815807,0.24988867,0.10620029,0.015655871,0.066167735,0.27346388,0.05886055,0.05010315
5150,0.1403349,0.114539005,0.05154999,0.06329831,0.4879619,0.2124604,0.035592064,0.49821818,0.11943212,0.10704509,0.051474996,0.046657465,0.11031964,0.07632717,0.06840417,0.10660412,0.0041986555,0.26735887,0.076956846,0.017265642,0.061926425,0.22136386,0.05289125,0.044825096
5154,0.116694644,0.13582078,0.019125553,0.04436327,0.4310132,0.17059988,0.026515089,0.5716915,0.0794939,0.09681659,0.030638639,0.03291536,0.07307447,0.03077528,0.029211406,0.07588614,0.00079965143,0.22236665,0.081216976,0.00545307,0.041688588,0.2555926,0.03988852,0.027700236
5160,0.14722373,0.14288917,0.009606149,0.019607233,0.31985563,0.14841129,0.017745737,0.39179352,0.035094768,0.05322125,0.009020083,0.013959798,0.1040397,0.016257627,0.016319992,0.04332515,0.00013944751,0.11111008,0.07075761,0.0013538401,0.011976041,0.20577137,0.024901355,0.0143481735
5161,0.28751668,0.30137977,0.0360156,0.05893005,0.34463033,0.18058263,0.061148062,0.35324162,0.15618387,0.17110986,0.043165952,0.07085899,0.17081973,0.046145655,0.049383793,0.103274845,0.0018293677,0.13496949,0.19355626,0.009036503,0.07034846,0.22715512,0.08128811,0.058473583
5163,0.14969197,0.16478422,0.078046605,0.10482613,0.41396856,0.20399721,0.092069104,0.50576365,0.12520672,0.13540575,0.06462484,0.0707869,0.15812662,0.10419759,0.09008836,0.10789034,0.01682262,0.265944,0.11041369,0.03826708,0.08536381,0.1950959,0.088069804,0.0693811
5172,0.18237226,0.2128841,0.11758727,0.1349401,0.43702316,0.2037719,0.11330686,0.4907515,0.15618436,0.15649931,0.096624844,0.100406095,0.16895719,0.13992842,0.11861507,0.13783765,0.02615905,0.28001946,0.14643128,0.05969833,0.12263243,0.22819555,0.13019663,0.106214456
5175,0.03988349,0.04965843,0.007926729,0.014558651,0.44243026,0.10195617,0.0054817563,0.63109374,0.039922494,0.06313088,0.007356161,0.0070808385,0.068839505,0.0166881,0.018354142,0.060402315,0.00010560877,0.3598255,0.014207418,0.0010773548,0.0066006896,0.1588826,0.010136206,0.0050684847
5177,0.0971552,0.12092614,0.06498274,0.08848172,0.475102,0.18333845,0.03837355,0.57484615,0.12554123,0.17847554,0.06570172,0.05916815,0.19241399,0.09713665,0.08590626,0.19190282,0.0059039174,0.46953174,0.068810925,0.016448159,0.05821509,0.25274152,0.06384254,0.039271235
5178,0.16753937,0.15125681,0.030027805,0.06070386,0.32587728,0.16506079,0.05185048,0.5032987,0.08389977,0.1055379,0.036592152,0.05354672,0.12898906,0.044695895,0.035251547,0.10327671,0.0015680471,0.18112311,0.108803414,0.007943782,0.043758355,0.1927654,0.07242014,0.038680945
5179,0.3119897,0.2876507,0.0048076757,0.012723234,0.19006082,0.095523395,0.037294995,0.24393325,0.094456665,0.09101651,0.006030598,0.031437702,0.14269336,0.008019213,0.007933415,0.08166665,1.4659011e-05,0.04852776,0.19170627,0.00017576803,0.007868376,0.1975637,0.05268438,0.013845934
5182,0.34838593,0.2568311,0.0050620753,0.011530053,0.21583971,0.16157393,0.014528676,0.25087205,0.10286542,0.12078781,0.007834399,0.024339877,0.16237949,0.006424388,0.007669583,0.11719097,1.04480505e-05,0.07802735,0.15280418,0.00020079651,0.012533211,0.29953015,0.024297057,0.014212681
5184,0.32089767,0.3331336,0.052938808,0.077289514,0.24513966,0.18602066,0.14525475,0.32989293,0.16917641,0.1643288,0.04918761,0.1062807,0.2617966,0.05216815,0.04961352,0.1606898,0.002709325,0.10800224,0.26038885,0.009301032,0.052648555,0.30034617,0.125417,0.071658246
5185,0.13948238,0.16486089,0.14098766,0.16593058,0.48183146,0.22373953,0.121417545,0.5360054,0.14874995,0.14537832,0.111112,0.111758426,0.15824832,0.15561226,0.12572017,0.15341704,0.051516544,0.31431156,0.11975762,0.09139797,0.13685147,0.21129392,0.1285086,0.1084157
5187,0.10347046,0.090786226,0.009269064,0.02169405,0.30332392,0.13219905,0.036953755,0.5243095,0.053271003,0.05920696,0.010920096,0.017828677,0.1162741,0.022616925,0.014548146,0.08747477,0.00010427386,0.25400692,0.054153744,0.00095393654,0.010685312,0.19461763,0.027012225,0.010395779
5188,0.12252698,0.14452437,0.116073534,0.14058448,0.51636064,0.20246507,0.09949042,0.5606673,0.13630965,0.14798015,0.115417026,0.095259786,0.16218491,0.16030394,0.12314925,0.15855227,0.034193713,0.393692,0.10077143,0.068260945,0.12162519,0.2231934,0.11603151,0.09173671
5189,0.05417954,0.050062675,0.00028781753,0.0014262059,0.22568992,0.085057795,0.0015024686,0.5038185,0.015797812,0.022174502,0.0007130465,0.0021372612,0.024466632,0.0008443309,0.00087616866,0.019868745,5.1049398e-08,0.16791192,0.014060221,3.3116041e-06,0.0005145518,0.1509481,0.001633389,0.0006299297
5191,0.06264208,0.04151955,0.0044170776,0.012635766,0.29393104,0.15515484,0.008119637,0.56899107,0.033608112,0.04007451,0.005192969,0.006429978,0.054111145,0.010907676,0.0105780875,0.04910811,2.8589555e-05,0.26439652,0.018688861,0.0003976061,0.0043396465,0.17761147,0.006380386,0.0036523237
5203,0.40393433,0.31814265,0.026255146,0.041884515,0.26315734,0.26606482,0.04168892,0.32514134,0.13946757,0.20512027,0.032102477,0.070434816,0.3635055,0.03037719,0.040617973,0.14167836,0.0004243711,0.13483392,0.23046808,0.0020613396,0.022792293,0.37823322,0.07743505,0.041192137
5207,0.2552879,0.24832457,0.063692555,0.0904364,0.3047239,0.22365345,0.114119254,0.47955498,0.13208337,0.15215641,0.077127755,0.09540504,0.2121031,0.09952588,0.087928824,0.16689183,0.0073537757,0.19225545,0.19308035,0.022139557,0.08160706,0.3184751,0.13125393,0.07858512
5208,0.16158795,0.18039516,0.030512445,0.04970875,0.3430064,0.11991476,0.06472257,0.38768023,0.10548367,0.1015763,0.029448122,0.051204413,0.13358712,0.0433406,0.031582322,0.08698112,0.0012073163,0.12535888,0.115228936,0.00751558,0.047763146,0.15968482,0.07709092,0.04229243
5209,0.21458617,0.12325289,0.010539436,0.02917041,0.25003782,0.29350102,0.02239902,0.5307027,0.06325836,0.10101409,0.016327081,0.023564994,0.13094062,0.01893758,0.018514685,0.094860554,9.907806e-05,0.16871804,0.07956634,0.001007249,0.012833671,0.35969722,0.023150576,0.013705961
5219,0.011437156,0.010318824,0.0006882334,0.0048196986,0.34369066,0.04836413,0.0019744479,0.83636564,0.0074688084,0.010418383,0.0021422296,0.0013831285,0.012257198,0.0043528154,0.0021833975,0.013154074,3.32929e-06,0.32513845,0.004104737,7.3440126e-05,0.0016021163,0.04934962,0.0019041165,0.0008034372
5220,0.08401676,0.03772982,0.0010953642,0.008326555,0.34382808,0.15140295,0.008509974,0.686838,0.029034287,0.03723641,0.0041976036,0.0063620303,0.041745532,0.0060262606,0.0028053564,0.07547752,8.1063047e-07,0.2933607,0.036547095,5.6082084e-05,0.002155772,0.31633028,0.011619059,0.0029947958
5222,0.08088745,0.043265294,0.0019423751,0.0072722,0.50683606,0.18575884,0.0017321199,0.71292496,0.028031409,0.033699304,0.0070184716,0.005460626,0.022846237,0.0059182327,0.007716354,0.054905854,5.1205125e-06,0.36682898,0.020460637,0.00020101067,0.006785659,0.2193893,0.012258989,0.0042627174
5223,0.4153064,0.2565497,0.018954001,0.033769917,0.21671173,0.42419258,0.038734607,0.48897848,0.14861377,0.19593193,0.04564333,0.07016564,0.32336375,0.0262314,0.042464007,0.3273496,0.00016634639,0.16307978,0.19952525,0.0014327865,0.022898443,0.59679306,0.087645575,0.030743165
5232,0.107502274,0.09290264,0.04182471,0.08345821,0.46375406,0.22559632,0.03881886,0.6382312,0.0815328,0.089929715,0.04331942,0.037257787,0.09573427,0.06893242,0.052465145,0.08264075,0.004618404,0.37030476,0.053534053,0.017724223,0.047735903,0.17728987,0.050433736,0.036384888
5233,0.24068783,0.23224883,0.01792284,0.033238962,0.3045077,0.16671869,0.033579744,0.3481488,0.092424914,0.11259687,0.021770211,0.038925037,0.14767522,0.027139634,0.030506786,0.10820306,0.0003541002,0.14310275,0.14419559,0.0024818731,0.02475683,0.2558196,0.05974957,0.027476957
5237,0.22103716,0.21917437,0.057627477,0.09222371,0.31037936,0.19903605,0.13933526,0.4555113,0.17159839,0.12622787,0.066249296,0.100598566,0.17167103,0.08721331,0.06651942,0.1486679,0.006559953,0.17865591,0.19694251,0.019861514,0.082398765,0.22893608,0.12444333,0.08078568
5238,0.21913174,0.24693781,0.12097545,0.12420365,0.3769968,0.24146903,0.14102484,0.4635516,0.20871161,0.19337635,0.09768206,0.12507895,0.23658691,0.14515641,0.120680824,0.19287042,0.02466483,0.22975221,0.18910961,0.049260374,0.13420136,0.29399738,0.13813296,0.10917349
5240,0.21301664,0.21336055,0.1390436,0.16776441,0.5042397,0.2721122,0.15067361,0.486626,0.17989202,0.18228106,0.12630616,0.13955154,0.17341232,0.1671087,0.15941872,0.18629768,0.045927674,0.3187533,0.18611963,0.09847556,0.17099194,0.2541157,0.16183259,0.13904569
5242,0.2979401,0.2634188,0.017121628,0.035335954,0.20724091,0.23048247,0.085142665,0.41817245,0.11302272,0.13033898,0.025926707,0.072049774,0.19057268,0.028891923,0.021824995,0.22088559,0.00017825108,0.09430281,0.22855803,0.0015448743,0.034566015,0.3623341,0.07973118,0.032991566
5243,0.118142694,0.10709638,0.045173764,0.067215614,0.43127984,0.19863378,0.062599994,0.5500037,0.09294337,0.09028031,0.035521653,0.038589124,0.115359016,0.07231106,0.050407022,0.0988705,0.004116072,0.27388242,0.06603,0.01651464,0.05230713,0.18450321,0.05489232,0.03399789
5248,0.1600051,0.13330024,0.044360776,0.05483114,0.5281925,0.24878272,0.030382104,0.50006616,0.12218994,0.089609146,0.046720337,0.04144149,0.09659405,0.05806555,0.071565025,0.11186928,0.0031073906,0.29611552,0.08251136,0.015264698,0.060314562,0.30365798,0.05738689,0.039216638
5249,0.21037966,0.105957665,0.0033011367,0.014039805,0.12635873,0.27880067,0.02919414,0.60715914,0.048849016,0.083618306,0.006530194,0.020611584,0.2009207,0.0066638216,0.0051049576,0.14424405,4.394834e-06,0.0897795,0.10025855,8.025514e-05,0.0042353743,0.44657272,0.024441125,0.0061870795
5251,0.088166006,0.095218375,0.009717319,0.033705454,0.34401897,0.13296881,0.03465819,0.6077187,0.0652024,0.07554101,0.016364018,0.024027316,0.08053067,0.023067448,0.01652155,0.060642727,0.00023119675,0.19155262,0.053919245,0.0016915101,0.019704103,0.12766172,0.027825985,0.0153574
5252,0.15254283,0.16613492,0.07798512,0.09781197,0.47814655,0.19527331,0.084928855,0.4394751,0.13792278,0.122525536,0.07116203,0.07423578,0.120189026,0.104182154,0.09480378,0.124139406,0.014807729,0.271479,0.10689412,0.042486466,0.095130086,0.19092377,0.09550346,0.08298117
5256,0.050011322,0.055683307,0.0122967195,0.032311786,0.43758523,0.11483454,0.018086554,0.6560107,0.03425705,0.038090948,0.016781744,0.017333671,0.0571451,0.026895972,0.021882996,0.042861532,0.0005013224,0.29925746,0.030075511,0.0030649432,0.016384372,0.13447869,0.022530925,0.01225702
5258,0.29048154,0.214342,0.009192943,0.015562199,0.30396426,0.17515548,0.013295945,0.36657554,0.114161685,0.10623652,0.0119847795,0.021781394,0.12203101,0.012982887,0.019547436,0.08859668,6.079803e-05,0.21996787,0.09806826,0.0006302733,0.010583354,0.32211939,0.028213196,0.014553882
5276,0.16626915,0.16201341,0.01758103,0.035019726,0.4456291,0.17176238,0.021290148,0.45118538,0.09420237,0.09062726,0.03190189,0.033116296,0.08183161,0.029707499,0.03437265,0.09510546,0.00070307206,0.25476906,0.09045624,0.004344166,0.039301906,0.2170999,0.045228265,0.02956269
5280,0.1162607,0.11549061,0.024410896,0.030879512,0.33864915,0.15208842,0.019569807,0.45155373,0.05006526,0.0697112,0.018583313,0.02151245,0.14906879,0.04366089,0.04223348,0.09658043,0.00093220605,0.24217586,0.05091856,0.0050148745,0.026975421,0.28194824,0.039105173,0.019178156
5287,0.4056655,0.3194934,0.10614385,0.11523572,0.36471245,0.39355734,0.12554193,0.4146202,0.22006424,0.23060322,0.12148397,0.15754057,0.3173892,0.11298543,0.14152703,0.2949117,0.01027781,0.22918706,0.2929844,0.031053988,0.12734175,0.43257627,0.16796514,0.12755972
5291,0.083773896,0.060145535,0.0077112373,0.025449544,0.39300144,0.17143567,0.01628205,0.66272646,0.043385163,0.044271827,0.012457753,0.012903085,0.053233463,0.024956282,0.014785964,0.09140756,0.0001277465,0.27563873,0.031086,0.0018064927,0.016750803,0.21531877,0.019564947,0.008856241
5293,0.0057976213,0.0041160057,0.00021697124,0.0006580926,0.49037763,0.049688872,4.5071072e-05,0.69599414,0.0057690307,0.02379212,0.00041046995,0.00022908083,0.041416135,0.001347651,0.001419499,0.033484686,3.538828e-08,0.8025038,0.0006452891,1.6144423e-06,0.00011704607,0.20088504,0.000432176,7.114303e-05
5295,0.21714924,0.22197974,0.12693991,0.17373626,0.3667071,0.23026134,0.23701358,0.48490608,0.16272302,0.16935414,0.111017846,0.14638919,0.25148395,0.1587608,0.12164551,0.18477201,0.034366257,0.21372609,0.2090491,0.07141626,0.13094068,0.26690513,0.17923109,0.12522502
5299,0.19808832,0.140557,0.03352097,0.05658169,0.45250604,0.25200084,0.05061655,0.5069647,0.12557298,0.12472073,0.035865884,0.05755316,0.10655511,0.046116605,0.05510722,0.1434418,0.001261052,0.25384495,0.101061665,0.007984044,0.046233058,0.24772243,0.059482403,0.035434093
5301,0.16744937,0.18775152,0.049787596,0.087794855,0.3955111,0.2329753,0.08896796,0.5056037,0.1197262,0.122550294,0.052380227,0.074133195,0.1409447,0.077629015,0.06006605,0.13240708,0.00522412,0.18988669,0.13021824,0.018079929,0.06977688,0.24899814,0.095830545,0.063427754
5305,0.17436019,0.26257867,0.060862098,0.072472796,0.40370485,0.17864844,0.10193447,0.342111,0.13924763,0.16321893,0.058099244,0.089491,0.25374222,0.0746385,0.055156115,0.13638057,0.0038566624,0.17183398,0.1926142,0.014453891,0.058199942,0.21977614,0.10077677,0.07072178
5311,0.16408941,0.1464979,0.07961589,0.11378342,0.3387721,0.21228205,0.123107195,0.50842583,0.11955433,0.13517192,0.064778924,0.08313754,0.17998606,0.11330414,0.082184605,0.15111536,0.011831416,0.21828502,0.123048365,0.035091955,0.08369703,0.23626392,0.100063615,0.06892008
5315,0.10110097,0.05717267,0.0071043484,0.01989602,0.33145285,0.16247699,0.015520928,0.58768094,0.038069915,0.03848125,0.008836172,0.012861022,0.04691371,0.01699853,0.011968584,0.055145618,8.759859e-05,0.16736569,0.030879393,0.0011365553,0.010481972,0.16260353,0.020106785,0.008154242
5319,0.106944725,0.09890412,0.0239467,0.04925662,0.4406068,0.18462788,0.026780998,0.5864149,0.08563105,0.08497938,0.030145578,0.030501714,0.07581526,0.048994333,0.03879086,0.07858388,0.001129488,0.31782275,0.05887646,0.0069882157,0.030314174,0.20572543,0.036967475,0.027201697
5320,0.11861645,0.12232444,0.05633444,0.09218301,0.416163,0.16488233,0.096440494,0.5386611,0.09153944,0.095590755,0.039753087,0.04763401,0.13121246,0.098362364,0.056513622,0.09757447,0.0065326905,0.23399943,0.0961238,0.023939839,0.056996822,0.19993097,0.06619741,0.04628203
5330,0.19677466,0.1925002,0.13962395,0.1638348,0.46902454,0.2775883,0.13186724,0.51194984,0.1739355,0.1521984,0.12422212,0.11940123,0.17685184,0.16111174,0.15712555,0.201079,0.04023521,0.29174545,0.15740992,0.086613245,0.1644405,0.284187,0.14420275,0.12389972
5334,0.20752044,0.24046576,0.20266916,0.21401748,0.44954607,0.256544,0.19059558,0.47309807,0.216602,0.20295374,0.16464262,0.16570665,0.22409868,0.21722113,0.18422197,0.19988972,0.104220144,0.29724813,0.1989047,0.15724634,0.21116303,0.26577953,0.19164355,0.17148374
5341,0.24926388,0.22215213,0.025290413,0.04379235,0.32496187,0.1914456,0.087918244,0.4644473,0.13816632,0.14610182,0.031195922,0.07784282,0.14731553,0.04142024,0.033669837,0.12595548,0.00074855925,0.17221658,0.1536941,0.0042561125,0.049757633,0.20893908,0.079486944,0.044310812
5342,0.24896996,0.24887489,0.111153506,0.121302865,0.3611354,0.2373965,0.16061586,0.42542174,0.17153712,0.15293093,0.09675395,0.11974154,0.19154601,0.12412392,0.10813367,0.16701232,0.020451838,0.18982053,0.1904324,0.053583167,0.12516905,0.29136088,0.13819899,0.114548996
5343,0.03370501,0.030302057,0.0036193493,0.011590876,0.48269552,0.09069936,0.0023420379,0.6693659,0.038348485,0.05833636,0.0070534307,0.0045291907,0.06221676,0.010173528,0.012765772,0.08356029,2.2057371e-05,0.6478037,0.0070688,0.00024606788,0.0035133641,0.14539775,0.0065927748,0.0021980351
5345,0.20680033,0.16300794,0.026402296,0.044854943,0.40825403,0.25674978,0.022676297,0.5155901,0.105362065,0.14333595,0.036671653,0.0350404,0.18196152,0.0430427,0.051288363,0.13865885,0.0008103942,0.35988322,0.10061225,0.0048575746,0.02642297,0.36336675,0.05258661,0.029439395
5346,0.12690717,0.15968798,0.03901467,0.06733364,0.44397542,0.13830966,0.05293108,0.5130999,0.119973354,0.11703569,0.041158404,0.051830757,0.09349842,0.050612725,0.037137363,0.092038475,0.0030031323,0.2022,0.08989836,0.012173765,0.08325553,0.14854696,0.065938964,0.050651543
5347,0.1577207,0.1699127,0.0082653565,0.019123286,0.31150258,0.11874013,0.024964202,0.43673852,0.067076504,0.08695004,0.013189761,0.025074787,0.15740226,0.013810748,0.013988997,0.039582044,0.00010133198,0.13780814,0.102832094,0.00070739153,0.009405553,0.16805913,0.03131461,0.016661352
5348,0.18391685,0.28343788,0.060241748,0.06503446,0.4113587,0.14454167,0.08245577,0.35077915,0.19798923,0.20998898,0.046587236,0.09348014,0.17778088,0.07593796,0.05554086,0.13718736,0.0039177625,0.17666025,0.14761086,0.012424884,0.10756672,0.17548417,0.09697489,0.06792463
5352,0.18231027,0.18775345,0.11292216,0.1277339,0.5027119,0.24434112,0.09664728,0.5280527,0.17808023,0.1602113,0.10660592,0.101957805,0.15637355,0.14373897,0.13797453,0.16605154,0.028404979,0.3062462,0.15260196,0.061426308,0.14777777,0.25363696,0.1297903,0.10613635
5355,0.1838273,0.20184824,0.048295528,0.070826255,0.3836586,0.16735755,0.07695235,0.43315104,0.13113436,0.11081123,0.04346684,0.054479618,0.138202,0.066066466,0.055489965,0.09017707,0.0040020286,0.16863696,0.12869652,0.015432114,0.06659002,0.21614848,0.07880748,0.05843438
5370,0.2285856,0.18469112,0.085824914,0.122897536,0.44973326,0.27551425,0.09884884,0.5413877,0.16816792,0.14228898,0.09594666,0.09536548,0.16705142,0.11560599,0.12002371,0.16718125,0.014770515,0.32590997,0.15879807,0.04235099,0.1004428,0.30356106,0.120523535,0.08765311
5373,0.08381559,0.0705645,0.004033993,0.012813104,0.46224388,0.16477303,0.008250272,0.65898013,0.0630561,0.086690426,0.0085060485,0.012060454,0.07728965,0.012119628,0.012727283,0.07553294,2.0948388e-05,0.4904058,0.0359404,0.00032098062,0.0070910677,0.18677324,0.013153572,0.006480813
5374,0.0085127875,0.008065275,0.0004453642,0.0015208649,0.5102167,0.042843085,0.0002946912,0.7041948,0.01013256,0.023947837,0.0009634079,0.0007118383,0.0297539,0.0025361911,0.0023940245,0.04959446,1.689319e-07,0.7467021,0.001274832,5.872529e-06,0.00032585842,0.13428867,0.0009260491,0.00019709478
5383,0.09920433,0.089449644,0.021318978,0.051565126,0.42071924,0.16277312,0.038237583,0.5589045,0.0815926,0.07389397,0.025763268,0.026827594,0.07829181,0.039567694,0.030405687,0.06591771,0.0010793585,0.20464596,0.06551664,0.006354023,0.03594614,0.16677485,0.028774144,0.02432985
5387,0.10954157,0.110222094,0.035026234,0.07996435,0.33488172,0.1808882,0.06292154,0.6134348,0.08447294,0.08407551,0.04213769,0.047644693,0.09640401,0.066717245,0.04199713,0.079116896,0.0036246604,0.21549045,0.07025744,0.013271288,0.0475573,0.19627705,0.05627999,0.036824487
5390,0.16317078,0.115773,0.021665048,0.031880837,0.51422495,0.31479153,0.012416942,0.5903382,0.09806793,0.10647044,0.027010188,0.02498828,0.084743716,0.033000875,0.04819572,0.11547746,0.00052909757,0.31994376,0.05547054,0.004625123,0.02822279,0.35110718,0.031610563,0.02093363
5392,0.008734531,0.005356633,4.7614583e-05,0.00066033774,0.7814512,0.038796276,6.618935e-05,0.7745002,0.0056588193,0.007701176,0.00039462,0.00023931716,0.0031511502,0.00053195364,0.0008778513,0.018692246,9.170879e-09,0.7645184,0.0011486722,2.10489e-06,0.00025781462,0.06334392,0.0007700649,8.168041e-05
5393,0.06578987,0.035474647,0.0007883072,0.005961572,0.20698465,0.08455635,0.0055708676,0.7301316,0.019885827,0.024510097,0.0022667407,0.005896534,0.04480861,0.006062023,0.0029225412,0.046938896,1.1316977e-06,0.29122725,0.014572988,3.2442647e-05,0.0024765632,0.12813035,0.007993007,0.0019510707
5394,0.21179414,0.23225202,0.0946391,0.11606854,0.380175,0.2039669,0.14474967,0.43600264,0.17103028,0.1550176,0.081639275,0.09709768,0.20295836,0.10685941,0.09333166,0.14799368,0.017625041,0.1935038,0.18008813,0.04778104,0.106516,0.24612625,0.13960986,0.107426964
5401,0.35090312,0.31208915,0.1039189,0.11295772,0.38988963,0.28214133,0.11831978,0.38988236,0.20547785,0.21295036,0.10146964,0.11665599,0.23584552,0.11002894,0.12570737,0.19050865,0.0154119,0.19138491,0.25204092,0.04140241,0.118823044,0.3978415,0.15835087,0.1212844
5408,0.08313699,0.07527724,0.028812587,0.076850064,0.42124316,0.15064825,0.04756175,0.59924865,0.076439664,0.07803927,0.03509267,0.029673573,0.060563877,0.061329152,0.033475034,0.063121416,0.0028956272,0.28888866,0.05315624,0.012606489,0.041790776,0.12733097,0.04308484,0.029268486
5409,0.14741631,0.13461392,0.028557416,0.04567479,0.33428416,0.18222994,0.05472833,0.49685955,0.092696436,0.08566069,0.022048067,0.040231925,0.1164221,0.03870672,0.038170002,0.09987951,0.0012465888,0.16390404,0.0867605,0.005998607,0.03445249,0.20711412,0.051463265,0.030075066
5410,0.3593593,0.2312105,0.008075662,0.017426627,0.1405428,0.20263213,0.072514765,0.41100287,0.08090576,0.13786362,0.010561228,0.04770938,0.19201867,0.0145807,0.00875327,0.12158738,2.0810698e-05,0.06394617,0.16848399,0.00027165635,0.009962244,0.35085744,0.04003015,0.016220607
5413,0.10319813,0.0628484,0.0013552547,0.010659122,0.281217,0.14195038,0.008293101,0.64982814,0.046417292,0.04544005,0.005518917,0.009868322,0.043526348,0.0038785785,0.0037786376,0.11793149,1.9388406e-06,0.15698436,0.03828066,8.820859e-05,0.0041001937,0.17434953,0.0087895375,0.00380927
5415,0.38633013,0.37190613,0.002338096,0.004817037,0.36254445,0.1572063,0.0024338346,0.16672632,0.114507385,0.12484978,0.006901556,0.0066977497,0.13478842,0.0021181472,0.009544981,0.053470552,3.5761825e-06,0.050747108,0.20288724,8.502085e-05,0.004655037,0.31615254,0.01695322,0.0074433507
5416,0.33873293,0.2652678,0.055493206,0.07856271,0.36157838,0.26892924,0.12762558,0.40639064,0.17117614,0.18155973,0.04652135,0.09221787,0.25649655,0.06948775,0.06341231,0.17709717,0.002324394,0.16516072,0.22401367,0.0115528675,0.05651792,0.34830353,0.09758325,0.06437755
5420,0.03888758,0.025238594,0.00018583857,0.002161352,0.5622932,0.10086772,0.00079302903,0.77379376,0.017599432,0.0229159,0.0016318766,0.0016972076,0.0074128774,0.0019448744,0.0017740356,0.03330561,1.0293494e-07,0.4121829,0.008345509,7.4896216e-06,0.0017901345,0.09667169,0.0024996668,0.00081534346
5423,0.27471796,0.21280272,0.0078693135,0.012276172,0.44026378,0.18794672,0.004785762,0.28824192,0.08732388,0.10166007,0.010844196,0.013357039,0.10538801,0.007007487,0.020899823,0.071395606,3.9902483e-05,0.11248011,0.1004072,0.00048560183,0.010382734,0.33627236,0.015045682,0.011784222
5429,0.16996163,0.19463286,0.054908395,0.08410858,0.32289952,0.1452918,0.11953289,0.41257855,0.10998435,0.13200304,0.044277407,0.069776714,0.19412936,0.08329886,0.051051456,0.120696396,0.0050961017,0.1489674,0.13732466,0.01661529,0.060956806,0.19070762,0.08691839,0.05677158
5432,0.23213296,0.18632825,0.038230628,0.057237536,0.40146866,0.23200682,0.050119948,0.46068564,0.13142413,0.14341633,0.038044613,0.050330687,0.16897999,0.046631414,0.041593,0.13803904,0.0012198996,0.2140949,0.12681246,0.006742194,0.03449291,0.30828133,0.060229212,0.04071236
5433,0.02126879,0.026618162,0.00198288,0.0065530366,0.4320014,0.041897763,0.0038813134,0.6056296,0.015130331,0.023077441,0.0028304998,0.003239367,0.032053497,0.0084706405,0.004272259,0.030250056,9.821681e-06,0.39152688,0.009414568,0.00015613578,0.004302539,0.054457445,0.006999886,0.0018308392
5435,0.12601382,0.087289564,0.020103408,0.03564257,0.3347496,0.14814886,0.032445792,0.52437365,0.07163817,0.06578722,0.017781105,0.019690031,0.09489529,0.03640972,0.029844444,0.06822679,0.0006536655,0.2042793,0.063575596,0.0039862343,0.023186669,0.188031,0.029842367,0.016662663
5439,0.14005817,0.13107346,0.056378614,0.08298637,0.36553437,0.18912555,0.08689867,0.55891836,0.09813157,0.086794324,0.04658773,0.06086173,0.14265004,0.08220966,0.06421739,0.09253482,0.007207894,0.22706968,0.10190315,0.019169932,0.063703515,0.20804356,0.07243698,0.05085248
5442,0.23245947,0.25118738,0.047233734,0.0702057,0.34213012,0.157742,0.13611072,0.35776612,0.16204543,0.1416173,0.040726557,0.07995836,0.1967619,0.070857026,0.052175906,0.101415575,0.0033286198,0.114339255,0.17477928,0.010658563,0.052901115,0.17371102,0.07411046,0.06527932
5443,0.079108804,0.07376824,0.016873991,0.038407605,0.31632975,0.18630116,0.01901185,0.63577676,0.07693846,0.13699633,0.028157458,0.02153956,0.25348833,0.047557782,0.04244315,0.20119044,0.0003954545,0.4964946,0.041892286,0.0022956629,0.013659557,0.40645254,0.03434541,0.011168343
5445,0.2524346,0.22393791,0.05211014,0.07316938,0.3960755,0.26413503,0.065204054,0.46305558,0.16489288,0.14955077,0.056526314,0.082164235,0.20096467,0.06326058,0.07984167,0.17185985,0.0028320397,0.20443365,0.1815709,0.012556845,0.07286188,0.3217708,0.10517728,0.06707311
5448,0.17020923,0.18878624,0.13492903,0.1587631,0.4525797,0.24783474,0.13223763,0.521109,0.15869677,0.17314583,0.10795169,0.11394961,0.19533227,0.16783805,0.1428985,0.16571069,0.045679428,0.32248667,0.13930726,0.08785479,0.13330169,0.2612386,0.13055709,0.10664754
5449,0.11562642,0.08382768,0.00034615785,0.0037771177,0.46423832,0.22398587,0.00059950503,0.62116295,0.039810143,0.03956025,0.0025082023,0.003058721,0.012036506,0.0015911349,0.0024776645,0.04712862,2.04007e-07,0.20559394,0.02892335,1.6980224e-05,0.0021267324,0.16620405,0.002437798,0.0016999565
5450,0.04260468,0.041687816,0.0124507025,0.040595476,0.5195424,0.12580734,0.01157653,0.69779766,0.045228597,0.050086156,0.016629469,0.013543655,0.03479268,0.02649533,0.017081114,0.044108614,0.00045816833,0.3409822,0.019258877,0.0037214456,0.019581588,0.10687261,0.017491665,0.011485921
5463,0.23276027,0.18463664,0.05169175,0.07386373,0.3751104,0.21989118,0.06452481,0.4266118,0.10926063,0.11381964,0.048199337,0.059045907,0.16253582,0.06717063,0.061298955,0.11878985,0.003782445,0.17757973,0.12627606,0.017120987,0.0566391,0.26528186,0.07416124,0.057229098
5468,0.06387465,0.05884983,0.021790175,0.0402808,0.5855632,0.15866922,0.015264074,0.6011029,0.070861265,0.09213066,0.024891533,0.018962469,0.06675007,0.043897294,0.036519744,0.06509718,0.00091588777,0.40250775,0.025376998,0.005885788,0.023312924,0.13858007,0.023127684,0.015260269
5469,0.16091931,0.18281682,0.055288218,0.070288986,0.42563635,0.19741657,0.049659196,0.42753026,0.13552189,0.16237241,0.049205586,0.057832718,0.19055144,0.07271309,0.09241676,0.15769032,0.0037377581,0.30013993,0.114032365,0.014814199,0.049432367,0.28041333,0.07369199,0.04692525
5472,0.2086188,0.18172236,0.03398573,0.058371242,0.3539905,0.18624473,0.053000767,0.4005708,0.11531563,0.106552996,0.02749611,0.042392667,0.104807585,0.042562574,0.04070119,0.0771955,0.002151564,0.14793418,0.108204044,0.008230787,0.042642545,0.17467545,0.04906043,0.039460097
5475,0.13534369,0.108071364,0.019919181,0.055821344,0.37147418,0.2317141,0.044182923,0.5927516,0.08180198,0.09234966,0.036496494,0.04088828,0.08479197,0.040036548,0.027763251,0.11173093,0.0006332235,0.25860187,0.06952477,0.004955921,0.036879458,0.20531176,0.04376576,0.027364964
5476,0.15060322,0.18409565,0.13204254,0.14675571,0.43109715,0.20970736,0.1310843,0.48235324,0.14157256,0.14952694,0.09829234,0.09951153,0.2059117,0.14034435,0.11564941,0.15338895,0.036711503,0.24663015,0.14409986,0.0726827,0.1196927,0.233532,0.12346109,0.103920646
5482,0.09413871,0.08677701,0.03943537,0.058244552,0.42978337,0.20971563,0.032683752,0.61717486,0.077415295,0.0784575,0.03905632,0.031132726,0.08575651,0.05998069,0.04423372,0.09279482,0.0029706229,0.2872885,0.050740447,0.013392489,0.049866125,0.20633213,0.042352878,0.029728437
5486,0.108979404,0.081852354,0.0044793678,0.012483296,0.34218192,0.15911633,0.009027058,0.5656359,0.049349643,0.061690293,0.0067859,0.01405549,0.064281635,0.011311345,0.011908552,0.108223364,1.8347215e-05,0.31078365,0.037757453,0.00033056125,0.0076746834,0.21433046,0.016789084,0.0048105814
5490,0.18018681,0.10492038,0.007748224,0.013102377,0.4248409,0.23474221,0.008148726,0.45434847,0.08098859,0.07308725,0.010943286,0.015415488,0.07449237,0.01024738,0.018597722,0.12846169,3.3195167e-05,0.20501973,0.07002306,0.0007618455,0.01311087,0.32601243,0.020728607,0.008508699
5495,0.09982007,0.04386487,0.0016227335,0.007826579,0.28515863,0.21941647,0.0015853785,0.62897694,0.025381314,0.04357602,0.0030256105,0.0036433446,0.058405828,0.003790584,0.0046724854,0.051130135,1.9923284e-06,0.23320334,0.014344802,8.266065e-05,0.00237343,0.24116302,0.0036276544,0.0021121555
5498,0.07535337,0.079231516,0.031376123,0.054222275,0.4767529,0.1959687,0.024239032,0.6337955,0.07065862,0.09095404,0.035413504,0.027682569,0.084772274,0.04790358,0.038416896,0.08824735,0.0017808683,0.35910103,0.041135192,0.009614417,0.035071395,0.21741849,0.035774846,0.023940008
5510,0.13786182,0.1512862,0.07234025,0.11654306,0.44182622,0.19513425,0.08266488,0.55833805,0.13259922,0.12357831,0.07613184,0.07820781,0.11777086,0.10630342,0.07007247,0.11672708,0.01225478,0.2981279,0.103909634,0.0372945,0.09541969,0.19669998,0.09235192,0.076002784
5513,0.25486156,0.24112184,0.08912033,0.098681234,0.41451567,0.24336745,0.076180145,0.4270605,0.1599088,0.16645892,0.07131436,0.08450084,0.19905612,0.10177798,0.10836264,0.141197,0.010452714,0.24118225,0.16542587,0.031914644,0.07983261,0.30181167,0.10795553,0.08845483
5525,0.018950412,0.014583799,0.00045623197,0.0030008287,0.5951508,0.105610214,0.00068332325,0.7390497,0.010049233,0.008317811,0.0021489472,0.0014348967,0.008822601,0.0023768751,0.0027565144,0.026080515,5.7800554e-07,0.33362916,0.0074103097,3.0950865e-05,0.0017510143,0.12747574,0.0032180576,0.000877131
5530,0.26765355,0.26505104,0.09011772,0.12869333,0.34348118,0.21301238,0.20431483,0.40117413,0.18748653,0.18179283,0.075042054,0.12256676,0.24815893,0.101160094,0.083158575,0.15474698,0.011472621,0.15503965,0.25099584,0.032637477,0.1017025,0.28641912,0.14073034,0.10765418
5534,0.01485078,0.009507521,0.000109501576,0.001120699,0.48125175,0.057835214,0.0001011309,0.76544785,0.0040727016,0.0070710196,0.00045601328,0.00031883776,0.007267544,0.0006445921,0.0009847484,0.010746395,2.067573e-08,0.27911586,0.0031274387,3.0298686e-06,0.0002921545,0.10215722,0.00061382254,0.00017877448
5535,0.15228985,0.1503049,0.08493388,0.12984793,0.4114682,0.22728565,0.13510975,0.54885185,0.13747849,0.12372255,0.080552176,0.08652361,0.13258223,0.12907135,0.09915491,0.14371414,0.017741183,0.25983202,0.11441644,0.049931392,0.09727987,0.19899392,0.10568073,0.08257733
5536,0.18458892,0.18411534,0.03236554,0.051414404,0.27759776,0.14663675,0.0678789,0.41095236,0.08566719,0.12779272,0.02708416,0.049059615,0.25995117,0.05282816,0.044016097,0.11180611,0.0013682572,0.16490632,0.12311784,0.005585469,0.028129468,0.24016537,0.07143784,0.032790497
5539,0.25618553,0.16616501,0.004205981,0.011359231,0.23784818,0.19957562,0.013448396,0.5679851,0.057441518,0.07453147,0.009537518,0.017417707,0.1299147,0.008895372,0.011086523,0.07618056,1.3965702e-05,0.10373209,0.095189326,0.00024056969,0.007922022,0.36604553,0.024960807,0.010560191
5540,0.46071866,0.3920423,0.0133353695,0.019775726,0.28286043,0.22154808,0.017089235,0.32975045,0.13644792,0.1638141,0.026907364,0.037932433,0.1592473,0.015084809,0.03409177,0.086531535,0.00016066298,0.13361807,0.19250318,0.0011502858,0.02271685,0.40267852,0.047365315,0.027340963
5541,0.29485306,0.283541,0.027751554,0.046320993,0.30863354,0.16722228,0.07088694,0.2861419,0.122405976,0.15884513,0.025299244,0.054602146,0.2007748,0.034034103,0.03461417,0.09026787,0.00092215295,0.14364748,0.17704064,0.0035879659,0.032365035,0.20307688,0.0815113,0.040351074
5542,0.4498748,0.3391816,0.010841855,0.02129529,0.14493763,0.22386187,0.03406931,0.29210207,0.12578586,0.20832334,0.019857967,0.048404526,0.31584126,0.015010998,0.013908813,0.19664204,3.9878934e-05,0.0799972,0.27120876,0.00043851664,0.01641029,0.41995698,0.055324327,0.022487001
5543,0.3715965,0.2771455,0.025395362,0.051236767,0.2396507,0.22467886,0.06198255,0.41698605,0.13193099,0.12756944,0.029286193,0.06160749,0.270161,0.0359974,0.041962307,0.15312262,0.00057664386,0.13091631,0.22326313,0.0035821062,0.02574485,0.412438,0.08453421,0.040931027
5546,0.22581257,0.23900755,0.054449894,0.083441995,0.3629387,0.23446752,0.091578625,0.46813953,0.1621343,0.14021888,0.058503322,0.086969845,0.15416032,0.08807595,0.074667245,0.14934899,0.0056051817,0.17604059,0.17144369,0.019567411,0.09274184,0.24334413,0.10408351,0.06863437
5548,0.04396284,0.05513142,0.008178965,0.016906256,0.62397206,0.088218965,0.004972875,0.53471017,0.035326418,0.036999177,0.00840644,0.0070095775,0.030044869,0.012295683,0.015078229,0.02187043,0.00021120076,0.29334572,0.018130068,0.0014210918,0.011627782,0.083008215,0.011659554,0.0069157872
5560,0.10227489,0.061254095,0.0011223026,0.0067259595,0.18007307,0.0884092,0.021752492,0.48991415,0.02352309,0.034425385,0.002110971,0.007826901,0.074403346,0.0040303315,0.0028195262,0.031868286,1.5375603e-06,0.07299908,0.048639584,3.4353234e-05,0.0016775178,0.124889106,0.007243009,0.0020198876
5565,0.10620462,0.10623685,0.04487504,0.06896811,0.36438003,0.19811887,0.048486233,0.57082915,0.08344823,0.116230115,0.03654832,0.03695046,0.20136876,0.073742636,0.06674759,0.1466081,0.0029629415,0.31077185,0.06748041,0.011335078,0.035001185,0.28377506,0.061165724,0.030046206
5567,0.17895599,0.20925024,0.13459376,0.14093374,0.40719837,0.1908768,0.16321194,0.4405825,0.1614444,0.15056668,0.09483615,0.123358466,0.17711309,0.14326352,0.11311087,0.15472819,0.03492646,0.22066668,0.155355,0.06895522,0.13902597,0.20570272,0.13475858,0.10916794
5569,0.087951645,0.09509955,0.046390787,0.081679024,0.51128465,0.15596582,0.062249552,0.53710663,0.11627466,0.0900352,0.04246527,0.03900503,0.089245126,0.08186993,0.062460024,0.11160067,0.0060690483,0.29962587,0.07941068,0.022362752,0.07299247,0.14573014,0.060848493,0.042835906
5571,0.08064283,0.062457126,0.025740968,0.046975654,0.36630574,0.18013053,0.027575767,0.55738175,0.06740871,0.09102176,0.023257677,0.022786822,0.11442032,0.043287892,0.032505106,0.10685986,0.00092279766,0.3041996,0.038996153,0.005152893,0.023745462,0.2207519,0.032299653,0.015700443
5574,0.24300763,0.25373268,0.19821997,0.21694936,0.4335193,0.2939861,0.188024,0.4771444,0.22114533,0.20755847,0.15913622,0.16225345,0.24774402,0.21578889,0.19649516,0.19366765,0.09641733,0.26730958,0.21228547,0.14392811,0.19783908,0.29914507,0.18902965,0.1736301
5575,0.071700804,0.040239282,0.002551568,0.0072939685,0.1997678,0.14177056,0.004085615,0.60162216,0.028411875,0.047385618,0.00367745,0.0050553847,0.121227674,0.0071329786,0.006598295,0.097025536,4.257784e-06,0.27772936,0.018487876,7.828926e-05,0.002178897,0.3257738,0.007523455,0.001684098
5578,0.17718515,0.17036991,0.030154629,0.039211772,0.39370507,0.1589903,0.03551842,0.47085097,0.09090233,0.101871714,0.024886772,0.032830242,0.12686257,0.041757476,0.048320685,0.10730668,0.0012543962,0.15217438,0.090719044,0.008823519,0.046824098,0.2439526,0.063668445,0.032970358
5585,0.12064371,0.08922175,0.016647475,0.041558433,0.4595266,0.22599097,0.019663097,0.6374358,0.092117086,0.09027913,0.03173209,0.03163986,0.07112259,0.038496494,0.03500313,0.10759487,0.0004305936,0.41155463,0.059018224,0.004081763,0.027370464,0.25044194,0.035372145,0.019589042
5588,0.06734556,0.060187556,0.027982049,0.05260491,0.49137655,0.19701564,0.016128866,0.669121,0.06885164,0.09544918,0.037900597,0.02416917,0.10893782,0.053052906,0.050283503,0.14304173,0.0013659572,0.525049,0.032094646,0.0069826,0.023332594,0.272218,0.035716906,0.018174496
5590,0.103456624,0.12652948,0.025635742,0.039860792,0.502069,0.10356472,0.028473476,0.43898958,0.083603665,0.0795442,0.027050333,0.028788313,0.08221316,0.037246354,0.033570673,0.08185216,0.0010830804,0.23002073,0.06949656,0.006097776,0.04205711,0.1674348,0.05122401,0.028267346
5591,0.19584683,0.16819842,0.049731277,0.111831844,0.29236463,0.20239687,0.18812956,0.48437235,0.13157324,0.11627178,0.047793776,0.095496126,0.18302001,0.07773378,0.052427165,0.13469058,0.005135522,0.19127275,0.14901319,0.015539984,0.051853586,0.21171272,0.09053532,0.05890267
5592,0.021442473,0.014362362,0.00021619559,0.0023660292,0.2770807,0.0892112,0.0023019197,0.8422502,0.011169186,0.018727519,0.0012088605,0.0023274987,0.020004535,0.0019120278,0.001250945,0.072906874,6.061457e-08,0.3710061,0.0072371373,5.956696e-06,0.0009036091,0.16060431,0.0028405725,0.00053639954
5596,0.3204674,0.28469038,0.048954435,0.088404186,0.28903243,0.24635872,0.084722266,0.4573891,0.16313395,0.1922653,0.06480456,0.0911901,0.22060624,0.06076649,0.062203187,0.14837123,0.0031397662,0.20260482,0.21731451,0.010552262,0.061516378,0.32690513,0.09745972,0.08057265
5600,0.06817358,0.030972203,0.00069156557,0.003910798,0.27037007,0.14739561,0.0039678216,0.6628207,0.014963972,0.016561236,0.0016962658,0.0034292615,0.020156214,0.0027167224,0.0025568719,0.037352152,6.366016e-07,0.17589961,0.017036855,3.3149925e-05,0.0013347099,0.1714986,0.006153004,0.001494678
5604,0.11437181,0.12660615,0.032557424,0.05565102,0.50108767,0.19734593,0.034659144,0.5298542,0.09058974,0.096096426,0.029718501,0.0394001,0.088255234,0.048230737,0.042458944,0.10936268,0.0013412208,0.20852803,0.06999451,0.00935837,0.05160742,0.20618269,0.047562957,0.03217714
5607,0.20138331,0.16886093,0.024649395,0.04349645,0.29567453,0.15041775,0.0501565,0.47123927,0.10250415,0.10243328,0.029025987,0.039204724,0.14260183,0.05007178,0.034837585,0.08433064,0.0012377612,0.18573394,0.10443048,0.0052406043,0.035975482,0.20574251,0.050817497,0.034332633
5618,0.033518787,0.01788604,0.00017599946,0.0015281253,0.15714993,0.05119875,0.0037575765,0.76371545,0.008724871,0.009615653,0.00045023486,0.0018437868,0.01705477,0.0012945062,0.00046742204,0.026180625,3.4091435e-08,0.12178191,0.011096522,2.2167767e-06,0.0005141106,0.101251096,0.0024708714,0.00036418956
5619,0.1999975,0.20306131,0.045202445,0.07445239,0.29288125,0.14101079,0.12441287,0.4384496,0.1312133,0.11598464,0.047407728,0.09487192,0.14373566,0.07459468,0.047334436,0.12444943,0.003653462,0.18708244,0.16128328,0.01269638,0.06715823,0.18450813,0.12586711,0.056659855
5621,0.039542966,0.04971012,0.007382174,0.017352272,0.3630168,0.084372446,0.005159408,0.56367517,0.047512047,0.11875159,0.010804945,0.010243448,0.13501897,0.020390311,0.022383261,0.08055877,0.000102651145,0.5268623,0.015818652,0.0005098602,0.0055518774,0.16155478,0.013024867,0.00444451
5622,0.17653893,0.18730134,0.04463456,0.07120083,0.38975787,0.18595386,0.088504605,0.43795675,0.14266945,0.115727805,0.037177965,0.060060114,0.12116718,0.062121242,0.047756933,0.09701717,0.0030524067,0.1681299,0.11487817,0.013364066,0.051381353,0.195653,0.06961883,0.058826108
5624,0.0686868,0.048405454,0.023581551,0.038979545,0.42395607,0.19987863,0.016420597,0.663448,0.052976277,0.09824266,0.02312512,0.018179039,0.15953876,0.054475445,0.049457267,0.13721217,0.0009100257,0.5040617,0.026928265,0.004933817,0.012917766,0.30285612,0.025933435,0.01203378
5625,0.26346335,0.24555421,0.078210965,0.11356036,0.4235912,0.32278875,0.11076938,0.4584491,0.24295293,0.20890076,0.09512639,0.1230073,0.20812315,0.09734261,0.09545417,0.24195057,0.0075528477,0.23863563,0.21001412,0.026359156,0.11890221,0.34578007,0.1428586,0.10566031
5626,0.06864749,0.07648362,0.012551667,0.022056894,0.4864724,0.13292381,0.007190451,0.58983403,0.04810606,0.0740484,0.01811171,0.014598972,0.10327275,0.028427701,0.028719973,0.070474304,0.00029333032,0.4296099,0.030152362,0.0020407827,0.014378497,0.2288731,0.026680818,0.010910304
5631,0.021856511,0.019049741,4.6232737e-05,0.000362014,0.3867341,0.053543467,9.3078634e-05,0.6570952,0.009236703,0.020000687,0.00023052146,0.00029522667,0.027615132,0.00043866233,0.0009234441,0.02908875,3.7325165e-09,0.40812126,0.0043505593,5.586408e-07,0.0001706089,0.14396799,0.0005592944,8.568419e-05
5644,0.09194942,0.087618016,0.040454723,0.06173112,0.50350094,0.16768736,0.028307294,0.5618464,0.09597636,0.11866905,0.044366468,0.03531423,0.12436159,0.06778487,0.0632242,0.107507095,0.0030273516,0.501804,0.04751885,0.012765093,0.035679795,0.17478193,0.04269312,0.027281284
5645,0.092487104,0.085609235,0.021455493,0.042220872,0.35814244,0.24484587,0.025768265,0.60120094,0.075787134,0.091411404,0.02635789,0.0334627,0.092400074,0.042489376,0.033106323,0.13937016,0.0004871146,0.3203434,0.04165968,0.0036346845,0.0233892,0.22695874,0.037009284,0.017694362
5647,0.269002,0.22078374,0.004241033,0.010133497,0.1723616,0.09814815,0.020492146,0.31848612,0.05905901,0.05618178,0.006722702,0.019513803,0.101057254,0.007649663,0.009171385,0.04463301,2.4728897e-05,0.05610988,0.12850025,0.00029120452,0.010766122,0.17877296,0.035170544,0.0136672
5655,0.16556326,0.13485728,0.06218647,0.0889821,0.48310798,0.19826011,0.04937525,0.496587,0.13233952,0.10317004,0.046047147,0.05590431,0.090827174,0.07597825,0.080936156,0.08901842,0.0078308275,0.27039206,0.08313638,0.025241584,0.06317857,0.181333,0.06799546,0.048633132
5656,0.21631408,0.22470824,0.12080992,0.14343281,0.41680422,0.22327809,0.11145726,0.4616668,0.16093649,0.17609493,0.10845984,0.11013938,0.20225099,0.1329096,0.123739995,0.1578716,0.029935017,0.27772525,0.16135634,0.06440206,0.1305605,0.27349827,0.14593166,0.11471973
5658,0.3057735,0.32080185,0.18636554,0.20039925,0.39662382,0.25732794,0.22760347,0.434661,0.22763978,0.22683266,0.15425478,0.19746955,0.2739856,0.19384298,0.18639974,0.24755743,0.06758975,0.2306752,0.2616883,0.117919885,0.21046981,0.30628082,0.23316512,0.18530715
5661,0.10761434,0.11369938,0.0501275,0.07153303,0.41825306,0.18899035,0.05764588,0.5155823,0.08737332,0.109328076,0.04923119,0.04297273,0.13905285,0.06356801,0.049093977,0.0970534,0.004565875,0.2624607,0.08435699,0.013675153,0.05111178,0.2057618,0.05625809,0.04146504
5668,0.17866743,0.20474686,0.04061793,0.056675404,0.3333249,0.13166519,0.08829923,0.40252417,0.10577048,0.101425335,0.031526655,0.06374633,0.15477161,0.05696604,0.04147615,0.11837116,0.0019410298,0.10634554,0.13887192,0.008630026,0.055369593,0.19266106,0.089659564,0.04405581
5670,0.16788532,0.14928094,0.00076705014,0.0033419977,0.2622972,0.095052086,0.005144137,0.3060474,0.0415215,0.040001187,0.0020973983,0.005776302,0.034111623,0.0025391856,0.0027015312,0.03286297,8.4563015e-07,0.058409985,0.0910565,4.413908e-05,0.0025666938,0.15415367,0.009155795,0.0038880154
5671,0.074147925,0.08634154,0.07412648,0.09667248,0.5115708,0.16509761,0.043202512,0.5943854,0.08980505,0.11907449,0.06657219,0.048847042,0.13976568,0.10428646,0.09112368,0.13321623,0.01121267,0.46914643,0.04385055,0.031176636,0.05664687,0.19882487,0.054035127,0.041350134
5672,0.17065048,0.15958114,0.055451717,0.07935398,0.46482384,0.20741445,0.06712015,0.47022387,0.13231288,0.12405733,0.058608085,0.07045419,0.098490715,0.067064054,0.05329216,0.13438115,0.0043894057,0.24655685,0.102791294,0.019837908,0.09280369,0.21430932,0.07993022,0.062461924
5675,0.043715615,0.023488512,0.00022975476,0.0015079016,0.25811496,0.06856655,0.0005172239,0.582754,0.014987397,0.05206656,0.0010136854,0.0011238977,0.085752025,0.0016714995,0.0018821206,0.0837589,4.6700862e-08,0.57068974,0.0064376844,3.3186166e-06,0.0003513972,0.21202953,0.002228225,0.00028538154
5686,0.4161403,0.23153518,0.0007400824,0.0017070464,0.2321363,0.21449879,0.001969367,0.27291933,0.043268148,0.045329116,0.0018283102,0.006517754,0.0846931,0.0008642598,0.0033289364,0.08686874,1.0037512e-07,0.06951703,0.10965052,7.809316e-06,0.0015382678,0.42627004,0.010956114,0.0028323615
5690,0.052583423,0.044826206,0.010233369,0.033895046,0.4582653,0.16476487,0.017712578,0.7441627,0.04542472,0.048343167,0.01753415,0.012944126,0.043091953,0.030835351,0.021785362,0.07215325,0.00033536536,0.3178493,0.025373159,0.0032670218,0.018293163,0.14982463,0.015900368,0.011271053
5691,0.1583659,0.12227549,0.024603307,0.04570973,0.4049156,0.23213601,0.033671025,0.58869123,0.10365455,0.10547387,0.033734467,0.03318713,0.09971548,0.04276406,0.037619166,0.08441426,0.0010607423,0.24462256,0.073275864,0.0068522766,0.037436187,0.23774259,0.043777686,0.031601835
5693,0.26197803,0.2903748,0.040963102,0.047698203,0.30337206,0.16860445,0.056265213,0.30919486,0.107569054,0.15168059,0.030037144,0.05527826,0.29457623,0.037744794,0.0463923,0.10831389,0.0012737076,0.13063271,0.17954427,0.0064056325,0.034355953,0.28707892,0.09095444,0.05515547
5699,0.19411604,0.160741,0.041650407,0.06703737,0.32338077,0.21547164,0.05997073,0.4842535,0.124048404,0.12492767,0.036706977,0.049365986,0.1718574,0.0531133,0.049681857,0.1128165,0.0024709455,0.20816351,0.10938344,0.009924924,0.049515698,0.25723702,0.060410894,0.04488436
5704,0.22538602,0.21253112,0.1469816,0.17064464,0.36486676,0.24647081,0.20079996,0.46399108,0.16622722,0.16711642,0.110526174,0.13559876,0.23791091,0.16562814,0.13016061,0.17438652,0.044362646,0.2289092,0.17704177,0.07710506,0.12907162,0.27435744,0.15766902,0.12487199
5713,0.32978985,0.2903818,0.1536528,0.18436827,0.3785192,0.28138167,0.2119494,0.41364065,0.24523379,0.23022366,0.14356332,0.16079582,0.28719595,0.17058037,0.16056679,0.23015058,0.046669874,0.22473532,0.25698343,0.08127139,0.1649829,0.3325774,0.18829873,0.16816682
5717,0.21229216,0.23275772,0.1799324,0.19911155,0.42469287,0.250282,0.200136,0.4682481,0.19650868,0.1982202,0.14117412,0.16214153,0.21522728,0.20331156,0.16530754,0.17958343,0.07542734,0.27201247,0.18538214,0.12466164,0.18084712,0.2572707,0.17772542,0.1585061
5721,0.28319532,0.2728101,0.04672461,0.06778462,0.33430237,0.22061032,0.09926772,0.39340076,0.16609891,0.17693076,0.05956872,0.09409574,0.17842297,0.05378348,0.051972236,0.19122633,0.0020827148,0.16829772,0.21772693,0.010411568,0.070576765,0.2519446,0.1056813,0.07554385
5724,0.124515034,0.099235184,0.007964734,0.01254596,0.49537286,0.21714036,0.0076990165,0.48183087,0.06453741,0.07395889,0.010205605,0.016654518,0.0737737,0.011366713,0.01914882,0.11493536,3.3023745e-05,0.27707982,0.058136333,0.00074779167,0.011425103,0.2674749,0.01939512,0.008989322
5726,0.0466766,0.027043825,0.0010515277,0.0059360787,0.5262692,0.1517621,0.0012933786,0.6093474,0.030632904,0.0743933,0.0027743392,0.0027068844,0.052544132,0.0039543347,0.0033150667,0.024162147,6.9942075e-07,0.45288345,0.0136377895,3.1020223e-05,0.0012401977,0.1375715,0.0032354046,0.001213529
5732,0.067465164,0.04138919,0.0036047644,0.012477995,0.44136763,0.21383448,0.002955499,0.6787633,0.03939344,0.05583483,0.009614536,0.006959368,0.033375338,0.010261356,0.007598347,0.10334963,1.5663927e-05,0.4313687,0.01820174,0.0003793544,0.010046028,0.17273755,0.01189604,0.004184083
5734,0.19181363,0.19406794,0.09492028,0.09353835,0.4628023,0.2253249,0.08235499,0.46806234,0.13132115,0.1432267,0.08377412,0.07868849,0.18679596,0.10125931,0.105242364,0.1446111,0.013733185,0.23765796,0.13368902,0.04657918,0.10121509,0.2733126,0.1201263,0.09580431
5738,0.24111497,0.26162136,0.016782437,0.029735617,0.27052057,0.13866131,0.04308523,0.3667472,0.13507801,0.20780687,0.021293249,0.054585874,0.17076519,0.0256139,0.01790016,0.11922867,0.00017523406,0.12192317,0.15371169,0.0015330148,0.03186852,0.19198106,0.048176102,0.030259607
5742,0.13130493,0.11498657,0.06643538,0.08233773,0.5051455,0.21588516,0.04774799,0.55229175,0.12017947,0.111857556,0.065837584,0.05631973,0.10634332,0.08199062,0.07861027,0.11625362,0.0077750534,0.3435332,0.07188428,0.027182024,0.081872806,0.22534975,0.07216692,0.05513131
5744,0.25518733,0.19625773,0.0073106084,0.016544236,0.28368032,0.20887713,0.009675797,0.42575228,0.06511072,0.13424055,0.01160702,0.02152131,0.27022997,0.010598654,0.016488438,0.10326489,2.298447e-05,0.16892166,0.12837078,0.00033814926,0.0064190268,0.4276058,0.03583776,0.009968166
5745,0.11798014,0.0969573,0.018532032,0.03655921,0.4424717,0.18659297,0.027763857,0.6238705,0.07127174,0.055907164,0.018362677,0.020856218,0.08722514,0.036790613,0.036238115,0.07756268,0.00057787553,0.26397687,0.054832887,0.004054053,0.021420311,0.24196471,0.029619265,0.01944328
5750,0.19424748,0.19706926,0.0678629,0.07678575,0.47654393,0.2620868,0.071980804,0.51615196,0.13858648,0.13997409,0.070496984,0.07841279,0.15024535,0.09285497,0.10411063,0.18029863,0.0074256593,0.29197216,0.15093467,0.02623876,0.09748336,0.2896336,0.105818525,0.06827206
5752,0.19004682,0.2057065,0.053595427,0.07271967,0.4153958,0.20365147,0.060552184,0.40704152,0.1496842,0.15288948,0.050218508,0.062346935,0.15229982,0.06830003,0.05910615,0.11764868,0.0039166464,0.21421142,0.12890454,0.015529733,0.06601119,0.22746873,0.07970052,0.060279164
5757,0.2988919,0.13966969,0.013963961,0.031408437,0.33528218,0.29899663,0.018231645,0.5557725,0.10725103,0.1165199,0.027578335,0.033961177,0.13612229,0.030044748,0.028413594,0.18472469,0.00010649018,0.25878832,0.09853952,0.0011927559,0.015256473,0.5273302,0.052107867,0.01992767
5759,0.12694553,0.10019688,0.010702312,0.027067268,0.3288644,0.16357055,0.022334918,0.581517,0.05894967,0.07598663,0.015018881,0.018199967,0.099164054,0.025950821,0.01959653,0.09328575,0.00014218337,0.27323553,0.056696452,0.0012410808,0.012558128,0.26419207,0.03069963,0.014269721
5760,0.060525812,0.06808578,0.014339301,0.04854194,0.41139573,0.14393725,0.033919517,0.70643187,0.047179744,0.0620297,0.022485623,0.024507131,0.05590957,0.04449443,0.020488719,0.07331888,0.00057787134,0.26119876,0.03688974,0.004686931,0.030694138,0.1446968,0.028853677,0.017517556
5765,0.21115054,0.24083482,0.13711962,0.16113333,0.46272817,0.28524396,0.11905073,0.47223008,0.19622502,0.18777011,0.12677597,0.12848765,0.18702498,0.13889726,0.121133916,0.17056848,0.03677953,0.2516802,0.17142238,0.071447685,0.15994552,0.27009025,0.14428915,0.13603711
5771,0.22196119,0.25780421,0.11649237,0.1253514,0.43283376,0.22777857,0.17781927,0.44677478,0.17893414,0.16873904,0.102830835,0.14349906,0.19297247,0.12813868,0.1124749,0.16068313,0.020446427,0.23394838,0.22298841,0.049760908,0.13214727,0.25252533,0.17171574,0.12575561
5772,0.23451832,0.18572874,0.00020468482,0.00097149104,0.10764186,0.0595027,0.0022363542,0.28518456,0.024114031,0.04190587,0.00081930804,0.004469642,0.07044872,0.0005832248,0.00071336224,0.030993825,1.4568767e-08,0.028529696,0.08262014,1.2730948e-06,0.00065787346,0.2166735,0.005457776,0.0010256548
5774,0.17358407,0.12915084,0.01922649,0.044050246,0.31738338,0.18455967,0.03798425,0.5059165,0.07288679,0.08901295,0.023694204,0.028255938,0.11509119,0.035394203,0.03085969,0.111592434,0.00063443807,0.1816467,0.0858373,0.0045363465,0.025411017,0.26516277,0.046787824,0.026158398
5776,0.2719423,0.27627882,0.16230214,0.17119074,0.31970266,0.23328288,0.25797066,0.43073443,0.20467502,0.20000613,0.13413177,0.18814561,0.2515403,0.17548922,0.12975623,0.22939003,0.03925227,0.20391154,0.24144787,0.081573606,0.1618175,0.29098284,0.22035213,0.15669222
5777,0.075425595,0.082018465,0.020941626,0.0535258,0.42363402,0.15475269,0.024767062,0.6725191,0.066010766,0.07082112,0.024382828,0.024940817,0.05788847,0.040694986,0.026745861,0.07417307,0.0010209214,0.2658923,0.041017868,0.0064865234,0.03916008,0.13179068,0.031517576,0.022181623
5779,0.2331314,0.23746656,0.11656769,0.13563834,0.3795936,0.22207034,0.18345949,0.44498914,0.17750902,0.16092801,0.09779,0.12866685,0.20325801,0.13615896,0.113464564,0.18531422,0.027246742,0.19868985,0.20885493,0.05780577,0.12914273,0.2545434,0.15423869,0.1181503
5782,0.0042779096,0.0028142878,0.00014505381,0.0011903067,0.6184932,0.066260725,0.00013346465,0.8931152,0.0037461342,0.006311487,0.0007033897,0.00033616304,0.005446327,0.001637181,0.0017575275,0.02090929,7.6379735e-08,0.7814935,0.0005253346,4.8157035e-06,0.00031576792,0.08725814,0.00054506457,0.00012557366
5784,0.15293878,0.1889042,0.053779293,0.07303344,0.31355608,0.1480472,0.1395538,0.42721426,0.09734017,0.10494291,0.04723705,0.089243755,0.14249545,0.07427533,0.048203636,0.12383331,0.0043532583,0.14115538,0.1372856,0.014995783,0.06544157,0.20360105,0.094936445,0.064962745
5788,0.23211837,0.2068429,0.044392895,0.067096435,0.35058236,0.24921691,0.07036048,0.4602646,0.14118257,0.15498972,0.038032807,0.062556595,0.21287653,0.061198827,0.052490503,0.1209246,0.0019603232,0.22943561,0.13493307,0.0085222665,0.039735395,0.31003717,0.06257752,0.043996688
5789,0.026544526,0.011910443,0.000349967,0.0014673428,0.53141516,0.09175102,0.00040901982,0.72750115,0.0060203085,0.007838134,0.00073906966,0.00048965286,0.010397991,0.0012580133,0.001320837,0.018390646,1.4018296e-07,0.25402346,0.004649124,1.4355647e-05,0.00083404727,0.13390261,0.0016580246,0.00041761756
5791,0.50091755,0.2566195,0.02656903,0.040858313,0.25278285,0.45187652,0.049879074,0.47936863,0.13860895,0.15375401,0.048912086,0.061478432,0.26316288,0.032646723,0.061203722,0.3301514,0.00033668373,0.17318107,0.25587505,0.0027099587,0.03361891,0.6447606,0.09617365,0.038949147
5793,0.26202995,0.27929908,0.065281406,0.09940236,0.27749005,0.17947124,0.1898072,0.41305122,0.17717236,0.19275965,0.072190255,0.121109806,0.22981727,0.09419352,0.0606797,0.18069194,0.0058344956,0.129648,0.2727227,0.018192375,0.09152937,0.2335884,0.13441196,0.0917387
5796,0.14750177,0.09791235,0.014062807,0.029717874,0.36828363,0.25014943,0.018955832,0.584797,0.07814765,0.10093199,0.024537673,0.026055207,0.13146496,0.029280748,0.041411467,0.15593356,0.00021546299,0.3540164,0.06057016,0.0021596137,0.016296376,0.3861179,0.031232685,0.015464977
5797,0.24021019,0.20246598,0.07335493,0.11939005,0.36472642,0.24423814,0.11536466,0.5072596,0.16190794,0.18160702,0.078215726,0.10909414,0.19954169,0.09568102,0.075602286,0.1711528,0.0067253713,0.24501918,0.17374,0.024256589,0.07723247,0.27401617,0.13465841,0.08624255
5801,0.18441164,0.19575314,0.12194572,0.1723669,0.4129537,0.2488252,0.16287884,0.5198732,0.16243885,0.15258895,0.11659684,0.13361214,0.17697272,0.16058199,0.12663163,0.17714714,0.034366325,0.27330577,0.15237144,0.07328227,0.13630253,0.25204498,0.14500418,0.12004933
5806,0.119873606,0.1142518,0.024508145,0.04912626,0.4591951,0.17952846,0.024673896,0.5571347,0.0822077,0.092337415,0.028382154,0.028498156,0.077773735,0.04098919,0.034552276,0.07306803,0.0011165182,0.26532823,0.06128555,0.007095044,0.038127303,0.16907951,0.03890191,0.02860535
5808,0.3762176,0.25491178,0.04089973,0.069869585,0.2862729,0.3297024,0.07703789,0.39580193,0.14392006,0.23437259,0.052012205,0.06925608,0.3131174,0.052302975,0.03955981,0.17187758,0.0012327237,0.13496356,0.20779152,0.0056753308,0.041425243,0.42887828,0.08398233,0.063837446
5811,0.22852838,0.1999642,0.057454277,0.07732443,0.36839235,0.2013376,0.0782978,0.39262,0.13107163,0.13341932,0.050862342,0.06626182,0.20396844,0.07659972,0.07060751,0.13102186,0.005053128,0.19734547,0.14376539,0.018027887,0.06867786,0.24843289,0.10011643,0.06458305
5818,0.120938815,0.10588227,0.0010450701,0.0060122446,0.22931322,0.07765726,0.0040318095,0.3374044,0.036640253,0.06739372,0.002480209,0.0069876234,0.14305411,0.0031127185,0.0028860483,0.044082947,8.7234105e-07,0.1274483,0.059823044,2.4191175e-05,0.0015504203,0.208499,0.009301066,0.0031593058
5823,0.06703504,0.06955392,0.010887004,0.028218063,0.4614436,0.16646793,0.00772669,0.6197253,0.057577495,0.05603516,0.0129527915,0.013438617,0.037638504,0.02033757,0.019693641,0.051466256,0.00023573675,0.28976065,0.024583217,0.0020526024,0.014189291,0.16248891,0.015440665,0.009876652
5827,0.07103174,0.056135133,0.010644091,0.019942932,0.37795988,0.14717111,0.013916054,0.62939954,0.03679477,0.047812626,0.0101303365,0.010576207,0.07241742,0.02019954,0.016982634,0.039785113,0.00019386457,0.27069268,0.026570167,0.0013717598,0.009936344,0.17809011,0.0138085,0.008825551
5832,0.25633788,0.21057874,0.07010108,0.10725934,0.33756816,0.25426129,0.11157459,0.49064568,0.18749242,0.1792395,0.07473934,0.096917175,0.26443416,0.08650578,0.085255414,0.21303532,0.0052571734,0.27092484,0.18205841,0.017883033,0.071223825,0.37851167,0.11365784,0.07167441
5842,0.284227,0.31080756,0.037272956,0.051610503,0.326432,0.18442471,0.051932108,0.35141543,0.16354756,0.20962976,0.040412042,0.07899673,0.23764823,0.042674884,0.04761206,0.1321126,0.0011709593,0.18941529,0.19229198,0.0046448056,0.040359866,0.31245148,0.08368845,0.04388421
5845,0.18058644,0.23607367,0.11482636,0.13574101,0.43615136,0.19948645,0.1460463,0.43733415,0.16839483,0.14515549,0.08980704,0.11338575,0.19325939,0.13743033,0.115623765,0.1411469,0.026126876,0.21815667,0.1788913,0.05849853,0.14956693,0.22705099,0.1321219,0.1022818
5854,0.23242347,0.25756624,0.048847385,0.078110285,0.36104482,0.16719626,0.069101945,0.3912923,0.13969485,0.17415115,0.058259707,0.08351415,0.17366198,0.07140233,0.06134477,0.11524431,0.003656006,0.2078576,0.18708758,0.014717187,0.08398137,0.23487766,0.1056298,0.07599517
5855,0.15755957,0.16034904,0.1333878,0.18243788,0.4637256,0.2200792,0.15097447,0.5539688,0.16366974,0.15536343,0.12772527,0.11009909,0.18368219,0.19004588,0.1468027,0.17114371,0.05462373,0.3345687,0.14018336,0.10601457,0.14639927,0.24244261,0.14974713,0.1148116
5864,0.028505739,0.031826776,0.01606919,0.031039191,0.48986864,0.11360029,0.0059973816,0.63881147,0.044481523,0.07512423,0.017250117,0.010449346,0.079476096,0.0346931,0.02397142,0.08436301,0.00038838532,0.6259408,0.009488272,0.0022618326,0.010777839,0.14709826,0.012078141,0.0062901257
5867,0.12752119,0.08342657,0.010250954,0.02007563,0.5135582,0.19398203,0.0057287915,0.58189064,0.07596171,0.10972743,0.015661053,0.012151652,0.063033395,0.017840723,0.023903146,0.08400202,0.00010933881,0.29285386,0.03639604,0.0017018059,0.018683387,0.2480347,0.01813697,0.012324114
5870,0.120424956,0.12636915,0.08852996,0.13468118,0.50125045,0.21377343,0.07926274,0.5822205,0.12884776,0.13236837,0.079808086,0.076692,0.13214286,0.122015156,0.09693158,0.13599278,0.017450249,0.40367544,0.08657813,0.05024889,0.08595345,0.20382072,0.08782621,0.07135078
5877,0.4195191,0.23070212,0.00031931535,0.0012330812,0.11635198,0.14951454,0.0021439572,0.35195097,0.03515473,0.03592206,0.0013800608,0.007329038,0.063929036,0.0006444529,0.0013935162,0.07688869,2.9041061e-08,0.022310348,0.118848816,1.980636e-06,0.0012095816,0.43332478,0.011745277,0.002122478
5878,0.46240613,0.38693473,0.016862605,0.040203825,0.25345716,0.22797306,0.038062725,0.29009783,0.123774506,0.2315931,0.022769688,0.053706415,0.3845861,0.02341114,0.032760777,0.11802384,0.00016914541,0.13872778,0.26746115,0.0009496567,0.013229424,0.39041024,0.06715706,0.028939893
5879,0.110709324,0.10650041,0.016200842,0.03258112,0.37851807,0.18033238,0.023956576,0.5461713,0.061546456,0.06742079,0.018630704,0.027580913,0.071749225,0.028085383,0.026197338,0.071586475,0.000471899,0.19074737,0.060457464,0.0034942264,0.024454296,0.20123103,0.033324137,0.01771697
5881,0.06163495,0.017051645,0.00059987966,0.0034598142,0.5895252,0.25258523,0.00068998325,0.7222487,0.017617745,0.028545586,0.0036263207,0.0018572845,0.015188942,0.00205463,0.003183107,0.09573456,4.4897476e-07,0.43786502,0.009260834,3.4626923e-05,0.0023719266,0.2927804,0.0034204244,0.0009934925
5887,0.34152076,0.20772345,0.016660525,0.039319813,0.41495162,0.4383241,0.019362595,0.51509565,0.112110525,0.108606555,0.038415376,0.033934645,0.11556827,0.020862257,0.035938784,0.17590949,0.00021794323,0.26740453,0.14925389,0.0022643802,0.024551643,0.517024,0.0467316,0.030100072
5889,0.09287159,0.1059536,0.05790469,0.101504974,0.44173372,0.14293717,0.097681515,0.6054033,0.08614035,0.09801584,0.06776465,0.055865753,0.10585699,0.10943938,0.07138771,0.09328817,0.011518699,0.35365236,0.06807372,0.031737696,0.058750942,0.14959331,0.072821125,0.05270909
5891,0.157293,0.17720588,0.06403603,0.0815265,0.4259531,0.18782908,0.0827758,0.47533342,0.13790028,0.14743686,0.05148411,0.07621194,0.17431492,0.09057846,0.08363711,0.1284787,0.0075057843,0.28864715,0.10150843,0.019777115,0.060714368,0.23626809,0.09159361,0.054416113
5892,0.11009095,0.113014124,0.035289835,0.06576644,0.47972116,0.18151498,0.03503911,0.567014,0.08386032,0.08515327,0.044204414,0.04052268,0.07780032,0.06137249,0.05574759,0.097896025,0.0032312018,0.3082815,0.06899542,0.01533248,0.050390128,0.21791238,0.05889674,0.03964557
5895,0.058483087,0.04734153,0.012163179,0.023435377,0.52160513,0.13557838,0.014455731,0.6087359,0.041474223,0.032689903,0.013000503,0.015322952,0.038409304,0.023842214,0.026501283,0.045189627,0.00041758278,0.24503943,0.029789738,0.0033031658,0.019299086,0.13286489,0.022068763,0.01098775
5897,0.20291793,0.22806376,0.11421168,0.12040296,0.506516,0.20444429,0.108190775,0.42725056,0.17340936,0.16668168,0.08224026,0.09695191,0.17946288,0.120361194,0.11282964,0.14304033,0.021724252,0.26363304,0.15562062,0.056902606,0.113580264,0.2119872,0.13368207,0.108780414
5901,0.04805645,0.04496437,0.005716498,0.01968998,0.28937125,0.14207,0.009369384,0.7233491,0.028766984,0.054730084,0.009312779,0.008485519,0.09240739,0.01325336,0.009926162,0.07654614,4.277259e-05,0.36526132,0.01939783,0.00042388533,0.004923382,0.20645271,0.0104722725,0.0045665144
5904,0.040363092,0.04805124,0.009444619,0.02543498,0.35946178,0.1169998,0.017396413,0.6575844,0.0425795,0.046768773,0.010878488,0.014409873,0.07694594,0.026658393,0.019722244,0.090325296,0.00024991855,0.38365647,0.017638579,0.0016159343,0.011885054,0.1575928,0.020557826,0.007570346
5906,0.011960208,0.010507211,0.0020029948,0.008343322,0.4607197,0.05666336,0.0019186584,0.68828917,0.009946966,0.012513057,0.0026423316,0.001631701,0.029265905,0.010273717,0.007071237,0.029381696,1.6251479e-05,0.5354241,0.0027658788,0.00020562786,0.0015385221,0.08381332,0.003105995,0.0008783947
5907,0.1865359,0.21016026,0.10403696,0.1394207,0.37167576,0.20059295,0.13207003,0.45937628,0.15445763,0.15925464,0.081789516,0.11597257,0.18700989,0.122020684,0.08850155,0.15951328,0.01866074,0.22069274,0.14661835,0.044993445,0.114509456,0.24466228,0.13523093,0.09821628
5913,0.055762775,0.0369659,0.0031890976,0.009621794,0.37549564,0.124640964,0.0027272627,0.6127104,0.03553443,0.06304472,0.005555826,0.0064479006,0.09802848,0.008109099,0.01027219,0.09533157,1.1547336e-05,0.50181854,0.015039047,0.00016163827,0.003229229,0.21751176,0.011890582,0.0021359771
5915,0.053511105,0.069693,0.015601997,0.035096545,0.49514365,0.10800192,0.018306416,0.5916188,0.06216072,0.058477968,0.016605008,0.014884499,0.075734496,0.034707185,0.030772997,0.058927312,0.0006937988,0.27879184,0.036814462,0.004745407,0.01785603,0.16605276,0.026557628,0.01393442
5917,0.2164267,0.27001134,0.19977655,0.19326402,0.42755377,0.24440145,0.23053053,0.43702352,0.21490689,0.21257408,0.1473001,0.17899145,0.29042098,0.20071055,0.17585307,0.22199504,0.07233824,0.23853098,0.22770624,0.11351382,0.18957663,0.27434593,0.20247786,0.16493382
5919,0.29872635,0.2175242,0.048989158,0.05598194,0.28394783,0.21689984,0.12113309,0.38549575,0.13434488,0.15005271,0.0366446,0.06814297,0.2537692,0.056731846,0.045246784,0.1510998,0.001573856,0.105794914,0.21574612,0.008513597,0.049018554,0.30894145,0.09056073,0.052298047
5923,0.33835962,0.26532754,0.042768165,0.05794899,0.3740571,0.23970242,0.050031606,0.4132482,0.18181741,0.16530778,0.043314293,0.06395226,0.15474997,0.05078581,0.055049744,0.10716858,0.0017918377,0.18479285,0.16646272,0.007570091,0.045375343,0.28721455,0.069845244,0.055615183
5925,0.2503688,0.2649197,0.055599906,0.068712555,0.3736449,0.19192658,0.07356082,0.35897684,0.14586754,0.16884643,0.05174991,0.07662483,0.23980394,0.059493046,0.06316627,0.14106101,0.003058782,0.18427567,0.17336701,0.011880872,0.04958793,0.32356143,0.09521786,0.06206414
5926,0.14126056,0.1294403,0.049312152,0.07751194,0.494854,0.21218307,0.04810332,0.5341328,0.11942537,0.101618215,0.052022226,0.048402417,0.09433377,0.06995456,0.07157078,0.11447787,0.004132437,0.2686965,0.08365023,0.019944105,0.06099347,0.23357393,0.066270396,0.05016433
5929,0.11847855,0.08994037,0.021564517,0.046575513,0.3770013,0.13668452,0.03329761,0.5948775,0.06258394,0.05965386,0.025195068,0.027030291,0.09044396,0.038463775,0.030640826,0.07167165,0.0009433937,0.23564073,0.06883736,0.0056529464,0.028559104,0.22036442,0.043920174,0.023719983
5941,0.64593315,0.3434437,0.0009765025,0.0025611694,0.07352043,0.20687541,0.007976332,0.21508598,0.072479196,0.09255439,0.0031238892,0.015123141,0.27676404,0.0013225905,0.0031672448,0.17497703,1.7378602e-07,0.011486603,0.2819308,7.775972e-06,0.0018870896,0.7242992,0.025786178,0.0047776457
5946,0.12569402,0.117115594,0.029933147,0.059332605,0.4259836,0.18039472,0.038241178,0.5512811,0.0914447,0.081942834,0.038951255,0.03450718,0.0841664,0.05178654,0.04691092,0.084693484,0.0025498925,0.23571265,0.07011527,0.011593188,0.041990217,0.19764958,0.053067043,0.033720467
5947,0.11298742,0.09367556,0.034748852,0.06457529,0.3507725,0.22512172,0.05172407,0.5960109,0.08511703,0.11863662,0.03873392,0.045749173,0.17292099,0.06692047,0.051066067,0.15893735,0.0017556711,0.35384113,0.068856895,0.007953548,0.03358786,0.30902207,0.05252941,0.025253732
5949,0.19360803,0.20626594,0.11625884,0.12505749,0.39333022,0.20861992,0.11126342,0.48047736,0.1509779,0.13439292,0.09921893,0.0997339,0.1785259,0.13349213,0.117874,0.15970148,0.029169196,0.22253235,0.14942978,0.06667578,0.12477578,0.27112597,0.12577792,0.10098593
5951,0.24999557,0.18471251,0.10816763,0.120968565,0.3928265,0.27683127,0.13763034,0.501796,0.14110255,0.12643506,0.08365673,0.08763025,0.20280725,0.11734297,0.118207134,0.1652609,0.016756717,0.24721554,0.14706545,0.04485998,0.09662839,0.34996274,0.115690574,0.095815316
5954,0.10846563,0.10488321,0.031525843,0.08031281,0.3614281,0.17775851,0.06170461,0.58236265,0.08255607,0.077581815,0.037186168,0.047478847,0.100725986,0.057415336,0.04100105,0.07812425,0.0027814645,0.2114516,0.06643831,0.010882713,0.042828586,0.17950657,0.053433564,0.038216162
5959,0.12782644,0.15806389,0.1409428,0.14994204,0.46033594,0.18877117,0.10112682,0.5190497,0.13622217,0.15335305,0.108670436,0.098329,0.19382682,0.16225563,0.14255333,0.15990146,0.049550712,0.33014354,0.09915166,0.085206404,0.121210255,0.21971862,0.1140494,0.09451678
5962,0.10483276,0.04072352,0.00022728421,0.0018559438,0.23290764,0.2877413,0.0014901615,0.7623557,0.020548644,0.018220622,0.00086096366,0.0019447985,0.014083456,0.0008887914,0.0009767156,0.037320152,3.0395555e-08,0.122845635,0.02459661,4.2845336e-06,0.000926813,0.27918658,0.0021854774,0.0007424244
5966,0.2679722,0.24448623,0.04480638,0.06625388,0.28740242,0.16811687,0.09550872,0.36087093,0.13381062,0.12972699,0.039253205,0.06599144,0.22929212,0.05740259,0.05184935,0.1557514,0.0026104534,0.13798909,0.18122678,0.0105408775,0.044717878,0.2656538,0.10838448,0.05400662
5971,0.21732107,0.22325785,0.13189207,0.12709817,0.3817769,0.25287354,0.15772025,0.48292568,0.17903158,0.16854255,0.112603344,0.1188373,0.2402328,0.15411723,0.12135861,0.20158352,0.027056161,0.21731557,0.1969954,0.066421725,0.13158974,0.36861983,0.17002358,0.11627054
5975,0.010534713,0.009901397,0.0008190196,0.00585651,0.60265446,0.05576208,0.0011921704,0.81613207,0.007898032,0.011372412,0.001762857,0.0011192587,0.009008088,0.0055687814,0.002595443,0.011078312,3.5748697e-06,0.45721066,0.0028389602,0.00013231485,0.0016886515,0.043079536,0.0017417612,0.0008367913
5976,0.015000643,0.005061382,1.6357242e-05,0.0004783789,0.31918967,0.069715016,0.000119015196,0.82604516,0.0021387078,0.0039065247,0.00011567003,0.00017027328,0.0028374244,0.00015617853,0.00010151476,0.006386695,4.740803e-10,0.12623976,0.0018263749,1.8293315e-07,6.9985e-05,0.09770802,0.00030125963,6.426865e-05
5977,0.008004955,0.009696596,0.0022531,0.005314386,0.64332414,0.053284675,0.00061299297,0.7944069,0.0106067825,0.02164872,0.0031520564,0.0015826072,0.020122636,0.009014484,0.009470654,0.025975335,2.1036816e-05,0.5677504,0.001981287,0.00034034808,0.0025605995,0.08752267,0.002742187,0.0009877529
5978,0.12929441,0.11625747,0.0408125,0.06713504,0.43831414,0.21226917,0.06728278,0.64248335,0.09543082,0.101864606,0.04315466,0.044262543,0.10419991,0.064211644,0.055055913,0.119891286,0.0028454915,0.23156874,0.07779998,0.014720665,0.06279744,0.21099436,0.05040715,0.03811306
5984,0.16059943,0.18156661,0.0904226,0.111814775,0.37186235,0.20895341,0.101417474,0.5196068,0.13688645,0.14568722,0.072324395,0.09269832,0.19068086,0.11677225,0.087084204,0.1551999,0.013225514,0.29306984,0.12138839,0.027801389,0.08493777,0.22833043,0.10201184,0.07356275
5986,0.48430672,0.2332845,0.007936181,0.011777193,0.24620289,0.35221273,0.01905971,0.2919617,0.052184172,0.11150414,0.011845724,0.019774446,0.30647147,0.008446086,0.012734806,0.15411107,1.2645694e-05,0.069568194,0.1914317,0.00023597444,0.007656428,0.61335653,0.035339765,0.013460198
5988,0.15883346,0.19074212,0.042534105,0.05879563,0.49210548,0.22554249,0.04133082,0.490801,0.14106774,0.14385955,0.05124568,0.058467057,0.109313615,0.055101153,0.061204128,0.14395486,0.0027727094,0.24997501,0.12165758,0.011406285,0.06914226,0.22787352,0.08013262,0.049881037
5989,0.26631364,0.31304643,0.031549472,0.030431636,0.39316776,0.16309185,0.04522516,0.26837403,0.12326524,0.12801313,0.029217595,0.04359474,0.22110787,0.027982697,0.030327091,0.06806609,0.00082674547,0.13221057,0.17693034,0.004283979,0.035336744,0.21982782,0.065621674,0.04594512
5995,0.047914755,0.042206615,0.0026115857,0.011440327,0.22155946,0.110258065,0.007709347,0.7014543,0.024728,0.052780554,0.0054855607,0.008275854,0.08382588,0.009018961,0.0053837025,0.08635629,8.307018e-06,0.25892103,0.019246677,0.00013097483,0.003838472,0.20316848,0.009108527,0.0023361235
5997,0.08537549,0.02303269,9.762168e-06,0.0001478754,0.1920096,0.11529611,6.107039e-05,0.55665743,0.0061190855,0.009043821,5.0462248e-05,0.00014016194,0.015698455,7.706699e-05,0.00017312316,0.004882463,1.024809e-10,0.07768723,0.007476518,4.3260744e-08,2.5570022e-05,0.18032598,0.00015388033,3.4369423e-05
6002,0.047455586,0.029677061,0.0028805896,0.012932428,0.29847237,0.15404598,0.0069430913,0.7479199,0.029045679,0.05001504,0.008203685,0.007349541,0.0723886,0.014128031,0.013249265,0.13206504,1.272776e-05,0.5174773,0.015676808,0.0002573068,0.0027231325,0.2467103,0.010294718,0.0021141102
6007,0.0863407,0.08842648,0.019819345,0.04221587,0.41605604,0.17583138,0.042535216,0.64013004,0.07013125,0.07157988,0.02712299,0.03486019,0.074607536,0.05133243,0.032217044,0.08841362,0.0008609244,0.28204793,0.064737305,0.004923908,0.035029408,0.16541132,0.037686657,0.021250525
6012,0.25030082,0.24704184,0.012543136,0.018619196,0.4464947,0.17433496,0.0143807465,0.30550134,0.13528496,0.120715596,0.016970236,0.025638357,0.09879311,0.01314518,0.020422382,0.06633629,0.00014049605,0.16273548,0.12361979,0.0012588773,0.024144176,0.20930636,0.03647637,0.023034798
6015,0.35814542,0.3748506,0.013731143,0.019302959,0.27984983,0.16724358,0.03162381,0.22138901,0.14578381,0.12498291,0.017730508,0.056641076,0.16186635,0.013264716,0.01926478,0.117897645,9.142659e-05,0.07236054,0.20433654,0.0009880865,0.018725801,0.298108,0.0554045,0.033460714
6016,0.34823164,0.06982487,4.128864e-05,0.0007357205,0.04910751,0.24158096,0.001886813,0.60293734,0.009880472,0.027680328,0.00056591554,0.0027246056,0.11164042,0.00018253867,0.00021055834,0.21293384,1.9171605e-10,0.041833226,0.06531201,4.576624e-08,0.00018742283,0.71420044,0.0039145635,0.00037389543
6019,0.100045614,0.09296212,0.019819096,0.02873732,0.50533175,0.12462528,0.0124744475,0.3948307,0.061117254,0.09316883,0.018864352,0.020074481,0.10734442,0.033632807,0.040044073,0.10187067,0.0005384319,0.38330525,0.046052147,0.004129718,0.01739827,0.2077617,0.032319825,0.014534206
6024,0.212989,0.20896877,0.057796273,0.08459124,0.38010272,0.19660033,0.12571427,0.4280939,0.13980907,0.11222735,0.053267617,0.077536024,0.16830823,0.07106216,0.055458438,0.11946575,0.0064120637,0.18227822,0.17815973,0.019412946,0.065140754,0.21259136,0.110361174,0.06635037
6028,0.13227093,0.08518844,0.024080824,0.030283898,0.5308209,0.20955658,0.0150137395,0.5508249,0.08964346,0.07854613,0.024487136,0.022276437,0.071703635,0.034792352,0.047448847,0.1263885,0.0005762776,0.32225454,0.050827075,0.0047668745,0.025666835,0.29330102,0.036886968,0.019398326
6031,0.2397697,0.20614055,0.061085463,0.08718159,0.3837969,0.23678935,0.07344763,0.4406028,0.14183983,0.15297922,0.055746324,0.07079479,0.2058392,0.074052066,0.074996665,0.16283788,0.004436081,0.21769495,0.1402255,0.019794632,0.06935198,0.30414546,0.090287514,0.068691835
6035,0.1485236,0.082856365,0.0033979826,0.009277265,0.40352058,0.23079845,0.00280905,0.5692883,0.047074307,0.06568427,0.00623602,0.008720048,0.07251784,0.00889954,0.018805826,0.11348147,1.0558049e-05,0.34911662,0.03209089,0.00024376754,0.0060578613,0.34295163,0.013440249,0.0046671997
6036,0.16837089,0.11728777,0.008560734,0.019952787,0.3537632,0.20493524,0.013260228,0.5606435,0.073364235,0.06454531,0.013492257,0.01659012,0.060825665,0.015415206,0.016291644,0.07887952,8.505312e-05,0.16496076,0.059570353,0.0010818441,0.01791122,0.25528786,0.026728718,0.012992998
6038,0.17674974,0.21835868,0.13286671,0.15584731,0.44904044,0.22491978,0.13486217,0.45458844,0.185423,0.17105286,0.10692755,0.11467265,0.18524128,0.15610558,0.13501531,0.15663627,0.04359451,0.28662118,0.14871843,0.07686033,0.14376393,0.20767953,0.13212487,0.11443958
6040,0.2861457,0.25357857,0.02785189,0.039828062,0.26730078,0.21122329,0.05282015,0.36036268,0.15322977,0.18723868,0.036660857,0.05496806,0.29933035,0.03246778,0.044176843,0.1806817,0.00046419268,0.18025956,0.19365346,0.0029657714,0.021577096,0.34987393,0.06263673,0.034537468
6042,0.19557606,0.19431081,0.14123812,0.15929098,0.43987077,0.24510549,0.14607999,0.5213159,0.16932502,0.15632997,0.11818786,0.116340674,0.18773232,0.17341326,0.144677,0.15633154,0.04368055,0.28052393,0.1538049,0.088036254,0.1446429,0.26966375,0.15426458,0.11577895
6046,0.24085669,0.116508864,0.0202511,0.03427249,0.3166305,0.31818357,0.022294423,0.51768696,0.07380692,0.08729512,0.017464185,0.025055379,0.1160732,0.03341705,0.034271024,0.10619276,0.0003336425,0.16355331,0.074200414,0.0033098494,0.019057393,0.37440175,0.03721147,0.018628068
6047,0.1539916,0.17991658,0.11382502,0.13211212,0.48822942,0.23080198,0.083675385,0.5009702,0.15680467,0.16833322,0.10817033,0.10052598,0.17952079,0.14756873,0.12886871,0.18381919,0.027064411,0.36508203,0.11689453,0.06215149,0.12660374,0.26725447,0.11171418,0.09501522
6048,0.07641782,0.08598843,0.01756318,0.032234,0.44215518,0.12400314,0.012098454,0.5257379,0.06338889,0.09502207,0.018980082,0.0193368,0.110067345,0.03695121,0.035502676,0.067428716,0.0006820214,0.37433198,0.036416534,0.0031105531,0.01658581,0.18326658,0.029119214,0.01428948
6049,0.0335772,0.028425772,0.008247053,0.021095635,0.436727,0.10350042,0.008598776,0.6626087,0.028617926,0.05257605,0.012115946,0.009392368,0.07134312,0.023322374,0.01343638,0.048913665,0.00012272746,0.5376417,0.014729611,0.0010400286,0.0069449586,0.1568363,0.011544588,0.004858052
6052,0.1339512,0.14382637,0.10145818,0.12321886,0.439002,0.197131,0.11278562,0.52888167,0.13065858,0.13430358,0.082589224,0.08207869,0.15711401,0.14594358,0.11223709,0.16136557,0.024775468,0.2733294,0.111118175,0.05648152,0.10819894,0.20921746,0.10625729,0.08103339
6056,0.3579832,0.32599625,0.07461558,0.1006269,0.30932155,0.25391534,0.13663487,0.39283296,0.18325317,0.20460914,0.09122148,0.1414854,0.265478,0.08289505,0.07912367,0.20802289,0.006579303,0.16234967,0.28379017,0.022400234,0.09966241,0.37806875,0.17072886,0.10900867
6059,0.07267548,0.070175715,0.012661611,0.0406995,0.47570318,0.1822526,0.01871434,0.6858716,0.059346605,0.06879408,0.026154371,0.02414823,0.05811534,0.033512406,0.025783563,0.086972706,0.00042622144,0.35204986,0.039565157,0.0035565996,0.028649969,0.17212704,0.03196641,0.017420212
6063,0.1673668,0.13626073,0.023182394,0.046419043,0.50109816,0.20621982,0.02384246,0.47755647,0.12787756,0.1626438,0.04165239,0.040346477,0.079381764,0.03979607,0.039979048,0.12197016,0.0006506739,0.29924494,0.10053379,0.005688108,0.04757169,0.18796973,0.048592556,0.031237762
6068,0.22155954,0.21878721,0.06790077,0.07326359,0.38240665,0.22910184,0.07106157,0.45307538,0.16352728,0.20010093,0.0718002,0.08718568,0.20777418,0.098676845,0.092173785,0.16638592,0.006810543,0.32373804,0.1431493,0.021113116,0.071144454,0.29254842,0.0884312,0.06093319
6078,0.2279759,0.26108527,0.23638746,0.22936498,0.4833614,0.2806308,0.19144502,0.46227786,0.23760195,0.2260356,0.17893493,0.18897814,0.26349428,0.21765031,0.22097039,0.21990946,0.11801371,0.29575533,0.21581447,0.17296386,0.21909378,0.315612,0.21712361,0.19756874
6082,0.24446175,0.27053794,0.028448835,0.04356451,0.40304387,0.19783337,0.036768757,0.40093443,0.16444005,0.15732531,0.04164077,0.059187215,0.15326384,0.03520954,0.0623709,0.13057365,0.001152667,0.14630863,0.17348954,0.005422498,0.047212567,0.28258654,0.07375788,0.04675682
6089,0.35307544,0.2631276,0.07150407,0.08163441,0.31942013,0.28977853,0.11990268,0.37414408,0.15553488,0.17370231,0.053059213,0.08744048,0.29941005,0.073229566,0.06794749,0.17637794,0.0036922423,0.13917774,0.23213711,0.015151726,0.05042658,0.42847422,0.12231276,0.066367574
6090,0.27825886,0.27437344,0.07601902,0.080682576,0.40181968,0.21375248,0.07696016,0.4272819,0.18281655,0.18092188,0.0638466,0.08612861,0.2008419,0.08026597,0.09337186,0.12779886,0.0066386433,0.182103,0.19300532,0.023751708,0.085636124,0.2925062,0.107429266,0.0908544
6091,0.30382577,0.26081526,0.11210968,0.1267775,0.43161678,0.32760766,0.113664836,0.4465457,0.23740555,0.22859748,0.11118611,0.11944443,0.24623972,0.11565143,0.1403271,0.23629367,0.016448561,0.24604928,0.22829641,0.042949848,0.12940156,0.3615084,0.15390618,0.1102506
6093,0.1626505,0.15613456,0.031127846,0.039716188,0.28999376,0.16700296,0.034781635,0.36173692,0.07944808,0.10241862,0.016763838,0.02989483,0.19418532,0.029833963,0.026494414,0.065914035,0.0005432348,0.13632149,0.09503761,0.003359859,0.016575452,0.24946581,0.043689758,0.02140164
6097,0.26137102,0.2887965,0.033865537,0.055364497,0.2984207,0.17587881,0.0864606,0.41538447,0.1483699,0.1649921,0.03497316,0.086255945,0.18340254,0.05750735,0.03744079,0.13055375,0.0012388569,0.16575608,0.16023903,0.006627414,0.05460344,0.25971988,0.06505072,0.05933846
6099,0.16226278,0.16418019,0.037190452,0.07077114,0.26572445,0.14477506,0.13382488,0.43977976,0.10977717,0.10726653,0.036036056,0.06833442,0.1343964,0.059417054,0.03537291,0.11247933,0.0018684088,0.121047646,0.14327335,0.008331522,0.049535763,0.1594953,0.08388787,0.046423953
6102,0.12957604,0.09551526,0.013924813,0.033154402,0.4337351,0.17842422,0.02050365,0.51798016,0.085018374,0.103725195,0.01643677,0.018575784,0.08844984,0.0247622,0.02287119,0.06028837,0.00027560815,0.3265369,0.06191969,0.0029574893,0.01592306,0.17168769,0.025105607,0.015621154
6115,0.2351254,0.1607605,0.0068374183,0.014972072,0.21258356,0.13875382,0.012319669,0.3086449,0.075533785,0.068489164,0.0045527886,0.013172643,0.1201032,0.007933756,0.010028823,0.044168144,3.0499059e-05,0.055273045,0.066900864,0.00049219455,0.0085503105,0.25459996,0.021246292,0.0099972235
6116,0.20410943,0.23217967,0.20641033,0.20831834,0.46464017,0.2536031,0.2120115,0.4725083,0.20901854,0.19910295,0.17317887,0.17104411,0.21862026,0.21830131,0.18673506,0.18716595,0.11809756,0.28435388,0.192008,0.16502777,0.20973201,0.26066902,0.19859055,0.1776213
6122,0.15900488,0.16576661,0.072709285,0.0913089,0.45687672,0.2603485,0.056287196,0.5457405,0.15247299,0.15719672,0.066158794,0.068301566,0.15470724,0.0903031,0.093932085,0.1487136,0.008167644,0.27778643,0.106203794,0.02968968,0.08903633,0.27367893,0.08641042,0.06676974
6132,0.2004917,0.18053,0.15193263,0.18136746,0.5060334,0.26264176,0.12454855,0.5196782,0.194223,0.17066436,0.12670909,0.11843895,0.16748849,0.1681612,0.15343039,0.16831337,0.054486983,0.31614432,0.13929728,0.107561454,0.16576153,0.26325777,0.1497573,0.12576146
6136,0.14564985,0.17229834,0.16213956,0.17388734,0.457553,0.24137904,0.14780824,0.44365066,0.14433691,0.14998223,0.10628584,0.11402208,0.21347843,0.16496992,0.117393725,0.15254922,0.063248,0.2178862,0.143226,0.10804279,0.15468442,0.22222835,0.14498743,0.11266621
6139,0.070988275,0.04915327,0.0021209728,0.0070853056,0.7081306,0.15189122,0.0008652321,0.56601894,0.036141593,0.037536625,0.0066172164,0.0037744953,0.015217985,0.00324503,0.007520099,0.031894803,6.9713456e-06,0.34180146,0.016117712,0.00019900108,0.005811717,0.17803451,0.0070101614,0.0036187663
6140,0.18229404,0.18278022,0.07951162,0.1195745,0.45359012,0.2716445,0.09318871,0.5339336,0.14816794,0.15015611,0.0862008,0.08431828,0.15426531,0.11343504,0.097656086,0.16613835,0.01318911,0.26950517,0.13496976,0.044499997,0.10519604,0.28062367,0.103917725,0.079316
6142,0.17548619,0.18890652,0.096705705,0.13996729,0.4475479,0.21684021,0.1102018,0.501896,0.14134647,0.13426366,0.08060097,0.09439609,0.1538113,0.118172206,0.095304,0.13613707,0.018331803,0.29571006,0.12448667,0.051602975,0.108039,0.24087024,0.11265448,0.08850365
6144,0.008115077,0.006285022,5.5239783e-05,0.00036676155,0.55611026,0.044750385,6.545265e-05,0.7570371,0.0046666306,0.011285606,0.00038576746,0.0002161043,0.012838008,0.00043160186,0.0010035723,0.029982153,4.7210436e-09,0.63024855,0.0013149633,8.291619e-07,0.00016495124,0.14050199,0.0007467944,7.654953e-05
6150,0.10218426,0.092617184,0.030557282,0.066289455,0.43300563,0.15758578,0.04215858,0.5688914,0.08175403,0.085015856,0.03198334,0.035074655,0.08398746,0.05814855,0.03881698,0.079802886,0.0028444093,0.30655727,0.057337232,0.011460777,0.045240592,0.121896096,0.04753184,0.032482695
6154,0.12443607,0.111941546,0.041866783,0.07227378,0.4632959,0.21863784,0.04157099,0.5539961,0.10589537,0.11086239,0.04918453,0.045841347,0.08820612,0.062224407,0.051154073,0.13601947,0.0029657239,0.31839785,0.07689642,0.013040124,0.060440313,0.2019066,0.06361613,0.03997233
6155,0.20051406,0.23043433,0.058992714,0.09103931,0.3026543,0.17929962,0.1597032,0.45018575,0.13733192,0.13888124,0.063074835,0.105931416,0.16875051,0.08838073,0.05326492,0.114969365,0.0048190095,0.17935365,0.18600059,0.017426213,0.073386915,0.20312852,0.10081791,0.078586504
6164,0.044462908,0.05639508,0.033083998,0.04917347,0.47141823,0.13883047,0.023731282,0.6471691,0.063445486,0.076788805,0.0318403,0.022731198,0.099049464,0.06530756,0.05603884,0.097340025,0.003043444,0.41323265,0.03202681,0.012855429,0.031971514,0.1710949,0.036520064,0.019577952
6166,0.12562186,0.102959886,0.028172256,0.05471336,0.33446565,0.20321709,0.06895805,0.48490316,0.068597905,0.073560275,0.02574285,0.03971977,0.11204643,0.041085105,0.029380444,0.09001696,0.0012123223,0.16259293,0.074240096,0.005488322,0.027629726,0.17064857,0.039445575,0.026802458
6168,0.1861311,0.20995304,0.049479328,0.07285081,0.41950542,0.21029544,0.05787915,0.4319744,0.13184552,0.1396527,0.0563386,0.058980342,0.15556452,0.058247976,0.064662464,0.12698972,0.003708405,0.21380866,0.15317725,0.015604539,0.060455993,0.2485681,0.09618906,0.056974363
6171,0.22919805,0.1486556,0.0284231,0.051516578,0.28976715,0.21439774,0.057594534,0.5213428,0.10099571,0.10773279,0.028532285,0.03886433,0.17294861,0.051610794,0.039818484,0.09485273,0.00107414,0.2322061,0.09673948,0.0058005303,0.02766794,0.3315774,0.056686644,0.029840222
6172,0.10041941,0.073723584,0.005892222,0.011978196,0.666136,0.14953724,0.0030689484,0.4597148,0.059537143,0.062142976,0.009847462,0.007613201,0.029902473,0.009710054,0.015766392,0.030411052,5.118345e-05,0.3603448,0.027742159,0.00088434585,0.009995432,0.16301484,0.010025155,0.007653993
6183,0.20321432,0.1763813,0.007891589,0.02035444,0.20487198,0.110663995,0.09216391,0.2743602,0.07668125,0.07275371,0.0076158494,0.034613203,0.13740811,0.014252809,0.010275812,0.0452956,6.225694e-05,0.037828106,0.14258926,0.0004863465,0.010523087,0.15227745,0.027473945,0.01417146
6184,0.2274067,0.1825105,0.07182902,0.095399134,0.46992302,0.28184766,0.0738605,0.5374958,0.15428936,0.13708849,0.08430935,0.07440455,0.13881743,0.10709008,0.1057086,0.16735353,0.009429637,0.28635693,0.13774833,0.03430061,0.099556416,0.32576734,0.09873065,0.07592653
6185,0.06637922,0.06593516,0.016083717,0.033019036,0.2613692,0.10650839,0.038905267,0.5718457,0.043854717,0.047887154,0.0126110595,0.018278614,0.08354794,0.033823017,0.018264372,0.061029833,0.0005538711,0.1423325,0.036753196,0.0029417498,0.0152063845,0.13856289,0.022124996,0.011344107
6190,0.198519,0.17179166,0.049253784,0.06569848,0.5133753,0.26642996,0.041093085,0.5709187,0.13144182,0.14310552,0.072729215,0.060889766,0.13259558,0.067828305,0.08827387,0.15594094,0.0038561327,0.31528538,0.11005927,0.019866185,0.073945984,0.35566148,0.083180524,0.057977214
6197,0.16691487,0.16801254,0.083548225,0.097894706,0.3972649,0.22306606,0.104934216,0.4903391,0.14262687,0.16015378,0.07660208,0.07723656,0.22651531,0.10561979,0.09521192,0.19862165,0.009986351,0.28081268,0.13810253,0.030926872,0.07669259,0.26993373,0.110048816,0.065928176
6198,0.18103221,0.1830782,0.102189764,0.13552728,0.42254522,0.21157074,0.12088852,0.47653645,0.13870056,0.13707463,0.09678648,0.104165144,0.1663916,0.1450695,0.11404494,0.16172595,0.021622663,0.2528496,0.12994747,0.061564486,0.12343818,0.23980187,0.12937021,0.09775319
6207,0.13505928,0.0982136,0.0019133551,0.007823392,0.288968,0.17521514,0.001043223,0.5290073,0.04748508,0.082573935,0.006003687,0.0077360617,0.107767835,0.0039769458,0.0065512233,0.09504798,2.4182627e-06,0.24549244,0.03872773,5.731125e-05,0.0026844472,0.33492106,0.00830791,0.0038592627
6212,0.12217134,0.12708564,0.055276264,0.086637445,0.44884017,0.23360737,0.05996046,0.58048904,0.13265947,0.11022277,0.05263494,0.05240272,0.1131222,0.081768736,0.058535613,0.1348475,0.006232508,0.29847202,0.084052846,0.027117215,0.074107125,0.21712455,0.08156505,0.04931829
6218,0.09817519,0.10560048,0.07207288,0.092548914,0.5043855,0.18483983,0.052077565,0.5772964,0.09990797,0.11573834,0.07088705,0.052486945,0.14106986,0.10869714,0.09666051,0.13048029,0.013061426,0.41490722,0.060543906,0.03501649,0.06591938,0.22243968,0.07446601,0.05069155
6228,0.122216575,0.11690364,0.026050447,0.03246024,0.40305477,0.17795755,0.025276054,0.47139797,0.096527115,0.13180636,0.021421308,0.029104482,0.19280325,0.029465612,0.034424443,0.113712355,0.0005034599,0.29114935,0.054518517,0.0026306906,0.021297539,0.27819532,0.03420253,0.019905934
6229,0.16728525,0.17821261,0.08989218,0.09322366,0.4973159,0.27391368,0.07795567,0.50117254,0.15762198,0.15671796,0.08431875,0.08440836,0.13449727,0.10804483,0.10922481,0.1623005,0.014054122,0.34703755,0.11462066,0.03592847,0.10554113,0.2470164,0.09630756,0.07457205
6230,0.14768502,0.117215596,0.036469392,0.05209879,0.48608533,0.22585945,0.025045056,0.52773106,0.091339745,0.09667738,0.040190004,0.037267547,0.08771719,0.04850854,0.06292082,0.093055226,0.0020682523,0.28210658,0.06761823,0.011070552,0.044388313,0.22851963,0.043584768,0.034823693
6233,0.03538917,0.017165264,6.128501e-05,0.0006831435,0.21548305,0.09787629,0.00034608264,0.80294037,0.004089099,0.0086280145,0.0003611364,0.00060450536,0.01047691,0.0005985589,0.0005554873,0.04440239,4.1351216e-09,0.24317238,0.0051039746,7.032351e-07,0.00036331103,0.19795488,0.0009188828,0.00017392631
6235,0.25321156,0.26104742,0.16450793,0.18780556,0.4298932,0.26976684,0.17898966,0.46522245,0.21574052,0.19277471,0.16046628,0.15517133,0.23832211,0.19507763,0.18305692,0.20764874,0.06862521,0.25878236,0.23158886,0.11342971,0.18565966,0.30552736,0.20839459,0.16651854
6236,0.029237892,0.01578646,0.00057333783,0.0016875135,0.4740896,0.17819211,0.00026825588,0.73294544,0.009114055,0.017051807,0.000950313,0.0007819649,0.014543505,0.0018532544,0.0019991305,0.023415301,3.2992654e-07,0.35379857,0.003867688,2.2729399e-05,0.00074514904,0.23647688,0.0014360021,0.0004373692
6238,0.28190464,0.2572647,0.064787894,0.06045167,0.38721272,0.24122566,0.06433888,0.35938329,0.17468819,0.20469595,0.04847807,0.07568993,0.2099047,0.0587709,0.06490103,0.13294877,0.0031707892,0.17336668,0.19799276,0.0129093,0.072103634,0.29211497,0.07634948,0.066982985
6241,0.15750284,0.14832771,0.04550787,0.06060574,0.40461606,0.24170113,0.04753754,0.5298826,0.1242237,0.1383081,0.041983347,0.04792074,0.14685738,0.076639175,0.069724575,0.16980046,0.0029411246,0.3095974,0.08905022,0.013379001,0.058150474,0.32162482,0.065527245,0.0403902
6246,0.19206128,0.19885302,0.09378582,0.14028658,0.38979885,0.23533261,0.12600191,0.509257,0.14512517,0.15191163,0.09567351,0.10405963,0.18248576,0.12841259,0.10934879,0.17370543,0.019264102,0.27397847,0.15823734,0.04557263,0.11106923,0.28027996,0.1270917,0.09179605
6251,0.1299952,0.12185402,0.029984765,0.042154744,0.48086202,0.16883807,0.023879414,0.515242,0.0798986,0.0824542,0.025349658,0.029457908,0.08617405,0.048515048,0.042309597,0.06624987,0.0015897235,0.32822618,0.05794958,0.0075954716,0.03417334,0.19416587,0.037204117,0.023988625
6254,0.2315914,0.24510571,0.16130432,0.15827343,0.46170118,0.26389998,0.118027516,0.43425626,0.20044409,0.19633476,0.12964238,0.12631586,0.21870317,0.15722424,0.1642936,0.18066673,0.043165825,0.28083363,0.19225371,0.0825116,0.17120588,0.30738747,0.16208358,0.14085667
6256,0.11619036,0.102094606,0.019546079,0.055120394,0.22573997,0.105022974,0.17558889,0.54936504,0.066099554,0.07520619,0.021871107,0.05598868,0.11354599,0.052321177,0.01812228,0.07416488,0.0009031585,0.101004824,0.08953841,0.0044545773,0.025207449,0.11400271,0.050278608,0.028582383
6257,0.18518826,0.16528137,0.035495978,0.035068717,0.4908746,0.20604436,0.021656483,0.36707792,0.086646885,0.095509715,0.022576287,0.026599612,0.11892894,0.03735897,0.0555051,0.08134655,0.0016279054,0.18083511,0.08066744,0.010179235,0.036458526,0.24154578,0.045131713,0.030525656
6262,0.39574036,0.41265294,0.03942092,0.046784233,0.22403646,0.24633464,0.05938948,0.3106869,0.18559743,0.22022636,0.041637033,0.069282,0.33992174,0.03382666,0.04812693,0.14564823,0.0010893439,0.11950679,0.28247133,0.0039222497,0.034484576,0.37843898,0.099467605,0.058165427
6265,0.37132716,0.34230524,0.05592945,0.08456649,0.28468102,0.22025093,0.104477406,0.39377794,0.18681167,0.17157006,0.07341904,0.10979205,0.22702219,0.067705736,0.08449769,0.16913533,0.004914154,0.16039932,0.2534754,0.015761007,0.08297422,0.34378073,0.1398889,0.09970462
6267,0.35088786,0.2889257,0.042992614,0.0654221,0.29360867,0.3054441,0.067037724,0.48754,0.17832693,0.18822226,0.050102986,0.08118416,0.2306933,0.05633959,0.06318498,0.1638988,0.0021768915,0.18788105,0.18894373,0.008839083,0.050671104,0.39449626,0.090938486,0.05860788
6268,0.17534369,0.20517057,0.045178574,0.07391373,0.27156463,0.18085653,0.115317926,0.5181494,0.13631658,0.15825188,0.05010968,0.08925277,0.24910742,0.06684098,0.06068677,0.16892724,0.0031370493,0.21883059,0.13410582,0.009764815,0.05178462,0.26733905,0.094817646,0.047542054
6269,0.24183477,0.24376923,0.061592404,0.10388645,0.36933842,0.21633974,0.14224257,0.3991648,0.14414069,0.16315933,0.052083593,0.10355372,0.22387111,0.08795129,0.074262135,0.14084423,0.006303982,0.15921308,0.19514577,0.023440467,0.07392224,0.261659,0.10007828,0.07181262
6272,0.156207,0.074111514,0.007653027,0.012995737,0.4132895,0.24412243,0.0070231156,0.50992036,0.07393558,0.08441145,0.007972155,0.013919084,0.08617679,0.011787627,0.014109427,0.10960704,2.799954e-05,0.27401602,0.04422196,0.0004601081,0.011005404,0.29623878,0.0144892875,0.006272633
6274,0.100247234,0.10665569,0.057216026,0.0733445,0.41547218,0.18782796,0.045476303,0.5806023,0.07828551,0.09544741,0.050295036,0.04028576,0.15453562,0.08664589,0.07345171,0.12197137,0.0069957413,0.3406807,0.055794924,0.02285572,0.041652355,0.24748053,0.05286314,0.034198184
6276,0.39217755,0.3893091,0.04924067,0.072961256,0.23364685,0.24362427,0.13041438,0.34013343,0.23280454,0.20310563,0.059256896,0.13074295,0.2748465,0.05643788,0.05362069,0.21174358,0.0023185613,0.12876774,0.32747746,0.008342703,0.078317,0.3381009,0.13537341,0.09725203
6278,0.03266109,0.013843264,0.00014191153,0.0010054121,0.55989575,0.10614843,0.0002125928,0.7334243,0.011469441,0.017227892,0.0011934459,0.0007376718,0.010262832,0.00073278334,0.0015752321,0.050676998,3.0459045e-08,0.5810278,0.0050338996,3.9523156e-06,0.0006810322,0.21424463,0.0022366638,0.00032844805
6279,0.12494912,0.069361,0.010257807,0.01910537,0.24616182,0.18759976,0.011890504,0.50250506,0.05840732,0.10090981,0.012173897,0.0132020805,0.23918205,0.019575072,0.019231735,0.13790268,5.2205098e-05,0.4295875,0.04676104,0.00049645005,0.0045987694,0.44118714,0.018592369,0.0066486876
6283,0.32445022,0.26576385,0.044067435,0.054319043,0.426112,0.28073972,0.032466304,0.32426095,0.22301467,0.17924781,0.04739792,0.04958355,0.16271566,0.037007596,0.066743836,0.15543805,0.0017777212,0.21689622,0.185018,0.0075891484,0.046984334,0.31024596,0.06956359,0.044209268
6284,0.14610998,0.13328078,0.052926973,0.10240235,0.38000962,0.23721077,0.11008478,0.55697614,0.11448926,0.10647526,0.051868755,0.07504693,0.11572904,0.08801239,0.063220024,0.12191427,0.006229142,0.237022,0.10515399,0.022348275,0.07524008,0.20674674,0.08209461,0.056838375
6285,0.2842903,0.28869176,0.04423392,0.06068864,0.31525677,0.18473774,0.060784508,0.3626478,0.115660444,0.13854092,0.04409323,0.06514668,0.21447286,0.052329324,0.06817063,0.13380226,0.002800899,0.14863598,0.1989806,0.010734079,0.051237587,0.3271574,0.109659635,0.054977883
6287,0.14080036,0.051296275,0.00025002484,0.0011236055,0.41766956,0.2216987,0.00015209016,0.6036124,0.02496365,0.032459766,0.00088031974,0.0011471108,0.035615973,0.00088301295,0.00229669,0.033957962,4.3539874e-08,0.30081823,0.010577089,4.505125e-06,0.0005237776,0.42739192,0.001906563,0.0005654737
6288,0.0379599,0.034329273,0.0032886935,0.010672139,0.4416184,0.14724307,0.0025711497,0.7066342,0.027571252,0.036858045,0.005933196,0.0047894563,0.03293983,0.009008267,0.010410383,0.06820572,1.7774855e-05,0.33832178,0.012474405,0.0003664928,0.00593833,0.16400668,0.0076068994,0.0031660662
6293,0.13768937,0.10056411,0.025370939,0.06855468,0.1822299,0.12771258,0.24407008,0.50202346,0.067222126,0.077219896,0.024534771,0.073075175,0.15336202,0.05384947,0.021238467,0.10340559,0.0012751472,0.08909531,0.12115809,0.005346425,0.030169643,0.13318779,0.07651844,0.03357358
6294,0.2539476,0.27031794,0.07144275,0.11499268,0.27424738,0.16466002,0.20793161,0.3994211,0.1723472,0.18257217,0.06397321,0.13582355,0.25227067,0.081758626,0.057665605,0.1773707,0.0062119425,0.12874693,0.2500147,0.016584193,0.08708823,0.19406913,0.17903969,0.09316728
6295,0.14389794,0.119093746,0.061696563,0.084866494,0.39416936,0.23134126,0.065032326,0.58779657,0.10038201,0.091314636,0.055595748,0.060569383,0.10137767,0.07589214,0.058792837,0.10275574,0.0065066423,0.23505239,0.08455747,0.023859272,0.06316622,0.23371497,0.072178535,0.04897873
6299,0.11482371,0.13511309,0.034532722,0.055791996,0.44232762,0.15862438,0.051511478,0.5110631,0.08943064,0.08482698,0.028882606,0.03974854,0.10915255,0.05567434,0.059605096,0.08731314,0.0029111833,0.21698926,0.080448695,0.0109288655,0.04484807,0.17081206,0.054730073,0.034887947
6303,0.05868545,0.062029105,0.014908786,0.028069142,0.5449536,0.103841305,0.013364494,0.51546913,0.08380936,0.085470036,0.017808616,0.02161132,0.05999404,0.027446019,0.027761592,0.09585698,0.00032974698,0.46176597,0.03437843,0.0023358336,0.018385438,0.13273744,0.028648136,0.010836661
6304,0.22575685,0.20658313,0.052340038,0.076581165,0.41383564,0.21599708,0.08269386,0.4170692,0.14413168,0.12162223,0.045212448,0.083713815,0.14272042,0.069339536,0.06477644,0.13022012,0.0036413923,0.20996314,0.15672857,0.015808979,0.060820818,0.208705,0.0859606,0.06300264
6305,0.22802044,0.18124026,0.028702246,0.05749901,0.18214342,0.16566612,0.15629476,0.48182797,0.08979742,0.08774478,0.03168065,0.066100344,0.17785862,0.04726134,0.031824313,0.11504644,0.0010297529,0.08254891,0.19283268,0.0051253727,0.03012021,0.24047086,0.08529405,0.039450277
6313,0.16392685,0.18452656,0.15000002,0.16452105,0.39925224,0.20689252,0.16042091,0.4796148,0.15480952,0.15315498,0.11261282,0.114780284,0.20571339,0.16791007,0.1323792,0.15302244,0.058670748,0.2374024,0.15066004,0.09052677,0.14310397,0.22230299,0.13818918,0.119775504
6316,0.09993963,0.12004474,0.079135604,0.118277565,0.5861361,0.18909208,0.054300353,0.5676243,0.1355096,0.12924294,0.09689235,0.071323864,0.10875421,0.11648576,0.10563312,0.13412412,0.018494055,0.39957988,0.07923941,0.050925687,0.09739263,0.18825649,0.08710658,0.069035396
6317,0.14390275,0.18238439,0.030570615,0.060235474,0.32536894,0.17097162,0.0911899,0.4931441,0.096929446,0.10451757,0.033103928,0.06571829,0.14574936,0.04700255,0.035546318,0.11291366,0.0015404058,0.11475613,0.1494396,0.008550376,0.0562468,0.18214557,0.076173194,0.046755407
6318,0.15575863,0.17978321,0.07389313,0.10095202,0.47305185,0.21669047,0.06305807,0.45847622,0.1236967,0.14020772,0.05825724,0.058929805,0.1702467,0.09289415,0.078782804,0.09262824,0.01043175,0.27803499,0.09702653,0.032202166,0.062438108,0.25303322,0.0838917,0.06599679
6320,0.29250017,0.24789456,0.00811495,0.022942107,0.23971547,0.14614363,0.027297942,0.40068868,0.089671835,0.09755951,0.016386217,0.03495624,0.13317402,0.014153032,0.020138625,0.08716275,6.6422544e-05,0.1420923,0.1538202,0.0006579763,0.01252356,0.25898248,0.0431994,0.021637421
6327,0.12351725,0.14349198,0.103509374,0.12439692,0.44759837,0.18700665,0.09213751,0.5262724,0.12950645,0.13911274,0.08511354,0.07914818,0.16044165,0.12806655,0.111637525,0.12488073,0.027729377,0.32921568,0.092107676,0.0549133,0.09170696,0.20328124,0.09238372,0.07431219
6331,0.3497766,0.30038047,0.10507809,0.1281348,0.3602178,0.31631652,0.14291991,0.36560652,0.20362629,0.22881722,0.09590179,0.13152286,0.27850553,0.106256925,0.122297674,0.18375438,0.014276208,0.17875117,0.265217,0.038398754,0.09829907,0.35443753,0.15575898,0.12374906
6337,0.04065703,0.03246861,0.00622111,0.020237358,0.3250596,0.1629109,0.006556539,0.6906575,0.026526984,0.043857936,0.0088042235,0.007943024,0.06410373,0.020001508,0.011502829,0.08932838,6.225379e-05,0.30940437,0.013190016,0.0008876463,0.007860933,0.20065397,0.010697023,0.004829348
6342,0.12635042,0.1129036,0.009666674,0.023158444,0.2820543,0.12822203,0.03139357,0.5291939,0.046700403,0.05575933,0.01688332,0.026125627,0.06559951,0.021001948,0.014412242,0.06978414,0.00013758823,0.15141642,0.080991894,0.0012502846,0.018437559,0.18266039,0.04547629,0.017817633
6344,0.22608635,0.17987671,0.0047237375,0.011991488,0.4643217,0.15078427,0.005964161,0.4654593,0.06835977,0.08289291,0.010104347,0.014084038,0.04813017,0.009764732,0.014750788,0.033106957,4.1234493e-05,0.16620804,0.061261363,0.00072922325,0.0124535225,0.20499381,0.017756006,0.011665457
6352,0.08687556,0.075317115,0.026479157,0.046796896,0.47003636,0.17005771,0.02388893,0.61518526,0.067691594,0.07389597,0.031580523,0.02692751,0.09297851,0.05597787,0.04763586,0.08207623,0.0014997864,0.40293512,0.041513823,0.0075999866,0.02394908,0.20891586,0.035692643,0.021960981
6353,0.050781846,0.053924374,0.00438793,0.011413686,0.4909812,0.090953626,0.008391726,0.6037035,0.04014712,0.03431877,0.010303336,0.009302512,0.04263999,0.0109546995,0.008985687,0.095610544,3.0435895e-05,0.32395074,0.028297845,0.000579891,0.012422732,0.15212819,0.020162504,0.0068937005
6354,0.1548309,0.15253334,0.009918474,0.022490703,0.38354078,0.15023917,0.021660171,0.45819634,0.061711717,0.066706456,0.013813826,0.024758384,0.08305456,0.020428842,0.020184321,0.070304185,0.00012239556,0.16835573,0.08525234,0.0013743169,0.015918136,0.2163485,0.034311973,0.015322886
6356,0.17036244,0.18180956,0.087554775,0.12228993,0.33213,0.17522815,0.19702202,0.4977004,0.13731566,0.13565621,0.07809226,0.13393661,0.17311025,0.12022376,0.07079099,0.13100056,0.016826982,0.18777178,0.17125353,0.04064952,0.10595313,0.2058048,0.14322177,0.08796486
6359,0.25820994,0.15956448,0.017100418,0.02207288,0.42591426,0.2607943,0.01267055,0.39834145,0.12522326,0.11802915,0.018837258,0.033058483,0.112870105,0.021628905,0.04051469,0.12311551,0.00013130433,0.2635443,0.109846875,0.0017079493,0.019381892,0.40853837,0.034575164,0.017133582
6361,0.31820878,0.26318792,0.005357202,0.013013034,0.12772097,0.10579635,0.04568932,0.3756514,0.06649199,0.08193032,0.008009916,0.037315194,0.14848329,0.0098952325,0.007249708,0.07120039,2.2610922e-05,0.0413415,0.1681794,0.00026630666,0.009893902,0.2643106,0.054324284,0.018177174
6362,0.059602186,0.048641868,0.010722151,0.035327077,0.4412765,0.14561543,0.012504652,0.6944314,0.044799455,0.044666488,0.020766826,0.0151862465,0.046957746,0.028951647,0.024797998,0.09292356,0.0004168424,0.3450433,0.027367063,0.003346569,0.027858598,0.17399925,0.02819875,0.013096686
6368,0.056834348,0.04677409,0.005162035,0.017281378,0.37365746,0.13104776,0.0070071886,0.62170345,0.03201388,0.028017068,0.007308501,0.0075354036,0.03077907,0.014167083,0.009864828,0.038845398,6.551253e-05,0.21278216,0.020826165,0.0010123666,0.011082226,0.13527282,0.013350862,0.006726069
6370,0.098116025,0.07970042,0.018689072,0.044028014,0.5270579,0.26785567,0.015638364,0.64382577,0.081476614,0.116221935,0.038173046,0.025335403,0.1105492,0.032489102,0.041416768,0.19876547,0.00040174043,0.45320284,0.0513516,0.003530328,0.025237978,0.34409177,0.037955765,0.018473504
6371,0.12315767,0.14146478,0.087699145,0.12555373,0.3896463,0.16530967,0.12716442,0.4919444,0.11528403,0.11590315,0.07065795,0.07799733,0.14919625,0.1261072,0.086829945,0.127487,0.022297328,0.24226813,0.10226707,0.04928204,0.087212235,0.17963272,0.099198215,0.06940367
6374,0.06937848,0.08910895,0.00073845324,0.0036409392,0.3015818,0.06516126,0.0029046186,0.5923883,0.020426061,0.02877885,0.0017759906,0.006777267,0.051996354,0.0024492622,0.0033789268,0.0481018,5.20053e-07,0.24561362,0.023154417,2.3167322e-05,0.0020814082,0.19327824,0.009262921,0.0018819656
6376,0.03721656,0.02119918,0.002633487,0.011050113,0.29108563,0.12579226,0.0059231245,0.75190425,0.026792575,0.043044765,0.0049311467,0.005376155,0.059356086,0.014926606,0.008335416,0.09934739,1.118449e-05,0.5273708,0.010566745,0.00015573284,0.0031930322,0.18524344,0.007489335,0.0016746273
6381,0.20026706,0.2239164,0.14958355,0.16651338,0.39800987,0.20607796,0.18640792,0.46407524,0.1567369,0.16682035,0.11238185,0.1297284,0.22537988,0.17475739,0.13415717,0.17672849,0.049662665,0.2255694,0.190369,0.097768,0.147594,0.24134478,0.17758727,0.1317534
6396,0.09237538,0.08779102,0.039275907,0.079674155,0.3725998,0.15426235,0.075980075,0.5882989,0.07207356,0.071834385,0.039724573,0.051881574,0.1118385,0.059308562,0.03939695,0.09360111,0.00339109,0.1995134,0.06994361,0.014161585,0.05049217,0.16903166,0.063499,0.03808071
6397,0.05542103,0.05243277,0.0136966,0.03967319,0.44613656,0.12356719,0.016381651,0.673576,0.0497387,0.052037988,0.018002424,0.01601954,0.039655972,0.031530157,0.019559223,0.04599765,0.00058737834,0.23064877,0.03579768,0.0043486697,0.030721474,0.11410903,0.024709292,0.015155996
6401,0.039486647,0.043615956,0.01384527,0.02751671,0.44255754,0.11654459,0.01157886,0.6317712,0.038154595,0.045641348,0.013473192,0.011628577,0.064271785,0.031051937,0.025087709,0.053232923,0.0004801235,0.3230535,0.018352194,0.0029854267,0.0131387375,0.13877855,0.015452558,0.008543393
6402,0.13058837,0.09171959,0.014337173,0.030561997,0.39466155,0.20304346,0.01699987,0.612736,0.061390966,0.06548734,0.020154003,0.020634044,0.062732756,0.025594892,0.026226733,0.086003594,0.00029826624,0.2766693,0.057588246,0.0028403956,0.024756875,0.24292286,0.026268799,0.017497215
6404,0.19401821,0.2096008,0.06746894,0.08838699,0.3370589,0.22011143,0.11194576,0.46278697,0.17870064,0.17854509,0.062039595,0.08801076,0.2301039,0.0825803,0.066947095,0.151959,0.005849362,0.20705216,0.14868754,0.015527124,0.063545436,0.27916694,0.089146875,0.06198986
6406,0.30106258,0.28348878,0.045903213,0.04778877,0.3782043,0.19720607,0.03791314,0.29254982,0.21239905,0.21496885,0.037095085,0.061608918,0.17043914,0.039881997,0.042320956,0.12829196,0.0010438886,0.20570464,0.18660694,0.0060300576,0.047446202,0.24213383,0.07233304,0.04828538
6410,0.19034027,0.14839281,0.040287614,0.081837006,0.30938697,0.19638738,0.079138435,0.50398964,0.10421452,0.10185451,0.032721233,0.04569143,0.13373537,0.06879207,0.043171525,0.082135424,0.0029668773,0.18053412,0.0885468,0.014366724,0.03695384,0.22827508,0.05658478,0.042827062
6411,0.116863236,0.16408215,0.013966481,0.028443811,0.49745715,0.12851007,0.013273856,0.34481233,0.09352099,0.09296371,0.024561431,0.018730214,0.070806794,0.021976462,0.026795438,0.06500438,0.00059365045,0.1275265,0.094920546,0.0048155924,0.032534342,0.16204609,0.036731753,0.021308752
6413,0.10733772,0.11546526,0.006875671,0.016149009,0.38843203,0.09610718,0.011617644,0.46835083,0.06490222,0.11819599,0.012830921,0.018110432,0.13376242,0.017820664,0.019064622,0.13141966,5.9969825e-05,0.27684286,0.0481356,0.0006580509,0.011945218,0.28975388,0.035469636,0.010675069
6416,0.16507262,0.171239,0.052180883,0.09095172,0.37137064,0.19701709,0.07687886,0.5269445,0.12127804,0.13038924,0.051286597,0.06122068,0.12925808,0.08075728,0.061944943,0.09567229,0.006161483,0.26212513,0.09491932,0.019533906,0.061881434,0.21413174,0.06651128,0.053949315
6417,0.14396775,0.18143766,0.062324274,0.09636958,0.40812978,0.20451099,0.09946698,0.54775596,0.1330851,0.140551,0.06512055,0.08972249,0.13387886,0.09826682,0.06665559,0.14840057,0.0070524756,0.20854524,0.13313171,0.030416662,0.108966276,0.20210458,0.120398276,0.08360941
6420,0.13516355,0.10675174,0.008286887,0.020694602,0.46903622,0.26333714,0.010204272,0.5635889,0.079753675,0.07269757,0.019260792,0.020196768,0.0498368,0.011591127,0.014893275,0.14669144,5.5262328e-05,0.2539359,0.07443856,0.0010799123,0.020828588,0.21772213,0.031055432,0.01288882
6430,0.16925131,0.123074874,0.026706593,0.06047049,0.4289446,0.26603812,0.041235037,0.59862363,0.11772763,0.10078796,0.039579358,0.036913797,0.123552054,0.04326086,0.049380008,0.16778167,0.000971409,0.26493794,0.112242155,0.0076049916,0.041314624,0.3593119,0.060343158,0.032882612
6439,0.25173157,0.20684527,0.074962705,0.10379532,0.31979868,0.24731077,0.119289614,0.45831752,0.13492571,0.13730778,0.057971578,0.08807254,0.21490872,0.09069696,0.08287864,0.13067415,0.007918605,0.20466512,0.16059709,0.01948321,0.065790035,0.30181423,0.099002115,0.072765596
6441,0.060305186,0.040356286,0.011221713,0.025918923,0.50658035,0.1653841,0.016916974,0.66610837,0.053454347,0.058463473,0.015140267,0.013244552,0.06984415,0.02825108,0.026564935,0.08657429,0.0002450536,0.44920906,0.024595374,0.002494697,0.01127691,0.1899258,0.019475734,0.009583072
6445,0.16091311,0.122142985,0.027503666,0.051629383,0.49899128,0.2545375,0.028651528,0.6031639,0.1030573,0.108494356,0.045055147,0.043227036,0.07915422,0.04489577,0.051409204,0.123880886,0.0013709526,0.33034596,0.07322337,0.009118275,0.05265628,0.25841406,0.057351768,0.035687573
6446,0.11063031,0.051865228,0.0024683343,0.0086334655,0.42183968,0.18880527,0.0027972523,0.61907923,0.03653808,0.033743124,0.0056141294,0.004710232,0.030000422,0.005797657,0.00889122,0.06476531,7.986515e-06,0.19076571,0.026462456,0.00026704275,0.005820548,0.2772639,0.0080095045,0.0038401552
6450,0.079763494,0.06762367,0.0065464275,0.015230124,0.47006163,0.12606438,0.005256408,0.5449714,0.0512131,0.05322113,0.010198798,0.009714604,0.040066723,0.011666914,0.016465781,0.037532926,9.4045135e-05,0.35569996,0.023013378,0.0009562671,0.008143567,0.15830074,0.014694228,0.0065408656
6456,0.053256404,0.040820092,0.004670329,0.011746948,0.41463906,0.1103532,0.003129918,0.552085,0.032949932,0.03949436,0.006881824,0.0051592784,0.071324445,0.009164013,0.011469058,0.068325795,2.47388e-05,0.41600233,0.01699312,0.00034252426,0.004466783,0.2542138,0.011633262,0.0036063984
6457,0.32233402,0.19416864,0.03401678,0.046437986,0.4659268,0.309488,0.028850941,0.4448651,0.1392611,0.16806841,0.045312908,0.048259947,0.1399744,0.04128676,0.067893565,0.14311844,0.0011653929,0.31746638,0.10657712,0.007552833,0.041045662,0.3953884,0.053683512,0.04200073
6465,0.18980259,0.20400575,0.10350097,0.13594908,0.45189595,0.2224809,0.08891833,0.5082305,0.17110832,0.14855215,0.09144282,0.09404129,0.17957936,0.12242033,0.105532385,0.13235441,0.02673254,0.29151067,0.13213375,0.05266791,0.10466263,0.2519996,0.12534103,0.096798755
6467,0.052662823,0.05328285,0.012340645,0.023233624,0.5086006,0.13117015,0.00893488,0.6015948,0.05194513,0.056681857,0.014254826,0.016171046,0.034226034,0.020938132,0.014575276,0.03901982,0.00029118787,0.3168603,0.0240534,0.0023341551,0.021272283,0.11777816,0.014380133,0.011489391
6468,0.0800594,0.09214153,0.030552074,0.064269,0.43343917,0.15431379,0.0350078,0.57631046,0.0823119,0.09473203,0.033190653,0.034804195,0.10876292,0.056118418,0.048444934,0.09462379,0.0019356646,0.37712494,0.045762114,0.008193403,0.033047758,0.1803563,0.03587252,0.02631356
6469,0.1362406,0.051662315,0.0005079935,0.0011393667,0.2182831,0.21323493,0.0011986798,0.48563805,0.027922677,0.067587696,0.0010610112,0.002084953,0.1384996,0.0013103463,0.0023439284,0.0821416,3.5496033e-08,0.181519,0.02484227,3.6991623e-06,0.00036779957,0.56648135,0.002101462,0.00056567043
6471,0.29366052,0.19719812,0.020455264,0.05071857,0.29052317,0.29980558,0.05003608,0.5457862,0.12166636,0.14406157,0.043254595,0.07272718,0.18322676,0.03883906,0.03758167,0.2835042,0.00031237333,0.2132778,0.19856323,0.0025213622,0.03137308,0.4264956,0.08706795,0.03179065
6477,0.29183698,0.27197704,0.08839031,0.14621297,0.29223505,0.20612733,0.29989517,0.38320106,0.22471103,0.2038169,0.09575184,0.16935165,0.2729103,0.12003551,0.071257405,0.19725908,0.011643992,0.15156728,0.28170884,0.029643862,0.10744969,0.25714704,0.1705351,0.120191
6484,0.21933898,0.22702506,0.170164,0.19942781,0.4032197,0.24741526,0.22399029,0.45505175,0.20185634,0.17922133,0.13791569,0.15799673,0.24713348,0.19921628,0.15152901,0.20858087,0.06745561,0.24302247,0.20141655,0.11375037,0.17866665,0.27210706,0.18873721,0.15493836
6488,0.18421789,0.19316827,0.1185138,0.12677528,0.4994169,0.22214334,0.09671965,0.46102563,0.14050493,0.13403574,0.08695956,0.088341564,0.1786791,0.12153467,0.1303662,0.15922277,0.023837397,0.26525572,0.13298783,0.056952935,0.09287324,0.24615923,0.12312977,0.08702275
6490,0.15906365,0.14509761,0.060841892,0.10297738,0.507354,0.21666525,0.07032414,0.5364142,0.15951023,0.11595415,0.06723462,0.06830341,0.089479014,0.077462256,0.07679964,0.10449105,0.010822312,0.27649564,0.10395225,0.028491426,0.10075697,0.1987654,0.08804161,0.0690035
6493,0.13802624,0.15882,0.009739989,0.025879994,0.35438743,0.10047428,0.019729484,0.4924599,0.05626451,0.05348812,0.012252418,0.021530502,0.0934024,0.01657194,0.023357553,0.043359887,0.00020791104,0.15235266,0.08563944,0.0014682178,0.016131287,0.19229071,0.035103068,0.015583947
6506,0.12245487,0.13077915,0.06598747,0.104697295,0.4572293,0.16793318,0.08104112,0.51699317,0.12785396,0.106731415,0.064046,0.060367342,0.110844426,0.10895937,0.07808534,0.108543396,0.014498625,0.3055931,0.09434402,0.036586866,0.086812034,0.17242838,0.075808965,0.059612475
6509,0.16649581,0.15663789,0.08990925,0.13593164,0.35133308,0.22006425,0.15875721,0.5318117,0.13297816,0.12606707,0.08806327,0.097703956,0.20972273,0.12845175,0.09713292,0.15912327,0.018329354,0.25873756,0.15170793,0.043160487,0.09779248,0.2708611,0.12342943,0.07983871
6511,0.3419012,0.15196754,0.011601949,0.023214448,0.31793055,0.4760136,0.015419311,0.56588304,0.10491225,0.11618175,0.017653754,0.021866035,0.19051082,0.013417474,0.02421679,0.16540237,5.0302537e-05,0.17686538,0.105362356,0.00078050216,0.0115897395,0.59254247,0.027732791,0.014782116
6514,0.23285057,0.18891433,0.034188986,0.065725796,0.24671537,0.15612307,0.13043791,0.37807742,0.11283255,0.12103739,0.034836832,0.07592199,0.18224132,0.057582255,0.035239886,0.16029257,0.0012142325,0.12613218,0.14872539,0.005153944,0.034650873,0.25501,0.103043266,0.040504903
6516,0.082336634,0.0587824,0.0180645,0.041353,0.59036374,0.20956017,0.009339791,0.65589935,0.06675939,0.07304198,0.026373234,0.016648725,0.05226162,0.032037426,0.031448692,0.07809358,0.0005070372,0.4464221,0.031459242,0.0049352804,0.027580855,0.21803337,0.02074869,0.014956272
6519,0.0020746535,0.001325607,3.0219442e-05,0.0004948152,0.43794194,0.027966803,5.539603e-05,0.86247104,0.0015858458,0.0031409499,0.00015343624,0.000124042,0.0047310023,0.0006062031,0.0004928197,0.013251883,6.378586e-09,0.6633998,0.000378508,6.9845424e-07,6.277314e-05,0.053845465,0.00023893277,2.6926948e-05
6525,0.2567427,0.2678882,0.16158737,0.17423978,0.40473664,0.26853582,0.1683366,0.40681005,0.1964473,0.20381299,0.14074646,0.14605203,0.25507396,0.19245307,0.16337855,0.20496465,0.051598515,0.23131548,0.22068249,0.09473234,0.154543,0.31798235,0.18408538,0.15520975
6527,0.371074,0.25498837,0.004224258,0.015754344,0.31832865,0.21934669,0.014329202,0.32837948,0.09821421,0.08969983,0.012847493,0.03463967,0.0937612,0.008101701,0.014140822,0.102592826,1.6908009e-05,0.15876836,0.1499235,0.00024060594,0.009791182,0.35985225,0.034168996,0.015474256
6528,0.2505801,0.27400655,0.0049227863,0.015044466,0.14462568,0.08519392,0.040189072,0.2238938,0.07123228,0.10468111,0.006546096,0.037993897,0.24514747,0.007222243,0.0042548166,0.08399464,1.0071215e-05,0.044188138,0.18072137,0.00014609711,0.007944147,0.17950751,0.034784563,0.0140807545
6530,0.12470532,0.13158803,0.061799686,0.08965059,0.46776825,0.1862523,0.063632496,0.5394428,0.090731196,0.08798792,0.051310714,0.048460048,0.112519845,0.09362829,0.071212895,0.096389346,0.0080844555,0.2466261,0.07424501,0.029056136,0.067482926,0.22092667,0.06715745,0.054272264
6538,0.11840486,0.10887323,0.04902599,0.07877406,0.48243406,0.19953212,0.04141533,0.59665453,0.10705056,0.113149956,0.04742049,0.04001937,0.1031207,0.07814994,0.060418323,0.08759311,0.005872951,0.29768643,0.0627578,0.024781143,0.06768515,0.20802751,0.05943291,0.042239204
6540,0.16070338,0.15713198,0.06443066,0.08832588,0.516378,0.19829983,0.057269085,0.5261494,0.15767619,0.13168539,0.06504004,0.062142793,0.101861395,0.076967925,0.07747185,0.1289397,0.008091644,0.29654038,0.09462458,0.028896281,0.09381324,0.22796588,0.072661765,0.06175413
6541,0.13747063,0.15057942,0.034116082,0.054033753,0.46596843,0.17581078,0.030635413,0.40616775,0.08473216,0.100766525,0.036554348,0.04000419,0.13017061,0.04492521,0.05594249,0.10398472,0.0021648337,0.22983953,0.0810859,0.009688285,0.03598435,0.25679103,0.05697512,0.032781012
6542,0.03470804,0.013864827,8.014731e-05,0.00088257686,0.47624496,0.1048023,0.00012612267,0.72874856,0.005448234,0.010377766,0.00062577985,0.0004778564,0.0070360564,0.0007268107,0.0010799009,0.02194027,1.3376805e-08,0.48213902,0.0036799058,4.0636787e-06,0.00033896798,0.17968291,0.0009664472,0.0001842622
6544,0.34902233,0.20619759,0.027881594,0.060236715,0.30905056,0.33284828,0.05571912,0.5401137,0.1302937,0.16713792,0.054269046,0.07701236,0.18015654,0.04985158,0.047170028,0.33308926,0.0004798945,0.19846037,0.18818417,0.003971919,0.04561859,0.44433805,0.10343901,0.040202696
6546,0.044150695,0.021876553,0.00027690927,0.0018039527,0.39933062,0.16515434,0.0002401787,0.7051844,0.014050225,0.026304446,0.0026683423,0.0013224696,0.020050282,0.00076884194,0.0021723846,0.085946895,9.848064e-08,0.41379213,0.008201799,7.4471022e-06,0.0008701162,0.32668242,0.0024081066,0.0004718389
6548,0.23152006,0.2432878,0.095001705,0.116815396,0.31834233,0.22152509,0.19437043,0.4881411,0.18380713,0.1893822,0.0845829,0.1223303,0.22032692,0.13569406,0.09415969,0.16596848,0.015965054,0.1827989,0.21020567,0.035792265,0.11767391,0.26123756,0.13881227,0.096550904
6549,0.03723288,0.030796144,0.0043219025,0.013183471,0.44428393,0.18049343,0.004186828,0.7354703,0.028124077,0.09168909,0.008936189,0.007866444,0.15023401,0.019741075,0.018048326,0.20332664,1.5554115e-05,0.6632849,0.008540692,0.0002445847,0.0031679315,0.3051352,0.008712207,0.0025818876
6552,0.36591756,0.1404213,0.00024607233,0.0021356854,0.17565967,0.23306605,0.0019309866,0.62034154,0.03432661,0.05330863,0.0023836303,0.0057657883,0.056048732,0.0007989697,0.0018679848,0.19108346,2.3991172e-08,0.10439865,0.09035637,3.041898e-06,0.001180913,0.601182,0.007291414,0.0018368441
6555,0.1710891,0.17131205,0.123361565,0.17630786,0.4303487,0.21830842,0.1938118,0.54959047,0.1506654,0.14984313,0.12352206,0.12798879,0.1739822,0.18223783,0.114550486,0.16643777,0.043544076,0.28026897,0.14891651,0.08656708,0.15504485,0.22722867,0.15662521,0.12051514
6563,0.3162346,0.25757983,0.091434166,0.098620795,0.39411405,0.31004202,0.113728374,0.4409285,0.21404538,0.21727528,0.104632035,0.13140894,0.21813767,0.10584025,0.09789634,0.23948759,0.008614032,0.1981146,0.20947042,0.029409096,0.12083904,0.37558284,0.1598609,0.10749323
6564,0.127233,0.1469797,0.10304683,0.12917915,0.51644707,0.21770974,0.072728835,0.53076994,0.1363662,0.14765494,0.08431986,0.07958148,0.15076008,0.1355689,0.12071284,0.1313728,0.027237685,0.35874975,0.08792844,0.058086213,0.095823705,0.21544088,0.096002415,0.078441344
6565,0.1598475,0.17902224,0.08035171,0.112510696,0.3583419,0.16557713,0.12980047,0.45589864,0.11879724,0.1492811,0.064302176,0.0835333,0.20690703,0.10114056,0.068203814,0.16250663,0.009151717,0.18259805,0.13063478,0.027037347,0.08207652,0.24452904,0.099226624,0.06979631
6566,0.14181861,0.16409194,0.030346138,0.04505971,0.3620431,0.12158164,0.06210316,0.43006757,0.08815964,0.07788734,0.035507057,0.050313946,0.09755087,0.056601,0.039519235,0.0727642,0.0023359647,0.1590854,0.10566796,0.009210018,0.057914447,0.16339387,0.067663185,0.03907749
6570,0.5054946,0.37062195,0.0030612275,0.008159429,0.230408,0.23342526,0.0031126002,0.25524688,0.15422536,0.15820345,0.011326467,0.018445464,0.10039773,0.0038639233,0.008393266,0.12137907,3.1848151e-06,0.1129194,0.19219887,9.050857e-05,0.008848149,0.3334425,0.020555802,0.011959385
6573,0.24010909,0.2925188,0.14921011,0.14941336,0.42642996,0.21005318,0.13429654,0.35658714,0.21282873,0.22569126,0.11906203,0.14084654,0.26934025,0.15082051,0.1415306,0.14510502,0.03949275,0.22907515,0.22249627,0.07982242,0.1383614,0.23994525,0.16472459,0.14919792
6574,0.041364826,0.029604668,0.008942648,0.022806404,0.47182965,0.1250646,0.007821223,0.7121092,0.04404614,0.041811384,0.008435028,0.008595699,0.03554921,0.023138013,0.01474264,0.070268854,0.0001479455,0.49470073,0.012631185,0.0013429029,0.010518496,0.118519396,0.012720802,0.0051224
6579,0.26002598,0.24594064,0.0469511,0.07024253,0.25959158,0.15114655,0.15930158,0.37582597,0.13337688,0.13875164,0.03677423,0.089553826,0.23220193,0.05868423,0.034483626,0.09641643,0.00234792,0.10270816,0.199727,0.008330899,0.047372866,0.22964568,0.09953998,0.06017511
6581,0.06387488,0.07417479,0.02912065,0.04037142,0.52882755,0.1287602,0.024786595,0.53436506,0.069894984,0.082880825,0.027806003,0.028038684,0.07799664,0.038873244,0.044993978,0.08341879,0.0011679995,0.3934954,0.040759813,0.0060978574,0.022591054,0.15513505,0.036502425,0.019000057
6583,0.25891915,0.21231735,0.030854627,0.045898028,0.5683976,0.279597,0.018963862,0.37154368,0.13880324,0.14772737,0.043285675,0.046224564,0.1356134,0.040950958,0.06594131,0.12546352,0.0012056223,0.2800219,0.123380154,0.008356908,0.046735547,0.32432854,0.059191365,0.041676644
6585,0.09028717,0.08695794,0.04753492,0.061624307,0.4897936,0.18246005,0.025236728,0.5965903,0.09006374,0.111367896,0.05164864,0.038606767,0.14799944,0.07317886,0.079787426,0.14253944,0.003660984,0.50349325,0.042133518,0.012945934,0.038029093,0.28098035,0.057322346,0.02866451
6588,0.5567812,0.4406789,0.02347045,0.02705571,0.26279783,0.36129844,0.03244883,0.21818945,0.20295121,0.22017604,0.034779336,0.07466597,0.4242563,0.020159718,0.03759819,0.3933263,0.00011734076,0.13258532,0.31085446,0.0008936078,0.024593977,0.6413969,0.1036925,0.030370304
6591,0.14402287,0.066838235,0.0054368405,0.012533296,0.20393912,0.16588555,0.011252141,0.3977204,0.032715105,0.06645436,0.0058945385,0.012795618,0.24503505,0.011282797,0.0096738245,0.17488247,1.3787316e-05,0.1711067,0.04754768,0.00017198297,0.0032337015,0.35093844,0.024395457,0.0041700774
6599,0.35176826,0.31589785,0.0098039,0.018803846,0.14072406,0.1355053,0.06342412,0.29437202,0.10826807,0.120356925,0.0122229885,0.060609154,0.18922654,0.014168575,0.00824027,0.10638418,3.6954163e-05,0.04704442,0.25893903,0.00035574916,0.016385669,0.22052617,0.057478644,0.029004565
6600,0.13067782,0.1355381,0.10194852,0.1177966,0.4978401,0.19519831,0.08306172,0.4863153,0.13418332,0.1496119,0.080152795,0.06712587,0.15708049,0.12216787,0.09328813,0.12799524,0.02140957,0.35691956,0.09316033,0.046192113,0.096901566,0.21822144,0.09310316,0.07395293
6602,0.16516088,0.16169833,0.058529172,0.09283725,0.36335975,0.18873613,0.09047129,0.5072996,0.12426526,0.108426854,0.05741155,0.07618545,0.11648819,0.08629359,0.06673169,0.11177691,0.0067749145,0.20357776,0.11305337,0.021930112,0.063300155,0.19974625,0.09597864,0.056591153
6609,0.68219745,0.30756924,0.0015833714,0.0023430733,0.1096486,0.3604939,0.0031348001,0.20910399,0.06331553,0.118919894,0.002091289,0.0072134575,0.3726867,0.0015335995,0.003678058,0.192183,1.3347692e-07,0.045760717,0.1951013,7.0337046e-06,0.001142313,0.6672199,0.013281514,0.0028109525
6610,0.17994618,0.13983503,0.027085686,0.042114034,0.43719923,0.24388045,0.02685523,0.45416844,0.09651743,0.0989277,0.028679138,0.03468009,0.09740282,0.030119276,0.049876317,0.09478679,0.0009530958,0.190968,0.09509098,0.0059643984,0.03698027,0.26369536,0.041126758,0.030511571
6612,0.16578871,0.17968127,0.15630004,0.19794062,0.5065967,0.2549154,0.14373833,0.5376905,0.1676959,0.16943905,0.13525173,0.13071188,0.17554148,0.18422168,0.14794515,0.16608156,0.062264584,0.29656687,0.14549994,0.11972557,0.16452287,0.23627488,0.15654768,0.1261697
6614,0.15176603,0.14447367,0.10981333,0.14088571,0.43619493,0.24145675,0.09243846,0.5552522,0.13376108,0.13564341,0.09139834,0.08186637,0.1532521,0.12801932,0.105621025,0.15250099,0.02319734,0.2973492,0.10651008,0.05388719,0.1109914,0.25630325,0.10635982,0.08184682
6616,0.2859284,0.25527838,0.06059923,0.103131756,0.30774835,0.26741314,0.10220013,0.48037675,0.1557803,0.17609096,0.06228244,0.1129595,0.21611394,0.078361675,0.059819046,0.15383258,0.0039593694,0.20944212,0.16934545,0.01606044,0.06372108,0.31833535,0.10145628,0.07590236
6617,0.21065772,0.21656291,0.1624233,0.18211912,0.42967823,0.26010567,0.18319643,0.47627145,0.1830821,0.17577426,0.11635646,0.12876341,0.21038844,0.17531045,0.14908479,0.1648326,0.057825238,0.27872783,0.16384389,0.097359665,0.14627117,0.25624147,0.14167325,0.12758203
6619,0.09131066,0.08740822,0.02313592,0.03992881,0.42810118,0.15049644,0.024140744,0.55621135,0.07702823,0.07326247,0.026778586,0.026215842,0.07919988,0.03973199,0.03955587,0.09754273,0.0006290358,0.32245252,0.051680624,0.0049989964,0.024835126,0.20816088,0.040016487,0.021235537
6626,0.13134494,0.12927166,0.019674003,0.04322452,0.38835847,0.11737441,0.07831457,0.43768522,0.08467122,0.09024467,0.022457276,0.03828021,0.11037415,0.044751767,0.026031561,0.08330384,0.0008174419,0.19234307,0.10066428,0.004801142,0.032624837,0.1498676,0.04857673,0.02707055
6628,0.04815696,0.053907514,0.011612907,0.031132434,0.32190457,0.12440841,0.02287984,0.65385413,0.04350933,0.06729697,0.015697673,0.016604807,0.10155633,0.034966353,0.0243663,0.09703347,0.00034376915,0.3705785,0.024366505,0.0020963207,0.013101076,0.17298031,0.020961648,0.008590377
6629,0.050802927,0.050451215,0.02043493,0.055848923,0.4045805,0.14189944,0.03672919,0.7056216,0.057380866,0.07574011,0.026688661,0.03125222,0.09887206,0.052825592,0.035700366,0.12722515,0.0008414788,0.46049568,0.025997125,0.004710923,0.019946255,0.19815885,0.027663078,0.013805891
6631,0.24258305,0.22403958,0.050601885,0.07313739,0.3163344,0.19720732,0.09621302,0.43132982,0.112479396,0.13358675,0.04802683,0.073121175,0.23022358,0.067960165,0.06438264,0.15727618,0.0030546742,0.15387917,0.20335203,0.012052497,0.05402291,0.28833377,0.115787975,0.06455762
6633,0.14350165,0.18600984,0.1311006,0.15346172,0.4261169,0.20033886,0.16722624,0.48725063,0.16297077,0.15578286,0.110688955,0.12228714,0.16251561,0.16243696,0.117019996,0.16540928,0.042860333,0.24531457,0.13821006,0.08255407,0.14281604,0.19317113,0.13853675,0.117027245
6635,0.28490457,0.11135622,0.0024068453,0.0065192985,0.30249736,0.25761187,0.002575678,0.47496945,0.057595957,0.07793557,0.0052089454,0.00873499,0.1197956,0.004236408,0.008352784,0.10306191,1.6068652e-06,0.22669469,0.050800096,4.9445272e-05,0.0022557438,0.58133817,0.0128020905,0.0032840127
6638,0.17353727,0.089819275,0.0011889164,0.005465375,0.10472624,0.12574929,0.01719797,0.44384155,0.021765554,0.04044919,0.001455605,0.009200441,0.07542072,0.0028311769,0.0017615401,0.030682605,8.959146e-07,0.033261478,0.06396263,2.8561215e-05,0.0018018289,0.18303001,0.0085078785,0.00265349
6640,0.20812151,0.22387822,0.095941365,0.13173315,0.35194844,0.22163731,0.14860725,0.48980224,0.15726621,0.17716147,0.100405715,0.12666497,0.21547134,0.13831891,0.09559424,0.16865495,0.017455138,0.23200628,0.18410434,0.04485297,0.11702209,0.28024057,0.1532787,0.10666224
6642,0.17976569,0.15194681,0.010827601,0.022313664,0.28047183,0.12362066,0.028718827,0.3750948,0.07849574,0.08338799,0.012196464,0.024590809,0.13628474,0.015607093,0.016818218,0.1035239,0.00011400829,0.14040253,0.09153005,0.0010884528,0.012084875,0.22532286,0.033621456,0.0152746355
6643,0.0740383,0.03290191,0.0005462694,0.0031762344,0.29235834,0.10056661,0.0039539216,0.67304796,0.022011222,0.027808517,0.00181966,0.00321017,0.025620583,0.002890686,0.001954796,0.051649574,1.9486376e-07,0.26732075,0.02435728,1.616068e-05,0.0014609174,0.1625674,0.0040410226,0.0010977585
6644,0.044970542,0.05132096,0.0059370864,0.010358714,0.4710444,0.07660951,0.0020021305,0.40167713,0.032148853,0.06125896,0.00738548,0.006685804,0.080071524,0.014224351,0.012691881,0.063701816,4.844219e-05,0.53200436,0.017174551,0.000399251,0.0049643223,0.17115776,0.011281447,0.0037346394
6645,0.13739234,0.13066736,0.028726103,0.049150027,0.43178573,0.18450333,0.034680285,0.54967415,0.08065184,0.085320115,0.032358468,0.043010212,0.10640647,0.04441581,0.05460603,0.12042433,0.0013364014,0.31069902,0.06412369,0.0066074813,0.038612153,0.29046288,0.055405606,0.028172152
6650,0.067249455,0.07480369,0.016387831,0.04233293,0.3401385,0.09092918,0.04001667,0.545055,0.052923985,0.04993498,0.021479608,0.026257165,0.075813,0.03475039,0.01940984,0.059028808,0.0007173127,0.23666576,0.051197026,0.003500172,0.021945603,0.13066255,0.039613694,0.01716874
6652,0.033268847,0.028776858,0.002048125,0.005630949,0.44550714,0.08961459,0.0011724131,0.61538327,0.028569052,0.045310684,0.0045522093,0.003489967,0.046779074,0.006620709,0.0067213774,0.07507066,4.8368106e-06,0.62713194,0.0081247855,9.421156e-05,0.0021492958,0.1739314,0.006526984,0.0015663226
6655,0.20294937,0.23842649,0.07948811,0.10864418,0.39354146,0.1999448,0.096827276,0.41679627,0.14109443,0.16193667,0.07270248,0.09373977,0.19716406,0.09918266,0.07423835,0.12513058,0.01053253,0.20258637,0.1647856,0.034900505,0.090144604,0.23682539,0.1096816,0.09339099
6656,0.19931798,0.15889923,0.008359283,0.016364297,0.18281212,0.1504183,0.032822445,0.37818697,0.0727375,0.10431486,0.00886216,0.03524987,0.191606,0.011085326,0.01138492,0.107553974,3.7112277e-05,0.07609027,0.12219402,0.00029112265,0.010254395,0.27927762,0.03642531,0.011982097
6659,0.036560502,0.028075282,0.002963636,0.013374262,0.4295255,0.14428005,0.0047082184,0.75303185,0.020943841,0.033508986,0.0076252613,0.0056103477,0.028362246,0.011217334,0.007851278,0.06983187,1.7122e-05,0.33050084,0.014294056,0.00038139295,0.007393192,0.13846286,0.0076542976,0.0032782196
6665,0.16978952,0.1497199,0.042760566,0.06483103,0.4361813,0.24620244,0.043900404,0.52599406,0.11956152,0.11912201,0.04210722,0.045442704,0.12316101,0.05748377,0.05327682,0.12756506,0.0022616293,0.2402593,0.08326425,0.012808093,0.052618828,0.27309635,0.061205693,0.044851933
6667,0.4021613,0.24987647,0.053531397,0.06662193,0.34641925,0.34546128,0.073992275,0.45667017,0.18860152,0.179962,0.0576866,0.08342758,0.22602518,0.056357667,0.078040205,0.23225492,0.0022359362,0.20650522,0.19018608,0.011818538,0.06791465,0.4302204,0.108218014,0.07644438
6668,0.1674883,0.17013535,0.025829997,0.044278916,0.27597362,0.17711769,0.040023744,0.54522073,0.095649995,0.14824903,0.02665433,0.039459653,0.22972485,0.04858302,0.041655023,0.108784944,0.00077726785,0.20703644,0.102561675,0.0035891794,0.022878699,0.3216375,0.053236518,0.025787521
6674,0.082202666,0.044640742,0.0060114604,0.02152353,0.3182439,0.19543481,0.006305801,0.67008674,0.02992381,0.052422065,0.009293644,0.00789132,0.108114794,0.01420448,0.016947573,0.13133757,4.1842857e-05,0.3915064,0.021752432,0.00046836535,0.005202997,0.33844933,0.0138503015,0.004841105
6675,0.22805035,0.22183707,0.08539623,0.09567842,0.49389175,0.24466482,0.07647027,0.4002143,0.19069609,0.15476009,0.063712075,0.080031596,0.16730252,0.086467125,0.12103352,0.11150961,0.011571352,0.27580562,0.14180072,0.032695573,0.08292334,0.24583685,0.08550202,0.0803635
6677,0.081121765,0.08304686,0.024036499,0.049740624,0.4777752,0.14933527,0.034654263,0.600651,0.06049793,0.06173338,0.032201275,0.030189833,0.064025946,0.0590911,0.040486164,0.08032653,0.0019428484,0.29231912,0.041556932,0.009755433,0.036845453,0.15108085,0.037447117,0.024561431
6683,0.17363185,0.16032796,0.044027675,0.073987044,0.2704142,0.18640816,0.1295383,0.523017,0.10680183,0.12640738,0.041955866,0.06955506,0.20376895,0.071589395,0.04857025,0.21857662,0.0024140715,0.17615579,0.11866646,0.010687787,0.052151456,0.26928937,0.100797705,0.046033673
6687,0.2133551,0.21976173,0.045638774,0.07004184,0.32692024,0.22633442,0.060041424,0.44696033,0.13291748,0.13894601,0.04410436,0.06492367,0.1356102,0.058784984,0.054019045,0.12192913,0.0026264582,0.169117,0.13927744,0.012720683,0.058036555,0.27312064,0.06705074,0.05578274
6694,0.10645909,0.10538111,0.03416058,0.05030179,0.43306231,0.1685736,0.031125879,0.50171554,0.08465506,0.07410861,0.031938225,0.031997368,0.0639119,0.044875205,0.048152827,0.06746729,0.0026384366,0.23287652,0.061766203,0.013423568,0.048651643,0.14717963,0.040452976,0.02872003
6698,0.12831639,0.08003676,0.00048041332,0.002880291,0.18823543,0.1427188,0.004205661,0.637089,0.016540257,0.02472903,0.0013719283,0.004100529,0.053291906,0.0015388685,0.0014770532,0.05136964,1.5570903e-07,0.0994357,0.037876416,1.0368891e-05,0.0009918918,0.25662214,0.0055419984,0.0011429426
6701,0.20044538,0.17630447,0.057804544,0.08872098,0.37542355,0.19807222,0.08972038,0.44327924,0.11126023,0.11876061,0.05280931,0.0644848,0.16258866,0.08302452,0.06428728,0.09704137,0.007352672,0.19367239,0.12217732,0.022600202,0.062518865,0.25126976,0.09407457,0.063178554
6704,0.06934204,0.08155988,0.017598996,0.036933325,0.4077174,0.14168073,0.016643759,0.6102756,0.0733875,0.11282603,0.023239356,0.021405296,0.13928425,0.039697215,0.03635268,0.09819596,0.00061715423,0.45738867,0.035644688,0.0032421304,0.01958515,0.18003477,0.029326783,0.013744292
6707,0.06948397,0.05734768,0.0008886254,0.005992275,0.19203238,0.05546318,0.028222276,0.6388464,0.017250648,0.01542406,0.0025053862,0.006851752,0.030844146,0.0033903162,0.0021102268,0.025057383,1.8783143e-06,0.064716935,0.03550917,4.173028e-05,0.002307562,0.086538695,0.010939396,0.002709647
6708,0.010620578,0.00917922,0.0032003603,0.009193163,0.44382817,0.05837481,0.0021901054,0.7827421,0.012622744,0.021578623,0.004510739,0.002495402,0.039491415,0.015573715,0.008087951,0.035370506,3.1389336e-05,0.64500254,0.0027454551,0.00037319548,0.0021824192,0.1020078,0.0051251543,0.001290884
6709,0.05365869,0.052736573,0.004190243,0.01425888,0.47205412,0.13344474,0.005589104,0.62231386,0.037021454,0.042707164,0.0077783866,0.0089815315,0.036320724,0.010741296,0.011692636,0.053298112,3.156154e-05,0.28143224,0.025413746,0.00054274156,0.0080891065,0.15762065,0.013161689,0.005417344
6710,0.07115292,0.04404768,0.0017372527,0.006918175,0.27529532,0.08459887,0.0036531533,0.62094784,0.03302105,0.040353335,0.0031158451,0.004791866,0.06605632,0.0050265137,0.005141782,0.050876904,3.3844642e-06,0.27383092,0.019768957,6.9713096e-05,0.002394012,0.20994553,0.008695109,0.0019626978
6716,0.18737511,0.17713067,0.03447572,0.0750315,0.25357255,0.16135824,0.12666723,0.43231446,0.09082187,0.10403305,0.025841963,0.054720562,0.14691275,0.057897236,0.034248184,0.09832052,0.002032955,0.10711818,0.123721115,0.007921106,0.03278177,0.17248921,0.071088955,0.041655242
6721,0.13709599,0.14643267,0.04515548,0.06302863,0.37504202,0.18154716,0.056206554,0.5203682,0.09542385,0.10821528,0.048490036,0.057636254,0.1700266,0.06501341,0.063717015,0.14950487,0.002873009,0.24223727,0.11967076,0.011119198,0.048150524,0.2767341,0.084144056,0.041297067
6722,0.2567796,0.24123819,0.13397996,0.14844123,0.4013628,0.24883328,0.15901226,0.4335577,0.19406557,0.19126208,0.10390891,0.11357302,0.23398575,0.14852868,0.13608381,0.17084181,0.034622215,0.2412669,0.19078502,0.070114896,0.12851126,0.28483433,0.13933961,0.12632614
6731,0.16663411,0.09252595,0.0014977198,0.006967156,0.26394814,0.1184895,0.0038283826,0.459433,0.034386367,0.036949493,0.0017931047,0.005891675,0.05054518,0.0032162978,0.004162884,0.026367063,2.0388654e-06,0.12069099,0.037985366,5.968957e-05,0.0020284469,0.16140479,0.0071564703,0.0030018943
6732,0.32760224,0.26618525,0.08257145,0.10952969,0.38358724,0.2837735,0.12390844,0.42950818,0.18732779,0.1925961,0.07938054,0.114160314,0.21312676,0.11145265,0.115292095,0.17006765,0.00964312,0.21606714,0.21976577,0.033504657,0.09632143,0.35760778,0.12522924,0.11029535
6736,0.14891236,0.15535168,0.03563019,0.05741331,0.47775036,0.2003729,0.050252046,0.52697086,0.137661,0.112798415,0.035688825,0.05293853,0.0836712,0.065247,0.054855675,0.089900665,0.0022673781,0.25520444,0.091221854,0.013209712,0.05709892,0.20004909,0.056800168,0.043189272
6737,0.14443915,0.1605597,0.08466417,0.12992753,0.33668804,0.18002556,0.21456371,0.5211204,0.12221707,0.121457875,0.07455153,0.110079154,0.1679843,0.13763893,0.077621676,0.14515124,0.017401531,0.18768097,0.13928299,0.0409549,0.103328094,0.18258943,0.127761,0.08392192
6738,0.007615828,0.0050360328,2.824835e-05,0.00023807478,0.38648665,0.0280914,0.00010069844,0.8009901,0.0025958605,0.0037681733,0.000116543786,0.00013172395,0.0055728806,0.0003003637,0.00029028673,0.00951848,2.5150007e-09,0.3852206,0.0010095013,4.6847353e-07,8.582992e-05,0.07510126,0.000271589,4.3459222e-05
6744,0.23024486,0.24855623,0.14650327,0.17461677,0.36666286,0.20998204,0.2847514,0.45235956,0.19914624,0.19398695,0.113293946,0.17906795,0.23599014,0.17582636,0.11659693,0.19506007,0.035552014,0.21059364,0.22260655,0.073715106,0.15685861,0.22514553,0.18308358,0.14506783
6748,0.21718913,0.24435674,0.06595622,0.08790672,0.38957328,0.20578343,0.08822324,0.41795796,0.14580645,0.15498699,0.05952111,0.07952947,0.17624646,0.082373925,0.069623195,0.11931758,0.005707942,0.20529422,0.1667002,0.021020198,0.06943395,0.23887339,0.09151077,0.07214049
6755,0.14829937,0.13054544,0.022225356,0.041844174,0.44427148,0.15532836,0.036604308,0.455348,0.07353633,0.081821434,0.021690652,0.032916635,0.10690516,0.035144407,0.02921319,0.062128562,0.0008181908,0.23077413,0.07391101,0.004409805,0.020122519,0.20382571,0.04036651,0.02392211
6763,0.09904865,0.08360773,0.006765404,0.014475608,0.2654794,0.14966644,0.0075945407,0.56874657,0.03684086,0.05654276,0.010627383,0.011465144,0.0867567,0.012739699,0.011396573,0.0633301,4.031181e-05,0.17402358,0.05475008,0.00070518546,0.011052739,0.25831628,0.018707776,0.00832684
6764,0.07948618,0.03179673,0.00021253445,0.00094427215,0.44411883,0.10094451,0.0004625551,0.5630746,0.007306415,0.010659891,0.00054291484,0.00071575516,0.02691645,0.00081025413,0.0015420619,0.012959244,6.1039536e-08,0.19268335,0.007962391,5.683964e-06,0.0003145735,0.24809434,0.0016262886,0.00038764774
6766,0.19834301,0.17102177,0.048819046,0.07177565,0.434573,0.24513334,0.05458814,0.53522134,0.13500711,0.11761731,0.04663397,0.06094144,0.13059697,0.059252806,0.057740327,0.14062107,0.0025694638,0.2628909,0.100739986,0.014291409,0.07129786,0.27340543,0.07352398,0.054922935
6767,0.1975006,0.21768092,0.09485385,0.12116584,0.4208021,0.19780158,0.11104194,0.4725692,0.16125722,0.13531521,0.07929926,0.105414286,0.15781642,0.117516115,0.10486693,0.13051227,0.020059995,0.24798806,0.1573004,0.050762672,0.108842306,0.23472759,0.13121009,0.09402671
6770,0.1049872,0.081454694,0.017175943,0.04511878,0.42768282,0.18413882,0.023969859,0.61820793,0.07645414,0.071951196,0.029654466,0.026433751,0.0701943,0.04045606,0.0314591,0.08945849,0.0008036715,0.29823852,0.061314043,0.005189834,0.03429728,0.19725098,0.036593717,0.021149848
6775,0.09877904,0.06755621,0.014103306,0.032294616,0.34235173,0.1929958,0.02048305,0.57755935,0.06698237,0.06866515,0.021713983,0.022422144,0.08418287,0.029465886,0.023232494,0.10810828,0.0002838114,0.3527022,0.047466148,0.0029010347,0.018678328,0.22177193,0.03100153,0.014222411
6776,0.19046234,0.18363841,0.024723712,0.037885755,0.47371432,0.12384246,0.034623772,0.39800647,0.108114585,0.0887218,0.031017382,0.036739726,0.09682746,0.035918076,0.041364577,0.07829603,0.0010778747,0.16259012,0.120274425,0.008348319,0.04171513,0.20950639,0.07010934,0.044694513
6777,0.20012628,0.11858503,0.016245829,0.036409963,0.31041473,0.31299058,0.023712646,0.54444647,0.088517934,0.08152304,0.02644036,0.03297141,0.1079454,0.026896363,0.03152904,0.15484321,0.0002355999,0.3082883,0.0838828,0.0016281417,0.020017795,0.42609924,0.036058154,0.018353196
6780,0.061943028,0.048400905,0.0020571856,0.012218561,0.36799267,0.1397664,0.0062980647,0.63631153,0.027306026,0.030780815,0.006647583,0.007018162,0.027064819,0.0094425175,0.004585827,0.0465811,9.887136e-06,0.21524784,0.027638385,0.00023058255,0.006687745,0.14735708,0.00887044,0.00451507
6783,0.1276881,0.07709064,0.0016870066,0.0065239943,0.2783111,0.16085972,0.0037466558,0.52802,0.027808156,0.052959777,0.0038674213,0.0067626876,0.091039285,0.005419999,0.005848885,0.052496213,2.3461928e-06,0.19014049,0.038737476,5.708173e-05,0.002077047,0.306035,0.006996652,0.0034383456
6787,0.08534828,0.10460782,0.044845212,0.055358283,0.55007255,0.13516523,0.031028595,0.45397973,0.08600383,0.075462356,0.031884734,0.033186827,0.08519929,0.061227657,0.051640008,0.060556408,0.0043716347,0.27281532,0.060567636,0.017336654,0.047440648,0.14051102,0.054343555,0.035441753
6788,0.2108281,0.21153446,0.10394706,0.11240241,0.46377027,0.21888307,0.09002358,0.44428053,0.17616099,0.16680606,0.091010235,0.08999868,0.18197295,0.11713969,0.12863645,0.14774184,0.0202193,0.24286087,0.1564693,0.052384377,0.12585424,0.27787375,0.12335267,0.096013896
6789,0.18612315,0.17758493,0.04105859,0.094461665,0.2894529,0.19402783,0.11038883,0.5304242,0.11182239,0.10845301,0.042491928,0.07231858,0.13718824,0.0704674,0.043835826,0.09925169,0.0038585663,0.1541232,0.13890262,0.016974779,0.06102367,0.22136569,0.084781654,0.06492321
6793,0.19330913,0.18832734,0.07588619,0.10094522,0.41525573,0.22212414,0.08818086,0.44555533,0.11464724,0.12550192,0.058205236,0.06757554,0.21991852,0.08672284,0.08036138,0.11928245,0.009114704,0.22396725,0.13449153,0.026099794,0.064442955,0.27193347,0.10762249,0.06948124
6796,0.08355393,0.08220201,0.009817718,0.018103372,0.61390865,0.114220574,0.007672284,0.43449584,0.058793176,0.052068844,0.012729488,0.011022938,0.042399548,0.01559098,0.021137724,0.0575931,0.00015597268,0.20532364,0.045957033,0.0023806093,0.020595472,0.12299214,0.02042077,0.011602408
6799,0.03906734,0.030695135,0.001080937,0.0061391513,0.25391817,0.09162384,0.004654427,0.6565607,0.020803252,0.031892065,0.0020920457,0.003418549,0.037103113,0.005127666,0.0026750192,0.035806257,1.5101007e-06,0.2535425,0.012033348,4.010567e-05,0.0014045165,0.118031874,0.004834895,0.0012173773
6801,0.15798663,0.1789925,0.14245361,0.18053484,0.44503325,0.2319899,0.1595603,0.5376895,0.16078097,0.15610337,0.121074684,0.11830914,0.18820061,0.18132977,0.13501443,0.18831293,0.05142766,0.31456164,0.14328432,0.09820066,0.14954507,0.23155975,0.15474081,0.120464385
6806,0.12887195,0.10273625,0.0019166543,0.0050711213,0.3887489,0.14032759,0.001950281,0.4254279,0.050065074,0.09524911,0.0033826027,0.0057444726,0.09004041,0.0038323523,0.005778759,0.0550307,1.8402552e-06,0.3019428,0.035819598,6.641595e-05,0.0023527255,0.24720892,0.008186346,0.0031630683
6807,0.15269776,0.1570908,0.114543416,0.14720424,0.4863167,0.2240429,0.12963155,0.5255879,0.17260404,0.1708337,0.09809535,0.098411486,0.1546501,0.16854177,0.116896,0.1427992,0.03178118,0.32938194,0.13133954,0.07031973,0.1350048,0.21292144,0.11123462,0.10163249
6809,0.055711053,0.036590874,0.008964159,0.016591644,0.47319838,0.15368089,0.007640334,0.6216901,0.03738971,0.042049855,0.010170695,0.008201939,0.056101736,0.017592484,0.020862743,0.05964842,0.00013693655,0.36723503,0.019198464,0.0014180258,0.009940065,0.19475012,0.010936622,0.0061927587
6812,0.0780873,0.037183978,0.0043795323,0.008060089,0.6041647,0.2267868,0.0013312307,0.5265288,0.051686462,0.065164044,0.0058981106,0.0038721787,0.03853186,0.007464426,0.010015003,0.081838146,1.05134395e-05,0.45215937,0.013978208,0.00023454941,0.005021641,0.24221186,0.005161278,0.0028100933
6813,0.23761995,0.1891567,0.012283847,0.019451723,0.33112422,0.21147256,0.02084904,0.3763411,0.073130794,0.12959191,0.015773172,0.029147368,0.15486453,0.01807489,0.023834817,0.108311675,0.00010542524,0.16508456,0.11109993,0.0009733351,0.015527158,0.26644233,0.036347456,0.016661078
6816,0.153016,0.13804053,0.051279582,0.06824421,0.50288284,0.21741465,0.054043014,0.5041646,0.11856056,0.118015304,0.054937486,0.05464746,0.09905904,0.07196735,0.06850855,0.1067257,0.004463537,0.27273065,0.09503061,0.020515196,0.06994097,0.21952124,0.07555029,0.05357642
6819,0.021639898,0.019725181,0.0030480162,0.006300858,0.4015414,0.073070444,0.0021326258,0.63781285,0.020284403,0.043335713,0.0037900314,0.0030025628,0.06578704,0.01033201,0.00873264,0.062440988,1.0879594e-05,0.49859807,0.005289419,0.00016826822,0.002121284,0.1737507,0.005070955,0.0015851822
6823,0.078001216,0.07428537,0.0059132692,0.017330568,0.30592284,0.08065365,0.024532307,0.4702517,0.040713552,0.050847325,0.0049699694,0.0128249,0.0772967,0.015615031,0.011056637,0.031004325,7.469521e-05,0.12451975,0.02946888,0.000562741,0.007039022,0.10560249,0.014117854,0.0059280316
6833,0.10255496,0.08585021,0.0026348212,0.009050592,0.24902451,0.14346956,0.007110193,0.5665033,0.033232704,0.04096777,0.0065525426,0.00962174,0.07951525,0.006921465,0.008658831,0.059415106,1.25941e-05,0.1486953,0.05063914,0.00017657065,0.0049768244,0.26533175,0.017487274,0.00509158
6834,0.20788069,0.16837527,0.022595227,0.058711983,0.36003515,0.25198448,0.033172175,0.593503,0.0997207,0.11860758,0.04046723,0.039507017,0.1320686,0.04429629,0.040005285,0.0983546,0.00086238177,0.29288608,0.08728119,0.005816904,0.027239555,0.34123567,0.052464455,0.03554048
6841,0.023898205,0.0061022113,2.5991141e-05,0.00019856173,0.42410153,0.05357534,3.6329395e-05,0.68612033,0.0019442369,0.0029336978,7.409411e-05,9.087326e-05,0.003054898,0.00018793052,0.00030946807,0.006901749,1.031119e-09,0.26007542,0.0012789263,4.446782e-07,5.2609965e-05,0.090903684,0.00023184952,3.6603637e-05
6846,0.15490131,0.112304084,0.011523436,0.0207616,0.42204738,0.27158767,0.007512746,0.54047394,0.06551113,0.12896459,0.025681429,0.020080628,0.11071047,0.018274425,0.023690222,0.11153416,0.00012024811,0.3595267,0.055465356,0.0012299189,0.014073885,0.35281882,0.020831281,0.012906165
6852,0.11541439,0.094763644,0.005088407,0.020003367,0.2097372,0.100055,0.021011522,0.5495348,0.03711441,0.061502736,0.010242491,0.01777353,0.08246211,0.013244647,0.007416797,0.06872481,3.8944185e-05,0.15539332,0.051186014,0.0004027992,0.008104095,0.17898211,0.030686706,0.008412878
6863,0.23281321,0.27164486,0.18747687,0.19982973,0.39792725,0.2338038,0.22372982,0.4357781,0.22172442,0.2068836,0.1496973,0.1796869,0.24293126,0.19574736,0.16613328,0.20075068,0.077589355,0.24321951,0.2234598,0.12522747,0.19097553,0.256271,0.20689614,0.17450923
6868,0.1751355,0.19214492,0.048506234,0.06748884,0.4737456,0.17504595,0.05593922,0.4370581,0.14271455,0.12329631,0.047251537,0.058917332,0.09806971,0.067041,0.06186147,0.13306454,0.0036728233,0.23910463,0.121934205,0.016629538,0.08543478,0.1870099,0.0812982,0.05565391
6869,0.070259854,0.05864535,0.0029473258,0.008116228,0.33538952,0.12773435,0.0049172817,0.606612,0.030691616,0.037180502,0.0051825494,0.008308502,0.048790365,0.0068885647,0.0066820686,0.053698633,8.771831e-06,0.19449607,0.029844636,0.0001493879,0.0050655715,0.20946138,0.010532228,0.0039833467
6872,0.03744459,0.0359574,0.015059305,0.030779853,0.5294377,0.12969929,0.011329767,0.6817429,0.04006194,0.06311315,0.02060325,0.01308694,0.08854499,0.039821826,0.03713989,0.08501207,0.0006020872,0.5500114,0.015125649,0.0044519072,0.015377336,0.18286648,0.017915623,0.00906604
6873,0.14297587,0.13622232,0.043955963,0.06395841,0.41394415,0.19209746,0.064673334,0.5026509,0.101356246,0.088921435,0.034428608,0.04959087,0.10066775,0.054921173,0.051084224,0.074730895,0.0037427368,0.18639202,0.09067231,0.014515007,0.052960936,0.19711787,0.061580945,0.03864845
6881,0.35398287,0.21300358,0.02903875,0.03943554,0.42855373,0.37477967,0.027539495,0.4486291,0.16987017,0.1503293,0.044023428,0.04486695,0.14048563,0.02858386,0.052956954,0.22700882,0.00048480264,0.2242946,0.17399469,0.0043836017,0.03937238,0.49013242,0.06717197,0.040408853
6882,0.32412168,0.25325233,0.059520792,0.09286722,0.33917588,0.31758863,0.083095096,0.44096872,0.16120423,0.18995976,0.055655815,0.08056222,0.21050186,0.06372428,0.075366445,0.17207648,0.0033676445,0.1745858,0.18575796,0.014859238,0.06317726,0.372728,0.09241737,0.06857707
6891,0.09313433,0.12307712,0.069523044,0.09590082,0.4674119,0.15624852,0.065843634,0.5496395,0.101107165,0.105991654,0.05770022,0.058222163,0.12307193,0.104465626,0.08669024,0.111303166,0.01316608,0.32297975,0.068191834,0.03220129,0.07229644,0.1878478,0.07912089,0.05017917
6892,0.15810236,0.1739784,0.1252338,0.16457506,0.4722399,0.24915265,0.1291339,0.5695157,0.16924374,0.15851136,0.11433284,0.107887015,0.16812705,0.16260852,0.11911363,0.16947754,0.03917996,0.30545476,0.12902404,0.08464906,0.13911423,0.24960989,0.12755,0.116535634
6893,0.31089804,0.31388834,0.07703834,0.0949112,0.27689132,0.2152168,0.13799442,0.3844068,0.17705025,0.20007364,0.0599885,0.11865824,0.32047495,0.08549756,0.07508584,0.18189497,0.004768487,0.13863893,0.2856377,0.015298702,0.06807619,0.34453425,0.14733046,0.07870213
6894,0.37871152,0.24963847,0.0044814143,0.009699445,0.20969267,0.17937629,0.022178877,0.2781668,0.098938294,0.0867492,0.005928821,0.022881508,0.14373748,0.006183313,0.007708778,0.05809041,1.143609e-05,0.050741542,0.17230225,0.00017091238,0.007003278,0.287344,0.024016133,0.012213791
6895,0.08959409,0.059373748,0.007947511,0.018419651,0.41314566,0.13151291,0.015341718,0.49851805,0.053381987,0.04378344,0.009117818,0.012635795,0.038073573,0.013821618,0.010118188,0.062262733,7.101737e-05,0.1345006,0.03822069,0.0010063444,0.016717529,0.14836013,0.019202568,0.008177898
6898,0.24580918,0.25222453,0.22862129,0.24657995,0.43092197,0.28245273,0.26314312,0.4804737,0.23657301,0.2292484,0.19127105,0.20606491,0.25120983,0.24557753,0.20832065,0.22979045,0.12286814,0.28488305,0.2311371,0.17841235,0.23473804,0.28167257,0.22984993,0.20302355
6900,0.041032005,0.016170835,7.423994e-05,0.00034811907,0.4921576,0.13429861,0.000100102174,0.6023443,0.006038232,0.013726334,0.00034723603,0.0004549925,0.01143176,0.00038511652,0.0009485269,0.030263526,4.212379e-09,0.2436202,0.003794263,8.457124e-07,0.00031236678,0.22546586,0.0006854024,0.00010294139
6905,0.042444933,0.05548025,0.0097328,0.025092442,0.37360883,0.11891997,0.014554854,0.6915628,0.03549358,0.058380697,0.012005983,0.010703892,0.08433282,0.02382673,0.015385671,0.074778266,0.00019013612,0.27591968,0.020820891,0.0018245566,0.013509679,0.17658655,0.019166788,0.008828263
6907,0.123879746,0.11465198,0.013929473,0.027096754,0.30373737,0.123581484,0.020697897,0.45047063,0.059732385,0.082478404,0.014759245,0.021699969,0.14451581,0.021750098,0.02477863,0.10112396,0.00020448232,0.2146317,0.061586104,0.0017984932,0.0128338635,0.25620875,0.035679452,0.012818992
6910,0.15943928,0.12750097,0.0068521863,0.015631553,0.40968204,0.17509407,0.011131121,0.5323067,0.06764012,0.07906168,0.011414524,0.016529221,0.071285866,0.010601128,0.012505417,0.06460088,3.106033e-05,0.18093634,0.06712448,0.00062913774,0.013244634,0.22663915,0.019431742,0.011676529
6917,0.30988327,0.2610906,0.04553107,0.05741287,0.38854504,0.276012,0.04095343,0.38866037,0.16287418,0.21102919,0.047997523,0.0660192,0.27467835,0.04625189,0.073195316,0.19635755,0.0013232165,0.23447283,0.20985863,0.0072850036,0.040145934,0.39087847,0.089531355,0.048381735
6919,0.101813495,0.107664764,0.0076654763,0.017433455,0.35475966,0.10051382,0.024070388,0.53791976,0.051820144,0.06000439,0.008410392,0.018305492,0.07594884,0.017979516,0.014034623,0.056694206,8.485108e-05,0.18459809,0.050560363,0.00091372564,0.013550077,0.13932492,0.023362461,0.010024937
6924,0.1093833,0.1301401,0.0835447,0.10751937,0.45907515,0.21793026,0.07898844,0.58646417,0.12977399,0.11193227,0.068986095,0.06831985,0.111635014,0.10342142,0.07790959,0.12204758,0.015854226,0.2504431,0.09731711,0.037217263,0.10811877,0.1974592,0.08553308,0.0673889
6928,0.16126522,0.13445511,0.059241433,0.09980918,0.46959195,0.24834163,0.057257745,0.5420786,0.132104,0.13350074,0.060866963,0.05962785,0.15282445,0.09037378,0.08915775,0.16548474,0.006636134,0.39243165,0.083859295,0.022923065,0.05475563,0.2847675,0.080341384,0.047308836
6936,0.33937758,0.3161489,0.07978063,0.09416858,0.41536522,0.24684595,0.08023216,0.3351507,0.24437931,0.22515173,0.086566545,0.108881235,0.20226257,0.08036172,0.08156586,0.19902343,0.0057480475,0.18134359,0.25738865,0.019479781,0.120611,0.310267,0.15032074,0.102926426
6937,0.3478048,0.219612,0.026381224,0.043359064,0.35337543,0.27634332,0.04034752,0.39061865,0.11290074,0.110685356,0.03150565,0.046699762,0.14209174,0.027868673,0.042607725,0.15365596,0.00045825262,0.1500623,0.13481031,0.0036707858,0.040008333,0.40504155,0.053873666,0.03515794
6938,0.0990942,0.08822472,0.035393406,0.07493143,0.51106054,0.18659325,0.026285745,0.6435552,0.08330606,0.09894537,0.041570902,0.032914717,0.08057229,0.066122115,0.05134214,0.06956106,0.0035984875,0.3889627,0.046657316,0.015532548,0.046285704,0.20765014,0.04511625,0.03284254
6941,0.33472994,0.2465442,0.009714149,0.009774655,0.4014009,0.2278607,0.008487297,0.2538272,0.12439612,0.12207874,0.012721319,0.019863699,0.12902276,0.00946328,0.028482435,0.15299971,2.4955876e-05,0.10497996,0.21501784,0.0006245218,0.016796747,0.34837216,0.041442797,0.014473316
6943,0.09443895,0.10610926,0.042119436,0.057999697,0.3631643,0.13965224,0.036600303,0.5306294,0.08589628,0.12726234,0.042002164,0.034511276,0.19440761,0.06630826,0.067902274,0.10352511,0.0031640807,0.3584981,0.06069003,0.010016115,0.03306274,0.25722733,0.047117896,0.02821267
6944,0.08556349,0.028278288,4.6211226e-05,0.00033738164,0.5541923,0.20885803,2.8132401e-05,0.7677665,0.013150378,0.013677782,0.0006207787,0.00039606533,0.0065825367,0.00019458127,0.00095570413,0.047980927,8.480524e-10,0.3579673,0.010610946,3.8105523e-07,0.00036102295,0.45440313,0.0009869486,0.00016714758
6949,0.309415,0.14112546,0.0004246993,0.0016302065,0.08069333,0.21110532,0.0012758274,0.33493584,0.038360655,0.1164586,0.0010959149,0.0034010296,0.36742988,0.00090747926,0.0011533683,0.11063071,2.0368892e-08,0.14924414,0.07061391,1.3219988e-06,0.0002832186,0.5508083,0.003979846,0.00090398366
6960,0.18807587,0.20258582,0.15197086,0.1668581,0.42349473,0.23911144,0.18157242,0.4880131,0.18116908,0.19392785,0.12663107,0.12932621,0.22947659,0.18472904,0.14795877,0.18775672,0.0548123,0.2871812,0.18000308,0.09505335,0.15353166,0.23992486,0.14692545,0.13318767
6963,0.045864273,0.03454746,0.0023540133,0.0105252275,0.28032258,0.10595579,0.0049601696,0.70488036,0.025993304,0.029296346,0.0038114078,0.0043399045,0.042073995,0.0097304145,0.007093028,0.04424073,1.2580126e-05,0.2389575,0.012292939,0.00017092102,0.0032328363,0.16379638,0.0067795203,0.0021265845
6966,0.077314146,0.09545559,0.0155471945,0.035438552,0.5708582,0.11918672,0.01483689,0.55965793,0.076237746,0.10455705,0.029721435,0.023164593,0.06342169,0.041395325,0.041207377,0.07307178,0.0006400407,0.42284384,0.04315075,0.00508471,0.027002169,0.15242031,0.033779714,0.020052962
6970,0.027979793,0.030465854,0.003868263,0.013522927,0.5337829,0.10228029,0.0023735159,0.6998785,0.031139873,0.05079533,0.007579099,0.0047937226,0.036669545,0.012645651,0.010187389,0.030468987,3.7858586e-05,0.5612011,0.009123744,0.00048025328,0.004588165,0.10716968,0.006267728,0.0027848247
6971,0.18352006,0.1541633,0.029976863,0.06260079,0.30091932,0.20246421,0.082397364,0.5416196,0.090080746,0.09050743,0.034792583,0.052630607,0.16661222,0.051192727,0.039660875,0.1318851,0.0016119527,0.18513289,0.12301449,0.00749891,0.035177886,0.2796964,0.06913815,0.0330668
6979,0.37776762,0.26695728,0.02160966,0.06283148,0.24903296,0.24123536,0.09627653,0.43529853,0.130347,0.160717,0.030627433,0.07408388,0.21658276,0.034733992,0.030571422,0.13828374,0.0005543013,0.13025977,0.20493302,0.0034215979,0.028196922,0.3310431,0.08819745,0.046783563
6980,0.19399612,0.0980998,0.0021249298,0.010865393,0.15860206,0.16827208,0.02885187,0.5398185,0.04191109,0.052156348,0.005291168,0.01599101,0.14598103,0.0062642717,0.0047925194,0.12563658,2.8599852e-06,0.10591013,0.12082673,5.1928087e-05,0.002908773,0.36281505,0.022730166,0.0041336636
6981,0.20178895,0.1567814,0.02507463,0.041057125,0.32740104,0.17056632,0.06161827,0.4710936,0.08946417,0.09045532,0.027904194,0.04713452,0.14271455,0.03979311,0.034614567,0.12725462,0.00065514084,0.124587856,0.1493221,0.0046622073,0.03885952,0.26569772,0.06252593,0.032909423
6985,0.21555382,0.21216309,0.061183676,0.09567909,0.44226575,0.2227204,0.067588806,0.4664122,0.14761254,0.14157122,0.06500137,0.07515642,0.17003848,0.07616322,0.091358304,0.124555394,0.0070650093,0.24338624,0.1411749,0.022986783,0.073286414,0.25500834,0.08293066,0.06975136
6986,0.14817435,0.14188935,0.032934226,0.06451456,0.39345795,0.1489333,0.09539562,0.4884514,0.10598096,0.085973874,0.034224905,0.058326,0.09898066,0.058150604,0.046797555,0.094643205,0.0022844227,0.2214234,0.10925146,0.009159952,0.047436893,0.17674781,0.068960354,0.0409317
6988,0.16863729,0.14175862,0.024418501,0.0453944,0.30554622,0.20153835,0.037597496,0.54869175,0.07662932,0.088183545,0.025600716,0.03251537,0.09942442,0.04563069,0.034974393,0.06729173,0.0012133112,0.17152096,0.081123546,0.006725578,0.03127111,0.20242348,0.040517543,0.02960933
6990,0.05291927,0.051640175,0.016972024,0.044818792,0.54195267,0.12246165,0.015019706,0.64648473,0.0582691,0.070875995,0.025188725,0.019424524,0.05645355,0.04539225,0.03160895,0.071968,0.0010285891,0.43436736,0.024678519,0.0066939816,0.02916811,0.12992454,0.028961085,0.016259672
6993,0.1620164,0.14927217,0.11601259,0.1611409,0.42412996,0.23801929,0.16095231,0.5361947,0.15866856,0.14258274,0.0998101,0.09429023,0.15719768,0.14614627,0.1059096,0.14380634,0.03696534,0.26245943,0.11839666,0.07749115,0.11955033,0.21612947,0.119787656,0.09445035
6996,0.29585952,0.28721714,0.00056901906,0.0021581468,0.08284082,0.043878086,0.0068767583,0.24855019,0.019250402,0.03817059,0.0009011591,0.007861403,0.12925974,0.001391248,0.0013627725,0.018517008,2.9476942e-07,0.018239392,0.11140724,1.0905699e-05,0.000889292,0.24335389,0.011360252,0.0028883328
6999,0.04249159,0.039629612,0.016957734,0.04287568,0.5301742,0.11185088,0.013020067,0.6373918,0.04866415,0.05798217,0.027063116,0.0145772835,0.0568556,0.042648222,0.031940635,0.063566096,0.0010837007,0.5069259,0.018826574,0.006103359,0.022367757,0.14133888,0.021825248,0.013549084
7000,0.009314729,0.0038677077,3.0271909e-05,0.0003466364,0.453279,0.1208415,3.405601e-05,0.82984924,0.0022452562,0.005674588,0.0002650905,0.000190118,0.0032214625,0.00017586393,0.00024217305,0.03199958,5.7492744e-10,0.34130457,0.0010421134,2.7020351e-07,0.00020367772,0.1504822,0.00032333663,5.1853865e-05
7001,0.19837964,0.1586133,0.043731067,0.071706735,0.29650968,0.2639862,0.08654939,0.52546096,0.118222296,0.11670477,0.047969542,0.082344085,0.1526113,0.06270422,0.04790712,0.16252825,0.0021692838,0.20426136,0.12896974,0.009911779,0.06587628,0.31072295,0.09421231,0.04997212
7002,0.032590855,0.0337911,0.010073531,0.028012998,0.51384234,0.11554432,0.0076814266,0.70522654,0.036522925,0.04373269,0.012814709,0.00914573,0.041130487,0.023949865,0.020467782,0.050445054,0.00031392818,0.43550563,0.013141854,0.0021515929,0.014513089,0.11125754,0.013014995,0.0073608663
7003,0.094833285,0.09944349,0.026430149,0.0552365,0.34974477,0.15252772,0.03649949,0.60514367,0.08612562,0.10569016,0.03441487,0.034777895,0.12771213,0.058939096,0.048755825,0.12119451,0.0016588127,0.31534013,0.055539347,0.007534255,0.030807039,0.21900293,0.045521446,0.023746544
7004,0.086281516,0.110578224,0.011691904,0.019902654,0.4966159,0.15034534,0.0085670175,0.47648042,0.04607485,0.06406789,0.013769257,0.01380963,0.065359846,0.01941174,0.0200048,0.04770226,0.00031618724,0.19791275,0.043864463,0.0029473638,0.018914195,0.16457902,0.021619601,0.016578969
7005,0.044335615,0.03860811,0.0055058366,0.016976371,0.41861695,0.15609819,0.0045889663,0.6898295,0.037542693,0.07757539,0.0091853235,0.009118089,0.10111048,0.01719084,0.017396959,0.12623185,3.4565095e-05,0.5872869,0.013987326,0.0004475231,0.004960374,0.2651971,0.014926641,0.004241422
7006,0.152002,0.07365226,0.0009483109,0.0061016413,0.1981585,0.28879976,0.0050824815,0.67377585,0.028582538,0.06663899,0.0033656603,0.0075862897,0.0964124,0.0045097624,0.0075252396,0.16248755,7.2142734e-07,0.43294907,0.026680848,2.7881819e-05,0.0013887355,0.41783372,0.00780815,0.001820787
7009,0.13184702,0.11833426,0.017227028,0.03779116,0.5303788,0.19286278,0.0134256575,0.5972941,0.10093241,0.08112106,0.029196175,0.024478832,0.054018755,0.028543053,0.031602234,0.11085043,0.00044760059,0.28900164,0.07355912,0.0048432094,0.045317285,0.23992069,0.038114026,0.02315187
7010,0.086692765,0.07879003,0.038933348,0.07013718,0.4831218,0.16995603,0.042001765,0.6084211,0.09259879,0.114334,0.04646723,0.037032865,0.116319746,0.07231063,0.060727626,0.112783074,0.0033831813,0.51155585,0.050439194,0.011407908,0.039885204,0.18789801,0.052136187,0.029004907
7011,0.33425742,0.100186765,0.0013669761,0.0018576328,0.3935694,0.24983439,0.00055944605,0.31145492,0.023029068,0.049057662,0.0017854907,0.002157043,0.082906686,0.001697504,0.0043735863,0.061080378,3.128774e-07,0.09431562,0.03928189,2.6843825e-05,0.0015807465,0.55478704,0.005705264,0.00189862
7014,0.17933506,0.16611461,0.039787687,0.06689404,0.5179859,0.2457874,0.032685973,0.5199498,0.14893322,0.13382569,0.05193009,0.053378746,0.09358516,0.055123728,0.055853304,0.13039783,0.00239203,0.3326815,0.09135855,0.016082956,0.073758446,0.20657648,0.06388886,0.051140945
7016,0.19229198,0.14091426,0.04407705,0.05994111,0.46576104,0.26964143,0.033323657,0.54296863,0.1093893,0.11530017,0.05268005,0.047028676,0.12274271,0.065920144,0.0815592,0.123902336,0.00349246,0.30126417,0.09440979,0.016286014,0.051676538,0.31176457,0.062308785,0.04452359
7022,0.26605585,0.29476422,0.11487838,0.13284521,0.3695322,0.24701336,0.14311795,0.40467536,0.19370282,0.19858499,0.10136886,0.13951737,0.2360993,0.13641773,0.12500748,0.17728825,0.02379754,0.23056228,0.22789077,0.053257335,0.124805085,0.27104935,0.15630823,0.1283581
7026,0.1105696,0.12148637,0.0084074065,0.029936608,0.19395335,0.101334825,0.13948734,0.5878989,0.057466865,0.055112693,0.01707451,0.05548802,0.07843388,0.02297004,0.011912221,0.09346251,0.000100650635,0.057612684,0.12837167,0.0013000367,0.023496162,0.14228262,0.057223536,0.01874753
7027,0.28568232,0.21405414,0.015408318,0.03306226,0.20870726,0.13640144,0.07939048,0.43314806,0.08167964,0.09254179,0.01848351,0.05288295,0.17359409,0.026431357,0.01826963,0.12559164,0.00019377108,0.088137224,0.1718311,0.001560549,0.023239307,0.27366847,0.08717024,0.031038297
7029,0.12682001,0.088514164,0.034882016,0.055210963,0.42348155,0.23645,0.024979012,0.55504525,0.1050636,0.13764313,0.03453384,0.031550936,0.17396004,0.055050552,0.05157031,0.14929692,0.0012415042,0.4630058,0.052538805,0.0060477923,0.024033194,0.32412982,0.032451957,0.024526395
7031,0.19748129,0.19411695,0.06516033,0.10016402,0.32911587,0.23040865,0.12627494,0.49590394,0.13640106,0.14279714,0.055243306,0.07941123,0.21498618,0.0889619,0.067538485,0.12947536,0.006522372,0.19843064,0.14892979,0.01977462,0.058790397,0.25459296,0.08681248,0.06471334
7035,0.19654894,0.12315992,0.026009556,0.042927098,0.49167255,0.21934736,0.02202485,0.5365604,0.107257634,0.102928296,0.028723814,0.029328698,0.07423454,0.031150602,0.04676176,0.09342745,0.0008292805,0.24675556,0.07164338,0.0062801633,0.036274374,0.2491505,0.04407364,0.027811965
7041,0.15449224,0.12577388,0.06563236,0.105900824,0.42002574,0.23907545,0.06902066,0.5736338,0.119084984,0.10387752,0.068419926,0.059440922,0.13364248,0.08651983,0.07379426,0.13866803,0.008482985,0.30518588,0.09771825,0.028164241,0.07521275,0.2687934,0.08031424,0.057372864
7043,0.30913666,0.28429767,0.103355356,0.1288263,0.35457474,0.25644258,0.0972447,0.3795763,0.19922294,0.20357352,0.08246164,0.10006603,0.22599582,0.10517593,0.117431775,0.14486629,0.014802157,0.1959329,0.218803,0.040485654,0.08928377,0.3201263,0.11410171,0.09957313
7045,0.13508561,0.10995502,0.060185976,0.10155681,0.43898776,0.1988642,0.078233115,0.5711957,0.116152994,0.12090094,0.042544514,0.050654147,0.13058363,0.09504325,0.068638034,0.09056775,0.0068896925,0.28260118,0.07154155,0.022435479,0.049938988,0.20377448,0.05324331,0.04757778
7052,0.07599943,0.09882653,0.07625228,0.099667326,0.4810371,0.15726037,0.05726233,0.5963376,0.09117552,0.10636378,0.06709301,0.054386735,0.13127036,0.117588036,0.09236216,0.11623435,0.017422244,0.35621476,0.060642235,0.039270483,0.07291251,0.18542236,0.07081112,0.049596626
7054,0.06806582,0.06942273,0.014187391,0.03589489,0.5887039,0.13090855,0.012335996,0.62652904,0.07411719,0.070294656,0.021047229,0.018887514,0.05083745,0.027116995,0.029621158,0.06384708,0.00052294234,0.3733206,0.031339437,0.004430228,0.03304524,0.17891893,0.027532913,0.018144527
7056,0.22246154,0.20272289,0.06935001,0.117425114,0.32567966,0.22727711,0.14110215,0.5080397,0.1569625,0.162247,0.07110972,0.1129676,0.18222126,0.10245944,0.070791446,0.1366453,0.00799823,0.21783186,0.15383619,0.022220658,0.08014397,0.24697706,0.10248817,0.079787195
7057,0.23327048,0.23602222,0.088280655,0.11453644,0.29838923,0.21995875,0.17682528,0.47860292,0.15455502,0.17081138,0.08545127,0.12016277,0.23869158,0.11551502,0.08541499,0.15230107,0.013348395,0.2270729,0.19947304,0.02984776,0.08969645,0.27003947,0.13676995,0.09728862
7059,0.17570782,0.13271043,0.024870915,0.044401072,0.4375915,0.18618646,0.038033787,0.48800153,0.107779324,0.09479604,0.033416465,0.036206905,0.07948374,0.032990783,0.03220743,0.09508199,0.00074874185,0.23756932,0.08281735,0.0050105415,0.032880716,0.19032075,0.04875368,0.030315042
7062,0.20724289,0.21470074,0.11415223,0.15448079,0.51987237,0.26753354,0.10167969,0.46976277,0.2119974,0.17272146,0.12953745,0.123845614,0.15951566,0.1434253,0.14276159,0.19558732,0.031584773,0.31646004,0.17911263,0.07534832,0.16794536,0.24369696,0.14729342,0.1321332
7064,0.12576587,0.1165363,0.029885579,0.053977195,0.5430939,0.19322567,0.03364419,0.5302762,0.09414464,0.07992093,0.04007632,0.040736236,0.06821065,0.055866763,0.050715104,0.08909928,0.002326799,0.297805,0.065825224,0.012222793,0.052352693,0.18579748,0.059719224,0.037360895
7069,0.13205512,0.16208428,0.052197076,0.08762127,0.50104636,0.21823317,0.060288146,0.61494744,0.16136497,0.14581741,0.084246196,0.08438162,0.09860777,0.07841609,0.07233273,0.15144995,0.004410839,0.3020521,0.117510736,0.018224671,0.10274464,0.20239905,0.08603269,0.062986255
7079,0.2973551,0.13983634,0.012104719,0.031939156,0.16323912,0.28814366,0.04638871,0.5145607,0.073951,0.07918587,0.016202172,0.029842554,0.23362233,0.02460122,0.018513883,0.10520953,0.0001244199,0.13481773,0.14353406,0.0011662684,0.010982829,0.36785647,0.03207972,0.020117177
7083,0.078238785,0.084034145,0.05346338,0.071577035,0.54015374,0.1824357,0.034081414,0.6084564,0.083477184,0.09891885,0.053300593,0.041218616,0.10810762,0.087947994,0.07824621,0.1221711,0.007198486,0.45251468,0.043567646,0.020834927,0.055341233,0.20809622,0.053356074,0.0362683
7084,0.04545143,0.06168289,0.04224799,0.067446314,0.4191633,0.121884264,0.023614744,0.6739489,0.057070103,0.08002633,0.038582865,0.028414536,0.12304373,0.078140356,0.051731158,0.10982471,0.0039735455,0.47389948,0.025810855,0.012499542,0.029472915,0.1762123,0.038820785,0.020739594
7088,0.42087978,0.23475237,0.0114415195,0.020846087,0.23846684,0.31801978,0.018855263,0.41373274,0.08683183,0.11779781,0.016164394,0.03325688,0.24934228,0.014935324,0.018501872,0.15989168,5.1899628e-05,0.11890937,0.14913248,0.0006475868,0.013620585,0.4927643,0.038029075,0.019867327
7094,0.3045162,0.2909634,0.16911039,0.21531706,0.3379705,0.25565457,0.29525593,0.44348437,0.25016788,0.22968557,0.1416811,0.22068319,0.28085575,0.19418865,0.14192249,0.23514101,0.04805641,0.18923205,0.26257524,0.09164365,0.18107504,0.28391522,0.21655433,0.18434915
7096,0.18467559,0.09537846,0.009738087,0.020033041,0.35143003,0.21183601,0.0152569655,0.51691294,0.062256485,0.06704711,0.011385311,0.01736776,0.09638154,0.018163754,0.024713527,0.09323208,0.00010763708,0.22137915,0.059518296,0.0010499746,0.010340434,0.32504162,0.025240859,0.009009109
7097,0.27905405,0.25440565,0.024153497,0.049523227,0.18735448,0.23301607,0.12506358,0.46369204,0.11712116,0.14899202,0.032240357,0.079632506,0.24344784,0.039022066,0.033881564,0.1419119,0.00057531835,0.09344886,0.21462555,0.0026685887,0.027216008,0.35982555,0.085130505,0.0365177
7098,0.12636068,0.1405622,0.003046876,0.010798164,0.25852454,0.08633063,0.016528439,0.4660004,0.044339713,0.06324984,0.0045740725,0.015665995,0.079167,0.008789754,0.006671604,0.032442153,1.69254e-05,0.14141265,0.057274364,0.00020732015,0.00497414,0.1109979,0.0134476805,0.0073319417
7099,0.11019226,0.06326045,0.0054680523,0.022166353,0.35777622,0.15594806,0.020590398,0.54806817,0.05002115,0.04051802,0.007828404,0.012462358,0.043329626,0.0106270835,0.008487931,0.05015097,3.638938e-05,0.15877782,0.033521652,0.00054125214,0.0057928106,0.15149872,0.013057344,0.007062691
7101,0.11825593,0.08658658,0.014128676,0.038688183,0.37875357,0.19458546,0.024525076,0.60081965,0.08406457,0.06681222,0.017684095,0.026330959,0.07259803,0.031553846,0.023161815,0.096969984,0.00033807513,0.26347426,0.05298022,0.0028614323,0.022330934,0.21316648,0.038768966,0.017381754
7102,0.21923645,0.19722413,0.11480836,0.12891173,0.46675396,0.2729932,0.07494537,0.53198576,0.16711374,0.16521849,0.12283456,0.0897065,0.18056974,0.12738192,0.12334296,0.1925861,0.020336963,0.31473482,0.12884472,0.05184933,0.11389016,0.34936813,0.14586726,0.095761135
7112,0.34579146,0.2808367,0.05304725,0.06274606,0.30303687,0.2461212,0.08648649,0.39025322,0.17073062,0.17325887,0.05207939,0.08959079,0.22326656,0.060918864,0.06289227,0.1476263,0.0023902797,0.15301329,0.20692906,0.009577285,0.06337624,0.36466,0.10054552,0.06595696
7114,0.21707657,0.18939358,0.025471684,0.039765503,0.36400056,0.23771638,0.028511442,0.46701312,0.08677752,0.10434291,0.028274287,0.032628883,0.13777635,0.03516879,0.043984964,0.08926846,0.0007526923,0.16416824,0.111296825,0.004583629,0.03230084,0.31152192,0.043160398,0.029515311
7115,0.17580526,0.17128985,0.09035778,0.12833671,0.41768894,0.2438207,0.09756225,0.51147616,0.16764757,0.13840434,0.089928344,0.07951842,0.1572398,0.119964235,0.10953364,0.1685598,0.019984234,0.27690968,0.12881605,0.04824751,0.10154471,0.31091255,0.104990356,0.0796068
7117,0.12025046,0.11186317,0.028958462,0.04112394,0.38621622,0.12716876,0.047141954,0.39900735,0.06670031,0.069592856,0.022986883,0.027771594,0.10883082,0.046068728,0.039674047,0.062282838,0.0016961897,0.206045,0.06529011,0.0071979375,0.025091583,0.15866506,0.03752734,0.024473181
7119,0.31044966,0.1584604,0.0035000737,0.012347406,0.322801,0.29815334,0.00468064,0.48627484,0.056143034,0.0721676,0.008982346,0.013411088,0.074133456,0.0075398977,0.015189777,0.08656286,1.2742626e-05,0.17495404,0.09883554,0.00031296923,0.007139445,0.46769884,0.014411551,0.0085775545
7121,0.19523434,0.19089139,0.05097447,0.0848807,0.29818738,0.17962316,0.13149463,0.4602318,0.116410576,0.124511145,0.049117222,0.09283194,0.21816234,0.07431201,0.053348865,0.15254281,0.003662365,0.18424347,0.1656982,0.012875494,0.05953849,0.24126281,0.11405218,0.060473096
7122,0.10329578,0.0958035,0.019666782,0.049352754,0.40329316,0.19140412,0.023369467,0.58169866,0.081229314,0.093574606,0.019655285,0.024839165,0.11035214,0.032926638,0.032651007,0.07472587,0.00064448855,0.33581302,0.051825434,0.0040500006,0.020055497,0.18633425,0.029590854,0.01800802
7123,0.22072858,0.23706686,0.10204903,0.10890474,0.51627254,0.24478446,0.086722575,0.41325346,0.21277212,0.18803768,0.089217365,0.092280045,0.17887482,0.095551185,0.122665815,0.13922511,0.020013046,0.2683122,0.15390283,0.051409718,0.12591794,0.26439545,0.095946506,0.10385114
7124,0.23931794,0.1852162,0.05173455,0.08651541,0.33559802,0.2675025,0.08260879,0.5179139,0.11592301,0.11945515,0.05240293,0.08064009,0.17426984,0.0745302,0.06288739,0.1339555,0.0039687376,0.19648713,0.12268653,0.013182918,0.05609122,0.31235072,0.08461447,0.0580878
7125,0.18568292,0.16315101,0.00598339,0.014715424,0.38713837,0.16453359,0.009945745,0.5456842,0.08667564,0.09904117,0.013571338,0.019697573,0.06831969,0.011162415,0.017606838,0.08652732,3.2582797e-05,0.21047722,0.0885973,0.00044490103,0.01327764,0.19965719,0.026305899,0.013140345
7126,0.17971846,0.16319375,0.036058377,0.07581477,0.34049645,0.16571414,0.08337777,0.4889562,0.11980958,0.09207056,0.039532673,0.058574565,0.10557844,0.06495228,0.0491539,0.08213473,0.0034714707,0.14080577,0.12511028,0.0133584775,0.06077852,0.1703785,0.073486514,0.05318836
7128,0.15483513,0.19032316,0.14668776,0.15589614,0.5073675,0.2322444,0.13059457,0.50710356,0.16950223,0.1747008,0.10995136,0.1151241,0.18414178,0.17094775,0.14743297,0.16637595,0.045715056,0.31855986,0.13874973,0.08787718,0.1501705,0.254855,0.14030936,0.11904848
7133,0.036278844,0.022706673,0.00030631231,0.0032874874,0.3119084,0.13751489,0.00086518173,0.8055154,0.0090517085,0.013096322,0.0017690201,0.0025745232,0.009696455,0.0019265091,0.0010136603,0.027552275,1.7950906e-07,0.16841775,0.009140334,1.4573385e-05,0.002121624,0.16815835,0.0035302488,0.0009267027
7137,0.73327714,0.44071528,6.866545e-06,7.4860145e-05,0.0068548834,0.015054163,0.0007866548,0.043548647,0.021624625,0.019682888,1.9687417e-05,0.0023593865,0.18984358,1.1837708e-05,1.3817051e-05,0.009768376,2.0678721e-12,0.0010865264,0.3017448,2.806626e-10,1.5094489e-05,0.16274668,0.0011969062,0.00015309778
7138,0.26225558,0.27151045,0.12673779,0.14102712,0.4189639,0.24353467,0.14438525,0.4116716,0.20433117,0.19339785,0.10149197,0.14821482,0.20861799,0.13859162,0.12295211,0.16882676,0.027198642,0.21558052,0.20583233,0.064833276,0.15190873,0.26743066,0.15377674,0.1304971
7140,0.039539613,0.050029673,0.011382339,0.032568663,0.3617121,0.09736529,0.024256798,0.653797,0.04854869,0.067783825,0.0141272405,0.017168563,0.07168191,0.032039903,0.020273125,0.0680774,0.00036361231,0.3615115,0.02288225,0.0018076211,0.012732036,0.11028758,0.02218217,0.008815841
7141,0.17233491,0.14692302,0.025075428,0.061366122,0.2842456,0.1545274,0.14525153,0.55877614,0.10095954,0.09159713,0.034180988,0.07107735,0.11147512,0.057677917,0.030355087,0.12410545,0.0009937974,0.16209768,0.12087847,0.006477934,0.047231127,0.1994356,0.09458165,0.047444735
7147,0.14272982,0.1148764,0.026446724,0.05847596,0.39687127,0.20508544,0.053779922,0.56214774,0.081719786,0.07862539,0.031741172,0.043124408,0.09660141,0.0402721,0.03366474,0.08500302,0.0011899672,0.23920627,0.071732186,0.005439399,0.035251554,0.22969171,0.05113047,0.030337084
7151,0.21309325,0.20962688,0.095850185,0.13953175,0.39046985,0.23202874,0.14813004,0.50838375,0.16765054,0.18625073,0.09087546,0.112747766,0.2103415,0.12330576,0.090435706,0.18610585,0.015017555,0.25421888,0.1850227,0.047560852,0.12174037,0.28716058,0.13168567,0.097894676
7154,0.19881555,0.20560993,0.11752475,0.13734135,0.41311654,0.21118546,0.14231001,0.45732254,0.15397881,0.15400258,0.09210827,0.104304634,0.18074785,0.14467585,0.11316537,0.16169947,0.027426984,0.2286161,0.1437898,0.06754972,0.116482355,0.23772494,0.14778927,0.1009405
7155,0.26016062,0.23924524,0.048238706,0.066217534,0.36943933,0.2065063,0.08977478,0.35494152,0.19316207,0.15238509,0.0518401,0.076565035,0.15233384,0.056531522,0.057547607,0.14451234,0.0029994207,0.15011479,0.20006087,0.01166814,0.077986926,0.21410903,0.10650427,0.07565301
7156,0.11686077,0.14088354,0.09278574,0.0979976,0.5167906,0.2009878,0.057137467,0.5404991,0.14023118,0.12432771,0.084803686,0.0703343,0.12877443,0.10368625,0.10284711,0.12954265,0.017441764,0.35658637,0.08567786,0.041687243,0.093992084,0.21550639,0.087728776,0.06777445
7158,0.012396686,0.0133393295,0.0002893539,0.0020872839,0.61117506,0.07703447,0.00038874723,0.71688753,0.0115657095,0.017869722,0.0013608828,0.0007500419,0.008565332,0.0012749796,0.0014171827,0.026269529,1.9556245e-07,0.44456485,0.0039744554,1.3474027e-05,0.0010916142,0.09495239,0.0014141775,0.00047029872
7161,0.014452613,0.007244277,0.00017772379,0.0015663495,0.6459513,0.118333496,0.00019117648,0.8178845,0.008139039,0.007993267,0.0008566365,0.00043893483,0.004672444,0.0014515257,0.001548736,0.030783376,8.767927e-08,0.50511575,0.0018825991,1.0213308e-05,0.000799778,0.10534212,0.000878524,0.00025972942
7164,0.072977915,0.07082737,0.041791696,0.06587657,0.49553114,0.1731678,0.031413447,0.62660843,0.06870138,0.07953032,0.041259777,0.029227166,0.09588048,0.07493707,0.06048841,0.09887484,0.004416453,0.3914529,0.041128907,0.016915277,0.0389249,0.17558399,0.044553634,0.02488684
7165,0.073359296,0.08838597,0.006844759,0.023457104,0.29554504,0.103895724,0.023813475,0.6099921,0.035284426,0.04630985,0.010606137,0.0179608,0.059042137,0.01724108,0.009753148,0.05318445,0.000101648824,0.11797748,0.04864284,0.0011165172,0.017240677,0.14344746,0.023498038,0.011333202
7166,0.19628222,0.14500983,0.017340576,0.044910587,0.34587985,0.24172315,0.04284624,0.55736244,0.09522553,0.116340145,0.028695017,0.04183959,0.12683937,0.03544758,0.027618079,0.13981394,0.0003299687,0.2317894,0.10550495,0.0031609174,0.027976137,0.30012473,0.05035492,0.027554601
7167,0.04027118,0.029992575,0.010036604,0.023397883,0.29648167,0.13026832,0.009114856,0.72080064,0.04063284,0.06926259,0.009967334,0.008259863,0.16106872,0.02426967,0.017745178,0.10561577,0.00011534378,0.47068465,0.01326487,0.0009085395,0.004014495,0.24810877,0.012730561,0.004157773
7170,0.16708839,0.1337517,0.0027517958,0.013084939,0.23826462,0.118431486,0.022936573,0.63235193,0.057287164,0.09341102,0.0109514855,0.030671792,0.090392515,0.0095685,0.007700587,0.14501777,4.863416e-06,0.19069903,0.08696015,0.00013625599,0.008430175,0.26711297,0.029292239,0.006954947
7175,0.09847564,0.08593232,0.009427838,0.030907385,0.25878155,0.12288571,0.028911917,0.5505301,0.05381069,0.049661167,0.012333602,0.019279426,0.059716694,0.021460695,0.014560046,0.05203874,0.00019977617,0.14901182,0.04896087,0.0016307972,0.013392855,0.13784364,0.021748515,0.011663973
7177,0.22268885,0.21640262,0.18343587,0.20534055,0.43169615,0.27702904,0.17851518,0.49294746,0.19378313,0.19828257,0.15412134,0.14659062,0.21959037,0.20255236,0.17854889,0.20774837,0.08831851,0.29750502,0.1927683,0.13951023,0.18383397,0.29708156,0.17394608,0.15701094
7179,0.15586242,0.1758566,0.04791567,0.07412932,0.4667538,0.217462,0.043776274,0.44964537,0.13149197,0.12799169,0.055509552,0.061989482,0.102381505,0.058283832,0.051770765,0.12646824,0.003140521,0.21808942,0.11562544,0.015087366,0.07026701,0.22373953,0.06680578,0.05214585
7180,0.19235216,0.18513957,0.022599204,0.030727224,0.3748763,0.18094245,0.03894302,0.39701706,0.09942029,0.094806254,0.023717308,0.042913917,0.12666665,0.029783912,0.040539242,0.12350186,0.00056607526,0.18107292,0.111726664,0.0031928609,0.032028425,0.29100212,0.056443926,0.026996909
7183,0.13870323,0.15995878,0.018251063,0.036573067,0.31695208,0.104990534,0.060156353,0.40105167,0.11781741,0.1290024,0.020173172,0.0388957,0.13294204,0.035014227,0.023666201,0.09635493,0.0004520863,0.17937788,0.111263886,0.0024456542,0.02892896,0.15260589,0.045073807,0.028140254
7184,0.18434131,0.1303135,0.007373276,0.011517162,0.30353892,0.13368033,0.012563835,0.31240797,0.049397882,0.057282064,0.0064034476,0.011611172,0.124591954,0.009395568,0.013476616,0.062122088,3.4840436e-05,0.103353836,0.0700669,0.00047517533,0.008431386,0.25255024,0.017071797,0.008852393
7186,0.04352812,0.03527035,0.0014974809,0.0049466644,0.47568393,0.12750226,0.0012104207,0.68722296,0.01849387,0.023829488,0.0033973304,0.0030665335,0.029086588,0.0044270344,0.007838353,0.024876302,5.3359618e-06,0.32657954,0.010041333,0.00011606402,0.0017818919,0.25084442,0.00584807,0.0018104188
7190,0.16832592,0.17045301,0.0950623,0.115182914,0.37220684,0.18310574,0.16258547,0.4853059,0.14128268,0.13734984,0.08027363,0.099401414,0.16849662,0.13814288,0.09810484,0.16794842,0.018956594,0.21128441,0.13085829,0.047606796,0.11355238,0.21619883,0.13257936,0.08487739
7192,0.04770937,0.034998327,0.0068941154,0.023862282,0.37891135,0.10291951,0.015081976,0.72098994,0.02849791,0.04117225,0.011685959,0.011349355,0.059393182,0.02960111,0.015447302,0.08438508,0.000108948836,0.4186283,0.018861478,0.001443055,0.0089790905,0.16675879,0.01948609,0.005508932
7193,0.20935383,0.17258433,0.027692601,0.045190636,0.42294887,0.16601132,0.034250144,0.42085043,0.1028586,0.113462746,0.029539078,0.03878215,0.11188656,0.03990114,0.039870072,0.09011636,0.0010342519,0.21103412,0.0999003,0.006130444,0.03510474,0.23508684,0.050840154,0.036080573
7196,0.06269309,0.070284545,0.02300073,0.053660564,0.31564075,0.12598988,0.08576037,0.61942965,0.053210422,0.054884147,0.021740112,0.033049453,0.09123747,0.048115205,0.018347526,0.07873936,0.00078804017,0.18911669,0.06820764,0.0032872637,0.024021907,0.15977272,0.039114572,0.01927559
7206,0.12309051,0.1406581,0.07650151,0.12285842,0.50146735,0.22417267,0.05965703,0.5582101,0.12653455,0.13899717,0.09348088,0.071412385,0.13183703,0.10316281,0.09422292,0.13416564,0.015787607,0.33035284,0.09790896,0.044532876,0.10201041,0.2209134,0.091320276,0.06816852
7208,0.25487056,0.15537952,0.022228405,0.065749966,0.2314998,0.33935094,0.063767664,0.5863309,0.0969774,0.120109975,0.035824157,0.047999803,0.17970477,0.043027535,0.037762005,0.18022029,0.0006321569,0.19961274,0.12835518,0.0035611924,0.026785012,0.36935276,0.045536265,0.029756583
7214,0.22014499,0.15700991,0.016964143,0.039704885,0.30540028,0.21962628,0.036492992,0.5319704,0.092405885,0.10290149,0.025307374,0.0354478,0.12616843,0.034379724,0.031072363,0.10228802,0.00043133428,0.19845015,0.09309364,0.0029215922,0.026145408,0.292457,0.04014182,0.025212998
7215,0.4473427,0.32083836,0.04979474,0.07402778,0.29376027,0.3472594,0.07111763,0.4023467,0.17444877,0.1958174,0.068081066,0.103559986,0.283481,0.054796293,0.08519696,0.25461754,0.0019906047,0.17289566,0.27189326,0.009533177,0.06824111,0.49996316,0.12268021,0.06754138
7218,0.17257577,0.15527739,0.024182964,0.031471904,0.25248924,0.1891645,0.027966956,0.39371368,0.08660163,0.14318003,0.02124442,0.035143867,0.34549648,0.028934017,0.031912792,0.18552421,0.00029413236,0.23200795,0.09470246,0.0016449692,0.014728954,0.41078362,0.04452214,0.018400876
7221,0.06080994,0.05464016,0.009057039,0.025085686,0.41224352,0.11797472,0.012754982,0.5782048,0.043672234,0.05426016,0.012806146,0.01193042,0.061100386,0.021256924,0.01711943,0.05354321,0.00020223469,0.36770928,0.027317105,0.0015285137,0.011177183,0.14389847,0.017487923,0.0090345945
7226,0.3010027,0.21483578,0.029284751,0.046121765,0.33515027,0.30603406,0.028983368,0.40994278,0.13927211,0.14330141,0.046568155,0.04596344,0.17944944,0.030553415,0.043206334,0.1983241,0.00055397506,0.18919276,0.16901173,0.0036995888,0.03894568,0.4404728,0.06753994,0.042420775
7227,0.13696498,0.1052156,0.0614495,0.09888702,0.40592268,0.22383662,0.077222005,0.56797826,0.10633219,0.10128993,0.0618774,0.062471293,0.121977635,0.08973355,0.06827594,0.13747633,0.0061614015,0.30229202,0.08151872,0.023936376,0.06393039,0.27045962,0.078161605,0.05351206
7230,0.12641339,0.1025092,0.011444993,0.02373663,0.2869929,0.107089594,0.04603565,0.4498667,0.042957,0.03775831,0.011917527,0.026236549,0.09720339,0.023858229,0.015536922,0.09243205,0.00020158668,0.13195388,0.085987896,0.0016825227,0.017305639,0.18557705,0.0450617,0.013836555
7232,0.09794197,0.079851635,0.018790074,0.02907071,0.41798684,0.174734,0.01569128,0.5692713,0.061755277,0.092304885,0.021298917,0.020837935,0.120971754,0.039490324,0.041829642,0.13549393,0.00054262934,0.35157767,0.040729795,0.0037056452,0.022084936,0.28374982,0.032574434,0.014966876
7239,0.24757314,0.21177503,0.042506944,0.06225213,0.29625136,0.22842729,0.0932621,0.4167472,0.14204021,0.13474707,0.0345798,0.07082488,0.18670517,0.04982797,0.051738106,0.13310702,0.001985097,0.12791538,0.17756572,0.008534206,0.044493403,0.26983222,0.06990825,0.04603763
7240,0.16363977,0.16120508,0.058969054,0.062191684,0.39108962,0.17396256,0.07597167,0.43104118,0.094794035,0.107741155,0.04122847,0.045548484,0.2037975,0.06620395,0.055316407,0.11952205,0.0039443914,0.19810872,0.12095961,0.015476765,0.04585795,0.27042395,0.07593313,0.050116457
7241,0.16477793,0.14070034,0.0015419723,0.0057897223,0.34768948,0.13657904,0.009400197,0.4581686,0.068587385,0.06266199,0.0045509865,0.011359471,0.052974403,0.0043397704,0.0032742377,0.05345537,1.4895912e-06,0.081955835,0.10791699,5.177402e-05,0.006154068,0.19920984,0.009615271,0.005170019
7245,0.094700985,0.09504138,0.041913845,0.08221893,0.46828663,0.18565632,0.0500821,0.6177927,0.100114614,0.111721605,0.051282182,0.052659802,0.11224411,0.086130165,0.06495125,0.14658703,0.003697568,0.45256075,0.0573093,0.01428717,0.053175274,0.20197429,0.05932729,0.035678882
7253,0.18804725,0.21871254,0.12084544,0.1358944,0.40334427,0.20823604,0.11790392,0.4009851,0.14645891,0.15173906,0.09625686,0.099109866,0.20018424,0.1332338,0.12331671,0.13573946,0.035159245,0.22982161,0.15520076,0.06431401,0.115990475,0.25404426,0.13074584,0.10866695
7264,0.11316659,0.096364275,0.03408553,0.055278704,0.40077052,0.18932682,0.031901527,0.60113007,0.07719723,0.084942736,0.03343114,0.031959865,0.10746962,0.049435113,0.050921362,0.10738335,0.0018783709,0.30552945,0.062419157,0.0092011755,0.034750648,0.23235857,0.041610435,0.026657788
7266,0.08225171,0.0753103,0.0036247722,0.007991018,0.34146148,0.11706696,0.006270277,0.5637649,0.032745965,0.032649767,0.0040260595,0.005283352,0.04129597,0.008251153,0.0071036285,0.030983618,2.2504868e-05,0.11047877,0.024915207,0.00037907314,0.00681434,0.17264345,0.008848601,0.0046324236
7269,0.018572707,0.02019884,0.0001618971,0.0015041099,0.68268925,0.060919914,0.00019404101,0.7134825,0.010082085,0.015395981,0.00061793526,0.00061759166,0.009086204,0.00091442285,0.0012687928,0.015144469,5.867183e-08,0.33254576,0.0039091804,5.7296256e-06,0.0007627895,0.087125495,0.0011941321,0.00036593925
7270,0.19953302,0.13090311,0.0064568017,0.02540183,0.30180466,0.14423728,0.028814554,0.48666286,0.08545749,0.089775845,0.010052844,0.023256136,0.12688287,0.01407865,0.012226979,0.07687861,2.8845729e-05,0.1766387,0.09037577,0.00056075933,0.010431562,0.22963552,0.03874338,0.012975129
7274,0.20072927,0.20958443,0.14535952,0.20094006,0.3877509,0.23616779,0.2458785,0.48687056,0.18885498,0.18818842,0.12123617,0.15041058,0.21792275,0.19612585,0.13165627,0.19558688,0.053413864,0.27540097,0.17715758,0.09167637,0.15785426,0.24844876,0.16972995,0.1322935
7280,0.2469174,0.17543465,0.023712995,0.040460333,0.526072,0.3418443,0.0192951,0.50521684,0.115209855,0.16444278,0.0585993,0.044005454,0.12847155,0.035143178,0.04271666,0.22898379,0.00030429955,0.26371914,0.1306247,0.0035286676,0.04191026,0.44368556,0.050932012,0.03429961
7285,0.20833541,0.177607,0.07613144,0.107854135,0.37271076,0.24731165,0.10988346,0.51001585,0.13493264,0.15098958,0.070525765,0.07602871,0.18262951,0.10093564,0.06828425,0.13742395,0.008356506,0.27299052,0.13679937,0.026056435,0.07565186,0.26431036,0.092112675,0.07424084
7287,0.4557513,0.29756445,0.011436122,0.023572074,0.17632653,0.29341832,0.03351986,0.35920805,0.121222146,0.19741501,0.020766452,0.045409102,0.24929906,0.012958781,0.019281851,0.17258213,4.2626485e-05,0.09887692,0.25538722,0.0004601166,0.01167813,0.46418956,0.055017833,0.020862125
7291,0.17787023,0.16902691,0.033434242,0.051909413,0.43569985,0.19208053,0.04721272,0.5189971,0.13530199,0.105996765,0.034085043,0.051422395,0.10011775,0.0518458,0.048675794,0.11696931,0.0013935036,0.25420958,0.10475159,0.008916758,0.05526471,0.24094422,0.066715226,0.039927535
7294,0.007146307,0.009158638,0.0018542231,0.0072080204,0.55454874,0.051124353,0.0017802988,0.74330145,0.007940934,0.016054887,0.0031028208,0.0017333735,0.016466554,0.008045139,0.003949689,0.017072901,1.2957209e-05,0.34009567,0.005141638,0.00027984468,0.003973564,0.055668414,0.003086436,0.001279831
7295,0.0054913727,0.0033772043,0.0008841665,0.0030495464,0.55338776,0.05606902,0.00033360528,0.85916495,0.0051792734,0.012945314,0.0012796317,0.00054112525,0.019964395,0.0054491456,0.003193219,0.021963848,2.3255716e-06,0.65419537,0.000788459,7.363268e-05,0.0006183627,0.119796954,0.0010338431,0.00030202747
7301,0.13776936,0.12296438,0.02460008,0.043897666,0.4554491,0.19760472,0.022246247,0.5341526,0.10578623,0.084131055,0.021057092,0.025053766,0.06696135,0.030170195,0.035476156,0.074704856,0.000910717,0.20767264,0.0593048,0.006451894,0.036260683,0.17136812,0.029705793,0.024759615
7305,0.15842138,0.05648479,0.0008313308,0.0052937088,0.22556224,0.16406298,0.0050510117,0.6524398,0.021025486,0.031429064,0.002456441,0.004070878,0.050460584,0.0026525198,0.0030974431,0.030606912,8.2589145e-07,0.116154626,0.037277553,3.331615e-05,0.002040641,0.37717324,0.005471853,0.0017307268
7310,0.111959025,0.09057283,0.004541013,0.006327815,0.47493556,0.14878839,0.0012105342,0.392386,0.039550535,0.058515586,0.0046159737,0.005091974,0.05553947,0.00563289,0.0122553855,0.035587445,1.604119e-05,0.26739207,0.025319032,0.00028597342,0.003999672,0.2689287,0.006748264,0.0044717854
7311,0.099618606,0.10567678,0.058177587,0.087126054,0.33577526,0.16337726,0.08325847,0.58060074,0.08614688,0.11354572,0.048942517,0.04992612,0.18638922,0.09987648,0.069689095,0.114246994,0.007581901,0.30809143,0.06239816,0.018593391,0.042686347,0.21346349,0.058775444,0.036512498
7312,0.18262064,0.09481878,0.0038660238,0.011064832,0.3532743,0.19234362,0.0060628415,0.45688027,0.029956909,0.036073674,0.0036092042,0.005784877,0.08785072,0.008222625,0.010065094,0.04708175,1.1106135e-05,0.18080433,0.030853273,0.00024753786,0.0023298706,0.37049055,0.012363487,0.0034883884
7314,0.12547468,0.13167164,0.101124436,0.12819242,0.4302302,0.21379042,0.08557391,0.5356355,0.120738216,0.13409252,0.07267867,0.06657945,0.16523704,0.11871862,0.08913463,0.1107484,0.02264594,0.30848938,0.08432532,0.047895648,0.08342313,0.21968146,0.07507904,0.071376204
7321,0.026497293,0.020292249,0.005594144,0.013947379,0.40869084,0.09746367,0.0048674173,0.7175591,0.030101173,0.05509559,0.007949771,0.0061958604,0.07883728,0.020475445,0.015311321,0.1280765,4.6711048e-05,0.6239048,0.008607381,0.0004946445,0.0044404967,0.22300875,0.009495265,0.0029697912
7326,0.08730239,0.060171116,0.00260019,0.0074235257,0.21352425,0.11853931,0.0076652146,0.4788733,0.02124243,0.064654864,0.0028610663,0.005841683,0.14242029,0.008147597,0.00540539,0.049941957,3.5696062e-06,0.18949503,0.03404555,7.729147e-05,0.0019812738,0.22542298,0.005755909,0.0023776598
7327,0.13596922,0.12440346,0.019070625,0.028099597,0.53704786,0.21411255,0.009754921,0.4799061,0.11054146,0.10467662,0.0233434,0.023133013,0.07049292,0.025574753,0.0383198,0.07600027,0.0005030972,0.29554626,0.058573738,0.003556542,0.029130891,0.25356343,0.025647368,0.019581493
7329,0.012537059,0.0033617122,1.4818104e-05,0.00032322845,0.5041338,0.11253683,2.4216497e-05,0.8395491,0.0013818067,0.0032721204,0.000116842784,0.00010908617,0.006875466,0.00016388408,0.00035324998,0.027000442,3.3571895e-10,0.49952918,0.0009608714,1.2482765e-07,4.3424097e-05,0.23160055,0.00020027033,2.6276426e-05
7330,0.1969549,0.16190019,0.024930924,0.04236653,0.42668143,0.21893694,0.03165675,0.45763037,0.11104221,0.108393535,0.028746134,0.046594564,0.09030928,0.037352357,0.03856472,0.13262965,0.00070529664,0.2316853,0.101582564,0.0058466266,0.05038118,0.24213658,0.043443523,0.034426227
7339,0.10337315,0.11213586,0.050885424,0.09485105,0.38410044,0.1422812,0.09669415,0.5590395,0.09240283,0.090975136,0.04638871,0.053452533,0.11343761,0.09359619,0.059530266,0.09059891,0.0074151517,0.23037685,0.0839634,0.02153272,0.057093184,0.14987099,0.06771826,0.04539013
7340,0.1672875,0.17947231,0.12803584,0.15510945,0.47178084,0.21880387,0.12140987,0.50092876,0.15557048,0.15676692,0.107048966,0.1044882,0.17583445,0.14917281,0.13409707,0.14344744,0.042742256,0.30375654,0.13389586,0.08932124,0.12946749,0.23181856,0.12943871,0.10507057
7343,0.2226435,0.22844316,0.08720128,0.103776716,0.3604385,0.22356372,0.1101565,0.4407261,0.14690435,0.13905117,0.0671834,0.08571059,0.16883534,0.10809157,0.09028644,0.13949457,0.011823161,0.16623273,0.16802098,0.03651494,0.1019008,0.26408705,0.117935754,0.089584135
7345,0.10524602,0.095186785,0.02717929,0.05249623,0.3241819,0.14628808,0.06940627,0.5394387,0.07064012,0.08109349,0.026306946,0.033490855,0.11904703,0.052683048,0.0296259,0.07693639,0.0014320224,0.24386927,0.05968565,0.0055241333,0.029391326,0.17978156,0.039613783,0.023158584
7350,0.08862622,0.047937185,0.0025349753,0.0068392376,0.49560523,0.23212275,0.003309612,0.66222286,0.044812124,0.044066343,0.0038559316,0.0038981764,0.027911596,0.0059706974,0.0078000594,0.026027022,7.3603196e-06,0.22298057,0.022021728,0.00023017928,0.0044023227,0.19125587,0.004888332,0.003908334
7351,0.2222325,0.25683337,0.22582987,0.23328361,0.504131,0.28907466,0.20616058,0.4485659,0.26366317,0.23207086,0.1972533,0.20391475,0.21736944,0.2404737,0.2328033,0.23204643,0.14559871,0.31886193,0.2050684,0.22276707,0.26178116,0.28206128,0.2158958,0.19982968
7353,0.13323927,0.097954236,0.0062773637,0.011309808,0.35361904,0.13288568,0.0061561484,0.50334305,0.04197217,0.043965742,0.006043485,0.009632474,0.05057656,0.008865852,0.008727779,0.033071835,3.09656e-05,0.2188595,0.027050847,0.00039929376,0.0074146944,0.18132691,0.009537527,0.007273905
7355,0.12816761,0.11368972,0.030181358,0.047627404,0.4221375,0.1957346,0.027855378,0.47604284,0.105392195,0.12707666,0.036211103,0.034635685,0.120665796,0.043862745,0.05059629,0.12070164,0.0014982419,0.27257702,0.08053023,0.0073455907,0.03325753,0.22162378,0.04695418,0.02660978
7357,0.13670692,0.15040661,0.045449246,0.09573628,0.4371631,0.20047648,0.06423626,0.5657215,0.11396459,0.1267863,0.06004621,0.063474,0.116334386,0.07350253,0.052340325,0.12556256,0.004041193,0.26716763,0.09448294,0.018322269,0.07331726,0.19451903,0.06695418,0.054045774
7358,0.2692328,0.24127188,0.06707626,0.09026762,0.24687545,0.17018841,0.15743299,0.43195635,0.14073075,0.1510115,0.064865924,0.09695116,0.21406814,0.10147438,0.068551645,0.109287366,0.009826822,0.15603036,0.16530648,0.024830587,0.07265611,0.273944,0.13987274,0.08442377
7368,0.23226553,0.19309966,0.08126722,0.09236543,0.40567154,0.24553089,0.09849171,0.4576484,0.15175895,0.15227373,0.06482209,0.083372064,0.18649988,0.101874486,0.11561286,0.16048273,0.009738298,0.21656728,0.13599885,0.03350227,0.08536118,0.28510514,0.092036635,0.073964044
7373,0.13010989,0.120281726,0.047627147,0.07036205,0.49125805,0.2022125,0.046909586,0.52085954,0.116767384,0.09934067,0.045581527,0.049351525,0.090379484,0.06806252,0.07210526,0.09087634,0.005425165,0.27899927,0.08024717,0.019939369,0.06380696,0.18582502,0.055647247,0.046606183
7374,0.110037774,0.11977066,0.021666933,0.054688703,0.27909023,0.14680935,0.099516906,0.5292384,0.07264736,0.0707866,0.023257244,0.0421621,0.13420716,0.045102507,0.024944196,0.0886479,0.0009667464,0.14433308,0.091927774,0.004327214,0.027726201,0.18315184,0.050051283,0.02663714
7378,0.047584474,0.042902194,0.00032711777,0.002258898,0.44893858,0.09613322,0.00062835094,0.6257943,0.012765632,0.020406429,0.0025742552,0.002873143,0.013085593,0.0009761021,0.0014990981,0.056431584,1.0126797e-07,0.16798142,0.0189968,9.3341605e-06,0.0022644007,0.18315363,0.0035922267,0.0011593588
7380,0.06944344,0.066871494,0.015451311,0.032143727,0.42415214,0.14952601,0.023705611,0.5961729,0.05944264,0.05821537,0.014495989,0.016193168,0.07169327,0.02768518,0.019364113,0.046467137,0.00060708367,0.25370395,0.033614457,0.0039675767,0.01940496,0.1274609,0.021715626,0.013523806
7385,0.18766452,0.18067811,0.13554381,0.16610898,0.4752691,0.24778879,0.15905704,0.5020257,0.172229,0.1704921,0.11213838,0.116161756,0.19597624,0.17552777,0.14899555,0.15814416,0.044607956,0.28584915,0.1557724,0.0954384,0.13770223,0.24304385,0.13816889,0.110921554
7390,0.16148134,0.17443547,0.07152478,0.09838668,0.442466,0.19697551,0.11999091,0.47867024,0.14636925,0.13988796,0.06535317,0.10063998,0.13968551,0.10023288,0.07644243,0.16326773,0.008921708,0.28230143,0.1353494,0.028512303,0.098102875,0.18621798,0.11991928,0.07430592
7392,0.07088435,0.072646484,0.012454549,0.020119287,0.3954324,0.09603126,0.009174353,0.46863058,0.05672159,0.096903525,0.01158932,0.011024993,0.15840696,0.021801999,0.02676713,0.07354148,0.00017848019,0.43336362,0.023958238,0.0009762722,0.007253869,0.20639728,0.016298754,0.007135046
7394,0.16854018,0.17451306,0.099674925,0.13217491,0.4064102,0.20829475,0.1130734,0.45602816,0.12088661,0.13358948,0.07395799,0.08451138,0.19125754,0.12706533,0.10330818,0.13410877,0.021030547,0.23358093,0.12834293,0.04962341,0.10054254,0.22388743,0.12042074,0.08649836
7395,0.088719115,0.07879444,0.014982005,0.041656993,0.50030327,0.1801141,0.014887569,0.5648637,0.071028344,0.087685324,0.020947024,0.018538631,0.056376584,0.02986833,0.026416471,0.061890107,0.00048758148,0.2648287,0.043926094,0.0045542237,0.027170366,0.16872612,0.02085445,0.017346647
7397,0.13294667,0.0942884,0.033588193,0.058630493,0.48739782,0.2578087,0.022400765,0.63091135,0.09790616,0.10885637,0.051346064,0.03928913,0.10310249,0.061209187,0.06891665,0.13259338,0.0017539664,0.46728483,0.07195519,0.0114667015,0.03875885,0.30737615,0.049600188,0.029625338
7398,0.22570953,0.24224569,0.121827744,0.13447425,0.40577412,0.21045889,0.13254817,0.46252897,0.1666344,0.16521753,0.09766733,0.10414513,0.2224832,0.13843499,0.12563314,0.15854684,0.028140107,0.20561013,0.17531604,0.06488972,0.13147458,0.27841598,0.16015887,0.113269754
7400,0.077909365,0.070884034,0.013003892,0.026716242,0.4301757,0.13999462,0.020519888,0.53971195,0.064442806,0.06745687,0.01397646,0.022856293,0.059119686,0.018448267,0.015401121,0.06918554,0.00017324155,0.17300364,0.050542396,0.0018316129,0.023236947,0.15840566,0.025361158,0.01472115
7404,0.12947819,0.111934535,0.021604665,0.034643058,0.35260534,0.18665437,0.025168894,0.5135677,0.06341319,0.06443121,0.027133508,0.034145456,0.08922587,0.03211789,0.030381056,0.12309247,0.0004943447,0.2055057,0.07060007,0.003898758,0.031547792,0.24787422,0.04465804,0.019567514
7408,0.09917575,0.094306216,0.008329789,0.02152903,0.40097293,0.13181457,0.010079257,0.5642152,0.061698843,0.068428606,0.017618207,0.017584426,0.0469861,0.017689696,0.017498517,0.06706875,0.00014134933,0.29031968,0.048442155,0.001523056,0.01995737,0.15150751,0.027188683,0.012767785
7409,0.13504654,0.090822875,0.0037873965,0.0070168963,0.36286247,0.125249,0.0034157997,0.42512017,0.037962016,0.0600601,0.0038036886,0.0059975637,0.09771686,0.0060069435,0.009129868,0.04271713,9.839933e-06,0.17015496,0.03232568,0.00022471229,0.0038537087,0.26881084,0.011402177,0.004174308
7418,0.17172107,0.15105733,0.015525344,0.0140369665,0.2546537,0.1315048,0.015205371,0.38364682,0.05462706,0.08055474,0.011593526,0.017375654,0.1846066,0.02247017,0.025599606,0.10885616,0.00020084727,0.13846928,0.06951444,0.0014638209,0.014542678,0.29336742,0.03142434,0.012858244
7419,0.14553693,0.14308019,0.023079889,0.03397461,0.36352813,0.20288146,0.025541957,0.45926055,0.10066634,0.14529459,0.027735708,0.031108981,0.119521685,0.038853437,0.03235972,0.13010561,0.00047700174,0.27113506,0.080368236,0.0038219483,0.030808423,0.2365072,0.04224721,0.02424571
7421,0.2161108,0.24344411,0.07377379,0.071806915,0.54671776,0.20020424,0.048326023,0.39925244,0.16780195,0.14816433,0.07264391,0.07682809,0.14782052,0.068953276,0.10157399,0.113167234,0.008165392,0.2503253,0.15972884,0.02661753,0.08459418,0.28614077,0.11714117,0.089289665
7424,0.31540015,0.20162992,0.028105479,0.03512826,0.3102668,0.31354,0.030078817,0.43577397,0.11489431,0.14281134,0.03646911,0.04823549,0.2389848,0.04203185,0.062694356,0.2681186,0.00044126573,0.23462364,0.1457628,0.003632849,0.029011842,0.5277451,0.08423298,0.028590636
7426,0.10270087,0.12320592,0.08823813,0.12592942,0.5645763,0.18396273,0.057211954,0.54912,0.12461282,0.1434949,0.096861415,0.07010354,0.14090946,0.13415897,0.118217796,0.14900388,0.020292649,0.44934496,0.07173652,0.055985607,0.08369703,0.19703482,0.08009159,0.066046536
7427,0.15146008,0.13774736,0.053363655,0.08807165,0.42180473,0.22451001,0.05685013,0.5137459,0.11510051,0.11009856,0.057156086,0.063099466,0.11117205,0.078404374,0.055317104,0.13564982,0.0054354845,0.30164492,0.09138828,0.019840337,0.06917675,0.248523,0.071466364,0.054031923
7429,0.24263088,0.25867668,0.17257081,0.19872566,0.42583898,0.24466394,0.21694018,0.4655734,0.2128518,0.20450027,0.14952123,0.17726809,0.22810955,0.21138027,0.16669066,0.20759682,0.065879606,0.2703091,0.22110444,0.116633534,0.19808196,0.27420622,0.21799847,0.16507155
7430,0.011161258,0.012845395,0.00024683718,0.0015474882,0.63528585,0.05363654,0.00045471825,0.68862295,0.012081875,0.009994978,0.0015780433,0.0007345918,0.010794928,0.0018341745,0.0020247446,0.038626015,1.4727283e-07,0.5479647,0.0028413248,5.3674366e-06,0.00074708374,0.12220099,0.0019048289,0.00038412088
7437,0.37608406,0.238424,0.011605242,0.030602576,0.104943514,0.25760895,0.10637527,0.34800363,0.09059249,0.12625134,0.0138921635,0.06428436,0.35189614,0.012940335,0.010561865,0.18300062,4.6573383e-05,0.043663338,0.27747005,0.00031707773,0.008639439,0.44845822,0.065143496,0.019039255
7446,0.4292299,0.320838,0.027337039,0.025225107,0.47613552,0.28989765,0.015368091,0.28758985,0.17078164,0.17893264,0.036398225,0.04081429,0.1754739,0.024046358,0.061642893,0.16916172,0.00045228028,0.16794951,0.17049885,0.0031037293,0.033883173,0.48557627,0.068115056,0.034404475
7449,0.10608572,0.08555887,0.009549594,0.022330489,0.43155432,0.20404014,0.008628065,0.583117,0.04818338,0.07674665,0.013928151,0.013816704,0.11522426,0.020622013,0.018556835,0.10344738,7.4184965e-05,0.37349057,0.033433888,0.0010162988,0.009548845,0.30785647,0.021781862,0.009885053
7451,0.21887681,0.21234246,0.034381285,0.051100325,0.39871123,0.18329766,0.046967044,0.41877952,0.12993318,0.1505694,0.040373966,0.055410065,0.18444315,0.048654336,0.052606113,0.1311359,0.0013488798,0.23923199,0.1300263,0.007739306,0.040130887,0.2740418,0.07550788,0.047119286
7455,0.020018615,0.016004685,0.002030702,0.007433711,0.5209812,0.09172566,0.0013464708,0.81099397,0.016110007,0.019681042,0.0035825896,0.002274947,0.017699575,0.0073439945,0.006325211,0.019796908,1.2433069e-05,0.504585,0.0046440493,0.00023077436,0.002678186,0.09995685,0.0030967058,0.0014136188
7461,0.27604735,0.22029188,0.01581304,0.026778756,0.20212002,0.2792623,0.038139544,0.46288547,0.06862957,0.09758285,0.022561474,0.037127264,0.23150654,0.01482949,0.019061908,0.16179629,0.00010435076,0.09954952,0.15735185,0.0011124712,0.017847609,0.5299071,0.053082272,0.026039444
7462,0.10226,0.11155229,0.0230563,0.030825833,0.6082669,0.21147056,0.012528043,0.47364822,0.08710525,0.10636818,0.0360961,0.024819866,0.09838972,0.034127872,0.058421604,0.1240973,0.0008233488,0.3077454,0.060144097,0.005596174,0.03806005,0.2319647,0.044637173,0.025544135
7468,0.35365862,0.32028916,0.021760857,0.031833965,0.2826277,0.18245819,0.035195943,0.29142222,0.1209999,0.16784863,0.022132514,0.043791007,0.37989295,0.025410669,0.036978867,0.11384827,0.0003431881,0.11987663,0.200023,0.0018008162,0.01700186,0.4006241,0.07216891,0.031269226
7470,0.05569927,0.05831627,0.016815774,0.028661674,0.38352707,0.12351979,0.013476995,0.62137854,0.041089427,0.061798666,0.015068665,0.016137565,0.09184299,0.03889619,0.030894872,0.079983786,0.0006006786,0.34625193,0.022924135,0.0035019787,0.01622183,0.16993165,0.023162615,0.009565763
7473,0.2587277,0.21080859,0.031049125,0.04892565,0.32805502,0.21392676,0.051733695,0.4156129,0.10936106,0.11409492,0.037389934,0.059365537,0.13448048,0.044005923,0.04435837,0.14155266,0.0010400271,0.17358229,0.16396332,0.007094661,0.04591977,0.31311497,0.072285846,0.041645255
7479,0.23256868,0.2682549,0.043776304,0.053714696,0.38849723,0.17232727,0.056522533,0.3906837,0.15773727,0.16376166,0.043598205,0.065995626,0.1836334,0.04915392,0.062736616,0.09420778,0.002498283,0.20539397,0.15917552,0.010448932,0.05254773,0.22404103,0.079737015,0.05201508
7480,0.04890588,0.040426567,0.007543321,0.019772718,0.33082536,0.11010119,0.012091218,0.65739816,0.031550605,0.052070383,0.0064699873,0.00735973,0.09594678,0.016594049,0.01026789,0.04694148,8.1848586e-05,0.23330636,0.020126289,0.0008341501,0.0061089904,0.16621573,0.008635107,0.0050160075
7483,0.22090025,0.20105675,0.08781646,0.09828708,0.41991296,0.23778881,0.085509904,0.40774572,0.16771515,0.14934708,0.06356421,0.073098384,0.18293543,0.091199845,0.090151645,0.105786555,0.012672679,0.22094485,0.13313358,0.030120626,0.07425831,0.26522008,0.08974574,0.07589497
7486,0.40528855,0.42294735,0.025374169,0.04572707,0.22723193,0.15280716,0.0936096,0.23055941,0.14970835,0.1611473,0.026814152,0.08660785,0.30872434,0.02936017,0.031557534,0.13295186,0.00042275438,0.057640295,0.33368385,0.0030114942,0.028874729,0.28366196,0.11119423,0.05219322
7489,0.14727074,0.16863719,0.05285815,0.0770279,0.38382936,0.17710501,0.0815763,0.42599094,0.11968548,0.13929062,0.055331707,0.06336064,0.1664553,0.065004826,0.053152304,0.12764426,0.0040634745,0.2503437,0.1283829,0.016784467,0.059330713,0.2111343,0.072012246,0.05856306
7490,0.076368496,0.074928194,0.014873727,0.039431944,0.36166427,0.09331506,0.03679692,0.64186335,0.04611201,0.044184465,0.015039324,0.025089862,0.06719907,0.037669774,0.021601565,0.061939545,0.0006428252,0.21497315,0.04012831,0.0035206955,0.029522728,0.13220406,0.0444515,0.018014109
7491,0.19702448,0.20621857,0.17166692,0.19320093,0.47029662,0.26033178,0.18150243,0.48694366,0.19663836,0.18986182,0.1452246,0.14934771,0.20863527,0.18794869,0.16255249,0.18859874,0.06885981,0.2885073,0.16635524,0.11901662,0.1697065,0.25399688,0.18183072,0.1506291
7494,0.019754453,0.014929222,0.000823663,0.004416012,0.6255345,0.06067582,0.0013181645,0.72118664,0.013985887,0.013475238,0.0030757294,0.0019580354,0.007995134,0.005274898,0.0039435294,0.024353515,3.5762303e-06,0.5208593,0.005944103,0.00012142848,0.0032988687,0.080636285,0.0041418634,0.001332217
7504,0.20553812,0.1992428,0.0867212,0.1063227,0.40921718,0.23332383,0.10598617,0.45104042,0.1527125,0.14982796,0.07644733,0.09889799,0.1858581,0.08875708,0.09086856,0.1655663,0.011366553,0.22155851,0.15826005,0.03195305,0.10195909,0.23963842,0.10900631,0.08446185
7506,0.028322391,0.022923391,0.008922651,0.02145486,0.4146737,0.10250724,0.0049980003,0.71812594,0.027999682,0.051709924,0.00984497,0.0074943798,0.10142344,0.030914092,0.021641113,0.08342663,0.00015990004,0.615398,0.008013521,0.0011014097,0.004320011,0.18469892,0.010439598,0.003931525
7509,0.09576449,0.09887347,0.055898953,0.0878146,0.52351546,0.19469497,0.045171652,0.5622867,0.09396616,0.09016876,0.04857559,0.04635258,0.08970481,0.08314643,0.063430965,0.08847128,0.007787088,0.30875626,0.05879302,0.02798019,0.070454314,0.18033542,0.057978038,0.04460522
7511,0.076437786,0.073189996,0.03649515,0.06356072,0.39568588,0.13020962,0.05533946,0.60667527,0.06748608,0.07416315,0.026681317,0.029568058,0.10689289,0.069619335,0.043932382,0.07742997,0.0038318103,0.32897273,0.04216683,0.012123128,0.02979375,0.15121749,0.037608016,0.022376647
7513,0.1365926,0.09219456,0.0010300963,0.0060723,0.20675777,0.15397586,0.0037492996,0.54460764,0.026915664,0.035799228,0.0020186892,0.005726111,0.082168475,0.0033130618,0.0030640315,0.026090434,1.3248473e-06,0.10495774,0.03325759,4.5278928e-05,0.0014648493,0.25817317,0.00770011,0.0026286086
7519,0.12016219,0.11420545,0.07402044,0.09203876,0.40075356,0.21727392,0.06561918,0.5448408,0.11032878,0.1620433,0.07783372,0.069337204,0.20706926,0.123101436,0.094847776,0.21932909,0.010804435,0.40725932,0.08012784,0.029638609,0.07187509,0.28182366,0.07826551,0.049744677
7521,0.046981446,0.036783483,0.0097730905,0.022197386,0.41682693,0.15125604,0.013366381,0.62805593,0.029220978,0.038679738,0.010503555,0.0113595575,0.055913072,0.021088818,0.015746102,0.070334084,0.00017348374,0.2672132,0.020331644,0.0016743386,0.010850199,0.1619963,0.016055347,0.0064889826
7526,0.13527395,0.130572,0.06468889,0.093693964,0.51217055,0.20554762,0.047762148,0.5079579,0.14474188,0.12039187,0.04393112,0.05218872,0.115988545,0.073523074,0.07898531,0.096655525,0.006736034,0.30082664,0.07296157,0.027127555,0.064367875,0.2079113,0.06261561,0.048879523
7527,0.035290238,0.049710277,0.014069393,0.028478825,0.40403816,0.1203537,0.016985364,0.6328862,0.036734648,0.03607145,0.011151931,0.012477078,0.066544145,0.034329154,0.019676453,0.052523803,0.00054693804,0.31770715,0.015879171,0.0026233695,0.014274793,0.11678494,0.016892804,0.008321171
7531,0.27159217,0.20889014,0.044077735,0.053321175,0.29507598,0.23140644,0.057627004,0.44464457,0.12091953,0.15113434,0.0349311,0.04915914,0.26789686,0.048987903,0.056903187,0.1344889,0.0015615998,0.19969766,0.15001695,0.0068322294,0.035815082,0.41748777,0.07387011,0.04653441
7537,0.08206053,0.102572605,1.08797285e-05,0.00011778772,0.12785117,0.029056365,0.0006710345,0.38193935,0.012530038,0.013755419,5.1147443e-05,0.0012058555,0.0064469385,5.731535e-05,2.7974344e-05,0.009570911,3.007166e-11,0.012635015,0.018712465,1.4510833e-08,0.00023128184,0.03034979,0.00033056503,0.00017905889
7543,0.15536956,0.16271353,0.08409839,0.11562361,0.4150799,0.19901633,0.120778486,0.5165696,0.12634617,0.118439876,0.06373392,0.08031998,0.14123045,0.116939195,0.07938913,0.10030786,0.017347297,0.21071771,0.124145955,0.043574553,0.08843142,0.1905968,0.09292644,0.07629642
7544,0.24916384,0.129229,0.0037857923,0.013496141,0.23358746,0.14722589,0.017943533,0.45568842,0.05621971,0.057651717,0.0084872255,0.015016836,0.06988592,0.0068860035,0.0070287273,0.069079556,1.0399699e-05,0.10423602,0.0803082,0.0002041677,0.008552474,0.24490759,0.022989241,0.008983463
7546,0.0758851,0.08970796,0.0047598057,0.008067408,0.4655667,0.10017939,0.014179896,0.5809084,0.04832166,0.048259173,0.008588366,0.0133147435,0.035231747,0.012608269,0.009683519,0.059425715,2.2243086e-05,0.23077957,0.042504337,0.00064440997,0.011098364,0.1933707,0.020578234,0.007969938
7547,0.18620344,0.14884672,0.039996233,0.065036915,0.32218394,0.17649734,0.08909663,0.46381414,0.10718777,0.10578539,0.036287624,0.05635171,0.13167843,0.056689367,0.035655193,0.13661887,0.001999005,0.17248257,0.10767122,0.009413465,0.055276882,0.21225855,0.07937861,0.040517896
7548,0.070540205,0.086406976,0.008358595,0.024503129,0.464204,0.10422412,0.013960901,0.5735471,0.063927695,0.059551053,0.010764593,0.015482403,0.043716595,0.018986551,0.011951309,0.05739068,0.00014650852,0.2586215,0.034075394,0.0018970103,0.021713568,0.09648774,0.022702562,0.013404345
7554,0.36370283,0.22118826,0.03379342,0.054765,0.24351466,0.30975327,0.0597475,0.4459125,0.14314842,0.15442424,0.040732887,0.059326805,0.22820362,0.048978895,0.051780153,0.15012959,0.0009458173,0.1776657,0.17893732,0.0046489188,0.032821435,0.41503856,0.0633379,0.039734412
7555,0.15927142,0.11727105,0.01881916,0.04176287,0.4581073,0.26207492,0.020724246,0.54417926,0.08661847,0.10213438,0.028601063,0.027442837,0.0712491,0.03050412,0.038012024,0.11022282,0.0003944596,0.2542514,0.08119068,0.0037106113,0.029740782,0.28437662,0.030715654,0.022489162
7560,0.09897766,0.10261725,0.019962015,0.04141396,0.43886852,0.16370793,0.03650005,0.58514524,0.08910378,0.0951548,0.027199076,0.03349681,0.09775057,0.045769762,0.036030676,0.12788615,0.0007929489,0.35883582,0.051679138,0.005070741,0.038048092,0.16479634,0.044409536,0.024109494
7561,0.20752992,0.14889798,0.02935347,0.058580242,0.42760858,0.29431897,0.030974485,0.4898269,0.10932416,0.13248123,0.050637376,0.042656943,0.1439497,0.0528128,0.06385547,0.17281777,0.0009640276,0.3187699,0.10932162,0.007293409,0.03464731,0.37071043,0.063315615,0.033753715
7564,0.56405276,0.32104912,0.004501505,0.008114743,0.12662704,0.31447166,0.015082995,0.29145762,0.08715655,0.16055258,0.006612084,0.026205588,0.2870581,0.004849753,0.0053433166,0.155729,2.420697e-06,0.061879307,0.2480526,5.931541e-05,0.004113395,0.59541,0.024638312,0.011133148
7568,0.0655901,0.07239021,0.012114381,0.03641315,0.4574206,0.1393945,0.018317034,0.6463827,0.052117255,0.060840867,0.020098787,0.02048695,0.0555039,0.032599214,0.021031477,0.07229837,0.00027493027,0.2722623,0.045643594,0.003058868,0.023741368,0.14856736,0.026967702,0.015670994
7569,0.19324921,0.19025704,0.16992128,0.19377595,0.46403587,0.2724956,0.16763888,0.51596785,0.19028191,0.17901859,0.15543701,0.14000049,0.19557112,0.20484103,0.17011279,0.1935312,0.07753942,0.29544824,0.1631357,0.13124403,0.19002466,0.26942778,0.17419928,0.15028775
7570,0.20440802,0.17269842,0.013682603,0.028082564,0.33190823,0.16294308,0.035839155,0.3992076,0.103567705,0.12584741,0.014865387,0.028193252,0.15493923,0.024833256,0.025497863,0.07466475,0.0002156714,0.15173061,0.11137637,0.0015992548,0.016777692,0.23125549,0.033760805,0.017434908
7574,0.50324214,0.27339435,0.0014384759,0.0015247428,0.21888632,0.24053341,0.0010646571,0.18327527,0.041761227,0.0852801,0.0012650592,0.0045618434,0.16170359,0.000972732,0.003451894,0.081982695,1.3722453e-07,0.03588983,0.12134489,1.400713e-05,0.0014728843,0.44391146,0.011435249,0.001797787
7575,0.22692922,0.18494564,0.060855273,0.06902904,0.44001138,0.25966787,0.05367844,0.49947903,0.12382651,0.13965014,0.051711902,0.063097835,0.14507462,0.071797684,0.08559594,0.12518711,0.004314807,0.20647375,0.14368609,0.016821278,0.058962554,0.3168062,0.07848992,0.05488934
7576,0.254226,0.21239634,0.04393003,0.073314704,0.302442,0.20683151,0.0820602,0.46128324,0.114378765,0.12708408,0.045098457,0.06696992,0.23656593,0.061646905,0.05951607,0.1300013,0.0022276433,0.1754122,0.17321363,0.009730212,0.038338955,0.29215264,0.08476943,0.049326956
7577,0.08015673,0.082022265,0.031732034,0.05145478,0.48561865,0.21982259,0.02725499,0.58815014,0.06753715,0.082381785,0.03823211,0.028557237,0.1057648,0.060470045,0.05481235,0.096249565,0.0023781746,0.35326657,0.048995167,0.010729149,0.035349213,0.22723365,0.03886812,0.02481417
7587,0.119851075,0.075926326,0.0111178495,0.01739651,0.3616636,0.15589498,0.0133220805,0.46812367,0.058452938,0.06510908,0.009696848,0.010767702,0.10273501,0.021841118,0.021281531,0.105185,9.997215e-05,0.3059914,0.037498742,0.00096676947,0.008563373,0.25729963,0.018805157,0.007949711
7595,0.07929189,0.075537816,0.033016615,0.045120873,0.48509938,0.1782393,0.015831389,0.5594295,0.068437345,0.104154564,0.0276788,0.02193739,0.11970538,0.046719566,0.047151808,0.09548877,0.0012632003,0.41872227,0.03528515,0.0064759734,0.023182893,0.22846732,0.026428621,0.0198505
7597,0.16690561,0.1762783,0.004057458,0.011614686,0.3712487,0.1565769,0.01566843,0.43355188,0.06901959,0.09714424,0.0077987057,0.02236811,0.07545308,0.008966683,0.007906959,0.064096205,1.3517375e-05,0.15013573,0.09949028,0.00026591241,0.010986627,0.23093413,0.017355403,0.012039189
7604,0.23686355,0.13415699,0.023342572,0.0408442,0.28526634,0.27377063,0.053536676,0.58194935,0.097330086,0.07909155,0.034545098,0.040050387,0.11778881,0.05366738,0.045888707,0.14101167,0.00095287606,0.23178436,0.11306873,0.0049007996,0.033391286,0.3576216,0.053228684,0.032833993
7611,0.21082236,0.21621612,0.19623286,0.22051427,0.46046144,0.27502102,0.2089178,0.5045267,0.22132279,0.20166819,0.16321918,0.1701632,0.21633825,0.21912962,0.18390383,0.19911563,0.097323574,0.28891757,0.19363219,0.15432869,0.2061419,0.26487836,0.19097403,0.16882947
7616,0.19703346,0.19035861,0.09153099,0.11198589,0.46442458,0.26741877,0.09193644,0.46534738,0.21636312,0.18300983,0.07813771,0.101369925,0.20220076,0.11480139,0.10958233,0.21368526,0.008664542,0.31717077,0.1577431,0.033790033,0.09066401,0.30471942,0.1140539,0.077649996
7617,0.12125964,0.09950002,0.0022838155,0.0062396,0.47813252,0.109652765,0.0031353529,0.42632994,0.03783652,0.03540384,0.0028805253,0.0049526086,0.055218253,0.004304897,0.0066378727,0.03211041,3.7635727e-06,0.22141695,0.026210822,0.0001186217,0.0024676449,0.18597735,0.0062837023,0.0036591247
7622,0.20573802,0.20029622,0.118907996,0.1653447,0.39779645,0.21671242,0.15575741,0.46468598,0.16601375,0.16068973,0.103558965,0.11419216,0.20495975,0.15121566,0.11305695,0.15884759,0.030760823,0.30675706,0.16171093,0.06412289,0.11547278,0.24506837,0.13948984,0.112998605
7629,0.07818739,0.03707195,0.0033636536,0.00945104,0.42104867,0.245498,0.00399772,0.7100501,0.024263015,0.029751133,0.0063355044,0.0065092994,0.033038635,0.009149827,0.008638397,0.04289144,1.7153936e-05,0.23219182,0.019410966,0.00034304595,0.005065816,0.2484438,0.007971431,0.004433847
7638,0.11309264,0.10449524,0.05366667,0.0756257,0.5074278,0.22461395,0.036663167,0.6004485,0.09333388,0.1078925,0.056791022,0.04727373,0.11214987,0.07376803,0.071886525,0.11778335,0.0054503214,0.35982555,0.068815604,0.01938036,0.0583427,0.24824035,0.06125925,0.04389151
7641,0.14883031,0.16676675,0.122818656,0.14088218,0.45975113,0.20159413,0.11687101,0.5198296,0.13372584,0.13287586,0.09358834,0.09242979,0.15345825,0.14933021,0.11973214,0.14302698,0.035889585,0.26524353,0.1149249,0.07724169,0.11475347,0.22010218,0.11995266,0.09327454
7643,0.1494893,0.102820896,0.025150212,0.03926827,0.5776353,0.28113335,0.011802139,0.5247499,0.0936078,0.089773126,0.034506064,0.029224265,0.05274467,0.037793428,0.039028976,0.11393176,0.0007487662,0.27208614,0.058271695,0.006694632,0.049288474,0.2415292,0.03268898,0.023768276
7648,0.3201413,0.31766015,0.029716535,0.045011856,0.32972753,0.19214942,0.06792722,0.32726264,0.16770127,0.15081395,0.035671815,0.07327724,0.15700595,0.037685957,0.044138778,0.10886893,0.0011200251,0.14055452,0.20296063,0.0045264903,0.050637744,0.26239878,0.076374665,0.051692434
7650,0.31304425,0.24266382,0.009674382,0.017538182,0.16560277,0.087280795,0.027241694,0.28955305,0.04826133,0.07670245,0.0076431576,0.020272233,0.28971902,0.009577764,0.008804914,0.050436903,3.8394875e-05,0.050400224,0.1435343,0.00048774184,0.006465538,0.3080213,0.04042391,0.01612526
7651,0.14297633,0.13702253,0.036425184,0.055095755,0.39541337,0.20007029,0.040501986,0.49899888,0.08675347,0.08740688,0.03378761,0.036293183,0.107337356,0.04618373,0.046434924,0.10699415,0.0020544983,0.18003726,0.086627506,0.010584347,0.04525904,0.2562897,0.0449844,0.038171183
7657,0.010050473,0.009574396,0.0021967345,0.007906925,0.49352533,0.08266686,0.0016875747,0.8192638,0.013640677,0.028597174,0.0034700457,0.002011882,0.03423959,0.009525509,0.005797613,0.02698971,1.4133772e-05,0.66496605,0.003189942,0.0001861244,0.0019513094,0.06958319,0.0029217063,0.00104679
7659,0.09930716,0.09633647,0.0063711577,0.010741247,0.48649934,0.17528251,0.0050223772,0.5273043,0.056324568,0.082363866,0.011484567,0.01021196,0.09764439,0.009990393,0.01882996,0.0951016,3.063037e-05,0.27412018,0.05291615,0.00048366905,0.010242544,0.34928405,0.016099641,0.0078069787
7661,0.21001191,0.23697092,0.017278973,0.034521606,0.27988404,0.19904758,0.026041985,0.45595384,0.09652938,0.12265694,0.019277798,0.040336855,0.17101283,0.02452086,0.024000112,0.07173926,0.00039169603,0.15968634,0.101505,0.0021113597,0.022491217,0.28919098,0.046136986,0.02339941
7667,0.21091242,0.19780412,0.06054729,0.12405034,0.34588164,0.21240667,0.18705244,0.48599982,0.16727076,0.16231164,0.056208074,0.10005597,0.18800952,0.09412442,0.06945022,0.18683697,0.0072058295,0.17596175,0.15543532,0.028574077,0.08575733,0.23835045,0.109037295,0.07131517
7668,0.043968357,0.03390397,0.0049831946,0.011992103,0.6738652,0.1269512,0.0034598736,0.666029,0.03286846,0.048749432,0.010596254,0.007198261,0.0368921,0.014731666,0.015356067,0.05584192,4.731336e-05,0.56988335,0.014736582,0.00092456397,0.008355612,0.1684193,0.013174892,0.0059745396
7669,0.063374326,0.039263234,0.0028779788,0.0089117205,0.38574773,0.15994506,0.0047464906,0.6783354,0.026722034,0.043951772,0.004236384,0.006007843,0.05913254,0.0071475585,0.01102361,0.10070346,8.589701e-06,0.48523733,0.0111539755,0.00014646492,0.003613525,0.22654983,0.008323662,0.001900266
7673,0.1498608,0.12068594,0.016173953,0.044616845,0.27618974,0.16219288,0.07031759,0.47822022,0.083960176,0.08729521,0.02153895,0.039516795,0.1294997,0.03528006,0.020595001,0.070984066,0.00048813433,0.15574346,0.092527635,0.002812839,0.019648537,0.17261893,0.037085403,0.019584078
7674,0.3033108,0.24560042,0.044417743,0.05823444,0.38709298,0.30229157,0.06004871,0.38769415,0.113358684,0.1390015,0.052429892,0.074291624,0.20650639,0.04494937,0.052395683,0.18285748,0.0013191272,0.16340901,0.20446597,0.00909565,0.05403195,0.3803153,0.09978609,0.06701536
7679,0.2569762,0.21893775,0.009111634,0.021308707,0.25874496,0.17609192,0.020565279,0.41001612,0.094926156,0.11374083,0.01512253,0.029087795,0.14209542,0.015648378,0.01950086,0.10651577,8.112739e-05,0.13304803,0.11843834,0.0008414836,0.013897855,0.3371039,0.037934683,0.01869078
7683,0.15762828,0.15124996,0.05827495,0.09397124,0.44681022,0.21080734,0.08359648,0.5152086,0.12915774,0.115915604,0.061674662,0.07675471,0.13529617,0.09170366,0.09232014,0.1300629,0.009050704,0.305497,0.109154634,0.027680527,0.08443014,0.2338124,0.088212475,0.061840553
7684,0.18150406,0.18656927,0.03683756,0.05877959,0.31492567,0.14236894,0.09609875,0.42426026,0.10202803,0.13613752,0.0344917,0.056195475,0.19295295,0.05727393,0.03971791,0.0894889,0.0019351505,0.1342677,0.14867859,0.0090004895,0.042687748,0.19140196,0.075936474,0.050663628
7686,0.068611465,0.091071874,0.037894104,0.066527374,0.42997488,0.12498276,0.06536861,0.5291128,0.07181639,0.058095455,0.03010177,0.03986586,0.08167329,0.059099436,0.040507946,0.0739241,0.0036063278,0.2442304,0.05489685,0.011667639,0.04590972,0.13060382,0.051533595,0.029462216
7687,0.21367174,0.2050032,0.1201485,0.16659297,0.38419738,0.21707901,0.17549714,0.49200317,0.15683009,0.1554111,0.10259208,0.13472255,0.19041422,0.1583332,0.11523152,0.17112026,0.03332987,0.21157496,0.1716424,0.07488538,0.14154755,0.23466998,0.15886654,0.12757714
7693,0.18024136,0.21685366,0.12605454,0.13668557,0.43866774,0.21679103,0.13178156,0.4558294,0.13954018,0.16003828,0.09273675,0.099781424,0.24208169,0.14088134,0.1234385,0.13849507,0.031543873,0.22059652,0.17067859,0.07467052,0.11609073,0.25544414,0.13880216,0.11176958
7694,0.058099467,0.030465575,0.00028335713,0.0009877934,0.56509113,0.18956748,0.000107894084,0.49390396,0.016376235,0.033147957,0.0014588119,0.0007277792,0.030448874,0.00076775654,0.0034311393,0.091836765,6.6339226e-08,0.47171348,0.006917579,6.6623275e-06,0.00057470996,0.39264643,0.0016562096,0.00038972957
7695,0.033294547,0.031212982,0.010947679,0.034015562,0.28274655,0.094761856,0.025036043,0.70914555,0.034813806,0.045857478,0.014056792,0.015861519,0.07793355,0.03710452,0.015612187,0.06346994,0.00034885795,0.38594753,0.020903977,0.0017736489,0.012310639,0.13528775,0.019808834,0.007759475
7697,0.17578375,0.19215463,0.11328739,0.1349817,0.47396743,0.2405753,0.12277282,0.49226412,0.16525513,0.17450285,0.11211697,0.110342756,0.1744689,0.14987954,0.13204801,0.18684654,0.03155726,0.3228719,0.1450277,0.07329848,0.14620724,0.25288817,0.1336627,0.10640545
7703,0.15725371,0.16106898,0.0726185,0.119316705,0.3653499,0.20195368,0.16306327,0.50815046,0.12010651,0.13305552,0.07569401,0.08645709,0.19981997,0.105596475,0.07040156,0.13414817,0.011929262,0.20016657,0.15349282,0.03163108,0.07972532,0.23134978,0.116405725,0.07538354
7705,0.3173392,0.1969695,0.031765513,0.059768576,0.3439118,0.29839322,0.06287698,0.48176128,0.12488848,0.111508794,0.047785945,0.056805022,0.14934507,0.04801831,0.063691765,0.14755385,0.0014396661,0.2398053,0.14195023,0.008108739,0.038904924,0.40423828,0.07952704,0.041642297
7710,0.20756413,0.18290627,0.09744926,0.11055067,0.48574057,0.26601273,0.07950992,0.5031904,0.14080349,0.13979244,0.08738434,0.0824702,0.17934467,0.12011495,0.12784517,0.15864967,0.017096154,0.3151081,0.12402516,0.052508064,0.10030605,0.32986853,0.11708583,0.08235755
7714,0.088426836,0.087577544,0.0192853,0.04854599,0.41741642,0.1584433,0.02953859,0.5965102,0.06255256,0.05294411,0.021547584,0.026937712,0.05387986,0.034067284,0.029049277,0.0681756,0.0010464869,0.23231386,0.04861074,0.005990847,0.0359263,0.1413101,0.031197084,0.023584193
7715,0.17876072,0.08554211,0.0025083409,0.006392066,0.46929455,0.25266182,0.001744922,0.62785757,0.055392627,0.06749675,0.008043898,0.008625372,0.031467266,0.0057412004,0.008913135,0.109525785,2.204175e-06,0.35443494,0.029780023,9.2175585e-05,0.0052050264,0.33489886,0.010537118,0.003693832
7718,0.22217382,0.22353186,0.1824174,0.18590079,0.47601092,0.28634453,0.14097273,0.479943,0.19829696,0.20543337,0.15063536,0.14041744,0.2437564,0.19861831,0.19835892,0.22587435,0.06827593,0.35277542,0.16999355,0.12027646,0.1620183,0.33430693,0.17041261,0.14470962
7721,0.10879289,0.111207806,0.022975937,0.047407057,0.4053136,0.12426356,0.060811926,0.51031625,0.08631654,0.08893952,0.025594842,0.03799644,0.09147494,0.04580395,0.026433302,0.08905548,0.0009419108,0.21237007,0.076956235,0.004838715,0.04143055,0.15726894,0.048923694,0.025134625
7723,0.10235676,0.09102103,0.017728815,0.03972465,0.4484332,0.14532837,0.029490303,0.54219484,0.06938606,0.07308199,0.024909426,0.030311465,0.059407726,0.038322628,0.028106201,0.084312275,0.00053749146,0.25309384,0.05931148,0.004654604,0.030288566,0.14735158,0.037252653,0.018590648
7725,0.21447708,0.21819118,0.0912563,0.12210554,0.39791402,0.21549797,0.14073707,0.4763336,0.16313286,0.1642136,0.08911661,0.11544001,0.17985845,0.11840271,0.09647611,0.13656141,0.017004203,0.24898857,0.1741292,0.039525945,0.10979087,0.2441977,0.12466002,0.09513694
7730,0.1955872,0.21544026,0.12845263,0.16610885,0.38279364,0.22783846,0.22348692,0.46074942,0.18665041,0.1570113,0.11441161,0.13665496,0.20335436,0.15842654,0.117339864,0.18523309,0.038719833,0.22992992,0.19778886,0.07351731,0.16460733,0.24474207,0.16559485,0.13417509
7734,0.023181967,0.02232956,0.009851959,0.018054716,0.4719996,0.10269346,0.0054720296,0.7397036,0.03025528,0.05149119,0.010021638,0.0064988886,0.0911917,0.029759577,0.023064317,0.06370575,0.0001657114,0.5855643,0.007967289,0.0013095284,0.0051065655,0.1706768,0.00881157,0.0039715683
7735,0.09184575,0.0742937,0.031070162,0.06598675,0.4562544,0.23196808,0.033951767,0.624794,0.0948784,0.10719596,0.042300135,0.034338433,0.10523856,0.050371498,0.03991701,0.10487022,0.0017712192,0.33404037,0.05132674,0.008719764,0.038451515,0.1880735,0.043408073,0.027675435
7736,0.08657372,0.09020124,0.01129769,0.025242036,0.5058551,0.15995625,0.011635999,0.5069058,0.0835759,0.09060226,0.016393065,0.01775747,0.07472668,0.020175276,0.03186582,0.084649324,0.00025157962,0.3406004,0.047824685,0.0016127126,0.016990613,0.18555465,0.02382625,0.012889506
7742,0.23589723,0.22496048,0.11094051,0.112670556,0.4792248,0.24847789,0.082559235,0.43875873,0.20152521,0.17613803,0.099672355,0.099609725,0.17484775,0.111745745,0.1408086,0.19842309,0.019116241,0.29662335,0.1478112,0.04661403,0.1250303,0.30691293,0.13228793,0.097328395
7758,0.013896849,0.0064640655,2.1741887e-06,5.809565e-05,0.5469786,0.038428154,3.776376e-06,0.75946754,0.0015744383,0.0016357078,4.5732497e-05,2.6052408e-05,0.0027408584,3.2039414e-05,0.00010804131,0.007731363,1.0316747e-11,0.32615352,0.0017966426,1.44915e-08,1.5250642e-05,0.21224743,0.000201569,1.1070213e-05
7761,0.093988605,0.07557643,0.0020776766,0.006310524,0.27127075,0.13989577,0.0068723448,0.5251027,0.043145575,0.09218449,0.0050448566,0.0061796834,0.1106644,0.005301249,0.00600589,0.07324861,3.676264e-06,0.22304918,0.0370077,5.6687033e-05,0.0028194096,0.25708717,0.008315695,0.002374292
7776,0.031980105,0.03900255,0.0031014802,0.009259444,0.5737945,0.0910642,0.002117602,0.6197942,0.023461692,0.0417892,0.00558737,0.0041879076,0.030860163,0.009386057,0.008326476,0.046699714,1.5324074e-05,0.4088141,0.01606709,0.000336918,0.0049302545,0.14111778,0.008917075,0.002839233
7777,0.25537592,0.21015424,0.0832298,0.11149235,0.43845433,0.24990596,0.11652694,0.4670811,0.1898593,0.19758745,0.08064439,0.10874006,0.20388836,0.09914776,0.087850705,0.16953327,0.008859798,0.32842934,0.1600724,0.032067757,0.10396155,0.278493,0.11228481,0.093294464
7783,0.2217579,0.22601686,0.14391574,0.17839952,0.3640379,0.23431158,0.2362844,0.48585325,0.18693632,0.18529515,0.11667626,0.15983048,0.2276596,0.17180192,0.122254565,0.17493376,0.039776627,0.2175585,0.20312753,0.077453144,0.14684935,0.24633864,0.16731067,0.14076343
7788,0.04900121,0.039740056,0.0005401675,0.0023343249,0.37979928,0.10923007,0.0011568872,0.7138492,0.024756836,0.026419377,0.0014415304,0.0018848763,0.029569166,0.0024607142,0.0027868303,0.05333166,2.626954e-07,0.20888594,0.012176627,1.6485326e-05,0.001772956,0.14216864,0.0035542445,0.001030239
7789,0.26301572,0.30435804,0.15277213,0.18331045,0.41736165,0.24108157,0.20016283,0.44066197,0.24099283,0.22037329,0.14897184,0.18504964,0.23903914,0.1780779,0.16147974,0.18728976,0.052859146,0.2436219,0.25287747,0.09395268,0.18751533,0.27349848,0.20154516,0.18030937
7790,0.28813845,0.2344147,0.049997803,0.07493662,0.31075796,0.23889947,0.11739168,0.40561292,0.15442806,0.1615579,0.04190176,0.092781186,0.22106202,0.07090057,0.054145843,0.15689266,0.0022962093,0.14016256,0.19929215,0.009876418,0.06986306,0.3510112,0.09639077,0.06297778
7804,0.089214094,0.06638299,0.0013534197,0.0077657006,0.51012975,0.17127827,0.0014759874,0.60656106,0.037022125,0.041762527,0.005560886,0.007733873,0.022825822,0.0056807227,0.0038549681,0.044849586,2.3120492e-06,0.37444296,0.021959221,0.00010074223,0.0032071841,0.21860681,0.0072525837,0.0028116344
7805,0.21099257,0.22271994,0.17056344,0.1801501,0.4016087,0.23470452,0.18677302,0.4732089,0.1840077,0.17015016,0.14196649,0.14283921,0.20773338,0.18130054,0.15136838,0.17687409,0.06498924,0.2616201,0.17799872,0.10837389,0.1656481,0.2531791,0.17409788,0.14138795
7806,0.13631724,0.09917562,0.042143513,0.06935383,0.38074833,0.2251823,0.046005007,0.5706416,0.08464095,0.096716926,0.0376046,0.03980405,0.10841388,0.06540269,0.04923739,0.11946806,0.0026564056,0.25730145,0.06266259,0.012681309,0.04359568,0.24292527,0.045977626,0.030918289
7813,0.07340975,0.0704572,0.012485424,0.0387576,0.4254602,0.18767747,0.014292302,0.6995964,0.05395491,0.062221147,0.015308583,0.015327268,0.03777231,0.025775472,0.018398196,0.056410894,0.0003876191,0.24392116,0.027801923,0.0033211268,0.02661648,0.11946353,0.01870265,0.013493685
7815,0.08496308,0.081205525,0.020979246,0.04132895,0.42474905,0.1770939,0.028703155,0.6232229,0.0850366,0.099566646,0.024387753,0.023151169,0.102221005,0.037414357,0.03320896,0.11246337,0.00049315917,0.35233217,0.043309677,0.003548504,0.022318117,0.24508105,0.02792746,0.017757043
7818,0.15170765,0.09111021,0.00015634435,0.0024203425,0.24714863,0.22761603,0.0024493858,0.7367833,0.021488862,0.02575486,0.0026038887,0.0049456037,0.027493382,0.00085589406,0.00176167,0.12505136,2.5277359e-08,0.085076235,0.065017425,4.2001648e-06,0.0019218271,0.40908384,0.0038139324,0.0010308723
7823,0.10721353,0.1008271,0.0013743573,0.003649616,0.233255,0.06701729,0.0050932253,0.37769598,0.020386599,0.029958293,0.0026417784,0.00844021,0.092515506,0.0041717063,0.00434699,0.054238215,1.7567743e-06,0.14606814,0.049896285,5.137387e-05,0.002709088,0.2782348,0.016069952,0.0031864645
7826,0.30132723,0.30402288,0.033836357,0.051112376,0.3067562,0.22390407,0.06666646,0.3996527,0.17780039,0.14545883,0.046565972,0.07591818,0.165164,0.04422078,0.043089043,0.190319,0.0007656119,0.18726894,0.22949365,0.005112614,0.050472513,0.33822116,0.100934915,0.06349468
7827,0.20903884,0.23371175,0.064634904,0.06997761,0.3858428,0.18880603,0.07722007,0.38109162,0.14303944,0.14270946,0.05915019,0.075864434,0.16681011,0.07417574,0.06936905,0.13166928,0.005432325,0.16486892,0.1801313,0.022046154,0.08122893,0.24140187,0.090945564,0.07791961
7830,0.21879247,0.23940077,0.080056295,0.12071956,0.36595216,0.23144475,0.1518066,0.4362455,0.18280621,0.16970792,0.08718876,0.1206824,0.1640271,0.09754123,0.075062856,0.1956873,0.01079937,0.18024853,0.21555114,0.028985517,0.14049394,0.22644736,0.14130527,0.10263644
7832,0.03018942,0.027013918,0.0037686566,0.013555676,0.32459545,0.07300904,0.0053376914,0.70451045,0.022022229,0.04496484,0.004251566,0.005142014,0.095914505,0.011906913,0.008774785,0.058391415,1.5727075e-05,0.48079354,0.008562685,0.00018552678,0.0027735797,0.16211548,0.007364675,0.0025682263
7833,0.09824517,0.12417127,0.10254831,0.12910086,0.4660614,0.20352182,0.097758286,0.43322748,0.106848024,0.11066602,0.06280278,0.07426473,0.16998924,0.11587365,0.07170419,0.115348965,0.030717896,0.18547599,0.09666952,0.062289845,0.10839356,0.17906268,0.10216006,0.06805947
7835,0.055914667,0.038810477,0.007611465,0.01757261,0.39030293,0.13514304,0.0108096395,0.6866076,0.03142405,0.031998485,0.007897056,0.0082379365,0.04621017,0.017969877,0.011525536,0.042699523,0.00012312413,0.28182843,0.01653803,0.0012149219,0.0099976305,0.13720618,0.012178583,0.006814476
7842,0.26637864,0.29934216,0.074239336,0.09936263,0.38604543,0.24561308,0.093685344,0.40408915,0.18543759,0.19429761,0.08569945,0.11866373,0.19997823,0.08365349,0.08928987,0.19808759,0.0062054903,0.21072057,0.22709277,0.023990467,0.106160015,0.2959603,0.13735777,0.10514306
7843,0.2600978,0.18716286,0.09503707,0.09385407,0.40579572,0.2783307,0.06988554,0.43996233,0.14692616,0.15302788,0.081233814,0.073573455,0.24739431,0.09978547,0.13617113,0.22445364,0.011535211,0.2655504,0.1597363,0.03216,0.08376324,0.43800688,0.09831478,0.069517314
7848,0.07930564,0.09101365,0.026507964,0.034138214,0.49173933,0.12423853,0.020406945,0.429987,0.06295317,0.06649342,0.016290355,0.021909863,0.088901214,0.036567524,0.03313206,0.043555964,0.0014225264,0.23470734,0.0425864,0.006323337,0.025008457,0.12713176,0.029673722,0.019838655
7849,0.18245223,0.20245361,0.10248564,0.13809556,0.38480887,0.18866381,0.15006612,0.4660562,0.14901133,0.13847423,0.09190792,0.11038714,0.18340604,0.13907273,0.10209126,0.1605437,0.023605866,0.2256814,0.16837512,0.057483446,0.115256995,0.23491032,0.1465077,0.1018263
7851,0.03262768,0.018852685,0.0002168118,0.0013829969,0.22100073,0.093498684,0.0011543147,0.80723,0.007906801,0.012267912,0.0005776761,0.0009499947,0.01915584,0.00137546,0.00066777394,0.019517804,5.048084e-08,0.3026819,0.004039798,2.7436333e-06,0.00034799677,0.119852826,0.0014660236,0.0003383168
7854,0.1723326,0.09906533,0.0025720387,0.0066461377,0.3819987,0.20216343,0.002291243,0.5174662,0.039643735,0.045354296,0.0050069527,0.005685274,0.043206554,0.0045192624,0.008595707,0.053906687,5.180017e-06,0.19437417,0.038414095,0.00016356874,0.0048144106,0.3049207,0.008947361,0.004646252
7857,0.121673115,0.0919202,0.022096943,0.04113364,0.2828469,0.14976701,0.044582803,0.48396912,0.05599573,0.060940668,0.02039521,0.02699245,0.14641424,0.04701792,0.02052527,0.06487588,0.0007733359,0.18387407,0.08071378,0.0040967274,0.018104924,0.22184937,0.034831643,0.019335628
7858,0.18552016,0.21078272,0.14443187,0.16549876,0.44269282,0.22082579,0.17795926,0.4802944,0.17786206,0.18392208,0.11861147,0.13812298,0.21251173,0.1724017,0.13728979,0.1548666,0.05421429,0.2766342,0.17534819,0.08876484,0.15552743,0.23977888,0.16173823,0.13011418
7860,0.08371616,0.089599386,0.075932376,0.10024945,0.51772416,0.19293608,0.049503677,0.5905937,0.09507695,0.13838503,0.068594374,0.04956892,0.16999276,0.108980484,0.10108491,0.1430109,0.011096691,0.47547665,0.051523674,0.031464413,0.066816546,0.22713597,0.061569314,0.04680165
7863,0.10648045,0.08744483,0.02132763,0.036332034,0.31281865,0.21017617,0.038776875,0.51722634,0.057071295,0.06864998,0.016704483,0.020231944,0.10988929,0.028852236,0.021926437,0.06512147,0.00070311426,0.13913468,0.05887807,0.003638598,0.021220764,0.2160882,0.024127072,0.018600134
7865,0.19285706,0.18219356,0.09102562,0.13786994,0.32737663,0.21400325,0.21259525,0.49734837,0.14853083,0.1466657,0.08620053,0.11685366,0.18794893,0.13945328,0.08635775,0.15955104,0.020116169,0.21618591,0.15107779,0.041674208,0.099004626,0.21785554,0.1322129,0.08660033
7867,0.10150921,0.057150815,0.008657238,0.025616508,0.41829786,0.2342781,0.008142671,0.65923536,0.05353044,0.05336033,0.014983315,0.012481169,0.047661632,0.018492194,0.015533539,0.06887823,0.00012854591,0.23832725,0.028982213,0.0018076409,0.016912486,0.25416878,0.015647138,0.0107234055
7869,0.15122356,0.08443852,0.00851585,0.028265744,0.27475277,0.26259762,0.029791221,0.6141931,0.06805547,0.068173334,0.013203548,0.020027565,0.09549436,0.016873073,0.015274055,0.0975437,8.960959e-05,0.16223942,0.06112863,0.00093019515,0.01574987,0.30913007,0.026831659,0.0121803675
7870,0.10592073,0.08014522,0.004042377,0.014238078,0.17082779,0.13434754,0.023451682,0.54857635,0.031923424,0.0463465,0.004494358,0.010994016,0.155163,0.009719123,0.007161537,0.05307345,1.8816594e-05,0.111570746,0.0528915,0.00021179889,0.003119061,0.25713587,0.01765635,0.005246616
7875,0.11068458,0.10374568,0.02592146,0.03482368,0.40626916,0.12229673,0.024452731,0.4709171,0.07814653,0.07492512,0.021031333,0.02000472,0.08478143,0.04262106,0.027267944,0.061897904,0.0010637986,0.2023551,0.06269379,0.0051943557,0.026096497,0.16908592,0.041329414,0.021616794
7878,0.029667534,0.03995323,0.023073813,0.038358193,0.48413292,0.098000325,0.015068049,0.6692773,0.043975785,0.06492543,0.022738501,0.016462676,0.075530246,0.046957944,0.035386376,0.07625912,0.001219511,0.4636256,0.017782895,0.0058792736,0.020412201,0.12154433,0.02335516,0.012106931
7880,0.12245533,0.08974898,0.009628353,0.02244162,0.44128436,0.1687087,0.006939121,0.559008,0.0642698,0.060809135,0.0128215635,0.012434888,0.057969585,0.015754344,0.020743806,0.041707106,0.00018907958,0.24361138,0.031590343,0.0016969279,0.013692187,0.22926088,0.01572272,0.01152708
7891,0.11003548,0.09169461,0.021816744,0.034873262,0.39410844,0.20165728,0.015737716,0.5336664,0.085314624,0.13404587,0.023857865,0.02377429,0.20518233,0.04146456,0.04257221,0.17215869,0.0003596021,0.45944387,0.051685248,0.0026805752,0.01569508,0.35160944,0.03324649,0.013543999
7892,0.041467827,0.03354514,0.0072421543,0.025601443,0.5430472,0.13538219,0.005523523,0.7376033,0.032399934,0.04514404,0.01634649,0.009933586,0.042126056,0.019455558,0.016675482,0.05563279,0.00013947465,0.46250662,0.017735833,0.0016238278,0.012395723,0.16120407,0.016127855,0.007287563
7896,0.09312077,0.08380849,0.024027687,0.045569405,0.5763725,0.17272456,0.022114709,0.5767636,0.07514797,0.07292756,0.023721593,0.022352872,0.05104924,0.04324416,0.036183223,0.07543128,0.0010853383,0.28289866,0.04725972,0.0076786326,0.035085306,0.16054162,0.033116255,0.023960898
7898,0.045084424,0.03409692,0.008841084,0.017273225,0.36567312,0.12197536,0.0061486233,0.59630156,0.035024967,0.0853367,0.008945603,0.0067702797,0.17307985,0.01972406,0.014292624,0.0857811,5.3763953e-05,0.5976265,0.011716795,0.00041199473,0.0036654233,0.2729365,0.0096780555,0.0041234693
7901,0.25383198,0.26595467,0.06229179,0.09025629,0.39372706,0.19091049,0.089085,0.44198382,0.16087355,0.16191354,0.08030873,0.091104165,0.22815749,0.0755189,0.100418136,0.15944923,0.0076394365,0.18739153,0.20428921,0.024197284,0.08666736,0.3226694,0.13033679,0.08307657
7902,0.19960721,0.20314607,0.103617296,0.12730546,0.53765166,0.25186858,0.0719374,0.45697573,0.18195674,0.18004133,0.099567115,0.096837305,0.14443365,0.11136294,0.12337607,0.16712043,0.018711055,0.2927393,0.15805815,0.05272226,0.14948528,0.2716812,0.108466454,0.10031769
7904,0.2017731,0.20705615,0.116192155,0.13512047,0.43275863,0.2627964,0.12227823,0.47798273,0.16366273,0.16422251,0.09743655,0.10483177,0.18845369,0.14076929,0.12961453,0.15870048,0.027246533,0.26458266,0.16338915,0.06208643,0.12258127,0.27200288,0.13242237,0.11021609
7906,0.19214433,0.23648329,0.066001765,0.08542862,0.3576665,0.17429344,0.14160667,0.42849383,0.15402132,0.1227832,0.062001396,0.09708163,0.1854317,0.08327766,0.061648093,0.113008805,0.0078018974,0.15937868,0.17903042,0.020758837,0.08284707,0.21113425,0.09194203,0.081035025
7909,0.1837316,0.18343383,0.12632765,0.1662725,0.4348791,0.21635003,0.18214615,0.51330626,0.17341162,0.14746752,0.10814783,0.11640369,0.17829496,0.15255918,0.12573849,0.14754252,0.040205162,0.27658513,0.1706985,0.07513153,0.14102663,0.23799059,0.1407115,0.112398945
7913,0.11546928,0.14141813,0.018930709,0.04142216,0.4392279,0.14912426,0.021544917,0.52298254,0.09497934,0.07756633,0.024349557,0.028083827,0.07334189,0.030215168,0.033791434,0.063039936,0.00080073765,0.18005553,0.0756929,0.0050010625,0.03552665,0.197172,0.03940473,0.026335321
7916,0.053415116,0.037964,0.0003913816,0.0028521467,0.22439334,0.075211406,0.0039434494,0.6356405,0.0112069305,0.011633702,0.0014102646,0.0032781567,0.043967906,0.0019694956,0.0019003374,0.054535244,1.5551804e-07,0.1172374,0.029129017,1.0979478e-05,0.0008393827,0.23017967,0.0059035677,0.0008485874
7922,0.21450736,0.20855668,0.15394571,0.18348198,0.4662915,0.26743308,0.1408776,0.47537786,0.220892,0.20810826,0.13472687,0.12519656,0.20481716,0.16119872,0.15449439,0.19671129,0.044741604,0.27321365,0.17638867,0.088918425,0.17530824,0.28649145,0.1589773,0.13393681
7927,0.25701377,0.27196378,0.077741385,0.09544814,0.44217548,0.22789897,0.07950537,0.3965478,0.18288544,0.17953368,0.07375114,0.09228841,0.20355807,0.09047986,0.104458734,0.14067706,0.009754471,0.22885224,0.18847577,0.032564737,0.09519161,0.2906801,0.11627655,0.09355283
7929,0.14689198,0.16889133,0.06484338,0.08953731,0.48868012,0.18166885,0.065991044,0.45489776,0.12823837,0.12316813,0.060460348,0.062468372,0.12056668,0.082391955,0.080739185,0.12506318,0.008717278,0.23192026,0.12827694,0.029289037,0.08236211,0.21555339,0.08479873,0.06481734
7935,0.01536203,0.02004152,0.0004927116,0.0014717327,0.46215507,0.026786571,0.0008334887,0.52596164,0.017399916,0.01834263,0.00079971197,0.0012326586,0.016193228,0.002057536,0.0017918651,0.03285139,2.58713e-07,0.2582241,0.0052050655,1.3032806e-05,0.000950701,0.060732234,0.0021525861,0.00051236706
7938,0.36660367,0.36880943,0.030443033,0.042287212,0.3599421,0.16780508,0.036780022,0.23711641,0.15628375,0.15975124,0.034504287,0.058933325,0.19930814,0.028688444,0.04920746,0.1048768,0.0008775096,0.14094423,0.22015464,0.0045152716,0.03174737,0.3313509,0.08942128,0.052160732
7939,0.20665987,0.19457176,0.08429993,0.110988036,0.33020815,0.20230237,0.15286233,0.43022072,0.1420927,0.1458824,0.06246416,0.09297298,0.21779941,0.100593984,0.068194404,0.1418372,0.010467136,0.17449608,0.16535687,0.02834798,0.0834861,0.25060764,0.11391451,0.079007514
7941,0.19263805,0.17858696,0.039880022,0.058511846,0.2649534,0.16328683,0.11131149,0.43355075,0.08685095,0.11167521,0.028724974,0.057040583,0.20127799,0.05323242,0.030085625,0.08615758,0.0020203036,0.113730654,0.1450737,0.008064978,0.043079585,0.20960744,0.071378246,0.04547325
7943,0.21011838,0.2284235,0.13998158,0.16812693,0.4350618,0.25300595,0.16893338,0.49339455,0.201723,0.1854472,0.12169966,0.12693454,0.21637695,0.19018662,0.15870672,0.19458832,0.04935924,0.28400964,0.18595603,0.096886404,0.15116481,0.29984024,0.16128865,0.13183323
7950,0.18165046,0.2009812,0.14672679,0.17235357,0.42299435,0.2278425,0.18205562,0.4949578,0.17173032,0.15111043,0.12099321,0.1312973,0.18961988,0.17401975,0.137263,0.16610074,0.054303356,0.25420853,0.15906411,0.1000163,0.1523917,0.25116822,0.15604623,0.13370256
7956,0.10575409,0.11587076,0.050772376,0.09001228,0.33056054,0.15861978,0.081567265,0.5387155,0.080216,0.10816363,0.045441918,0.050877493,0.17069116,0.09469345,0.07691797,0.14673571,0.0067688627,0.24613723,0.07233225,0.017487608,0.04348651,0.22243683,0.068582326,0.035280094
7961,0.0009987963,0.0007558651,3.4534583e-05,0.00032985953,0.7475046,0.03830394,1.1321132e-05,0.88390565,0.0017803658,0.004294259,0.00017987016,6.2061736e-05,0.004803398,0.00059923506,0.0008041449,0.029383162,4.406804e-09,0.8590668,0.00010611887,8.1952373e-07,7.463057e-05,0.080669366,0.00020363538,2.2974544e-05
7967,0.19589242,0.14907719,0.04851794,0.063007504,0.51686263,0.23640265,0.036141943,0.5368345,0.12077699,0.14088564,0.0670394,0.045552615,0.10576547,0.063704684,0.06933279,0.12011127,0.003934587,0.27679956,0.08180882,0.019386606,0.06447427,0.3079078,0.0711746,0.057284545
7970,0.17233874,0.16001649,0.046601452,0.06745919,0.5050405,0.23311113,0.03365247,0.5199541,0.14164768,0.11255805,0.061270148,0.052259397,0.10423372,0.058078114,0.08068489,0.10810267,0.0045161378,0.28430697,0.10000061,0.01855258,0.060569696,0.30508745,0.079980694,0.05086537
7973,0.09457177,0.08804655,0.0081639355,0.024981504,0.31310177,0.09847205,0.03167167,0.49758625,0.051434398,0.042745788,0.013152971,0.020355957,0.05504542,0.017101573,0.01239243,0.061548688,0.00013035323,0.18173465,0.058046333,0.0012862375,0.014870438,0.13227662,0.028546393,0.012705882
7979,0.16910565,0.19420025,0.124147415,0.15980856,0.394145,0.25662735,0.17261615,0.49906966,0.13611642,0.14439523,0.09067846,0.11892896,0.19173743,0.15268621,0.11304115,0.17640248,0.03291529,0.23900577,0.15916157,0.074066944,0.13034987,0.24354945,0.13060856,0.10776635
7980,0.01707507,0.009460517,0.0017714038,0.005974307,0.4853627,0.09058877,0.0011667879,0.7931171,0.012708532,0.02181188,0.0029327453,0.0017681347,0.025327437,0.0065749385,0.0056259423,0.04228394,4.8005395e-06,0.63892156,0.003454418,0.00016329787,0.0020112072,0.1510164,0.003047877,0.0010563144
7982,0.14650753,0.12423022,0.021038761,0.033322204,0.54794943,0.17234953,0.0220852,0.45674115,0.10896347,0.08702661,0.023473656,0.030492136,0.06251614,0.029799,0.041292902,0.082543895,0.0006727079,0.23449638,0.082990564,0.005117533,0.03919072,0.19312926,0.040826205,0.024890902
7984,0.18980882,0.054213013,0.001481202,0.0049907044,0.32825923,0.21913813,0.0018535957,0.6097265,0.037835676,0.039443716,0.0032625007,0.003508679,0.06651451,0.0034911078,0.0047045304,0.08654334,1.0791055e-06,0.25027135,0.030120894,4.6385674e-05,0.002077031,0.4488861,0.007564254,0.0020953442
7986,0.11954382,0.06512758,0.00068007066,0.0042998674,0.40286544,0.29695487,0.0013015753,0.6351391,0.028721035,0.047728498,0.0054319026,0.0055093234,0.032206856,0.002591252,0.0026014973,0.09234956,3.5162728e-07,0.31482673,0.04293832,2.6190688e-05,0.0034281423,0.33155662,0.0044388026,0.0018274375
7987,0.26098597,0.26712698,0.09669638,0.10827912,0.38689542,0.20146194,0.12594223,0.3644628,0.1813938,0.17405845,0.07101817,0.1076466,0.21329021,0.09913989,0.08499928,0.13544668,0.013596985,0.19026077,0.20194219,0.036420725,0.09415693,0.22797106,0.13128757,0.104634464
7989,0.22551022,0.24401322,0.041148465,0.05881285,0.2664503,0.14648566,0.13179539,0.3020705,0.12536736,0.11373611,0.03468528,0.07697714,0.17354105,0.04623581,0.041664485,0.11839574,0.002029786,0.08429461,0.23227128,0.008601287,0.05622729,0.20592763,0.08452253,0.055472847
7992,0.20283197,0.18557106,0.10595422,0.14432266,0.3913602,0.26312083,0.109649464,0.53829277,0.18391378,0.14350258,0.10227202,0.10274594,0.16309309,0.12482832,0.11779624,0.15737623,0.024490718,0.271646,0.14073879,0.066246234,0.122174166,0.29717147,0.13569888,0.11090361
7993,0.10155572,0.08084659,0.03107441,0.06211415,0.42921278,0.19529887,0.03948102,0.5991468,0.08830985,0.103526294,0.038752068,0.036410816,0.11823816,0.059887856,0.058289215,0.12112278,0.0022884726,0.38859725,0.062324207,0.011785343,0.037532028,0.22662465,0.053792506,0.02812357
7994,0.0139801465,0.011599774,0.001249428,0.00778658,0.59621406,0.0714981,0.0015105043,0.78768486,0.016351582,0.023813687,0.004520676,0.0026015234,0.018376311,0.008114263,0.00559861,0.050860282,4.148758e-06,0.6506964,0.0051097306,0.00014771208,0.0032624663,0.07957715,0.0054559642,0.0013719471
7996,0.41668883,0.17914917,0.020714832,0.032965124,0.32543734,0.3825432,0.023970881,0.4364273,0.12292858,0.11871697,0.022520583,0.027275983,0.17139946,0.024284858,0.03633977,0.17318107,0.00019918883,0.16924493,0.12214405,0.002959256,0.0245525,0.48830694,0.035539426,0.02549643
7999,0.20919527,0.23193704,0.04955772,0.0691614,0.41171739,0.16434622,0.052194364,0.34426606,0.10352666,0.10873221,0.042333364,0.0578735,0.17775513,0.047953337,0.053057842,0.09966804,0.0027121569,0.15357657,0.15642089,0.013581459,0.04418216,0.29302645,0.089741126,0.0581211
8002,0.19642602,0.17952311,0.14122958,0.17173028,0.4073858,0.24865858,0.18442781,0.49101934,0.1833375,0.15125446,0.11082984,0.12162576,0.18819797,0.16271959,0.13241564,0.17607918,0.04469598,0.26410574,0.15946431,0.08209046,0.13430893,0.25074223,0.13297929,0.118329644
8004,0.105336584,0.086141385,0.014204105,0.027793597,0.404721,0.1607199,0.016676785,0.5325384,0.051721852,0.061746646,0.014920766,0.01859203,0.06796643,0.026642315,0.021285236,0.067235604,0.00025868104,0.24768794,0.042594917,0.0025726808,0.016684359,0.19788833,0.024526307,0.014336714
8006,0.075799406,0.06954545,0.01791043,0.045845684,0.5319081,0.15964577,0.020120526,0.60933703,0.065446466,0.07532097,0.027240971,0.021892684,0.071590506,0.041086156,0.031581283,0.08534622,0.00076880236,0.4533812,0.03766569,0.005391971,0.025618983,0.18678921,0.034406807,0.018596277
8007,0.15628584,0.15333402,0.089811,0.11796386,0.519832,0.22619765,0.07405365,0.56170905,0.16472326,0.16439337,0.101913586,0.088283,0.14718363,0.13236204,0.12701166,0.1891422,0.016875168,0.4037709,0.11191513,0.049036562,0.11516108,0.25067678,0.119027205,0.08244103
8010,0.20168523,0.21347366,0.1925773,0.20513877,0.47407463,0.25683582,0.19787338,0.4860114,0.2059217,0.19274423,0.1525207,0.16022372,0.20650707,0.21391974,0.16907902,0.20199898,0.084449075,0.30848393,0.18505707,0.1410775,0.1934122,0.26704353,0.18515342,0.16128005
8016,0.13354811,0.13340499,0.095919,0.13575582,0.41163707,0.20491192,0.10262325,0.5496306,0.12062621,0.11306084,0.08183345,0.0767762,0.14831679,0.13179295,0.09421683,0.11965816,0.023942556,0.25566256,0.09917181,0.06097631,0.103019625,0.2252868,0.09922403,0.079357825
8017,0.16233677,0.16800523,0.06704608,0.0824865,0.4632665,0.18246709,0.07392139,0.4476353,0.10625396,0.11215769,0.051201683,0.059538886,0.14680591,0.0757702,0.08246917,0.10732524,0.0075734626,0.23932473,0.11003433,0.023637513,0.06260013,0.22229145,0.07960181,0.058027096
8019,0.23805791,0.2065112,0.05080727,0.100096956,0.2525415,0.17799334,0.1971773,0.4207388,0.13068222,0.15070726,0.04890195,0.09523493,0.24668315,0.08427795,0.05406704,0.16284645,0.0036728948,0.13145915,0.20789379,0.012553394,0.052097056,0.24552456,0.12589999,0.06645469
8032,0.38021696,0.21277675,0.0062780627,0.015198924,0.35683885,0.35049653,0.0074975835,0.44244677,0.11689471,0.09400211,0.014958422,0.018892486,0.10605889,0.008250159,0.017046986,0.10062286,3.343688e-05,0.15414494,0.085760675,0.0006181384,0.013893138,0.44427413,0.020518743,0.013307999
8033,0.08157607,0.07512256,0.027105227,0.053581066,0.37970296,0.14372523,0.04498854,0.52515703,0.061903752,0.047240037,0.025220681,0.029313227,0.071116686,0.04505245,0.03031357,0.08836072,0.0018105677,0.2226953,0.047806583,0.00846946,0.03736354,0.16283894,0.034578327,0.022112262
8034,0.16181138,0.16560078,0.03125877,0.0488285,0.37460747,0.1616403,0.07610199,0.44554535,0.09279979,0.08743662,0.024875132,0.04528346,0.108144246,0.055726286,0.041825656,0.08568593,0.0016463982,0.15479733,0.09882317,0.009100138,0.044330463,0.16528244,0.053852122,0.03512009
8036,0.09461898,0.10236349,0.019572528,0.036729336,0.42908692,0.19387065,0.014896956,0.5238931,0.09956238,0.14455524,0.025596406,0.028928377,0.19673961,0.03411787,0.045360796,0.18195936,0.00043634602,0.4152283,0.060324814,0.0025412273,0.019767754,0.36537236,0.040910855,0.016772494
8038,0.4586144,0.26898596,0.014257915,0.02376976,0.24685188,0.43386388,0.016961655,0.4088622,0.1200797,0.12265185,0.01613063,0.034232553,0.18547253,0.012205017,0.030083533,0.12054297,8.790453e-05,0.1262731,0.14862107,0.0009744588,0.013038719,0.5046823,0.041958284,0.01982153
8041,0.18612078,0.17671594,0.08948346,0.12661806,0.3960026,0.2103469,0.14404845,0.48174396,0.1580742,0.142585,0.07259938,0.096657515,0.18833686,0.1177302,0.08828231,0.13748378,0.015126303,0.24949583,0.14525187,0.040354673,0.100858286,0.22534347,0.109951206,0.08391121
8043,0.11020515,0.093177915,0.005684972,0.011398522,0.41478217,0.17340061,0.004723074,0.5409275,0.057238,0.088420376,0.00991799,0.012280202,0.07136125,0.0113466205,0.013941667,0.07603565,2.7422197e-05,0.36083943,0.037708983,0.00039259152,0.007950482,0.23632175,0.012379849,0.0060392525
8044,0.1470863,0.09926602,0.0044644717,0.010866597,0.38043383,0.21267124,0.0054895035,0.61244255,0.05404232,0.0713679,0.011759875,0.010415674,0.08644534,0.010675935,0.0150626,0.15156792,1.9215455e-05,0.32236934,0.041930184,0.00038120616,0.007873902,0.42009503,0.019926593,0.006752945
8050,0.23478888,0.2701323,0.048592653,0.07033945,0.4025058,0.16874081,0.092871696,0.39314273,0.17283346,0.17779048,0.07062074,0.10821907,0.13017245,0.06896407,0.04770373,0.18346162,0.0026814628,0.20022276,0.20583148,0.014450168,0.11415021,0.20760863,0.10833592,0.09893396
8053,0.2190247,0.22853819,0.012689228,0.025154088,0.30702716,0.21877763,0.022233441,0.43191388,0.11309406,0.13664621,0.021222789,0.037913963,0.178015,0.02108496,0.03210487,0.17707743,0.0001404406,0.20703861,0.13729343,0.001165773,0.018870957,0.3539917,0.050812196,0.020173796
8056,0.04259383,0.04065683,0.0073045446,0.019584293,0.25093025,0.10031242,0.009809191,0.56970906,0.031729653,0.081263565,0.008523125,0.0096629085,0.1466328,0.022911808,0.01374894,0.11775068,5.752386e-05,0.43972766,0.016174916,0.0005029241,0.004799811,0.26263598,0.01238628,0.003532012
8058,0.07934607,0.08504471,0.029252298,0.044275798,0.5094036,0.17765038,0.01450454,0.5770532,0.06481233,0.07762015,0.026632186,0.022197353,0.08532019,0.042974226,0.04140982,0.06974804,0.001359731,0.31422612,0.033726946,0.0072582755,0.029476123,0.21121728,0.032189853,0.022828152
8068,0.029389445,0.03082519,0.0073613296,0.022204207,0.5641216,0.072821096,0.008023493,0.700529,0.028537158,0.03176982,0.009994606,0.006915388,0.029222893,0.024683198,0.01347193,0.031846736,0.00026373973,0.45223635,0.012441243,0.0020261789,0.01092886,0.07177489,0.014040842,0.006780474
8070,0.04746755,0.049743965,0.021710236,0.052123263,0.6121628,0.15055023,0.013589433,0.6805582,0.0658223,0.07495889,0.031819854,0.02229086,0.049797196,0.05264174,0.041666668,0.07967122,0.0016299535,0.49025258,0.023539215,0.009605741,0.037980903,0.13948083,0.032601938,0.019057842
8073,0.21550564,0.18353893,0.021628218,0.04214202,0.3385703,0.2070175,0.030072996,0.43777922,0.12914582,0.14782473,0.026576214,0.042712174,0.16370817,0.028386412,0.031094544,0.14934655,0.00039396447,0.18825968,0.11422975,0.0029772993,0.027143808,0.30607137,0.051158458,0.025953533
8077,0.08013522,0.06647198,0.013485291,0.021805493,0.36400014,0.1498526,0.013989063,0.55428874,0.05728138,0.0958668,0.013173064,0.014894199,0.10883532,0.027328605,0.023660352,0.08369996,0.0001930397,0.3377968,0.034431376,0.0014258242,0.012599914,0.23502909,0.018924538,0.008746838
8078,0.10115406,0.1174176,0.015951838,0.062787764,0.17302133,0.07883105,0.2661817,0.5006766,0.07537237,0.065339305,0.021171568,0.058855742,0.100541376,0.05465121,0.015490473,0.093179934,0.00069158536,0.08829426,0.094907984,0.0034048397,0.031884912,0.101088144,0.06676999,0.02770324
8080,0.28978574,0.33524594,0.051666275,0.059760775,0.4572273,0.20621474,0.061209522,0.29605627,0.17525347,0.18226056,0.045438368,0.07993401,0.19793291,0.053060345,0.053949486,0.13213691,0.0026014824,0.18557699,0.19108102,0.011668382,0.066505335,0.26063228,0.1051288,0.081152365
8082,0.20923133,0.1981597,0.057823375,0.082969844,0.3361105,0.18581192,0.119207285,0.43501016,0.12092784,0.125689,0.04524291,0.06929977,0.16135228,0.078166574,0.06140057,0.11890166,0.0053585903,0.15950692,0.1414344,0.01855773,0.06357208,0.19530432,0.09905871,0.059215702
8087,0.27544954,0.25234056,0.032994997,0.04243791,0.369308,0.1535914,0.039282937,0.36048815,0.13587642,0.1209313,0.029899267,0.05019723,0.16901116,0.04415293,0.046173315,0.09154357,0.001230063,0.19825019,0.14377746,0.0057140077,0.043275353,0.27092358,0.06774194,0.04411981
8096,0.102508165,0.077244,0.029896593,0.050524496,0.4164953,0.20129465,0.028641848,0.5859565,0.08343,0.095312245,0.03881213,0.031122936,0.13167518,0.06878407,0.051979177,0.13361083,0.0017447069,0.43050894,0.038236953,0.0075137527,0.030902604,0.26874727,0.042205554,0.022759074
8100,0.06690067,0.053139094,0.016813511,0.04014971,0.27625358,0.15439573,0.03275831,0.5935801,0.040880285,0.05127651,0.015567313,0.02083596,0.10691229,0.03367603,0.018769942,0.061407465,0.00035674748,0.19580883,0.03693409,0.0018990808,0.011545154,0.19638684,0.022806091,0.010724235
8103,0.2225572,0.25110558,0.036590185,0.03222215,0.50127596,0.20023665,0.012044783,0.23649296,0.10128169,0.11682621,0.021003274,0.025697649,0.16712269,0.02549714,0.046590954,0.077714644,0.0006645291,0.13866523,0.12630104,0.004892827,0.031043258,0.29935113,0.040841874,0.03236955
8105,0.08806218,0.044886664,0.0026965763,0.009935843,0.33940777,0.20439386,0.0067847753,0.60317695,0.027566824,0.05769851,0.009448,0.008276762,0.09157835,0.008274692,0.008159119,0.1310595,4.694141e-06,0.42046994,0.031406656,0.0001290397,0.0035714693,0.37429756,0.015317729,0.0033078098
8110,0.033937227,0.02128373,0.00041867088,0.002180191,0.30367056,0.112577826,0.00040704155,0.63969624,0.021405632,0.05031947,0.0012936224,0.0012916169,0.09778992,0.0016275902,0.0027708472,0.054374862,1.4795911e-07,0.66920227,0.0060572177,5.241822e-06,0.00028244656,0.2662301,0.0016139223,0.00038296927
8120,0.16128305,0.13934553,0.058088087,0.08278426,0.34964636,0.18329696,0.090220205,0.48962617,0.105147906,0.095886804,0.046163343,0.059338506,0.15521988,0.07424252,0.058204558,0.15083064,0.0042615943,0.20466763,0.11564175,0.01770678,0.055144776,0.2608769,0.09676412,0.050265346
8123,0.12141819,0.049783252,0.0023021693,0.0052531776,0.4264196,0.2830746,0.0015184901,0.4938209,0.029754478,0.02943447,0.004035612,0.00398217,0.034819424,0.0041072853,0.009369317,0.05526418,7.1751883e-06,0.2445858,0.023581252,0.0001312867,0.0036425518,0.38519973,0.0061373506,0.0026334133
8125,0.27751622,0.1801509,0.015374065,0.024851745,0.2979241,0.24961706,0.022905791,0.48482937,0.09458375,0.11384329,0.016243625,0.024417676,0.1706689,0.020462899,0.037539247,0.10571975,0.0001889192,0.14318018,0.12766609,0.0016838408,0.0139148375,0.4084153,0.03797263,0.016265744
8130,0.302409,0.18643788,0.008719293,0.014307459,0.28873727,0.22442938,0.017346688,0.41394705,0.07986872,0.10416339,0.009113838,0.02108021,0.18739507,0.008231048,0.013596685,0.052369423,3.7987335e-05,0.115325175,0.11775498,0.0003656305,0.00516618,0.35949653,0.014734282,0.011421371
8131,0.15265901,0.16782373,0.13994798,0.17222829,0.45674244,0.21444513,0.1549445,0.51661694,0.16689394,0.14685194,0.115830556,0.11233908,0.16381827,0.17786296,0.13616227,0.1687112,0.05301567,0.27774563,0.13921268,0.10144787,0.15005684,0.20441383,0.14007963,0.11060998
8133,0.19202976,0.22113289,0.12185724,0.13299684,0.4056345,0.21809854,0.14129728,0.454658,0.1599934,0.15558156,0.09631843,0.1144587,0.17073609,0.13228296,0.11489829,0.14575945,0.032055896,0.21793826,0.15966725,0.066642284,0.13897303,0.23200154,0.14543578,0.11638828
8135,0.3739101,0.2121376,0.025935145,0.031959094,0.4325565,0.35629314,0.013631474,0.37306777,0.13456604,0.13008156,0.039703924,0.03899416,0.13906264,0.025522612,0.06356631,0.14982018,0.0004909384,0.21151234,0.15575355,0.0041561173,0.031489313,0.47920465,0.04899568,0.03815531
8150,0.14281003,0.14365402,0.028956186,0.035158146,0.5109104,0.16953023,0.022282973,0.37386706,0.096884,0.11966931,0.029997855,0.0320914,0.09322898,0.039889097,0.04644366,0.08454585,0.0011615072,0.2701512,0.0729795,0.008834122,0.036705445,0.21451549,0.045046944,0.028122853
8152,0.24955478,0.25502348,0.077314004,0.08957402,0.34761527,0.18711402,0.1057873,0.36553335,0.14918168,0.15368322,0.059323814,0.10057234,0.21451885,0.08364439,0.071498156,0.12712201,0.007216436,0.17134935,0.19818592,0.021756569,0.08237011,0.24964301,0.12504573,0.07665082
8154,0.1256776,0.1010032,0.006968205,0.025906665,0.180147,0.10764367,0.038975038,0.5455706,0.0574101,0.058743116,0.011613815,0.029772032,0.10175944,0.020121597,0.012338371,0.08255165,8.583785e-05,0.14844751,0.070826896,0.00064021145,0.012040227,0.19543326,0.03891286,0.009287806
8155,0.012592079,0.016848555,0.0005724745,0.002872908,0.23868541,0.036847662,0.0009506771,0.6860293,0.013683928,0.039329395,0.0009175254,0.001324482,0.08639875,0.003394369,0.0023317158,0.029996188,5.49693e-07,0.48818704,0.0041090157,1.2362895e-05,0.00041566824,0.09333983,0.0018658566,0.00032554974
8162,0.09208793,0.08756503,0.027394556,0.04430875,0.4570594,0.169885,0.020198977,0.57069993,0.061906103,0.08876396,0.029505381,0.024230734,0.12595916,0.048017494,0.050614115,0.1203031,0.0011244295,0.38102832,0.035621766,0.0073541966,0.025190804,0.2648496,0.03379735,0.021078113
8164,0.21069945,0.21324201,0.17711061,0.20094368,0.43336937,0.26360664,0.17632408,0.49549586,0.1941013,0.18147735,0.15070918,0.14250328,0.22601248,0.19734737,0.16840701,0.20261891,0.07252856,0.30927703,0.18009655,0.12808497,0.16991097,0.30620253,0.18943411,0.1501006
8172,0.045065783,0.04522455,0.0035651554,0.0090225,0.45712325,0.047887154,0.0079525765,0.45485365,0.03811266,0.03596313,0.003337107,0.0058373567,0.03281676,0.0084879035,0.0061228913,0.020452177,2.6390111e-05,0.18331015,0.021927873,0.0003734158,0.0051273257,0.06249815,0.009985975,0.0035514338
8173,0.1266334,0.07625401,0.011872836,0.033157643,0.36532807,0.23693082,0.021164972,0.64271,0.05806598,0.065437004,0.025515268,0.02486402,0.10985196,0.027324079,0.02410978,0.131323,0.00019037975,0.33486658,0.061869025,0.0019514052,0.020097049,0.33057636,0.040413603,0.014379221
8174,0.17191727,0.19682668,0.13120748,0.16370393,0.45508936,0.21727489,0.15794088,0.49994996,0.18235637,0.15730007,0.123034574,0.1264968,0.17419313,0.15269119,0.1288877,0.16954988,0.039677262,0.28869396,0.1719568,0.08391337,0.15296595,0.23861018,0.1592495,0.119210884
8175,0.18053798,0.15980093,0.010921831,0.036383055,0.20441686,0.14530517,0.08011252,0.52348804,0.05322887,0.07168118,0.01811857,0.05305849,0.10180832,0.028101414,0.016431421,0.11837922,0.00019248042,0.09850765,0.1250985,0.00135118,0.02832713,0.19717139,0.062405344,0.021662839
8179,0.07318361,0.07104691,0.023466777,0.047071185,0.51058376,0.15618111,0.021033686,0.5784979,0.06312822,0.06747618,0.02675488,0.023861187,0.058138706,0.042691544,0.026988061,0.07152388,0.0011476792,0.36408842,0.038391434,0.007550567,0.03320618,0.13111897,0.03135638,0.021949729
8182,0.17736337,0.13319212,0.029421011,0.054155532,0.30031788,0.15535541,0.07448415,0.46815112,0.097634844,0.08659641,0.025780201,0.04197753,0.14771561,0.047392935,0.035121553,0.08266986,0.001408403,0.16345528,0.090182796,0.0068823136,0.033722248,0.20194091,0.04522251,0.031958185
8186,0.31018835,0.28167307,0.08310749,0.08756931,0.478719,0.2996944,0.060447812,0.35797915,0.2106966,0.18976346,0.08628887,0.09395462,0.21641171,0.07299288,0.12406808,0.19865221,0.0076587503,0.23462518,0.212465,0.026911959,0.088463545,0.39886326,0.1451003,0.08981962
8189,0.16048236,0.16574034,0.030363325,0.057119016,0.30368587,0.15177254,0.09236691,0.53265035,0.13976428,0.12130185,0.03940816,0.062179193,0.15405633,0.060473297,0.04000036,0.15788007,0.0011682732,0.1607324,0.12465176,0.008221388,0.049556088,0.27473873,0.08693211,0.04145387
8190,0.2137056,0.20415266,0.0751374,0.10318802,0.4207767,0.21930423,0.09959257,0.45448858,0.15744495,0.14319944,0.08188497,0.09321409,0.14376591,0.11587076,0.0950616,0.15742226,0.012291399,0.24532865,0.14524038,0.037285373,0.11754648,0.263945,0.12029856,0.093710676
8194,0.09821323,0.09900554,0.05278023,0.08663907,0.46299893,0.19167937,0.05319772,0.5844344,0.09575697,0.091690496,0.056195196,0.049474742,0.0896116,0.07324146,0.06337649,0.110941164,0.0071079046,0.27999648,0.06582175,0.024121098,0.07133036,0.18155698,0.0676671,0.0460409
8195,0.23171112,0.25084564,0.10529955,0.12994264,0.41403913,0.23096491,0.1329002,0.4234445,0.18100032,0.18369812,0.09599083,0.10964576,0.2050773,0.12107099,0.104248144,0.1996054,0.014764424,0.2094374,0.203637,0.04895306,0.13131349,0.2923941,0.16161314,0.1244645
8199,0.2648928,0.21965815,0.01744008,0.027708383,0.33203137,0.14072308,0.026350902,0.30703387,0.07634336,0.09523602,0.013375608,0.025971476,0.15529388,0.022374833,0.029855493,0.059821453,0.00045536514,0.11063351,0.11715592,0.0025614414,0.01859545,0.22878884,0.048234165,0.023577847
8202,0.4253422,0.37158322,0.048718397,0.0735789,0.23597687,0.19912742,0.1313511,0.37834933,0.20802136,0.17564361,0.05777412,0.12575157,0.20810486,0.05354705,0.059667084,0.1875095,0.0019523026,0.11275695,0.29461488,0.010265095,0.06879934,0.3892001,0.13757256,0.0900917
8205,0.36293766,0.3437412,0.04766304,0.07290421,0.21127456,0.18024866,0.13456821,0.30000982,0.1901914,0.16763471,0.036598306,0.1128317,0.28103152,0.05130729,0.04660363,0.16583848,0.0014149179,0.07115378,0.3539746,0.006949703,0.04718067,0.3105872,0.11677203,0.068727136
8208,0.19395827,0.19168746,0.017257674,0.016740896,0.43992,0.19426298,0.011275128,0.2897246,0.07652811,0.1332407,0.017391229,0.02411346,0.16517079,0.017316973,0.027726613,0.11191553,0.00018864973,0.1766164,0.088115245,0.0016752593,0.020852,0.35535398,0.03611203,0.019835336
8210,0.151275,0.14022866,0.04592009,0.08408304,0.3601711,0.18886238,0.06330402,0.48445833,0.11164873,0.12013195,0.0433713,0.056613732,0.14429347,0.0708433,0.051856693,0.11031711,0.0040296135,0.23921607,0.09507581,0.0152063845,0.05118473,0.20527357,0.06514569,0.048830107
8212,0.17096734,0.15909573,0.05052042,0.062475454,0.5008886,0.22621451,0.043558806,0.50358033,0.13467608,0.123652704,0.052643023,0.05885579,0.1004381,0.06281972,0.07725756,0.14362797,0.0031411364,0.23988935,0.10643206,0.019701699,0.07824051,0.25585112,0.073658586,0.048304185
8213,0.1964945,0.16094074,0.040917236,0.08479058,0.31700346,0.2199156,0.08094026,0.4453473,0.11656062,0.12238968,0.040955923,0.064460985,0.14582041,0.061665818,0.04485614,0.16708848,0.0022342538,0.17736329,0.131913,0.011132386,0.05100505,0.23988695,0.07962252,0.05136374
8215,0.07743229,0.09148408,0.05863257,0.09670793,0.3916013,0.14113785,0.08104287,0.57740456,0.085318066,0.09915978,0.055009652,0.052162856,0.12291721,0.10285935,0.06798046,0.11896796,0.009250345,0.327604,0.059761494,0.02715117,0.05818437,0.16754477,0.070224166,0.04358799
8219,0.1435114,0.13734268,0.042279247,0.09645038,0.40271202,0.17429663,0.08638611,0.5400252,0.117502175,0.13231255,0.05117197,0.066716135,0.10978591,0.091408804,0.05468095,0.112897165,0.0050334195,0.26720408,0.11068557,0.015972517,0.07603223,0.16895331,0.082850635,0.048430167
8220,0.12836154,0.10467566,0.014220521,0.027911082,0.41894636,0.16741832,0.019391084,0.36550608,0.05706039,0.05964273,0.013920556,0.017222498,0.13060342,0.018779706,0.022901084,0.07431796,0.00028086436,0.15539707,0.07624708,0.0018908719,0.011284483,0.22413124,0.030063871,0.013167827
8226,0.15050904,0.15724325,0.030679531,0.05109579,0.4559494,0.20055234,0.0326331,0.46104467,0.11594945,0.12440256,0.034106612,0.040399995,0.102289855,0.036043692,0.041609965,0.0981621,0.0012166034,0.25112474,0.08681953,0.006824459,0.044214007,0.1825161,0.04551037,0.036694687
8227,0.19390425,0.18601385,0.03750778,0.06409344,0.3852539,0.21078339,0.047348082,0.46572956,0.11318696,0.11223788,0.04388612,0.065749,0.13963856,0.044285458,0.05162853,0.14890441,0.0016832204,0.23498619,0.13841997,0.009700411,0.04659357,0.29248092,0.07845145,0.049029496
8228,0.098945096,0.098792344,0.028234074,0.048031162,0.42135426,0.18792742,0.032820545,0.59183025,0.06607943,0.07101939,0.032890946,0.028358102,0.071459986,0.04713522,0.035979502,0.09525502,0.001985439,0.22079003,0.060241364,0.009726335,0.052478787,0.19701086,0.04462699,0.02761643
8230,0.09499119,0.101139486,0.014815932,0.034997065,0.541693,0.15459093,0.016692761,0.42035,0.061049134,0.05910957,0.013816048,0.016122278,0.093834765,0.025222614,0.021864323,0.041220874,0.00043871187,0.2327647,0.04414177,0.003566216,0.015048927,0.14573647,0.027139954,0.013163336
8232,0.055552755,0.024093134,0.0011578767,0.007245882,0.61379874,0.2081072,0.0009983854,0.7496641,0.03523433,0.060447305,0.010880614,0.0054021305,0.041918334,0.0066575785,0.009574256,0.1514564,2.4081044e-06,0.7862636,0.012798756,8.35506e-05,0.003466433,0.37386864,0.009399882,0.001962078
8234,0.02895312,0.02539992,0.0027869123,0.008279346,0.38823456,0.13237454,0.003266142,0.7265754,0.0276167,0.04505699,0.0041700406,0.005587829,0.058411766,0.007947527,0.008656977,0.11421896,6.6412476e-06,0.49205318,0.010255431,0.0001450379,0.002659505,0.2337147,0.006483568,0.0018279648
8238,0.2453554,0.17140536,0.015468325,0.03701334,0.4087789,0.24265383,0.018005153,0.43140158,0.101478346,0.12081625,0.018787596,0.027369155,0.1099176,0.0221061,0.0298586,0.08216972,0.0002768293,0.18625489,0.079307206,0.0023217802,0.022536948,0.29839432,0.03401371,0.023036057
8241,0.30517593,0.20385279,0.015280296,0.036469806,0.23881498,0.28953314,0.0419078,0.5293613,0.11409167,0.10514564,0.024496092,0.04259807,0.1801358,0.023866251,0.024066318,0.15256542,0.00016950982,0.14793405,0.19327554,0.0016865251,0.022649977,0.44379336,0.060212802,0.030258575
8245,0.18550369,0.18628013,0.061821517,0.090412274,0.42332175,0.20102836,0.07826013,0.49226406,0.11993892,0.12809058,0.063781895,0.07363132,0.16125426,0.099389814,0.0704318,0.106613345,0.00678031,0.31573737,0.13503501,0.02249399,0.062367916,0.2674826,0.10383676,0.06982436
8258,0.14943445,0.16213715,0.061814096,0.096035525,0.38111883,0.18204364,0.08911388,0.50196713,0.12120668,0.13657238,0.047274895,0.07076114,0.16365656,0.0909585,0.066115156,0.12732124,0.0060905414,0.27649677,0.09783301,0.018362284,0.056368284,0.19861591,0.07244722,0.053639937
8259,0.18835752,0.13653985,0.060730685,0.10239942,0.32278132,0.3009584,0.09225807,0.59972054,0.124225006,0.14958069,0.0557596,0.06482717,0.22423898,0.088655666,0.070485055,0.15406324,0.004833335,0.279294,0.11173488,0.016814094,0.0493418,0.3328922,0.06919745,0.051101584
8264,0.09525814,0.07278493,0.02138698,0.04070988,0.4880266,0.23629107,0.016479502,0.6183239,0.08520741,0.1089468,0.03315321,0.028257841,0.10342786,0.038439475,0.044391003,0.20037273,0.0005061902,0.48549154,0.043158844,0.0037472784,0.027199063,0.289914,0.04430408,0.016718047
8266,0.15394872,0.12511699,0.003950085,0.00818023,0.32294822,0.12645079,0.005618006,0.40766373,0.055048343,0.09322539,0.004245998,0.00863865,0.12800846,0.0062345755,0.0067778504,0.07293154,7.39103e-06,0.17855933,0.058375195,0.00017101264,0.0040592607,0.2683989,0.011200475,0.004848114
8271,0.2827653,0.23042485,0.06921102,0.063585006,0.45103607,0.2708347,0.058775235,0.45921236,0.15536675,0.12381829,0.06749053,0.06764899,0.14374804,0.0780878,0.09198393,0.15765741,0.0047221757,0.28278446,0.15852919,0.02074808,0.09070575,0.3653163,0.111130044,0.06824135
8286,0.2894975,0.2160683,0.016550072,0.024259713,0.30020073,0.19736595,0.022200635,0.4012075,0.08483426,0.086901665,0.02113602,0.026489386,0.1931693,0.021783983,0.031969853,0.1055602,0.0002602177,0.19496225,0.13658509,0.001770656,0.017123427,0.40805987,0.05920826,0.023361897
8298,0.42455536,0.2318627,0.008817107,0.020885652,0.1735686,0.29104498,0.02194481,0.37751633,0.096418336,0.14411339,0.013210333,0.030620348,0.28986102,0.009045997,0.012470428,0.18089569,2.2514787e-05,0.09811537,0.15516992,0.00029568918,0.007775896,0.5249411,0.041485295,0.014566724
8306,0.09572375,0.07571826,0.023408841,0.0547999,0.46369383,0.22797753,0.044349536,0.63963467,0.0954777,0.08698009,0.035352025,0.033565786,0.08372446,0.049493033,0.035108656,0.11205026,0.0008919911,0.29609072,0.06578168,0.0064786794,0.042802326,0.20051837,0.041192953,0.025616894
8308,0.17031589,0.17146452,0.087607756,0.106305145,0.49541882,0.24799518,0.0601373,0.507535,0.16420205,0.16796498,0.08788045,0.075944506,0.16123894,0.12546547,0.12529325,0.18972069,0.012833935,0.3907889,0.10249695,0.03896809,0.096201405,0.30592176,0.0906797,0.06809051
8311,0.007982106,0.006266748,0.00014145045,0.0009472372,0.7254627,0.04273465,5.2698386e-05,0.5924302,0.011992935,0.028790867,0.00062297826,0.00028424218,0.017047456,0.00074548327,0.001236954,0.04090912,2.3782189e-08,0.8229338,0.0010422305,1.6943092e-06,0.00018784955,0.11225268,0.00044354814,9.68716e-05
8315,0.038408425,0.02403605,0.0014194553,0.010420184,0.51995826,0.14644907,0.0012308647,0.79489356,0.02067719,0.023191584,0.004971012,0.003470565,0.019922031,0.0050005834,0.005905807,0.033049613,7.103779e-06,0.52627397,0.008698954,0.00018560924,0.0027376958,0.16882782,0.0055204565,0.0021092892
8319,0.2414904,0.20772876,0.047797345,0.073198654,0.32743636,0.198879,0.064876616,0.43075204,0.15550919,0.13169792,0.044674333,0.074627325,0.17068958,0.055716887,0.055438932,0.1496773,0.0021654032,0.1880333,0.15462282,0.01039494,0.056899693,0.2843309,0.09424376,0.055347938
8320,0.16714926,0.19838099,0.10765565,0.1371915,0.4468418,0.21975848,0.11043785,0.46044496,0.19177835,0.15370806,0.09050049,0.11407903,0.13560641,0.12231216,0.09601826,0.16222595,0.022451665,0.24890101,0.14930506,0.060898617,0.15262815,0.19957148,0.13437891,0.1156416
8321,0.14857285,0.10203006,0.0017717158,0.010794828,0.19167125,0.11556536,0.017600851,0.59178853,0.03301494,0.040314484,0.004596232,0.017312933,0.055954978,0.005750536,0.003341153,0.09559043,2.7494298e-06,0.11510503,0.07315895,8.2684215e-05,0.0051184017,0.2540135,0.019499177,0.0058437553
8322,0.17277145,0.18435733,0.13967985,0.18010749,0.40561232,0.21663383,0.17829336,0.5062994,0.16641682,0.1678128,0.12171037,0.12626004,0.20076972,0.17538357,0.12642673,0.16561545,0.051820446,0.2543722,0.1589094,0.09565782,0.1587323,0.22091495,0.15638895,0.12166224
8325,0.17705843,0.124158636,0.050645832,0.07189338,0.427796,0.28793502,0.051805783,0.59890646,0.11354792,0.12197166,0.06260095,0.050448604,0.12965241,0.08720941,0.080943145,0.19680887,0.004294071,0.29822585,0.09153203,0.020480959,0.0646418,0.34434366,0.06713789,0.049625438
8329,0.21309786,0.13218844,0.016528804,0.0328995,0.24071515,0.19960494,0.04204697,0.42037928,0.059264008,0.091209345,0.016461657,0.032271963,0.15294512,0.025297891,0.018814657,0.13119742,0.00015971309,0.12942562,0.10268856,0.0015721103,0.01607619,0.31994677,0.041873388,0.017555108
8333,0.111436434,0.06588509,0.0017389097,0.007531246,0.27938694,0.096705765,0.022151083,0.5543659,0.052080285,0.031315632,0.002922851,0.009550987,0.031995595,0.0057657305,0.004121911,0.032923993,4.1108387e-06,0.09024182,0.048476048,0.000100723606,0.005563199,0.13153948,0.012106407,0.004392557
8335,0.2317899,0.22813731,0.07334151,0.10973971,0.34614536,0.23494773,0.11228706,0.48575953,0.14582394,0.15793724,0.07524426,0.10221704,0.19877301,0.10288306,0.09934325,0.20590301,0.0096255625,0.22897154,0.17812543,0.027501855,0.09060082,0.30207235,0.12992945,0.07889354
8338,0.06289614,0.03714497,0.006218103,0.012059584,0.4938596,0.15797794,0.003808134,0.5864904,0.045461606,0.06688313,0.0108009195,0.007054564,0.0851639,0.018463477,0.024443362,0.12707844,4.9133032e-05,0.5439878,0.014577558,0.0006851302,0.0061506303,0.32268405,0.0107916705,0.0041498425
8340,0.19465736,0.16581532,0.0073399073,0.013687506,0.3452015,0.1523837,0.010123055,0.32419243,0.06226051,0.06275678,0.009807103,0.01296388,0.109195374,0.008585526,0.014898726,0.04568222,6.5259825e-05,0.107570246,0.08796657,0.00071151543,0.007181181,0.26692343,0.02099972,0.011701278
8346,0.26737544,0.2249283,0.05582784,0.0644786,0.32412854,0.23656796,0.06129182,0.3974373,0.13224643,0.15101054,0.044860113,0.06466182,0.21329202,0.06534795,0.08325005,0.17145748,0.00332599,0.21933332,0.14987613,0.010543821,0.041198693,0.37690252,0.08259534,0.044661988
8347,0.23680986,0.2308095,0.07188121,0.10544541,0.4223981,0.22000633,0.09824983,0.47510773,0.18185683,0.14471413,0.07423704,0.10063191,0.15166795,0.09693715,0.10820012,0.17051901,0.01134371,0.24920543,0.17654067,0.035102017,0.12521869,0.21910574,0.117509596,0.089174755
8352,0.1479659,0.15039696,0.040213656,0.06929945,0.46344367,0.19771492,0.046381224,0.50105494,0.10669004,0.11044826,0.0418946,0.049255148,0.09159956,0.05449792,0.048037693,0.08193312,0.003076215,0.19823582,0.084811956,0.01387523,0.06040674,0.17883398,0.058786724,0.04426943
8356,0.081284635,0.08844739,0.03770001,0.06568076,0.4411891,0.14282516,0.040083323,0.591684,0.07108293,0.10774406,0.029336635,0.029203298,0.13923007,0.068661906,0.04833914,0.07644973,0.003084274,0.411189,0.04151935,0.009998395,0.03027464,0.16194111,0.03505828,0.026361175
8357,0.06464826,0.0659623,0.020737054,0.037974965,0.43491578,0.11357373,0.042009883,0.56642854,0.038617633,0.043250255,0.016612735,0.020695316,0.077715494,0.04261745,0.028658338,0.049084313,0.001032593,0.1916954,0.047103595,0.0056356555,0.018171944,0.13425404,0.03151122,0.0144425025
8363,0.019347241,0.012257551,0.0029712005,0.008232397,0.67101824,0.1336288,0.00070944196,0.74584377,0.026477804,0.038061332,0.0051523447,0.0032614742,0.027298504,0.008571126,0.010048831,0.056801897,1.0831991e-05,0.7084117,0.0043765088,0.00026828478,0.0038758714,0.14695969,0.0038149164,0.0014831851
8365,0.18880543,0.09261189,0.012139144,0.030303232,0.3198332,0.2796862,0.021980429,0.5717899,0.07892667,0.08044406,0.013702541,0.020319944,0.10102883,0.023832496,0.016238734,0.088971265,0.00011904073,0.2165262,0.046902668,0.0015030025,0.014675359,0.3038712,0.023251746,0.014769656
8378,0.1245497,0.10911604,0.031870145,0.0558031,0.3486481,0.19557174,0.042184483,0.53924954,0.0610119,0.06836369,0.025680678,0.03391298,0.097782195,0.049834315,0.039730757,0.09631217,0.0018922699,0.15904313,0.06405677,0.009469974,0.03754631,0.21015045,0.04269237,0.028161142
8381,0.22493228,0.17907895,0.019994004,0.026853511,0.43668017,0.18317911,0.020820089,0.33129054,0.120280236,0.10465953,0.02064561,0.027815891,0.09497718,0.02311599,0.032767583,0.06660471,0.0004701909,0.12836769,0.10128525,0.0033510632,0.028940186,0.19091958,0.03755581,0.028915219
8383,0.13148823,0.11788835,0.043690696,0.07969783,0.4281656,0.1968507,0.05048953,0.5445913,0.09793699,0.12028179,0.0445291,0.04882454,0.13989481,0.07155864,0.06313513,0.1315063,0.00332908,0.3968094,0.079863,0.013891676,0.04652988,0.23086601,0.060495704,0.037964333
8389,0.41353938,0.24650805,0.015821563,0.033300783,0.25922912,0.35143468,0.03263269,0.43584564,0.09286093,0.123915024,0.021122485,0.04188471,0.2056477,0.026056714,0.031995542,0.24693312,9.097358e-05,0.11727664,0.1501944,0.001317975,0.022341635,0.5127522,0.04600851,0.026475469
8392,0.28680706,0.25497013,0.05381285,0.065815665,0.42350903,0.2717143,0.06587453,0.3954798,0.17286564,0.14189777,0.039524335,0.067309454,0.17143361,0.053784627,0.07986419,0.1944033,0.0028622034,0.1950945,0.16148065,0.01237677,0.077653274,0.3403371,0.099622,0.056550626
8393,0.43327573,0.14772618,0.0017243375,0.0028472026,0.44826564,0.44279575,0.0006646377,0.30341506,0.07802173,0.093849875,0.0063330736,0.0045552547,0.07589655,0.0021032777,0.012772932,0.108673446,1.0670555e-06,0.154864,0.12486163,3.678834e-05,0.0037536395,0.5942743,0.008976902,0.0026246787
8402,0.32091272,0.17916283,0.020784719,0.0307281,0.4260342,0.32570103,0.013971533,0.40723804,0.1275749,0.13228989,0.026646173,0.025874447,0.11759467,0.02101406,0.03973282,0.13659246,0.00030047394,0.26290402,0.099308014,0.002346837,0.020781288,0.4224235,0.039792057,0.026847593
8407,0.10805009,0.12032108,0.0062383995,0.013762013,0.3449757,0.14481312,0.008557015,0.3917581,0.047885895,0.096127614,0.007409324,0.011871555,0.10077687,0.0104887355,0.010612944,0.059180986,2.7997803e-05,0.21716844,0.053578354,0.000437211,0.0060329903,0.18277049,0.017729405,0.006986598
8408,0.3465769,0.26290986,0.03507965,0.043006986,0.3279177,0.30267483,0.03803348,0.34959653,0.13166818,0.13794436,0.031908154,0.04208594,0.25983298,0.032620795,0.05915322,0.13336146,0.0008699607,0.12221549,0.16701373,0.005487767,0.027236512,0.3895867,0.06662847,0.03970746
8415,0.13778357,0.11491495,0.0015354472,0.004895881,0.10272939,0.07905213,0.014937393,0.34881875,0.020525696,0.03719938,0.0018229506,0.007611846,0.13033143,0.0035176903,0.0024502084,0.033608995,1.900914e-06,0.03676565,0.07133701,3.9387978e-05,0.0016885508,0.1645808,0.0103314975,0.0028227095
8427,0.14002573,0.10173797,0.02073093,0.048225738,0.2523507,0.12773325,0.081873715,0.57123995,0.06784618,0.079089195,0.022928199,0.04249737,0.14309368,0.040864114,0.022572173,0.10505698,0.00053187326,0.17125113,0.09084867,0.0029939462,0.021643892,0.21529445,0.05214797,0.022484088
8428,0.30626592,0.2660461,0.0740041,0.09026552,0.33479026,0.2665441,0.09602188,0.40178108,0.16336788,0.15986022,0.074090324,0.08201756,0.20765506,0.094800435,0.09228659,0.20637839,0.008387827,0.18442386,0.21487947,0.026686333,0.09956152,0.35132185,0.13507004,0.08135868
8429,0.18323399,0.2032013,0.15378296,0.1604862,0.47800523,0.2435129,0.1296857,0.5239078,0.18727852,0.20356901,0.13607861,0.13778885,0.2021637,0.16953328,0.16367793,0.20758088,0.04721292,0.30376375,0.15851288,0.0921747,0.178198,0.2622319,0.16536258,0.1278507
8433,0.08749003,0.08646202,0.021621058,0.041231632,0.5021194,0.1682324,0.020047424,0.6166471,0.07031262,0.07003551,0.03431252,0.025132861,0.09201933,0.04119959,0.03880194,0.11210562,0.0008273933,0.3910905,0.045434058,0.0053988136,0.031163976,0.21962455,0.04390448,0.02148707
8434,0.1303828,0.08121829,0.015540249,0.03398251,0.45140776,0.22649597,0.012664466,0.59852064,0.07578897,0.100539505,0.020061735,0.021073699,0.10972671,0.030864362,0.033550687,0.14544828,0.00024063852,0.41719806,0.04927838,0.002409426,0.016019598,0.34308434,0.028349493,0.013033799
8435,0.176134,0.15516989,0.042244308,0.05242744,0.5357473,0.19095373,0.04176245,0.43589962,0.1122588,0.11784493,0.033320762,0.03348689,0.11757763,0.047833603,0.058283027,0.07287363,0.002966227,0.25079435,0.0974899,0.015205191,0.052148204,0.2392789,0.05519981,0.04279812
8436,0.21725035,0.19124578,0.03465448,0.05432252,0.3264511,0.1994906,0.062362406,0.47749066,0.10924943,0.10343597,0.034130458,0.063446596,0.12949772,0.051929154,0.049548358,0.14457385,0.0014670291,0.17078246,0.12823573,0.007543859,0.047414575,0.26993397,0.0748829,0.041362256
8437,0.12861943,0.13188782,0.06700609,0.1159537,0.4638824,0.20193687,0.09565178,0.55491805,0.13156414,0.124176025,0.07655187,0.07356029,0.109278455,0.11640812,0.07826391,0.1266818,0.013285958,0.2695523,0.100473866,0.039810356,0.099102356,0.19460344,0.096019566,0.06655852
8438,0.26491314,0.043710712,1.6230926e-05,0.000105589934,0.088006645,0.1618821,0.000111200236,0.32622057,0.0030624254,0.008337114,3.2853055e-05,0.00014564783,0.0718496,5.5597142e-05,0.00012709927,0.016323123,3.4651504e-11,0.022213716,0.01633321,2.1223968e-08,2.3897199e-05,0.62290835,0.0005732045,4.100506e-05
8442,0.24524207,0.24957101,0.124298096,0.13355401,0.40326726,0.2825408,0.1582379,0.4660076,0.16894083,0.17158307,0.1068849,0.1350945,0.22348435,0.14095378,0.14173466,0.20850201,0.025981111,0.21585159,0.18938847,0.0654876,0.13953176,0.31199935,0.15837522,0.11479253
8445,0.07746293,0.07800772,0.056702014,0.06621519,0.51258147,0.18817402,0.03202612,0.63123494,0.08283377,0.12060107,0.060832668,0.040124938,0.13519083,0.08204939,0.088714495,0.14753455,0.0058279615,0.50396633,0.040539406,0.021171818,0.04721763,0.23924872,0.050580543,0.03453654
8453,0.20742016,0.22377434,0.14677466,0.16692917,0.41658714,0.26810366,0.17930348,0.506531,0.17951223,0.18345892,0.11991543,0.14385086,0.1968726,0.16914438,0.14118463,0.17298138,0.045894258,0.24934074,0.16859083,0.08616084,0.16035834,0.27412468,0.1600967,0.12884642
8461,0.16273825,0.15434015,0.03962484,0.06550231,0.3868522,0.19218495,0.05391738,0.50905573,0.10145953,0.09748254,0.03739368,0.043019183,0.11557869,0.06266195,0.05187673,0.0731622,0.0030155045,0.19758977,0.09309517,0.012188114,0.045230255,0.22844477,0.048786305,0.038174547
8462,0.1503603,0.13941754,0.058181245,0.0850265,0.37235972,0.18029933,0.06276889,0.5028658,0.124575794,0.12239261,0.057193972,0.054653533,0.17172734,0.07863497,0.07192672,0.11677973,0.006588841,0.26744527,0.10552881,0.017008524,0.05229654,0.24675447,0.07790885,0.04966759
8465,0.01820067,0.022753173,0.010574445,0.020061286,0.64243025,0.086073145,0.0023332513,0.6652144,0.029850954,0.048228502,0.013301257,0.0072455807,0.03807439,0.031507097,0.024831714,0.048377894,0.0003101303,0.63455415,0.006344408,0.0019936336,0.011767509,0.10512065,0.009218001,0.0048433337
8467,0.50618005,0.2319981,0.0039012437,0.012227296,0.16915965,0.38077018,0.011017835,0.447498,0.06663321,0.10277186,0.0069710235,0.020713542,0.2622442,0.005480727,0.012790248,0.12882547,4.5257993e-06,0.11148532,0.14916906,9.413926e-05,0.0031485239,0.6052742,0.029285196,0.006737228
8472,0.3475811,0.20430811,0.0015395802,0.004223381,0.12611008,0.12905808,0.011030234,0.27951685,0.05035568,0.059948623,0.0024459753,0.010514368,0.10542476,0.0032351187,0.002658861,0.06080528,8.419519e-07,0.033477426,0.08885464,2.3894212e-05,0.0024265586,0.27608633,0.014806954,0.0044390825
8474,0.21556231,0.20028397,0.059317585,0.06804544,0.36420026,0.23939653,0.096409015,0.41199875,0.14332424,0.14228693,0.054452382,0.07312577,0.18726628,0.067938924,0.057434123,0.13320716,0.0033451254,0.15135625,0.16703586,0.013906883,0.059555206,0.33235613,0.08130189,0.06627988
8476,0.050435297,0.02923266,0.0009745521,0.0038298373,0.5651288,0.116617955,0.0006391068,0.69348794,0.021841047,0.029362453,0.0023563337,0.0018092016,0.011505694,0.0029068596,0.0052020815,0.021724815,1.8532385e-06,0.34352815,0.010549091,9.147081e-05,0.0025452252,0.13072596,0.0031545775,0.0015665755
8477,0.18816417,0.18978967,0.09459263,0.1336686,0.38903162,0.21769491,0.10915191,0.5072527,0.14129426,0.13464431,0.08590495,0.08736097,0.17293555,0.12574403,0.090410896,0.1487505,0.018493474,0.26018715,0.14171012,0.05338294,0.109366454,0.27434984,0.11772551,0.09947038
8489,0.12790312,0.14221644,0.08654966,0.1279316,0.4702171,0.22498873,0.083409674,0.58500403,0.1272534,0.15197326,0.10233069,0.094515026,0.14386907,0.12422703,0.09864146,0.16779265,0.019834872,0.32590374,0.10010475,0.055072125,0.11857174,0.210417,0.11951659,0.08332024
8502,0.10107202,0.09463422,0.03277669,0.059523176,0.3968117,0.17309031,0.035338745,0.59586626,0.077110514,0.08134555,0.03405942,0.033141464,0.0822472,0.055297647,0.040071953,0.07114235,0.0026452234,0.22803113,0.06292209,0.012549859,0.042733878,0.19336121,0.038208768,0.032098778
8503,0.1401419,0.14640486,0.043122426,0.0661871,0.5092399,0.16879192,0.062543504,0.4702837,0.103136025,0.10341207,0.047830466,0.060232457,0.13860586,0.06738166,0.055543754,0.11542137,0.0030928073,0.27931413,0.102364905,0.014582161,0.06034851,0.22027485,0.07817534,0.05012524
8505,0.13315125,0.116645865,0.03871304,0.07115845,0.53019094,0.23046704,0.029666385,0.5942962,0.10391823,0.10580304,0.05556296,0.045249242,0.07457924,0.059575476,0.061820567,0.11007368,0.002854658,0.3331561,0.07041124,0.015394615,0.058847044,0.21501921,0.060664922,0.04082396
8508,0.18550453,0.16084953,0.018998323,0.056499872,0.29706383,0.18776534,0.09189091,0.49918324,0.122230366,0.08604629,0.026145259,0.045466445,0.10765106,0.033872634,0.029938389,0.1007548,0.00063990377,0.14366136,0.11736332,0.004531629,0.028422229,0.22457077,0.05094273,0.03692159
8512,0.07477952,0.08754733,0.03924337,0.07021313,0.4875441,0.16531768,0.047424633,0.6007136,0.069820836,0.07830235,0.039622374,0.0323772,0.09359534,0.07073063,0.0482856,0.071187064,0.0042295544,0.3378972,0.051431723,0.017007392,0.04171757,0.15876548,0.0466965,0.030500177
8514,0.21655172,0.21728738,0.12619585,0.144154,0.39177862,0.23806623,0.12913075,0.4214718,0.15465511,0.15048419,0.088348664,0.103135,0.20262833,0.13291952,0.1098821,0.14868824,0.029474778,0.22549286,0.15530147,0.06599667,0.11005201,0.2451246,0.12567556,0.10828602
8519,0.1988993,0.21305665,0.045124263,0.06463708,0.44473967,0.20510788,0.07564141,0.40906048,0.1729287,0.15268241,0.04129899,0.073026694,0.13848345,0.057278667,0.06308026,0.13803685,0.002540553,0.21641771,0.15381704,0.011642522,0.06483686,0.23164846,0.08919675,0.055869576
8526,0.09253143,0.04516611,0.0008520237,0.0030805555,0.3352603,0.20402782,0.0012659277,0.6969369,0.025326088,0.029701505,0.002067005,0.0029510513,0.058548853,0.0030775329,0.005065742,0.064756155,4.6811448e-07,0.3511602,0.016400363,1.7424283e-05,0.0011649011,0.44003135,0.0058040787,0.00088229263
8527,0.26427335,0.27727732,0.02246464,0.030476153,0.26954797,0.115492776,0.06049992,0.27211052,0.08034892,0.11770177,0.020060964,0.04207294,0.23052697,0.028197229,0.024653265,0.077491306,0.00047423254,0.087733336,0.17098299,0.0024802773,0.024372038,0.21143354,0.07255972,0.035730273
8529,0.08790197,0.09390668,0.03386891,0.058877908,0.6122072,0.1909222,0.028740913,0.55664515,0.08522081,0.0927345,0.038235143,0.030648718,0.073501065,0.063447796,0.057700485,0.079627246,0.002995575,0.3600764,0.05756413,0.014287331,0.051564272,0.17436427,0.04399749,0.033134796
8533,0.091270074,0.10936474,0.06714683,0.08797088,0.5713263,0.20541692,0.037208017,0.59198624,0.11683994,0.1346845,0.0719128,0.05695908,0.13049279,0.1066214,0.1202923,0.1390922,0.009985899,0.44818777,0.059664823,0.02842941,0.06483755,0.21811892,0.070105314,0.047294296
8535,0.20759325,0.20855175,0.12584494,0.1504096,0.48363528,0.26510298,0.12626016,0.5016966,0.1939419,0.14626758,0.13012324,0.13151927,0.16270779,0.16408058,0.14784773,0.18091151,0.03474616,0.2864452,0.16871332,0.09032793,0.17083454,0.2751734,0.16101548,0.124284334
8549,0.29208037,0.27043182,0.072987236,0.099000774,0.40643588,0.28014967,0.092566185,0.419051,0.20523228,0.1924414,0.082648866,0.09468894,0.2320639,0.098376185,0.09993988,0.17423645,0.008420813,0.22615017,0.20634227,0.030354496,0.093024746,0.36066654,0.11780365,0.09516452
8551,0.15157303,0.16411333,0.049885675,0.08076028,0.3890177,0.16133791,0.080357395,0.50478613,0.1248508,0.11405526,0.0480652,0.061262652,0.11738028,0.074538164,0.058961786,0.092119,0.005112852,0.21112658,0.12057502,0.020339584,0.06389621,0.1810971,0.081147894,0.055543326
8553,0.20221017,0.14464463,0.027342912,0.049202386,0.3791422,0.17938381,0.05496661,0.45617625,0.103782415,0.1018106,0.024525711,0.044934582,0.092036664,0.045289032,0.03812418,0.124258526,0.0006319135,0.1542578,0.08835862,0.0051537207,0.042030185,0.1999268,0.053584572,0.030543365
8554,0.16709451,0.14162223,0.05773072,0.085705645,0.41748068,0.1956482,0.07226042,0.49635994,0.1264666,0.11520979,0.048672616,0.05409344,0.14179409,0.07823314,0.07597727,0.12291493,0.005768511,0.24707867,0.09875768,0.020925488,0.058406938,0.23724793,0.07049903,0.052558124
8555,0.16082412,0.17313066,0.12396186,0.14787461,0.41633353,0.23936379,0.13516672,0.49061975,0.14872308,0.14677477,0.095618404,0.11736422,0.19414039,0.13839565,0.122805014,0.15382464,0.033884022,0.2502497,0.12985823,0.066587076,0.119051956,0.24271737,0.1287159,0.09319758
8561,0.19032924,0.21670532,0.18128581,0.19819452,0.46847558,0.24852557,0.17171757,0.4977157,0.19145977,0.19346753,0.14651658,0.15013945,0.21591856,0.20610909,0.18390122,0.18796791,0.085904144,0.31611314,0.17634454,0.12301373,0.18471514,0.25061,0.17442785,0.15182644
8562,0.026271505,0.033138048,0.0054860525,0.020635158,0.5447773,0.12778594,0.0063101947,0.73259664,0.037657898,0.04962557,0.010480009,0.0067108837,0.03687701,0.018237252,0.012434942,0.046263892,0.0001053128,0.5322586,0.01115152,0.0009629774,0.009837541,0.100009136,0.009193038,0.0055087535
8564,0.1040202,0.079747155,0.019659672,0.03822921,0.41653672,0.19358496,0.020913161,0.58187103,0.05348228,0.09092654,0.022769373,0.021067997,0.11260458,0.035664752,0.035675794,0.14066868,0.0004938036,0.37471202,0.04264716,0.0037197396,0.018933248,0.27463445,0.034538537,0.016609782
8567,0.10780645,0.104291335,0.039622102,0.08632258,0.34797424,0.14391848,0.09965578,0.54579204,0.0739824,0.088345364,0.04184006,0.05682024,0.1107374,0.08238741,0.03751227,0.09825979,0.003719268,0.18710564,0.09065129,0.013827514,0.053125985,0.1493138,0.06841213,0.041034576
8569,0.13490178,0.08613711,0.019427309,0.033299524,0.48482502,0.20254962,0.02364303,0.58355,0.080674514,0.08352455,0.018557224,0.022260528,0.07762651,0.029052021,0.034497555,0.074366786,0.0005316635,0.25165033,0.043488417,0.0043959348,0.024649357,0.2097191,0.025782287,0.01549499
8571,0.122166045,0.09987222,0.012620146,0.022269715,0.4329913,0.13696864,0.017482474,0.47446316,0.09260187,0.067009345,0.012771553,0.016851531,0.055810485,0.020304283,0.019784857,0.042859502,0.00026400643,0.19493218,0.062456887,0.0018410068,0.023185834,0.16295269,0.023739452,0.01582393
8577,0.23052558,0.18875153,0.034436475,0.06338331,0.25388345,0.2313722,0.072886325,0.45891625,0.11482891,0.1372059,0.033122238,0.05338059,0.21540488,0.04726575,0.03580584,0.109438784,0.0012914203,0.15510762,0.12882105,0.0045690318,0.030082246,0.28268358,0.055962007,0.033687357
8580,0.04120843,0.024519762,0.0032563147,0.0096599925,0.27348194,0.15547687,0.00346343,0.7501757,0.022508178,0.04124828,0.0051957974,0.0045128227,0.08921816,0.014617966,0.010511477,0.12768504,1.5433105e-05,0.49638122,0.007956182,0.0002523255,0.0026389395,0.31386805,0.0073836595,0.002066292
8586,0.036985364,0.01847971,0.00010685189,0.0005845646,0.48615906,0.13601314,0.00016205988,0.6509213,0.012624396,0.018858448,0.00052127667,0.00068654394,0.024497315,0.0005299674,0.001623011,0.067342445,5.380065e-09,0.52466416,0.005046796,7.985493e-07,0.00021005205,0.38856158,0.0011689927,0.0001477422
8590,0.12173703,0.10626499,0.025627842,0.04068729,0.44163558,0.1329419,0.04031814,0.5193926,0.08339482,0.08901466,0.025919339,0.02904554,0.07964191,0.046182357,0.035291053,0.07901131,0.0012995112,0.18826832,0.092584126,0.00786253,0.04981444,0.16731928,0.047250774,0.033638418
8591,0.21557696,0.24347992,0.18326123,0.17804681,0.44387352,0.250653,0.19535895,0.46132705,0.19771974,0.1843688,0.14800455,0.15367295,0.22409818,0.18897825,0.1708191,0.18923038,0.07402024,0.2460728,0.2034055,0.12531851,0.19156107,0.2837427,0.18096265,0.16477871
8592,0.22818577,0.19078054,0.028559363,0.042990796,0.30637604,0.19130632,0.071387745,0.38781622,0.099068396,0.087459,0.026282016,0.049227204,0.15815577,0.033835478,0.039952926,0.11319581,0.0008452662,0.10548243,0.1630168,0.005220453,0.039791275,0.26666343,0.061931852,0.0323063
8595,0.19906934,0.15560724,0.049864758,0.07406485,0.35918123,0.27128386,0.090246186,0.514862,0.11294584,0.11882376,0.049512297,0.069183744,0.2068594,0.07342297,0.06717876,0.16723548,0.0032017585,0.27985808,0.12107867,0.0119858,0.04710929,0.32818592,0.088412814,0.044170644
8597,0.12619925,0.1286992,0.10786574,0.13507007,0.4818956,0.21284224,0.088831194,0.5613202,0.11865759,0.12930073,0.086187996,0.07798198,0.15987317,0.14624123,0.11470984,0.16084385,0.029953685,0.3749896,0.08580353,0.067732014,0.104593866,0.22998609,0.10458731,0.07464525
8599,0.1570454,0.16461904,0.09669088,0.13700868,0.3729691,0.18784492,0.18013498,0.5168234,0.14534645,0.13887069,0.08500213,0.10470504,0.20117995,0.13514902,0.09077022,0.15241826,0.019976737,0.2384883,0.15136518,0.044282336,0.10951045,0.22978166,0.12697619,0.08179149
8601,0.048687723,0.057877656,0.020092579,0.03187804,0.49914122,0.12659912,0.011348108,0.6196375,0.055810183,0.08464956,0.023780849,0.0171287,0.0956148,0.03566968,0.03602051,0.08350842,0.0006067464,0.4965591,0.025363017,0.0031532191,0.015395244,0.19909742,0.026316173,0.012056262
8602,0.12346204,0.0798075,0.006235125,0.012360665,0.30033553,0.2483029,0.004736904,0.5242777,0.07785454,0.13165103,0.01387874,0.015539577,0.23463157,0.014958007,0.01801625,0.18082348,2.259924e-05,0.5747467,0.046878356,0.00021480251,0.0039304234,0.5804406,0.023490079,0.0053185867
8609,0.1333815,0.12989219,0.044890005,0.064863995,0.4315243,0.20678772,0.03147644,0.5391151,0.09573764,0.09872257,0.043114398,0.038995627,0.11667422,0.056541916,0.05517063,0.094935626,0.0035572283,0.26669458,0.06878805,0.014005792,0.04951401,0.23699076,0.054485828,0.03801024
8611,0.19656256,0.18991007,0.07631025,0.09570958,0.345438,0.23412858,0.097169556,0.47622114,0.12736823,0.12889536,0.064566076,0.086291805,0.17504168,0.09412182,0.0813267,0.15805088,0.008711375,0.19659148,0.14137374,0.029280988,0.08660832,0.2674194,0.10059885,0.07252174
8616,0.028075127,0.030329017,0.005500943,0.018698743,0.538018,0.1029912,0.009505918,0.66393226,0.030574966,0.03269013,0.009414563,0.007888035,0.03015559,0.019357316,0.008725939,0.050354544,0.00012804152,0.4127881,0.01165322,0.00094849936,0.010057715,0.118612185,0.010766991,0.004748333
8619,0.2286591,0.18757635,0.031450596,0.06765001,0.27134103,0.23905766,0.10488092,0.42407107,0.12772931,0.1071548,0.043771185,0.075528905,0.14693885,0.049630307,0.044445995,0.13817425,0.0016019905,0.12646785,0.15164867,0.0071769226,0.051883943,0.25323138,0.08223484,0.045864474
8622,0.18239024,0.20678017,0.07709569,0.10477478,0.39243114,0.20080107,0.105184734,0.4791236,0.12694155,0.13095084,0.071656294,0.08768337,0.19900376,0.102710955,0.09515385,0.14634019,0.011358325,0.25798017,0.1503444,0.030232778,0.07951126,0.24853267,0.10905195,0.07660136
8623,0.08527832,0.06419353,0.0075293467,0.02015852,0.5152998,0.20006335,0.0063744364,0.6885905,0.059168015,0.07155593,0.015993537,0.010713874,0.08244451,0.015662502,0.019269321,0.054780193,0.00010218588,0.5088866,0.021956734,0.0010231462,0.009176811,0.2501114,0.014296225,0.008796749
8631,0.36894417,0.27621073,0.0071549937,0.024671469,0.12262291,0.2047612,0.037150033,0.34704483,0.13416716,0.16570103,0.015939027,0.04143724,0.30997002,0.01331609,0.010287321,0.1454503,2.6995702e-05,0.099032044,0.25411654,0.00025775144,0.009581873,0.39853877,0.041942183,0.018173654
8632,0.22904187,0.19866474,0.025453657,0.03986611,0.45564952,0.23786473,0.023231039,0.42128065,0.11029741,0.11524762,0.037500795,0.039219126,0.11599562,0.035778083,0.05867659,0.15059268,0.00083007466,0.23124133,0.12250095,0.005721804,0.043147046,0.3219264,0.059041064,0.032750007
8633,0.12742911,0.14217062,0.108751066,0.12872294,0.49096933,0.2103022,0.08636082,0.5372965,0.13360369,0.14123085,0.09091508,0.08033423,0.1699095,0.1433032,0.13517164,0.15680258,0.029106397,0.3646784,0.08955359,0.06329508,0.10054804,0.24177432,0.098206,0.0747177
8636,0.018358238,0.0178987,0.00061804213,0.0024147308,0.67642033,0.09554717,0.0005068562,0.6603281,0.015696658,0.017683126,0.0021055697,0.0014561991,0.008978829,0.001564596,0.0027802635,0.034028765,4.0602905e-07,0.3779385,0.0060579185,2.7748103e-05,0.002432993,0.08818152,0.0024231295,0.000883409
8638,0.10961773,0.05439879,0.007232939,0.023187593,0.36845797,0.24059612,0.00887252,0.702787,0.038549915,0.058409914,0.014009605,0.011017997,0.05474602,0.015902204,0.014195623,0.05479709,9.353177e-05,0.23265047,0.029605009,0.001343993,0.013070821,0.24758123,0.010990046,0.009730676
8645,0.066855446,0.075222254,0.010800297,0.025991468,0.39462876,0.12048915,0.018892875,0.6242181,0.04378535,0.04131808,0.0148538565,0.01728648,0.05682412,0.018201655,0.015479582,0.051127177,0.00023238841,0.22180839,0.042751767,0.002030473,0.014990262,0.1611722,0.025031079,0.012626113
8646,0.12402923,0.102540046,0.0417436,0.06857664,0.31689453,0.1713729,0.045966078,0.57550466,0.08254726,0.10521619,0.045421634,0.037581153,0.17999311,0.07160561,0.0595639,0.18194383,0.0025387933,0.3643327,0.06295017,0.00981662,0.0325857,0.3076717,0.06027253,0.027906174
8647,0.052852105,0.05305456,0.017772647,0.041410625,0.25310293,0.1076463,0.030758161,0.546844,0.03751155,0.0617184,0.01950018,0.017097443,0.13674247,0.038965464,0.021487556,0.07860746,0.00097611,0.2527165,0.036798283,0.0035131674,0.0153475255,0.16746138,0.027520116,0.012266872
8648,0.2297895,0.1680013,0.03428306,0.058684323,0.35189664,0.24432927,0.04518183,0.49969482,0.11689599,0.14503258,0.040286157,0.046263006,0.17400546,0.050611258,0.05376396,0.11737631,0.0011939439,0.22004867,0.14826061,0.0055110534,0.034492135,0.35016808,0.05516699,0.036283012
8652,0.06929181,0.056907427,0.016214065,0.04432766,0.5011431,0.21367052,0.012407414,0.74190736,0.057529747,0.061621137,0.03017503,0.021713344,0.049810447,0.035768405,0.028158277,0.08921518,0.00064162223,0.39830813,0.030676384,0.004820979,0.031254116,0.19651191,0.0268194,0.017895967
8654,0.11614846,0.09522603,0.028826471,0.06686606,0.46095008,0.22686747,0.049705032,0.5746858,0.087741025,0.09331489,0.03983116,0.043346383,0.07241065,0.054327052,0.03632208,0.13120367,0.0015711562,0.28728575,0.07160953,0.009486206,0.057441235,0.20337206,0.04511276,0.033700924
8656,0.08540896,0.044841945,0.0028288353,0.007417331,0.20640086,0.13667333,0.009964519,0.5586399,0.023462165,0.040530015,0.0037074008,0.008085458,0.120064385,0.008035532,0.0061903377,0.15464072,4.575176e-06,0.14955133,0.047629166,8.286126e-05,0.0033676107,0.36795092,0.016706582,0.0026494046
8659,0.26131028,0.19546223,0.008863966,0.019884674,0.25638264,0.16565384,0.017792294,0.37064672,0.072414726,0.09096595,0.014480683,0.022601234,0.14441212,0.0130243,0.024766566,0.11629801,0.00010013349,0.16664104,0.11660398,0.0007433331,0.011773898,0.3795664,0.037334427,0.014281268
8662,0.16724537,0.19861633,0.09396155,0.11864785,0.36335444,0.21653935,0.13561076,0.50630915,0.13872851,0.14586146,0.09684573,0.103052035,0.22395208,0.13079347,0.10825173,0.16837992,0.018651007,0.25914648,0.15470043,0.04359414,0.105725095,0.28409043,0.13601296,0.090451695
8665,0.26392943,0.27141523,0.07510351,0.08860246,0.3317265,0.23114175,0.093104914,0.3637145,0.16657384,0.22290525,0.0717766,0.10210781,0.333189,0.07046559,0.07243437,0.17155007,0.0050006476,0.20975025,0.19459595,0.014836589,0.062675714,0.37107635,0.12276117,0.0717349
8666,0.42354962,0.21547683,0.0109930225,0.017629335,0.2886025,0.32293677,0.01745284,0.28068438,0.09330709,0.14475696,0.012917614,0.020645618,0.1808401,0.013704042,0.018075224,0.13416426,3.6285113e-05,0.12396516,0.14498535,0.0006110863,0.010001661,0.4343124,0.028062267,0.013923051
8667,0.10026131,0.08117349,0.01570863,0.03744054,0.49297094,0.1693511,0.017599516,0.5436126,0.07487372,0.1018679,0.023467248,0.02312168,0.08424138,0.035703737,0.03992015,0.108020894,0.00052265974,0.34442073,0.05204622,0.0040773675,0.02738238,0.20739344,0.029140806,0.016970808
8669,0.31100416,0.29377544,0.046426736,0.045820087,0.41743866,0.27693406,0.05150232,0.33831215,0.14565104,0.1940714,0.037434977,0.065827236,0.26975784,0.043762725,0.057931006,0.15940623,0.001263512,0.20918752,0.16375321,0.005394583,0.035811655,0.38074613,0.07138278,0.04173065
8676,0.20428047,0.20017742,0.061321616,0.10984012,0.28108326,0.19880441,0.21422155,0.45439208,0.13662519,0.14770553,0.05277799,0.09792913,0.22928247,0.09866813,0.056207474,0.121510945,0.0074732173,0.16969119,0.17064548,0.020273384,0.060310856,0.1982604,0.09811722,0.0708909
8680,0.21950313,0.17787023,0.1271198,0.1401984,0.43523407,0.30355766,0.13007605,0.54134107,0.17847654,0.15508266,0.10078223,0.10293672,0.191669,0.14633057,0.14162454,0.18269576,0.027020028,0.27805686,0.14771008,0.07405888,0.11285838,0.32530835,0.12533242,0.10546475
8682,0.13975412,0.16020826,0.050897617,0.0841821,0.39369738,0.16165978,0.06522144,0.47196698,0.119401045,0.109999344,0.04773093,0.060824018,0.12136283,0.07604384,0.061182078,0.11113694,0.0057508494,0.21588232,0.106918,0.020455569,0.069639646,0.20592463,0.07192576,0.05437337
8684,0.13470866,0.14711265,0.087044805,0.12347376,0.46276563,0.1798167,0.106138505,0.52183765,0.13054264,0.12090859,0.07924996,0.076097935,0.15451086,0.1150254,0.092391774,0.12506266,0.02016526,0.31096095,0.10969183,0.04656061,0.09593541,0.20229681,0.10438662,0.07565246
8685,0.20214431,0.171951,0.01080226,0.025893955,0.11959228,0.086748116,0.08035282,0.35583305,0.057226084,0.06619426,0.009580443,0.035373375,0.12585638,0.015883507,0.010394151,0.056075532,0.00012433832,0.04151715,0.1296724,0.00076724746,0.012176518,0.12948015,0.040203378,0.015456876
8687,0.06576602,0.07353196,0.012402618,0.016817257,0.48941603,0.16771132,0.0066151354,0.5066433,0.0751925,0.11681994,0.018444013,0.014332396,0.1168683,0.019364867,0.023304323,0.099604025,0.00010537258,0.49606657,0.033698194,0.0011044892,0.012571438,0.25766855,0.016844478,0.009926358
8691,0.18752222,0.07155847,0.00026065222,0.0012000346,0.17034559,0.11957799,0.0041467003,0.37491664,0.019383859,0.026149431,0.000456245,0.0031560159,0.044695377,0.0007444641,0.0005052264,0.04429666,1.2902805e-08,0.03321241,0.05512042,1.7735678e-06,0.0006887836,0.20854142,0.0032281163,0.00085776654
8700,0.040365774,0.032188524,0.0070111514,0.022507345,0.4793515,0.13070895,0.0068995208,0.70695436,0.03785408,0.053630013,0.010763934,0.008354001,0.084285825,0.017872635,0.01773923,0.10943209,8.23842e-05,0.4520538,0.015548566,0.0010239332,0.007476083,0.1899299,0.012825167,0.0047923145
8702,0.19469485,0.21869992,0.17226477,0.18501653,0.44373706,0.26054138,0.15417485,0.4737001,0.17685144,0.17869687,0.12604855,0.12787583,0.22395112,0.19212067,0.16864087,0.1933617,0.06892371,0.28557107,0.17301044,0.12026902,0.15046312,0.26252484,0.16431957,0.13695683
8703,0.16880515,0.18589988,0.16869341,0.1959247,0.42569348,0.22756164,0.18666418,0.5148852,0.17253213,0.15789309,0.13732143,0.13528624,0.19829,0.1970604,0.14797445,0.18362303,0.071881875,0.27767155,0.15100183,0.117755294,0.16653301,0.25214297,0.17009306,0.13633342
8705,0.10647426,0.094827384,0.041790098,0.0854774,0.46705514,0.23139955,0.03539141,0.6458937,0.096800044,0.10777361,0.043894716,0.038917482,0.10135911,0.06277535,0.056752354,0.119472966,0.0030500714,0.37885788,0.05024621,0.014824761,0.043511305,0.21933138,0.045197032,0.033065435
8706,0.18174215,0.15625417,0.030152103,0.04712729,0.3857578,0.22694682,0.049258396,0.5219488,0.09451485,0.10827126,0.039116614,0.042234696,0.14661896,0.051003788,0.04509912,0.102287546,0.0011878659,0.21983486,0.098293126,0.007619753,0.03911085,0.27013916,0.057222597,0.034371693
8707,0.05560762,0.043545775,0.0032414661,0.009620713,0.49946603,0.13753384,0.0022515075,0.6185001,0.04132916,0.043422423,0.0062615443,0.0055601504,0.026616592,0.0072335275,0.008929232,0.034089036,1.7242372e-05,0.3100293,0.015433924,0.00033884766,0.0061841304,0.1372327,0.008124643,0.003728024
8708,0.21087429,0.24088165,0.12545556,0.16152631,0.39517236,0.21925458,0.21465382,0.45763367,0.18681964,0.17998737,0.11729735,0.14187878,0.21257208,0.16396117,0.12189096,0.17324941,0.03394682,0.23467872,0.2109657,0.066907875,0.13991223,0.24577372,0.15338986,0.12878112
8711,0.1304186,0.07746358,0.008122961,0.014456798,0.473799,0.1972364,0.004521193,0.58331406,0.050023414,0.058166668,0.0075399335,0.007469656,0.06477812,0.014326765,0.017045187,0.043330703,8.3218634e-05,0.24337447,0.023822393,0.0011524847,0.00834086,0.24275337,0.00985228,0.0065863356
8712,0.20663415,0.22397757,0.1898807,0.18748476,0.4285207,0.272923,0.15785252,0.47995138,0.19219065,0.18736795,0.14809221,0.14858687,0.2156086,0.2075652,0.18521133,0.201123,0.08364141,0.28084293,0.18259317,0.1357128,0.1889159,0.27864525,0.17561851,0.14949743
8714,0.4390813,0.36196637,0.01835379,0.0284231,0.30528423,0.22342907,0.026971782,0.30618528,0.19323209,0.2333062,0.02852015,0.050464414,0.259536,0.020357916,0.03403293,0.10682101,0.00027501202,0.137312,0.25096682,0.0015248227,0.02458436,0.32244143,0.05895966,0.03841153
8716,0.19558635,0.21941635,0.13067488,0.13778973,0.4302489,0.2306249,0.123525195,0.46111146,0.12614743,0.14974359,0.09963644,0.104326785,0.24011634,0.1454807,0.13548905,0.16010472,0.034913797,0.25041142,0.1682439,0.07199537,0.107376054,0.3113876,0.15016249,0.10641817
8717,0.08594604,0.09562628,0.037785023,0.06457274,0.42639247,0.15165189,0.045778222,0.5832504,0.0702112,0.08191217,0.030978967,0.036006674,0.104916334,0.06779413,0.048777632,0.071380496,0.003598349,0.34548134,0.06275854,0.0124828145,0.033677384,0.16329068,0.049031593,0.030917801
8725,0.14729884,0.174316,0.07541248,0.09516143,0.49273425,0.17801623,0.08980485,0.48539245,0.124068305,0.13321042,0.061760306,0.08002701,0.14357209,0.09039252,0.080281205,0.104540914,0.012191526,0.25429678,0.1267683,0.035472963,0.10227158,0.18479486,0.10548644,0.08190096
8734,0.2670642,0.276446,0.102371834,0.120429285,0.46547714,0.23627785,0.10004867,0.4247188,0.21113002,0.20173128,0.11372105,0.11317219,0.1809624,0.11145889,0.11527715,0.15365249,0.01636487,0.23783879,0.20196973,0.04950838,0.14559391,0.26452774,0.14901383,0.12393847
8735,0.41308597,0.38507107,0.046418317,0.06964224,0.17131855,0.15288195,0.13475923,0.22627817,0.17430174,0.18565121,0.0461167,0.1279441,0.37509796,0.04308151,0.035232253,0.20453674,0.0010131567,0.08018323,0.32110277,0.00445566,0.041132353,0.35795692,0.13072729,0.067533515
8736,0.11803443,0.05881997,9.601732e-06,2.3976407e-05,0.1332757,0.05482678,6.7574856e-06,0.09572771,0.006046691,0.05997725,3.4690678e-05,9.615659e-05,0.1678086,2.4605091e-05,0.000101184625,0.14193982,3.0813674e-12,0.15913852,0.008308982,1.1897254e-09,1.3842335e-05,0.6594658,0.00039077894,1.659527e-05
8737,0.05221138,0.03357766,0.0038200046,0.013820856,0.4752611,0.11756714,0.003767792,0.67588496,0.035256915,0.07084173,0.0057050316,0.0055319215,0.07742915,0.011415283,0.0110307755,0.06825281,2.1898393e-05,0.5955201,0.011289725,0.00034147667,0.0040898523,0.19615482,0.008232191,0.0026212432
8738,0.20912798,0.19528504,0.11258423,0.12320686,0.5139241,0.23024473,0.08332949,0.48857063,0.18879558,0.17534824,0.111888334,0.102409765,0.17071727,0.14276335,0.15557872,0.17016034,0.02863926,0.35185757,0.13769619,0.06495691,0.12080458,0.28066128,0.12396916,0.10256969
8742,0.15172057,0.17003094,0.09827276,0.13335894,0.34930998,0.1958636,0.12874292,0.5193547,0.1361979,0.17421083,0.0938561,0.108347185,0.25024045,0.14754964,0.10132279,0.20590042,0.016643206,0.31967697,0.12495383,0.04032687,0.097361684,0.2896187,0.1281609,0.07742688
8752,0.21639845,0.21026595,0.06896262,0.09473692,0.4020002,0.23956506,0.081477165,0.47251248,0.14410758,0.12994969,0.05787243,0.07553209,0.19727118,0.07481129,0.08712483,0.12302904,0.006426007,0.2263637,0.1474669,0.020798186,0.06271596,0.2973197,0.09446784,0.060797162
8754,0.0155390585,0.0139625035,0.00028371665,0.002674976,0.30860028,0.034925908,0.0016280061,0.73267573,0.0057818806,0.011283216,0.00079763966,0.0012342194,0.01436775,0.0027923286,0.001216629,0.017756911,2.3306242e-07,0.31079292,0.0042153695,1.12298185e-05,0.0008400724,0.061048105,0.0017817043,0.00040652193
8755,0.08195015,0.05860085,0.010454495,0.03138962,0.41895378,0.21421492,0.010472628,0.71207863,0.048082527,0.058935337,0.019539643,0.014993952,0.04483647,0.022711128,0.019742953,0.08112027,0.00019867213,0.39008784,0.029996105,0.0017255584,0.014965049,0.2434946,0.017884433,0.011548632
8766,0.17198148,0.13580395,0.030398434,0.064276315,0.4246728,0.21335,0.04548169,0.49102807,0.09658306,0.11480214,0.033234745,0.04218799,0.12692964,0.042310774,0.044690784,0.11061324,0.00116636,0.24109843,0.08449733,0.0069655795,0.030880177,0.2472725,0.049996626,0.031430136
8778,0.17771453,0.12053187,0.015510731,0.03171665,0.39459357,0.21208176,0.015511786,0.5396929,0.07863732,0.083438665,0.017904107,0.020388113,0.1066021,0.02275051,0.023692617,0.12095317,0.00021651699,0.22929996,0.054210108,0.0021596241,0.022043364,0.28609315,0.021372247,0.014330778
8780,0.1656696,0.19197735,0.08586957,0.11132471,0.41676787,0.21707521,0.09982351,0.5048015,0.1394137,0.16090374,0.07455519,0.10143348,0.18332617,0.11328776,0.11309043,0.16477172,0.012825873,0.26645505,0.13152759,0.034279086,0.09125848,0.2479166,0.11746576,0.075278684
8782,0.15297513,0.1480209,0.047172572,0.073961064,0.48994568,0.22345275,0.05234179,0.5490807,0.12132398,0.11834261,0.046844687,0.046635833,0.11392136,0.06930677,0.06480566,0.11669882,0.0037287772,0.29483756,0.07946996,0.01839842,0.056308594,0.21140602,0.062782034,0.044530816
8783,0.19737211,0.19208975,0.012001328,0.03192243,0.33749437,0.1704313,0.020736769,0.555918,0.08305231,0.117129914,0.024477514,0.031112898,0.12060178,0.02221405,0.019295298,0.09152949,0.00016120239,0.22518046,0.11355386,0.0017786836,0.023051843,0.281489,0.040030584,0.024023488
8785,0.08865472,0.060428113,0.005837274,0.012182628,0.33713788,0.13216527,0.0102420505,0.54109204,0.038417574,0.07800739,0.009004964,0.010444313,0.11927936,0.012958433,0.007862311,0.07326503,2.43318e-05,0.29344425,0.03983738,0.00038367714,0.0062836315,0.24829161,0.016828692,0.005647784
8787,0.1758823,0.19237031,0.15652695,0.18252149,0.45739114,0.21927345,0.16698644,0.5053184,0.18337598,0.17024282,0.13314481,0.12502651,0.18693344,0.1849144,0.1434124,0.15394719,0.06695655,0.2784063,0.15829587,0.11719367,0.1596254,0.22470969,0.1572072,0.13760035
8789,0.1858522,0.18310691,0.06697509,0.09770161,0.34945127,0.2423002,0.13587272,0.5296799,0.14459388,0.15246063,0.06381102,0.10194446,0.20195459,0.089983955,0.06417296,0.18552305,0.0054413206,0.23197502,0.14666396,0.016704366,0.069489524,0.27083895,0.11123404,0.066778496
8792,0.20629959,0.21786267,0.14903931,0.18913542,0.44493484,0.23878473,0.17496133,0.5064255,0.17584294,0.17670108,0.12836081,0.14152448,0.18983889,0.18118915,0.16280578,0.17216973,0.05920581,0.27035716,0.18020064,0.11158145,0.1682611,0.23808269,0.16773607,0.13982259
8795,0.09314746,0.10466931,0.03524866,0.07662355,0.4083374,0.15814257,0.07603662,0.6381651,0.08266553,0.09440148,0.041638818,0.050948158,0.08037366,0.08419658,0.033869963,0.07981836,0.0040645227,0.22335432,0.069407664,0.016316675,0.06622369,0.1274499,0.054761037,0.04127952
8800,0.23855317,0.21894255,0.036474932,0.051187146,0.38891107,0.21697012,0.03365621,0.4149885,0.124036044,0.14791557,0.03522869,0.049830608,0.1723496,0.047172967,0.062205788,0.10303109,0.001585396,0.23896484,0.12417584,0.007677688,0.03402079,0.27358964,0.05567354,0.039591804
8801,0.12077771,0.08207467,0.0035356544,0.01331321,0.36813307,0.15506226,0.007924052,0.56462336,0.056391086,0.039606836,0.007824206,0.011259246,0.03387818,0.007339036,0.010534752,0.05619678,1.8860972e-05,0.21692301,0.047060367,0.0003171896,0.007876227,0.17757267,0.016834823,0.0062843314
8808,0.12493805,0.13894607,0.035067543,0.056203328,0.50199556,0.20608532,0.03751449,0.5589287,0.10587067,0.11951625,0.040388923,0.045508314,0.102713324,0.053587627,0.061194714,0.10962481,0.0020790722,0.27552566,0.080268435,0.011053839,0.046233833,0.2520016,0.044223446,0.03421342
8813,0.30302587,0.24045876,0.044562403,0.06193937,0.3719525,0.3146416,0.04901769,0.44727284,0.14193201,0.18324105,0.063442744,0.0662844,0.2898608,0.06201444,0.083797686,0.23568814,0.0019255065,0.25376058,0.16621202,0.008929181,0.043105863,0.5072087,0.10031728,0.048163604
8815,0.014377456,0.013198919,0.0031467795,0.005079823,0.58483636,0.09660155,0.00050088385,0.65103877,0.02331272,0.0479915,0.004352561,0.002181048,0.046151984,0.008248465,0.010040637,0.041384477,9.31219e-06,0.7349765,0.0024405026,0.00012886536,0.0013122228,0.12926178,0.0019032068,0.001027617
8820,0.28768712,0.26160005,0.013585632,0.033441413,0.14014767,0.106796235,0.11682889,0.3220443,0.1114361,0.106841885,0.017793352,0.056699686,0.21672967,0.026295358,0.013923482,0.107057996,0.00020480703,0.054066766,0.21791923,0.0011413182,0.020015575,0.18421376,0.061935823,0.028711388
8822,0.12436163,0.06032614,0.0013241533,0.0073434315,0.26855814,0.21382102,0.0030902897,0.6634825,0.03228339,0.038185325,0.005231072,0.00487172,0.05553184,0.0048695016,0.006106284,0.06978381,2.1955334e-06,0.34475052,0.02374995,6.922519e-05,0.0018782663,0.34663838,0.0072399923,0.0025848097
8827,0.28592682,0.23414189,0.0008532066,0.0025939117,0.16160882,0.100069255,0.0051221964,0.34551308,0.063544236,0.0999384,0.0023093885,0.010606752,0.1811495,0.0026754162,0.0039753895,0.103439465,1.9278575e-07,0.08111934,0.1258484,1.1302771e-05,0.0010071179,0.44089586,0.016707702,0.0022504132
8836,0.061066106,0.05697484,0.01031897,0.043597575,0.37517068,0.10424005,0.03307071,0.6321633,0.04244784,0.039255705,0.012113183,0.021900054,0.050393216,0.026384205,0.012174918,0.06821393,0.000320338,0.17407903,0.03276188,0.0026132967,0.02238293,0.10997483,0.03344436,0.014216269
8837,0.24480473,0.11989016,0.0065905675,0.0146851875,0.3901256,0.2525047,0.009300306,0.47771537,0.06720015,0.08330747,0.009544918,0.012538371,0.10405247,0.012396213,0.016969606,0.0767858,3.948809e-05,0.23327559,0.063109286,0.0005895585,0.008405672,0.30842727,0.022048257,0.009922764
8838,0.30372363,0.2705341,0.057866074,0.08170714,0.4688267,0.27509964,0.061794754,0.4105944,0.1799475,0.1650421,0.06858944,0.078584164,0.18867584,0.061710298,0.080439486,0.15940346,0.0034678795,0.22268793,0.21200344,0.018311298,0.08717212,0.3257653,0.10470265,0.08891247
8841,0.07745345,0.08503893,0.031858467,0.048708517,0.32914355,0.112287655,0.043376774,0.57259,0.050396103,0.0663744,0.026464457,0.029140785,0.1036806,0.058761563,0.035114918,0.07700119,0.001916532,0.24299864,0.045864042,0.007096777,0.029098557,0.16157898,0.048576705,0.022668874
8843,0.21440387,0.1840109,0.082341775,0.099667504,0.48141235,0.23338091,0.101024576,0.45013657,0.15910327,0.16891629,0.07775268,0.08917448,0.15242499,0.103988364,0.08652918,0.15246068,0.010808696,0.22050206,0.14557229,0.03293679,0.12319946,0.2616893,0.12676792,0.089749284
8851,0.28169513,0.28392783,0.052547615,0.08934806,0.21895058,0.1539717,0.19023015,0.35414273,0.14126976,0.13506153,0.053017613,0.11800433,0.2298574,0.064472705,0.050302375,0.12717322,0.004229677,0.095261805,0.26143375,0.011587496,0.06880779,0.198859,0.114139386,0.076210044
8853,0.06723902,0.0486108,0.0023074874,0.009377106,0.59057015,0.2144001,0.0035905868,0.68191713,0.056311544,0.04949242,0.008685891,0.007451271,0.025392497,0.0062538264,0.008105464,0.104781,5.654779e-06,0.28834903,0.038233627,0.00018059867,0.007806096,0.1644643,0.011159799,0.004359059
8856,0.06651764,0.06879137,0.01434822,0.025855616,0.34973186,0.10295967,0.01475446,0.57899165,0.04625492,0.061536375,0.012039253,0.014202478,0.10149463,0.026611991,0.02499248,0.07111338,0.0003185518,0.28014147,0.027412338,0.0021560448,0.012328479,0.18518929,0.023541324,0.009900336
8859,0.10388227,0.1092347,0.04309951,0.048101332,0.45522127,0.16704835,0.028343573,0.52701426,0.080097705,0.10612803,0.034744017,0.03210663,0.15201321,0.060814414,0.061535362,0.14984679,0.0023532507,0.35854843,0.048112676,0.009683299,0.04080335,0.25486162,0.050792824,0.026504723
8865,0.22695154,0.22804135,0.17825842,0.21098566,0.3970244,0.2590872,0.22474173,0.4999572,0.19913703,0.19687274,0.14751375,0.16128685,0.25007772,0.20034015,0.15905945,0.20756978,0.07133226,0.257251,0.1906483,0.12146202,0.17125228,0.29378307,0.18767786,0.16079196
8867,0.25893033,0.24490365,0.030717684,0.05448559,0.28593427,0.25407237,0.05328636,0.44096896,0.095530316,0.13441911,0.034093864,0.056452405,0.22927536,0.04185758,0.03920715,0.1535967,0.00066639425,0.16794714,0.17359465,0.005301141,0.03215373,0.40677038,0.07544182,0.047244623
8868,0.17372811,0.17259206,0.053549,0.08548045,0.4279064,0.18017517,0.08619446,0.5025896,0.14172454,0.12782265,0.05529918,0.07440632,0.12158329,0.07113719,0.05484382,0.1650601,0.003730056,0.22279656,0.14123902,0.016932087,0.09215163,0.22204506,0.10384856,0.06646406
8875,0.19708471,0.20333113,0.041941106,0.08799559,0.2849923,0.15559396,0.18896018,0.48007205,0.12669526,0.13884914,0.046560906,0.10353865,0.16961978,0.083631866,0.04300249,0.12412649,0.0034564442,0.12517856,0.1663614,0.01524072,0.07317828,0.17970987,0.10529321,0.070220776
8877,0.02288614,0.0053889905,5.862379e-05,0.00045766286,0.49715027,0.12787516,0.00010756392,0.8555403,0.00819948,0.011557578,0.0004638057,0.00034226163,0.0062192646,0.00040648086,0.0010164566,0.034901466,4.4292356e-09,0.51635134,0.0019430916,1.2269043e-06,0.0002921425,0.1789135,0.00043545163,9.8336546e-05
8884,0.29258978,0.28457698,0.105160795,0.1449352,0.38028482,0.25379378,0.1644789,0.43635148,0.22433697,0.20074995,0.09706519,0.13959824,0.21636197,0.12978786,0.121526286,0.17404681,0.022866817,0.21720944,0.23381704,0.047411222,0.12906922,0.25499016,0.144766,0.123516314
8890,0.2597089,0.22642463,0.045114372,0.07067076,0.42133185,0.22734293,0.06603131,0.47845882,0.18842044,0.15130877,0.06794662,0.076477915,0.124396764,0.066415526,0.06416069,0.13843364,0.0029828802,0.25734255,0.16677727,0.01296413,0.08200202,0.2582705,0.105948925,0.076138526
8891,0.031582564,0.029821048,0.008472879,0.016797079,0.43198842,0.110342436,0.005458159,0.69290364,0.02658709,0.052907582,0.008613559,0.0074034696,0.07653253,0.023393683,0.024362795,0.06245067,0.00014113977,0.5074772,0.009030151,0.0009235405,0.006670605,0.15296116,0.009838047,0.0040452755
8894,0.19283046,0.21626122,0.14082865,0.1819624,0.38948104,0.21503167,0.23896638,0.48380914,0.18781757,0.16335814,0.119739495,0.16277085,0.18605997,0.1870761,0.1204096,0.17186427,0.050078105,0.23244315,0.18329668,0.097194694,0.16503529,0.21932387,0.17261621,0.14682485
8896,0.15294851,0.1990449,0.09433025,0.12812018,0.41155317,0.19806229,0.11448033,0.50971246,0.143613,0.14381893,0.08970096,0.099491864,0.1528038,0.12397541,0.08738536,0.12875022,0.020841233,0.22674002,0.12703109,0.051459037,0.12258279,0.19922687,0.10810712,0.09505184
8897,0.22636415,0.21280807,0.11277632,0.11490156,0.4428429,0.2947693,0.08907832,0.46475726,0.1840652,0.19092114,0.104497045,0.097862214,0.20039836,0.10210075,0.1136639,0.18897045,0.01482439,0.24735089,0.1815361,0.03958377,0.11339437,0.35424542,0.12212766,0.08880897
8898,0.1669973,0.17717557,0.04153898,0.070799746,0.41203433,0.14768893,0.09381156,0.46580085,0.10216364,0.11485278,0.048388857,0.07371318,0.15145394,0.07167411,0.047740206,0.09539187,0.0033317583,0.20418324,0.13424625,0.014079815,0.05577008,0.18431193,0.089378335,0.055117723
8899,0.3318835,0.18351938,0.048805885,0.07098079,0.32032558,0.36803025,0.0687152,0.50902116,0.12184247,0.1354555,0.051238675,0.05616363,0.20300941,0.05800797,0.06653228,0.2294475,0.0015146754,0.20282285,0.15828837,0.01078354,0.048768952,0.5008967,0.07069995,0.051347874
8901,0.22244294,0.23377064,0.08070518,0.094160095,0.3783533,0.19439358,0.11886003,0.383057,0.14292756,0.1645012,0.055219963,0.08087492,0.21852931,0.09884906,0.0864594,0.12456668,0.009138231,0.17768662,0.18442783,0.025006503,0.065494366,0.25904468,0.10497277,0.072307386
8905,0.047964763,0.03802509,0.005007183,0.016371658,0.5129626,0.17525272,0.0045662974,0.7060708,0.031301,0.0306148,0.008032075,0.007505287,0.027299846,0.012080616,0.011885138,0.05001651,4.9845366e-05,0.28805834,0.021697214,0.0009065304,0.0100147575,0.15660557,0.013427067,0.0055235517
8906,0.06540798,0.05484114,0.0035967012,0.011433238,0.36860818,0.11588778,0.005758628,0.56656665,0.036335234,0.041759644,0.004127757,0.005467545,0.04832376,0.009854257,0.007861957,0.04489307,1.8495837e-05,0.20318155,0.016062317,0.0004010031,0.005528114,0.13761057,0.008157553,0.003691655
8907,0.3572966,0.24044485,0.0055094985,0.009032705,0.24444099,0.2055144,0.011596023,0.275865,0.06590321,0.0899096,0.008340162,0.01514036,0.18150783,0.007321936,0.011679787,0.13435039,1.0588187e-05,0.071643956,0.124348566,0.00020872899,0.007303176,0.49249882,0.033997294,0.010268487
8914,0.075451665,0.038332634,0.0038972967,0.009815024,0.4681471,0.22617736,0.0017764852,0.594272,0.04011599,0.074772865,0.006068278,0.0052521685,0.06527591,0.007940104,0.012771151,0.056950223,1.4376388e-05,0.4498626,0.014833696,0.00020028123,0.0036177386,0.24514528,0.0051822,0.0030024284
8915,0.09450801,0.07774294,0.034802977,0.05684199,0.46364108,0.20136526,0.028392762,0.6185948,0.08156166,0.100202285,0.032959826,0.030457182,0.11644371,0.07413585,0.05760094,0.11939764,0.0023950168,0.42332032,0.038290277,0.009864321,0.030286685,0.23531732,0.036794275,0.022274794
8920,0.087852634,0.10800375,0.040247127,0.05776167,0.5382757,0.19016352,0.03442306,0.5712169,0.0804227,0.10441314,0.045863863,0.03471259,0.10233383,0.057769652,0.04874856,0.12460649,0.0021681653,0.3508144,0.06287393,0.012794517,0.04469821,0.21920463,0.04837552,0.03373741
8921,0.039845984,0.023825279,0.0012618701,0.0056732,0.37231207,0.099562675,0.001274079,0.766601,0.016988525,0.020051943,0.0023821,0.0020328637,0.015146065,0.004092996,0.0029978768,0.03419034,1.6113644e-06,0.26091063,0.008467133,7.5078475e-05,0.0022003266,0.14968659,0.0041100425,0.001345483
8924,0.15500991,0.16583277,0.033749353,0.05614969,0.41454133,0.13775869,0.07367223,0.38399225,0.12843056,0.101364315,0.028196534,0.047591824,0.11990218,0.042107213,0.03892604,0.06878906,0.0025581915,0.17850684,0.117173694,0.008484236,0.045525186,0.14391355,0.06640461,0.04227048
8927,0.21365376,0.21951622,0.13356462,0.16168025,0.44279557,0.24551402,0.12567756,0.46500647,0.17558564,0.17204978,0.11633725,0.11307237,0.21378165,0.15877937,0.15208587,0.1608956,0.042625558,0.2821686,0.16773412,0.076574124,0.13657266,0.29550296,0.13819821,0.122909285
8929,0.1455432,0.15019117,0.042347584,0.07682933,0.39713994,0.22092348,0.050348338,0.5696816,0.119231425,0.13472737,0.0411173,0.04369411,0.14976323,0.0660586,0.05466162,0.1096783,0.0034862258,0.27092838,0.09694863,0.013845314,0.0544147,0.22036174,0.054643422,0.04318254
8930,0.22849305,0.1447128,0.033940922,0.057152115,0.36222515,0.29766688,0.03743257,0.5231821,0.09092278,0.09680337,0.03847958,0.038189773,0.1559555,0.056600045,0.055463918,0.10273554,0.0017587015,0.26810682,0.08854922,0.009053197,0.026219238,0.384335,0.047462936,0.03065275
8932,0.22150312,0.14153233,0.031773854,0.04382322,0.45959082,0.31356096,0.033283975,0.56066436,0.11931771,0.106615975,0.033223964,0.040368255,0.11627462,0.040615637,0.04655531,0.12733766,0.00068717176,0.26154652,0.09039176,0.0057867644,0.034038346,0.34784392,0.04261107,0.027922763
8938,0.19221899,0.19789617,0.084188856,0.121799044,0.373087,0.23588707,0.09828778,0.51168096,0.15617178,0.15575023,0.09119401,0.106779724,0.18154982,0.09620675,0.08363486,0.17895646,0.010869647,0.2469427,0.15002757,0.030352516,0.09114976,0.2814538,0.12691192,0.08233251
8941,0.022698859,0.036375083,0.0068265856,0.012608779,0.57432556,0.07000388,0.0031478803,0.62171286,0.03255038,0.045282878,0.007950298,0.006199914,0.04608855,0.015031358,0.021743016,0.053237103,9.969845e-05,0.4877103,0.008213138,0.0008695699,0.0062257657,0.09347729,0.008865277,0.0037415863
8942,0.008285797,0.007779343,3.6759309e-06,2.244139e-05,0.41526437,0.024485558,1.5559783e-06,0.46132898,0.0022251783,0.009212019,5.908181e-05,4.690902e-05,0.009213286,7.265183e-05,0.00022386736,0.007839042,2.433949e-11,0.5234748,0.00054033444,3.020154e-09,1.4213455e-05,0.22066513,9.066708e-05,7.965202e-06
8945,0.19762875,0.21949269,0.036706388,0.05499126,0.28394082,0.18157835,0.07861608,0.36831158,0.09554356,0.13790728,0.03170433,0.06417398,0.30173975,0.04539795,0.038005047,0.12434768,0.0013568114,0.14849025,0.16785437,0.006319608,0.031764414,0.29411134,0.09068664,0.036765244
8946,0.11188959,0.09091586,0.014474248,0.021713046,0.52329147,0.16873537,0.008208586,0.53181386,0.05322253,0.057071168,0.018179556,0.017803464,0.05148667,0.020724231,0.03270768,0.078457676,0.00028698865,0.24202138,0.040264416,0.002583116,0.025002152,0.22494346,0.026488561,0.014093431
8954,0.2650473,0.22109047,0.02713482,0.04066751,0.31680048,0.20710066,0.042157903,0.44808477,0.100787155,0.11806985,0.023713453,0.041258927,0.17651926,0.031705808,0.037318766,0.10512213,0.00067728723,0.15774009,0.120740086,0.0037279695,0.025494961,0.31818354,0.05710421,0.030525414
8957,0.21322492,0.16823421,0.05893107,0.09734937,0.29254314,0.23075993,0.12396476,0.5103785,0.10344579,0.12699316,0.04998123,0.08383053,0.18713148,0.09116734,0.062288824,0.13003545,0.004708021,0.17043772,0.123132765,0.01793331,0.04962454,0.27790898,0.08496633,0.053496964
8958,0.19840163,0.23569645,0.17079085,0.17836395,0.40683907,0.21786039,0.21893907,0.43547174,0.19466586,0.17574103,0.13402513,0.1527963,0.20041892,0.18628143,0.13722178,0.17905372,0.06495193,0.23069607,0.19374306,0.11302712,0.18479154,0.22216414,0.1755681,0.1577162
8964,0.094343156,0.11093578,0.054655608,0.07419917,0.44250104,0.1437031,0.054507762,0.45869043,0.08783749,0.083729744,0.04957687,0.04268215,0.08986451,0.07020762,0.04967524,0.07735326,0.008028394,0.21688262,0.06600452,0.023467978,0.06262673,0.15345685,0.054272804,0.046380125
8966,0.103412464,0.114307806,0.075887494,0.113376364,0.44322875,0.16424441,0.093319975,0.581236,0.10632802,0.08671251,0.06592878,0.06507608,0.11015958,0.117705174,0.08539786,0.10661609,0.020558653,0.30462736,0.08598497,0.04606101,0.08566234,0.15731095,0.08873117,0.058940988
8967,0.22394389,0.20363386,0.07460689,0.09528422,0.41404045,0.30005395,0.07511838,0.4736434,0.14879866,0.12936819,0.060080905,0.07137551,0.17719139,0.08457799,0.09736355,0.13332449,0.0088653695,0.22964905,0.14464554,0.02793607,0.068813846,0.31647888,0.09193437,0.07068844
8980,0.18233491,0.21194604,0.13011403,0.16806433,0.48133746,0.22851518,0.14176962,0.47354946,0.17915694,0.16332565,0.1257868,0.1355994,0.1702109,0.1735639,0.14542589,0.16939996,0.053897753,0.29916173,0.1686221,0.10304723,0.17312881,0.21751559,0.15415642,0.13088253
8984,0.037510317,0.023418693,0.0051353103,0.01366707,0.39749137,0.1575656,0.0058221566,0.72892916,0.030112512,0.06771015,0.006689903,0.0064576464,0.08713618,0.017352272,0.012944771,0.09450612,2.6739046e-05,0.5665252,0.010726426,0.00045639553,0.003394763,0.2439945,0.008924364,0.0027927815
8987,0.3585811,0.36856672,0.0051969164,0.010154563,0.28014755,0.16455697,0.015791561,0.25984812,0.10110112,0.09914454,0.0134542165,0.03737689,0.17011581,0.00709358,0.014268346,0.14898708,1.0872551e-05,0.09944697,0.2724428,0.00018040554,0.005742744,0.49085894,0.041723505,0.014862561
8988,0.19516917,0.18197867,0.075496234,0.09249281,0.48629826,0.23902269,0.06638555,0.5005798,0.16547236,0.16705334,0.0795327,0.07117546,0.15425187,0.08529978,0.092300326,0.12772715,0.00979362,0.29493475,0.1411553,0.031874698,0.095187396,0.22688486,0.10336367,0.07613574
8989,0.20333073,0.15380095,0.037005786,0.0624738,0.43469772,0.2691181,0.04219388,0.563523,0.13925321,0.1258687,0.04482812,0.04919112,0.12426338,0.04996555,0.052698676,0.14583305,0.0015313472,0.27150607,0.09714951,0.009275721,0.04617078,0.3270623,0.063014254,0.04212473
8993,0.06042156,0.051823184,0.02877326,0.051075857,0.4314526,0.15115365,0.025234401,0.6128231,0.052058693,0.06306606,0.030294226,0.02373018,0.08673492,0.056847602,0.044050056,0.10652906,0.0019897968,0.37424207,0.02880659,0.009331534,0.027033834,0.18527626,0.034686733,0.020104107
8996,0.17311242,0.08226539,0.014000189,0.026217237,0.50386965,0.23893328,0.01303175,0.6291841,0.06934019,0.06819116,0.023246782,0.018360345,0.06594533,0.03055243,0.0445656,0.094123624,0.0003389352,0.2998476,0.05855023,0.0038025072,0.02192613,0.3308878,0.03600003,0.016175484
9004,0.07788925,0.031072378,0.00023170763,0.00079258514,0.34131053,0.2828787,7.890731e-05,0.41721904,0.01929808,0.07241076,0.0012302282,0.0009117507,0.10424623,0.0008298892,0.0024789318,0.26315776,9.6688995e-09,0.42923337,0.010139984,1.3664722e-06,0.00030580634,0.53706,0.0019584957,0.00017944018
9005,0.20137069,0.15987006,0.04720003,0.07848211,0.30371594,0.27202722,0.087736815,0.53955126,0.134393,0.11897463,0.044596657,0.06496862,0.16121727,0.07402574,0.05574429,0.14785074,0.0028063944,0.1830305,0.13761093,0.012183844,0.05540498,0.30869907,0.07536084,0.04666825
9007,0.21609616,0.21573012,0.023949642,0.03249239,0.2926034,0.16102275,0.03860365,0.31990054,0.07326394,0.12029806,0.019247716,0.036421217,0.25401008,0.02604505,0.027352728,0.104423165,0.00030898428,0.1294867,0.12998465,0.0025306349,0.017686555,0.33293888,0.054117378,0.026447903
9011,0.11456945,0.105861776,0.060824282,0.096023574,0.3887279,0.1572108,0.08512554,0.6038358,0.09418172,0.094072856,0.056784227,0.05681911,0.14280537,0.1023909,0.06675563,0.13161333,0.00833862,0.3173441,0.07913262,0.026851337,0.05446727,0.22272849,0.08673592,0.048069637
9012,0.21868275,0.22854377,0.040980604,0.055961847,0.39085937,0.14935255,0.056826606,0.36282653,0.14640085,0.13242504,0.041247085,0.060083594,0.14234704,0.04286644,0.040213507,0.11907123,0.0017119776,0.12786108,0.15831997,0.009627344,0.071694426,0.2216194,0.07404116,0.05975018
9013,0.08356825,0.04074059,0.0006626845,0.0026030256,0.55650616,0.22023405,0.00035089406,0.6488054,0.024207907,0.034119457,0.0030144409,0.0028879126,0.012561611,0.001199345,0.0020931172,0.044441987,2.0168774e-07,0.23324324,0.016817681,2.558529e-05,0.0029006992,0.21971118,0.0027157653,0.0014420844
9016,0.25621307,0.2835653,0.011494067,0.020423165,0.30140516,0.17820908,0.022920897,0.33367023,0.1257625,0.13373382,0.016266683,0.0404857,0.13012561,0.018314809,0.021901883,0.10243006,0.00011607663,0.16340512,0.15268116,0.0010194532,0.025191555,0.2961039,0.041186094,0.02449486
9017,0.44799078,0.35560083,0.0052953535,0.011101395,0.2278758,0.1894567,0.01571735,0.3291422,0.08799492,0.13778658,0.0129832355,0.033375688,0.17965065,0.006288251,0.006390933,0.14366195,6.477501e-06,0.10834423,0.21536465,0.00014578122,0.0103380615,0.3571704,0.03460409,0.013353119
9018,0.09662654,0.10264856,0.06648534,0.10077502,0.4811013,0.1814826,0.05550238,0.5962083,0.105444305,0.12916064,0.0661185,0.051128954,0.13848308,0.10050904,0.09179379,0.14461693,0.010726836,0.38157508,0.066807725,0.03143002,0.06276261,0.23380929,0.07118652,0.04550472
9041,0.12831245,0.11401925,0.017096467,0.039396614,0.3566487,0.16328181,0.053530633,0.49857298,0.060982414,0.08261379,0.022066155,0.038183082,0.122541204,0.037533775,0.028378205,0.08556882,0.0005105218,0.2127399,0.092420325,0.0039044432,0.024867686,0.1802171,0.039046157,0.020097543
9042,0.31472325,0.3065681,0.0410439,0.0685268,0.2852543,0.18105581,0.11955874,0.37444407,0.16476691,0.15215138,0.0500768,0.111170635,0.22362833,0.05681288,0.051815487,0.15140158,0.0020195406,0.13868144,0.24813665,0.008873417,0.059362154,0.307243,0.14049627,0.069905646
9045,0.23978533,0.1933055,0.041942634,0.08338686,0.32380173,0.21932828,0.11355169,0.51172626,0.12473784,0.14222203,0.044742513,0.08190657,0.17806132,0.067467235,0.051686965,0.152958,0.0025124745,0.21556827,0.15264295,0.0129661495,0.052336257,0.27877188,0.11136885,0.059034396
9047,0.05347965,0.054759756,0.008353803,0.024754992,0.31753176,0.121129185,0.020413542,0.6930822,0.042516273,0.06419974,0.013779608,0.019261079,0.095190935,0.027774658,0.013808657,0.10342845,0.00011181163,0.32080618,0.04293633,0.0011887635,0.016060319,0.1890781,0.024829706,0.009201237
9055,0.22685118,0.24590287,0.19657113,0.2183495,0.41970715,0.25562623,0.25213724,0.4808604,0.21495059,0.21152782,0.15568548,0.18159255,0.24256898,0.21546505,0.17014481,0.19848463,0.09308728,0.26497728,0.21027784,0.14237061,0.19737881,0.2781364,0.21157612,0.18050426
9062,0.15056473,0.20331934,0.10480808,0.14009172,0.42714262,0.2176916,0.15515597,0.49666816,0.16740051,0.15523627,0.103337415,0.11869744,0.17596892,0.1462001,0.094067164,0.14165846,0.03166619,0.21576811,0.16642834,0.06792739,0.15503724,0.19742677,0.1304111,0.117804654
9064,0.16162585,0.13275841,0.01767227,0.021921983,0.43839422,0.20460837,0.011846834,0.4579407,0.06825667,0.06707093,0.018334152,0.025765914,0.07165536,0.020357993,0.024364458,0.074386485,0.00027260827,0.18653871,0.076327644,0.0025006833,0.026142005,0.25120673,0.03991065,0.021371413
9067,0.21355149,0.19517149,0.07995734,0.12566511,0.34784746,0.22642787,0.1622927,0.50068027,0.14399111,0.15274687,0.07015307,0.11322161,0.19253,0.11336134,0.08195144,0.1617595,0.009711585,0.20937756,0.17155401,0.029290449,0.09757,0.2510504,0.11863079,0.09064339
9068,0.19344957,0.17818919,0.06421402,0.093148105,0.32848108,0.18719377,0.11968086,0.4899339,0.114097536,0.11219941,0.055956233,0.082517944,0.15479429,0.08245467,0.06548126,0.1290685,0.007503852,0.19178066,0.13501577,0.022391599,0.06903244,0.22303697,0.105265856,0.06521086
9069,0.22883873,0.14777438,0.021702094,0.05016969,0.29087338,0.29530126,0.034417227,0.516065,0.10276803,0.11117179,0.027484,0.04071977,0.12761731,0.035057478,0.042528994,0.15757169,0.00050343206,0.15060551,0.11373119,0.0043634116,0.030163366,0.3591553,0.047579184,0.029672418
9072,0.0833317,0.0908026,0.006541842,0.0120520815,0.38512707,0.07586918,0.009025954,0.37989208,0.027927086,0.030773666,0.005897702,0.008357726,0.06550993,0.011449141,0.010253038,0.03403805,6.7302615e-05,0.1419847,0.040929444,0.00092437066,0.0060221464,0.14260718,0.021988574,0.0059793694
9074,0.17217211,0.20180629,0.039606925,0.055656254,0.37216136,0.12383327,0.09227093,0.39596552,0.12053723,0.11624132,0.03538252,0.07188156,0.16998343,0.048866574,0.040554285,0.09898039,0.0021412584,0.16516069,0.17343001,0.009536546,0.051016286,0.16957581,0.104569346,0.05216664
9076,0.1536439,0.14625819,0.05035738,0.08368084,0.41986135,0.21444605,0.056382738,0.5294128,0.120748,0.1018535,0.057438437,0.055951357,0.10341121,0.07585292,0.07806616,0.0978168,0.006916547,0.24278882,0.101197995,0.02136491,0.07705116,0.21817702,0.07076257,0.055943824
9077,0.25244164,0.3004435,0.09648776,0.13056035,0.36625606,0.21213211,0.146802,0.4127078,0.1962999,0.17916079,0.092633575,0.13024992,0.19297273,0.117309265,0.11484767,0.15767136,0.016590074,0.21813507,0.228946,0.043083005,0.12333845,0.28517362,0.14970638,0.11962267
9078,0.53311265,0.39504716,0.01357987,0.018105332,0.2121218,0.2283864,0.027171861,0.28068295,0.11306606,0.121637754,0.018191807,0.04138826,0.24579968,0.012923715,0.022017643,0.091797,7.019359e-05,0.066963345,0.26111084,0.000740007,0.012373145,0.4613547,0.046196967,0.029238189
9081,0.05725502,0.06651614,0.02746479,0.054668963,0.5016101,0.13129362,0.017738964,0.6471,0.07068571,0.08434722,0.027493814,0.026601786,0.08166471,0.0554719,0.044746898,0.07147503,0.0019480223,0.44574776,0.026937043,0.009129743,0.037223607,0.13233837,0.028456355,0.020720718
9086,0.38758078,0.079354145,0.00016719585,0.0008135883,0.17822723,0.21665755,0.00028286935,0.39071405,0.012649539,0.02506106,0.00026651725,0.0007976416,0.059720334,0.00031263343,0.0010065468,0.019698005,5.9154757e-09,0.055781033,0.016493866,1.0335945e-06,0.0001608158,0.5373531,0.0014794244,0.00028514385
9087,0.0897302,0.09150087,0.039997377,0.084995866,0.4197731,0.14005993,0.07613559,0.61724615,0.07914886,0.077816784,0.047342062,0.04878891,0.102007255,0.076917365,0.057788864,0.10196108,0.0052522607,0.28722343,0.07685524,0.020195795,0.050989717,0.16193256,0.07602701,0.036098506
9089,0.19221625,0.18852276,0.094381034,0.114253595,0.45933896,0.2382721,0.08559117,0.49035135,0.1686763,0.1468887,0.08178742,0.08632465,0.156055,0.115077175,0.11287287,0.13603218,0.018128484,0.27979368,0.12399964,0.041964654,0.09414023,0.26479113,0.107763596,0.08112713
9091,0.16315316,0.20209068,0.013409063,0.019525515,0.35764617,0.1839654,0.022545548,0.4125578,0.08878151,0.123260945,0.022420846,0.026838208,0.16929494,0.017301172,0.028922182,0.11738585,0.00017185742,0.17283158,0.11030644,0.001232732,0.01727899,0.33606654,0.040761188,0.018656882
9092,0.12650697,0.119813986,0.04987068,0.09569131,0.27607685,0.18382993,0.15284707,0.48546234,0.1290503,0.10867968,0.049277984,0.088096246,0.1834658,0.09131889,0.054741275,0.19606662,0.004051622,0.19917226,0.12593915,0.015664825,0.064562626,0.23674533,0.09931061,0.050021518
9093,0.15851963,0.15601443,0.019528609,0.03111067,0.3348568,0.15070005,0.028835647,0.4436504,0.08770882,0.0909993,0.01652912,0.030471293,0.13110425,0.031101836,0.030886259,0.053838637,0.0006059593,0.17510006,0.08866991,0.0032195875,0.02158925,0.18134582,0.03178222,0.020682266
9094,0.27418295,0.16737945,0.0063594654,0.01374649,0.24866766,0.18418299,0.017990062,0.39756432,0.056265738,0.06880685,0.01038121,0.019247014,0.0788078,0.011093541,0.013930633,0.06262982,4.4367556e-05,0.09422784,0.08983305,0.0005024143,0.011355503,0.30754325,0.02857583,0.012574779
9095,0.07310344,0.07571804,0.005006768,0.013880393,0.48032442,0.15133993,0.0064831413,0.5713285,0.042376164,0.045783725,0.009067656,0.011404693,0.029375965,0.013278865,0.016391112,0.06035557,5.4801716e-05,0.21253304,0.03155666,0.0008619956,0.01588772,0.14870873,0.01720264,0.007084353
9098,0.27848333,0.26599896,0.101002105,0.114385486,0.43863007,0.2717047,0.11308218,0.4332931,0.1918833,0.19216423,0.08009187,0.1130601,0.21201104,0.11304285,0.1099034,0.1528836,0.014022771,0.25815058,0.1965098,0.038586162,0.09200259,0.29881728,0.15189725,0.1027743
9103,0.080333054,0.09287108,0.033920158,0.066424236,0.41875046,0.12632504,0.04563975,0.59212804,0.07266161,0.08660334,0.033800084,0.035372127,0.09952473,0.06859459,0.040931776,0.07346815,0.0033482518,0.3193397,0.05444242,0.011495258,0.041092392,0.1378678,0.04641217,0.03198364
9105,0.15151976,0.17172757,0.08898425,0.122292176,0.45407456,0.1944604,0.11164988,0.46562216,0.14241876,0.12144001,0.08105777,0.09002207,0.13819249,0.11860541,0.094006486,0.13830408,0.019878365,0.2707295,0.12620178,0.05163453,0.1067763,0.20713964,0.11292493,0.08801085
9106,0.33739972,0.20703523,0.0007099272,0.002246159,0.0999051,0.2138962,0.0042764437,0.3175902,0.027307851,0.051323574,0.001173816,0.0062342156,0.16505048,0.0014299852,0.0027836862,0.060451377,1.1455342e-07,0.037123665,0.09991218,6.2855606e-06,0.00055797317,0.43432918,0.006740528,0.0014016825
9108,0.112562254,0.09577986,0.007182238,0.030767102,0.25955805,0.11819066,0.036313076,0.53729427,0.048493877,0.065051295,0.010881681,0.021097453,0.0572044,0.019859133,0.010673282,0.060324904,0.00011709419,0.16024767,0.045231376,0.00096264353,0.016441112,0.12084969,0.02039521,0.01013167
9109,0.21843293,0.20466377,0.05547405,0.08248647,0.3731873,0.24966396,0.048288666,0.49218282,0.14365946,0.15906836,0.064590134,0.0675057,0.1663097,0.06302648,0.07975272,0.13959198,0.0051701055,0.24028572,0.12892234,0.015490473,0.06594058,0.30834574,0.07480882,0.05353763
9110,0.19437523,0.17874523,0.14812744,0.1910808,0.43322602,0.2740709,0.19178623,0.5421951,0.18663311,0.15944661,0.12799278,0.12588473,0.20094153,0.17107344,0.14060503,0.19861037,0.050736267,0.31645924,0.16017789,0.099148124,0.1539994,0.2774285,0.15046328,0.12333314
9111,0.17416988,0.13422468,0.013929132,0.02090906,0.45290154,0.16503993,0.011255593,0.45340437,0.05561199,0.05416311,0.013765592,0.014715742,0.08891435,0.017220117,0.025285577,0.046726506,0.00018023791,0.24911752,0.064032584,0.0017937022,0.011610045,0.25155178,0.025539458,0.014238721
9112,0.20403755,0.16130406,0.0022187368,0.008249855,0.25657356,0.21616802,0.0047189784,0.48127645,0.04951309,0.05923402,0.008085002,0.010218218,0.053104322,0.0046580564,0.005706457,0.117022224,3.7829614e-06,0.12622827,0.075510696,0.00011907388,0.008653831,0.30663142,0.015589844,0.0076302425
9120,0.0463331,0.02427027,0.00010586033,0.0006447107,0.62990206,0.08779615,0.00010021143,0.42578962,0.0146279475,0.015528611,0.00067505817,0.00046145782,0.008177272,0.000438525,0.0008972611,0.013921714,1.5078552e-08,0.28351748,0.012730407,2.2973165e-06,0.00042054552,0.1481454,0.00093551417,0.00031599615
9121,0.47398672,0.19074236,0.002035397,0.005694109,0.2882809,0.3218547,0.0020919123,0.3868418,0.047643263,0.06471488,0.0069788177,0.010680459,0.12693752,0.0030371218,0.010541284,0.17272481,1.5566492e-06,0.113442264,0.14075132,5.114174e-05,0.0037346233,0.705851,0.022709703,0.005908439
9122,0.07346007,0.05838372,0.0028688484,0.008851946,0.46709022,0.13813618,0.0033603148,0.5392611,0.04309541,0.039892502,0.005822383,0.0069128275,0.027091695,0.004980689,0.0075786863,0.052371077,8.396494e-06,0.21175165,0.0278155,0.000213849,0.005342237,0.18558027,0.008103551,0.0039441385
9126,0.22098343,0.24855377,0.079066746,0.1131137,0.42065418,0.20226902,0.12082875,0.47417992,0.19161327,0.16877587,0.07660542,0.10402315,0.1557888,0.10332472,0.09759348,0.13292599,0.011554458,0.22733633,0.1858028,0.0348384,0.09866389,0.23709778,0.11708899,0.09299319
9127,0.12293423,0.11560248,0.017509557,0.031764768,0.3932868,0.1742813,0.031514563,0.4889603,0.07759149,0.075960875,0.019970244,0.02841874,0.07211399,0.030271912,0.02481589,0.054500364,0.0005128583,0.16048333,0.061011054,0.003867778,0.021887034,0.13484749,0.03131502,0.023114491
9130,0.30239555,0.25923157,0.056374088,0.09654424,0.2633772,0.21074246,0.1299258,0.45015448,0.15685473,0.1530691,0.062362418,0.10276834,0.22698678,0.079162516,0.067013234,0.13495693,0.0056735873,0.15807438,0.22095309,0.01870418,0.06607905,0.28033757,0.13532251,0.08746088
9131,0.21886702,0.25558692,0.18146762,0.18006237,0.41710716,0.24978766,0.1698984,0.46593267,0.21928479,0.22994655,0.14750214,0.16075633,0.26443285,0.20166062,0.17613037,0.21209101,0.06991856,0.27948585,0.19789211,0.12320759,0.18578584,0.2997447,0.19831283,0.16269311
9132,0.08377766,0.06881408,0.004854569,0.01253761,0.43767047,0.19462278,0.0026852759,0.56797427,0.036283795,0.056175478,0.006523213,0.0072923913,0.03170447,0.008025851,0.011423643,0.044185296,3.636798e-05,0.21043223,0.0203661,0.00054382486,0.00829194,0.19762476,0.009929137,0.0054868176
9135,0.10990322,0.1259314,0.021069318,0.029162567,0.5551201,0.15314052,0.015241564,0.4648905,0.088383436,0.09323871,0.021991547,0.023999736,0.09558372,0.026711307,0.0419478,0.07053089,0.0006624026,0.33637744,0.055044863,0.0046797474,0.025841003,0.21215495,0.036513176,0.02205012
9138,0.2395678,0.2380178,0.03418114,0.04150889,0.27264988,0.21740116,0.028961506,0.34569222,0.107306495,0.11598266,0.02977021,0.03135209,0.17939232,0.035137154,0.03975213,0.095207244,0.0008382202,0.121449314,0.1533134,0.005540848,0.032622278,0.31766155,0.040972866,0.03830997
9146,0.11243007,0.12493017,0.028355611,0.059924386,0.45802802,0.13735361,0.03564391,0.48690498,0.0974851,0.0911401,0.026467822,0.033067647,0.090558685,0.043693617,0.03827303,0.059904918,0.0018718677,0.27138656,0.067332566,0.008500612,0.03630691,0.14590822,0.038414128,0.029819189
9148,0.09212295,0.082253374,0.021149995,0.038250193,0.49865726,0.11516913,0.015995752,0.5209259,0.07570865,0.08858842,0.022504667,0.022926018,0.090825856,0.035607733,0.043672044,0.089273624,0.00069198915,0.411519,0.049610913,0.0043032025,0.019176647,0.21880996,0.03324973,0.01624496
9151,0.17159683,0.19003431,0.07061299,0.11214171,0.31016275,0.17150128,0.21594411,0.4689473,0.14452483,0.14226599,0.06597959,0.1203886,0.19762632,0.10291427,0.058316234,0.16687827,0.008657267,0.19101904,0.18614228,0.024384506,0.09982869,0.2173613,0.13216582,0.08367706
9153,0.2117105,0.21197057,0.13707037,0.17185926,0.4191392,0.24461153,0.17434205,0.48026073,0.1822756,0.17211053,0.11497813,0.13095778,0.19709486,0.17066877,0.136565,0.17074378,0.042532742,0.26640725,0.17144807,0.0884944,0.14195079,0.25707155,0.16448961,0.123499334
9155,0.1830939,0.12255318,0.0017323226,0.0058820006,0.43721426,0.1509291,0.0022101693,0.47922865,0.035463095,0.038886722,0.005318226,0.007465183,0.025846163,0.0034905737,0.005898594,0.02655,3.4309423e-06,0.15276046,0.049957726,0.00010280073,0.0050007915,0.21910441,0.012033156,0.0040973946
9158,0.17802115,0.16250466,0.08530852,0.122964,0.41940266,0.21340899,0.08026027,0.5319309,0.14324819,0.11744175,0.083225675,0.07436516,0.1394116,0.1088673,0.09547859,0.124927536,0.018117763,0.26487327,0.12246563,0.04418709,0.117251985,0.23822333,0.105962105,0.08278987
9160,0.14213455,0.16617736,0.073437974,0.097651064,0.51299334,0.21576224,0.059339885,0.5123574,0.1475156,0.14378266,0.0676041,0.0648891,0.11091105,0.097000964,0.087621346,0.12749518,0.010016644,0.2796528,0.0987849,0.035058107,0.10301178,0.2058871,0.07490704,0.0690627
9163,0.22459996,0.24157684,0.049843576,0.061362803,0.2305761,0.13445674,0.116246395,0.3445563,0.11470869,0.1345583,0.036779083,0.065716065,0.275083,0.055688996,0.040534705,0.1091093,0.0025665946,0.087212026,0.21231884,0.007790725,0.04029926,0.24423559,0.094753236,0.04921863
9167,0.2009045,0.15524432,0.04966581,0.07589652,0.41218334,0.20808923,0.06684112,0.46984145,0.119081035,0.12352748,0.05359705,0.048643015,0.1606251,0.075355746,0.0646443,0.1166059,0.0045017395,0.22615212,0.10781276,0.017356403,0.058926433,0.26876327,0.07360346,0.054230645
9170,0.09591312,0.11426142,0.061978403,0.086781286,0.37310752,0.16810998,0.06825196,0.56192446,0.0874991,0.109723404,0.044522822,0.05007786,0.14809412,0.08868566,0.063222215,0.121871606,0.0071324315,0.25484398,0.069170184,0.024474643,0.05282619,0.21132804,0.06056446,0.03924811
9175,0.20041975,0.18408212,0.048346948,0.08993252,0.46240997,0.23819426,0.06862951,0.5607555,0.16654536,0.15396692,0.0794197,0.076181784,0.15273531,0.073817976,0.07586887,0.16521993,0.004383426,0.3208447,0.14987472,0.019327896,0.08237641,0.3080686,0.11007055,0.073284276
9179,0.10246378,0.10236535,0.034350667,0.052666407,0.40960783,0.17167738,0.035694327,0.5924206,0.09450357,0.1104152,0.045878246,0.041960206,0.110906996,0.061570153,0.05227369,0.13972776,0.002183193,0.43399292,0.060792625,0.008964125,0.03989103,0.22257176,0.05300017,0.027045963
9181,0.12131597,0.1344303,0.069845684,0.08474259,0.53934455,0.17575373,0.052777737,0.5316961,0.12493311,0.12775233,0.063970424,0.0586755,0.10805501,0.098125726,0.08813506,0.11366185,0.0103770755,0.36024535,0.0694682,0.03197334,0.0854346,0.19997802,0.07774689,0.056462493
9183,0.032014016,0.02850407,0.0074701905,0.014935541,0.48587203,0.094690226,0.0028351936,0.6512042,0.029564137,0.049036987,0.009663524,0.006438035,0.057913832,0.019136326,0.018213121,0.05858665,0.00010090876,0.56103384,0.009618309,0.0008658844,0.0062347176,0.17628379,0.009316714,0.0037729752
9184,0.26773113,0.27003363,0.06182777,0.064596556,0.431669,0.19023733,0.07430573,0.34826237,0.14278871,0.1467682,0.05437792,0.090769775,0.15427347,0.058359925,0.069349274,0.10531172,0.004012873,0.16974238,0.18955739,0.01677633,0.07044966,0.24650453,0.101854876,0.07337223
9196,0.27091345,0.2881936,0.2286643,0.22704387,0.41019228,0.289494,0.261526,0.45656177,0.23456135,0.24146403,0.17679037,0.19968405,0.2668855,0.23431775,0.18946053,0.22773021,0.10415422,0.24917728,0.25244617,0.15586065,0.21911274,0.30087852,0.241005,0.20452309
9198,0.16614334,0.17357318,0.13976471,0.18249464,0.46375498,0.24275316,0.15179235,0.5305865,0.1685303,0.16957802,0.11404267,0.11762455,0.18100528,0.16165173,0.13520901,0.15794389,0.045790903,0.2946752,0.15101652,0.086107284,0.13300061,0.22694997,0.14098486,0.11805839
9200,0.14750169,0.11464182,0.0041244994,0.017593045,0.10524944,0.1329047,0.1054479,0.48976865,0.042882808,0.05365012,0.011269261,0.04247438,0.14989403,0.012610512,0.003970027,0.10788087,8.3803825e-06,0.07125283,0.11513371,0.000176836,0.0044938657,0.2548563,0.046468858,0.008375489
9201,0.12685348,0.1348767,0.09975893,0.140961,0.5124255,0.20841542,0.09532967,0.57144904,0.15244156,0.17146616,0.09342822,0.09156998,0.1608753,0.14853854,0.115015395,0.17692904,0.021439537,0.44227865,0.100079946,0.06050095,0.108460784,0.22176263,0.11832774,0.08002892
9204,0.15844053,0.16246155,0.05193788,0.08983851,0.3990959,0.20592934,0.09225809,0.48137078,0.11923626,0.10525543,0.06152531,0.069971666,0.1446254,0.08299579,0.073162414,0.15589388,0.0053335563,0.30132383,0.11463484,0.020198463,0.06909544,0.24630795,0.080769025,0.058825795
9206,0.28966254,0.08664232,0.0007488989,0.0026891069,0.30509126,0.26440373,0.0009948234,0.375251,0.069339976,0.0330903,0.003460781,0.0044824886,0.024232667,0.0023977046,0.0045270687,0.0843776,6.812063e-07,0.18581101,0.034554083,3.033974e-05,0.0033037048,0.47690684,0.009545206,0.0021731898
9207,0.290959,0.27130777,0.10769019,0.12745656,0.4076246,0.27590844,0.13442886,0.4620948,0.20770499,0.19171833,0.11405605,0.1426502,0.18534777,0.12736945,0.13182272,0.2284763,0.018380633,0.24814604,0.21390681,0.048094604,0.13110888,0.33769265,0.16709681,0.11496263
9208,0.2117449,0.12202033,0.028360125,0.04500536,0.2901394,0.3103244,0.045728434,0.5359495,0.07004214,0.093391865,0.03045159,0.029532928,0.15036528,0.045746963,0.03339745,0.12365829,0.0011336562,0.22109082,0.09189133,0.0058435802,0.028741436,0.39240366,0.03843892,0.02238254
9218,0.17959885,0.18729919,0.0715621,0.112407275,0.4099032,0.24552083,0.077513605,0.5298835,0.15249385,0.15168358,0.07675272,0.07799229,0.15972881,0.09942784,0.09074276,0.15973727,0.010129121,0.22717553,0.12688506,0.032365978,0.09655003,0.28562066,0.099267416,0.079880595
9222,0.04285037,0.037831526,0.0017799403,0.0040357234,0.27371344,0.09411763,0.0029485996,0.5198653,0.02329993,0.05137871,0.002408198,0.003254548,0.10322509,0.0047690105,0.0055905636,0.04884087,2.4784895e-06,0.33997896,0.009005531,4.4316726e-05,0.0012410283,0.22713925,0.003300779,0.0013322785
9223,0.015629001,0.0069811055,0.0006116256,0.002630174,0.61322176,0.10382302,0.00036399378,0.84605384,0.009716971,0.010369948,0.0016640722,0.0009952646,0.008227253,0.002282474,0.0027434193,0.023383364,5.6909374e-07,0.5298836,0.0027170535,3.672391e-05,0.0015589173,0.1259766,0.0013910988,0.0005478695
9227,0.14965664,0.11301849,0.0037070608,0.009559941,0.55293405,0.17907672,0.004513975,0.5158722,0.07148763,0.068612926,0.008559694,0.010914741,0.041682668,0.0070377956,0.015843935,0.09813679,1.3301554e-05,0.19208996,0.061097212,0.00040407528,0.011566871,0.21653922,0.018179938,0.0074949902
9228,0.30470815,0.16805677,0.0029422662,0.0091764005,0.31710753,0.18109372,0.005361577,0.4520208,0.0688632,0.088448115,0.008075884,0.01443943,0.09483666,0.005536797,0.00913998,0.06981343,7.2630214e-06,0.20799431,0.0827374,0.0001957206,0.0055001033,0.2748404,0.016412597,0.007358699
9233,0.01351192,0.0037892642,6.938738e-05,0.0011053507,0.57805943,0.18369102,5.723921e-05,0.8849682,0.009483375,0.013980627,0.001225864,0.00032156592,0.0124357315,0.00048557456,0.0009576826,0.10292066,8.268071e-09,0.7283156,0.0016052221,9.2919566e-07,0.00021517395,0.39322284,0.0007051777,9.508095e-05
9235,0.05918582,0.048309337,0.009013594,0.018655255,0.32494837,0.0961367,0.013668832,0.54734665,0.04359649,0.04786515,0.00758596,0.012469819,0.069525406,0.016410049,0.012694653,0.0745899,8.02859e-05,0.26011938,0.023728808,0.0007580211,0.0075936136,0.1431191,0.016330335,0.006120704
9239,0.16348913,0.18196256,0.1020137,0.13290325,0.4377268,0.19560988,0.112763196,0.4655422,0.13979748,0.13913359,0.08811902,0.09050629,0.15490226,0.13504307,0.10273002,0.12984283,0.027538233,0.23653173,0.1307771,0.071120776,0.120064884,0.1998568,0.11873867,0.09688083
9240,0.07865227,0.06287574,0.013038504,0.028511385,0.5807229,0.19627151,0.005603226,0.64202046,0.05471388,0.062690586,0.018131152,0.014064062,0.04254643,0.02359522,0.029506652,0.057351097,0.00030550823,0.34699565,0.02681517,0.0031233234,0.018777115,0.20265594,0.018529924,0.012594598
9244,0.18646933,0.11691954,0.0002946617,0.0021884418,0.052328333,0.080118075,0.013976355,0.41617477,0.019984381,0.029756391,0.0008254163,0.0077491216,0.08590222,0.0009431591,0.0006839064,0.048032593,4.7625495e-08,0.0106928395,0.10397452,2.2281351e-06,0.00065206236,0.18893428,0.00745771,0.0011138433
9263,0.1516315,0.17163275,0.12359615,0.13662954,0.4482348,0.20863931,0.10635188,0.48720086,0.13449617,0.14336501,0.09169137,0.089464374,0.16530345,0.14744419,0.119084045,0.13292548,0.03562046,0.28717464,0.114665754,0.076566115,0.11330888,0.23129594,0.11880884,0.09154571
9268,0.14610991,0.13572788,0.016478842,0.044732172,0.32260796,0.17588015,0.037967198,0.5262526,0.08873404,0.09092019,0.017179364,0.026686693,0.15173738,0.02779808,0.020458763,0.07754576,0.0003313428,0.15291771,0.08542416,0.0030271213,0.018890392,0.23610526,0.036595408,0.022386275
9269,0.006308252,0.0075945333,0.00059016136,0.002369476,0.4340857,0.03849819,0.00043072164,0.74824107,0.006496749,0.015830467,0.0010107856,0.00084775547,0.016871516,0.0027893614,0.0026394567,0.02407195,6.8808686e-07,0.6413593,0.0011412686,2.2375845e-05,0.0006174681,0.06828762,0.0012618594,0.00027112386
9270,0.5069483,0.27335164,0.01543873,0.036265813,0.25771552,0.38984436,0.036610503,0.39333117,0.14858365,0.13654523,0.025531499,0.04100171,0.16836788,0.015251823,0.03274101,0.16312839,0.00017299992,0.1646442,0.19289848,0.0017093566,0.024130693,0.45391044,0.04959414,0.03275927
9273,0.20605905,0.19852294,0.08598248,0.110254765,0.42971027,0.23173016,0.07964683,0.45976704,0.16768412,0.14736089,0.08219466,0.08106802,0.15465413,0.09986454,0.10513937,0.13371527,0.015307311,0.26145455,0.12306563,0.037270393,0.10078195,0.28396958,0.10681143,0.08316671
9274,0.16018389,0.11762778,0.019202093,0.037425272,0.4281588,0.2693309,0.012043172,0.500031,0.112083584,0.14817035,0.030268788,0.027607584,0.16599423,0.031042114,0.044036955,0.15972078,0.0003711635,0.40516543,0.06144862,0.0025263582,0.01597694,0.39035663,0.030252432,0.016535643
9277,0.19726948,0.17301758,0.041488938,0.06090772,0.36900052,0.19731769,0.07695288,0.4909333,0.13189839,0.09973341,0.041356035,0.061889548,0.11046076,0.057603527,0.050567426,0.12564175,0.0025826332,0.1811791,0.11920277,0.013200689,0.07032451,0.2428799,0.07864551,0.052380238
9281,0.22416437,0.22811338,0.177532,0.2101177,0.4112943,0.25892696,0.22653024,0.48621225,0.209144,0.1997907,0.15298142,0.16860606,0.23548585,0.19813968,0.17530166,0.22150233,0.07096873,0.27281997,0.21013305,0.12105072,0.18271348,0.2827556,0.19351237,0.15650108
9287,0.10233103,0.1210828,0.019367801,0.05664239,0.3947655,0.121182874,0.032824676,0.5538515,0.080070466,0.09028581,0.027459174,0.0312783,0.0688342,0.043819986,0.031708032,0.07038436,0.0010546589,0.24016888,0.058111258,0.0065776207,0.036775257,0.14529492,0.044950455,0.029190661
9289,0.070578545,0.05831749,0.025474189,0.047298767,0.4062465,0.15634766,0.030611461,0.6052204,0.053511105,0.05737856,0.028728366,0.022694353,0.07038272,0.042474654,0.033298466,0.06692014,0.0019997216,0.30165017,0.03935094,0.00787784,0.034345053,0.1381162,0.031175904,0.019102545
9290,0.0787679,0.082503214,0.03486273,0.057229258,0.38634932,0.14119832,0.03503795,0.5665459,0.078603394,0.10012168,0.037294477,0.034996606,0.1374533,0.058382437,0.04924019,0.114831924,0.0022483272,0.3959068,0.048937906,0.0076911626,0.030993324,0.18352374,0.04208684,0.021560008
9298,0.43558705,0.3383398,0.05221584,0.07403902,0.34137002,0.29561612,0.08353102,0.36169186,0.21061145,0.21857925,0.055541884,0.09753468,0.25472152,0.061324432,0.07582013,0.18581343,0.0025484543,0.18308152,0.23809355,0.010687323,0.058369238,0.41991937,0.12909599,0.07063283
9299,0.20704456,0.09548347,0.0026385544,0.0110896025,0.33830735,0.29381517,0.006959658,0.56270075,0.06052546,0.076824374,0.0077168765,0.012068899,0.08508626,0.006274087,0.006271263,0.114277616,3.0435144e-06,0.15419056,0.059642848,0.00010015393,0.0056934315,0.40068936,0.01842395,0.004880839
9303,0.19696307,0.18207034,0.060757726,0.09476434,0.5092514,0.21097589,0.06709019,0.46343586,0.16907468,0.1353918,0.063963346,0.0786418,0.13863954,0.07731069,0.08513776,0.14651972,0.006845696,0.3089314,0.12651017,0.025290594,0.08106761,0.2535886,0.09593217,0.07242278
9304,0.28042772,0.28385645,0.22091009,0.22912535,0.41407147,0.28574818,0.23705965,0.47008467,0.24621192,0.23146729,0.19324455,0.19470431,0.26138455,0.23891881,0.21528964,0.2649424,0.1000441,0.2909097,0.25539094,0.16576445,0.2196075,0.3275926,0.23896405,0.20768799
9306,0.23533966,0.14892241,0.048094258,0.08062705,0.3709275,0.32155973,0.06496306,0.57891476,0.11621018,0.122955635,0.06221998,0.0699994,0.16760808,0.06796686,0.07532795,0.16790384,0.0031772284,0.2727265,0.12478618,0.012537987,0.05371053,0.39251348,0.08007996,0.048046898
9310,0.08359272,0.098637216,0.039628647,0.051780574,0.39002368,0.13545725,0.04052466,0.49525008,0.0706875,0.09112435,0.027168924,0.0353514,0.13164245,0.06366077,0.04468567,0.073827006,0.0032395606,0.26780507,0.055089112,0.011080282,0.03425291,0.17712627,0.043685645,0.026486188
9313,0.22494212,0.2518808,0.020522235,0.0371167,0.41962564,0.1587485,0.042476453,0.41347006,0.12135629,0.124051206,0.034271833,0.04709707,0.14881143,0.032563835,0.039715827,0.13959317,0.00070604996,0.16421822,0.16971888,0.0045920103,0.050530475,0.30257255,0.087761946,0.039732523
9318,0.096294485,0.10982137,0.07430053,0.118617944,0.51162803,0.14837506,0.09559055,0.51476276,0.10646729,0.09818953,0.06747967,0.06474724,0.12311378,0.114383884,0.07616571,0.116035454,0.01831789,0.29586408,0.08527257,0.05162879,0.10070375,0.15485638,0.08797076,0.06487009
9322,0.14553753,0.15472205,0.0691771,0.0991135,0.4102924,0.18971708,0.0779713,0.531188,0.121877514,0.13345727,0.0676404,0.0725092,0.16051319,0.10208591,0.09317008,0.11828341,0.010258518,0.3239824,0.101356275,0.028281637,0.06755948,0.22724779,0.08985783,0.06332192
9323,0.19570665,0.17706327,0.051603496,0.06399279,0.4119842,0.19368549,0.06266737,0.43579024,0.12144582,0.12837872,0.040040527,0.05722804,0.14273228,0.071111485,0.06365883,0.11261191,0.0037881723,0.21680324,0.12139751,0.01416538,0.07397927,0.22197266,0.0793237,0.054164596
9328,0.053233933,0.017484987,4.8350437e-05,0.0002803868,0.34510514,0.17710543,6.9119786e-05,0.6752203,0.006979482,0.02199644,0.0002265365,0.0003157342,0.028689418,0.00015257923,0.00039896675,0.024517978,4.8802956e-10,0.39893246,0.006981109,2.1709805e-07,6.99529e-05,0.33018225,0.00057122955,8.2235456e-05
9331,0.3650038,0.209183,0.0662695,0.08602601,0.43649733,0.43075266,0.04951416,0.47361484,0.16865064,0.19581768,0.075498715,0.06905305,0.19430666,0.07904042,0.106687434,0.25201944,0.00337138,0.2417513,0.15240912,0.01949791,0.08194407,0.44584173,0.081261314,0.06116874
9333,0.1434731,0.14830191,0.02767628,0.04790344,0.5083897,0.20978114,0.027555307,0.47128266,0.11205657,0.09192544,0.029605068,0.033730645,0.06444153,0.034764394,0.035583936,0.089893214,0.001161178,0.22802088,0.08677155,0.008482811,0.054130893,0.1938906,0.039660614,0.034196705
9337,0.092978425,0.063374355,0.014239403,0.023982063,0.5058751,0.21802333,0.007414667,0.5983119,0.0522907,0.06585571,0.017694835,0.013089196,0.06416726,0.025699075,0.033434737,0.088921525,0.00033454964,0.35600203,0.026118562,0.0028108081,0.019815529,0.2454852,0.020343402,0.009731435
9339,0.34980756,0.28917745,0.07881119,0.1021895,0.32433853,0.27548733,0.13027258,0.43993807,0.18511261,0.18406717,0.07357658,0.10496112,0.27148125,0.09742571,0.10131891,0.19340028,0.008697404,0.21155633,0.22428678,0.024660813,0.08824003,0.37140992,0.15289515,0.10101236
9341,0.1758718,0.15730098,0.025234284,0.063677974,0.363496,0.25289437,0.052008577,0.5350449,0.11363746,0.1207842,0.040383946,0.04731628,0.11348133,0.055522002,0.045764454,0.12686345,0.0013522666,0.21213505,0.1063495,0.008851946,0.045942064,0.27525738,0.053712577,0.035523888
9342,0.15130669,0.13997889,0.06622975,0.096050955,0.43497446,0.25291145,0.05291829,0.5433026,0.1296051,0.11816846,0.06713293,0.056965973,0.11150437,0.078991465,0.08140702,0.13140403,0.009324396,0.2777022,0.092206195,0.03573754,0.08944066,0.24846552,0.07853619,0.058605563
9347,0.28696257,0.22777846,0.023552727,0.047765803,0.28437576,0.2099074,0.0705706,0.38389573,0.12485715,0.120466635,0.028205091,0.050377976,0.22663012,0.033393852,0.03558011,0.1338121,0.0004563929,0.17558163,0.16286178,0.0030310166,0.020307893,0.2790456,0.060032625,0.037139002
9348,0.053822923,0.047972005,0.00078887376,0.001599219,0.51570976,0.03152681,0.0005767403,0.3125905,0.024305988,0.026410598,0.0011805913,0.0023749685,0.01732082,0.0017205036,0.002214709,0.018735433,6.9996526e-07,0.23712745,0.00920458,2.5520423e-05,0.0031777027,0.06846144,0.0023784786,0.0018775238
9350,0.3046864,0.2017524,0.007569371,0.016745575,0.22131935,0.13600637,0.028991899,0.3424668,0.059154347,0.10770755,0.008168539,0.026468966,0.2704122,0.013577582,0.014410745,0.08464895,3.7479713e-05,0.1042056,0.13869484,0.0003820054,0.007369777,0.34110877,0.04220696,0.012060647
9351,0.362623,0.3662348,0.022919722,0.03711949,0.25026986,0.21064143,0.043719243,0.3181503,0.14697848,0.18731526,0.036896482,0.06641321,0.2686953,0.028038522,0.030433772,0.15702397,0.00029782523,0.120794944,0.2419305,0.0022660634,0.03259278,0.36086637,0.07692011,0.046457946
9352,0.24136811,0.20788507,0.030085782,0.059870984,0.213152,0.16011046,0.08707077,0.42441732,0.09800569,0.117088646,0.035255603,0.069139846,0.1888605,0.04447713,0.035863478,0.13789377,0.00092406676,0.14837165,0.16901647,0.0043355348,0.031636406,0.30853698,0.09204034,0.041477155
9358,0.23123522,0.2580913,0.14716159,0.1492367,0.42450464,0.2364844,0.12924041,0.3956982,0.17269884,0.18712726,0.12284037,0.12636314,0.24840647,0.13773178,0.14777438,0.20486806,0.037211783,0.25950935,0.19791737,0.0729546,0.13690233,0.3000697,0.18130463,0.1286993
9361,0.020862933,0.028533597,0.0017179003,0.007383181,0.4740268,0.06389999,0.0057541085,0.6543933,0.01791319,0.025969902,0.0036868227,0.0061627245,0.025375472,0.0066731805,0.005590983,0.045280464,7.3837737e-06,0.37637362,0.012651863,0.00013343921,0.003996025,0.10177891,0.007970371,0.0023496295
9363,0.031796586,0.022230372,0.00097280025,0.0058143977,0.5432247,0.09773867,0.0020231765,0.7135401,0.018585362,0.028606161,0.0036431612,0.0028408049,0.023466432,0.0054772114,0.0039104135,0.053330794,2.147734e-06,0.3465063,0.0123003805,9.717136e-05,0.002791799,0.16350953,0.0045397,0.00171643
9370,0.114826225,0.09026512,0.019539012,0.057016112,0.382357,0.24549201,0.04359721,0.6225405,0.08479381,0.07252501,0.029770372,0.028665584,0.089418,0.031072646,0.031851973,0.090160914,0.0007364738,0.19183633,0.100120455,0.004704086,0.029599072,0.20971219,0.036804255,0.024522072
9374,0.20972948,0.24359615,0.032760393,0.058219526,0.29357678,0.15226221,0.114099555,0.43206638,0.12854789,0.13072662,0.04538144,0.08338318,0.17489877,0.050502375,0.039317857,0.12849724,0.001444906,0.14861788,0.19769637,0.006367491,0.0463314,0.27115214,0.1121889,0.056611955
9397,0.26955432,0.26546365,0.062958635,0.085440874,0.29272887,0.20589739,0.118105985,0.44513616,0.16535039,0.21059655,0.051240146,0.107731506,0.26040974,0.076576754,0.05961185,0.14993078,0.0033655837,0.17516865,0.19532382,0.012122858,0.06668304,0.26971376,0.10255152,0.07184799
9399,0.12893407,0.11466525,0.040138975,0.08131432,0.41994038,0.1886304,0.063236564,0.5646143,0.09338627,0.089434735,0.046523012,0.04658246,0.11098113,0.075241886,0.055019278,0.0964075,0.0043105213,0.2927973,0.0810601,0.016628392,0.047115445,0.19131722,0.06489743,0.041904125
9400,0.20875674,0.21823688,0.16998304,0.20115809,0.46516046,0.2646384,0.178254,0.49506518,0.21051235,0.19209592,0.13807465,0.15187195,0.20823923,0.20135902,0.17366226,0.1948473,0.072437055,0.30468148,0.1757319,0.13104068,0.19094932,0.27878618,0.1802979,0.14472349
9401,0.17502087,0.16946979,0.09644633,0.13077998,0.3518526,0.21232133,0.17081116,0.49266806,0.123990476,0.112439826,0.07975935,0.10455511,0.17178473,0.12705864,0.09604314,0.14092503,0.020702925,0.21853606,0.13490514,0.043588933,0.100594,0.22332153,0.120689064,0.08225704
9408,0.21449342,0.22882564,0.12011359,0.15909712,0.38733867,0.21191597,0.17607237,0.4418903,0.17398316,0.16036133,0.098852135,0.13254109,0.20119455,0.15177561,0.12442023,0.16624722,0.030318217,0.22951238,0.19479866,0.062447365,0.13863881,0.26692498,0.16093722,0.119760685
9409,0.12710412,0.13272408,0.07196885,0.11361814,0.45752317,0.22591485,0.07656229,0.5560945,0.12006288,0.11349836,0.069519006,0.0685058,0.12107059,0.09236683,0.08083602,0.10451565,0.011817135,0.2726237,0.093730435,0.04036947,0.0770089,0.20494096,0.07228488,0.06448172
9410,0.21828234,0.23274821,0.016232252,0.03807539,0.34710824,0.21193355,0.025318174,0.48935062,0.11736775,0.14209464,0.026488684,0.044038203,0.14429599,0.024850924,0.03692323,0.11621776,0.000304442,0.22553654,0.11137833,0.002041406,0.023003314,0.33041814,0.040616073,0.029321134
9411,0.078016445,0.08170068,0.017604297,0.043383885,0.4288542,0.14004414,0.017217463,0.60059106,0.06858408,0.07292609,0.025043262,0.021255024,0.10142658,0.036606647,0.038777422,0.08115319,0.0006770452,0.36536098,0.039199445,0.0042809173,0.018815888,0.22760734,0.030255796,0.017300831
9412,0.057261173,0.060899816,0.031387813,0.05486064,0.46261826,0.14103922,0.030289073,0.63921297,0.056151688,0.06368907,0.032607134,0.026608618,0.07936126,0.06669479,0.044992223,0.08880637,0.0027302369,0.33811283,0.034585074,0.012893736,0.039190292,0.15763704,0.034026407,0.024047498
9419,0.23390484,0.24179105,0.23475058,0.25510874,0.47516263,0.28719202,0.23507632,0.48623183,0.23483671,0.23326975,0.20121004,0.19525833,0.249367,0.25679356,0.22408715,0.2359549,0.14270285,0.32367742,0.21452515,0.20356056,0.24313544,0.29213467,0.22804797,0.20563081
9421,0.07513567,0.043482326,0.0018624124,0.0065282327,0.3145487,0.16675477,0.0010998542,0.5898942,0.030046906,0.052003358,0.0029191873,0.0030256263,0.09597352,0.0032715483,0.0065453076,0.06307732,1.9928207e-06,0.32173866,0.015373922,7.1186e-05,0.0012267962,0.41525894,0.0045342348,0.001673212
9428,0.008226249,0.016023455,0.00019082645,0.0023403463,0.22260328,0.022349494,0.0018941461,0.81202614,0.007420087,0.01661511,0.0009685387,0.0024997913,0.019029075,0.0018130573,0.0006603554,0.024917373,9.998303e-08,0.47681472,0.0048231124,4.53781e-06,0.0006618485,0.039377175,0.003840473,0.00034089424
9432,0.17106381,0.16416043,0.012918781,0.014324825,0.4447896,0.15569253,0.0065741627,0.23907037,0.056237817,0.07241078,0.007958975,0.014094629,0.10969132,0.011604181,0.016526345,0.038492378,0.000114920666,0.14592496,0.059305396,0.0009556564,0.009915589,0.18095224,0.02035855,0.014037184
9435,0.10202167,0.10279877,0.0149489185,0.030205984,0.40029973,0.19111548,0.017513748,0.551358,0.060659543,0.07781007,0.012749268,0.018027904,0.08435581,0.02204777,0.020982346,0.07457605,0.0002473102,0.21869214,0.039512407,0.0020062563,0.016201662,0.20446464,0.02120045,0.013335884
9437,0.38786787,0.3933813,0.028436078,0.030405419,0.40429553,0.21822645,0.016827667,0.19482923,0.11559828,0.17875864,0.025701005,0.04300179,0.28221563,0.020651454,0.04294254,0.09514204,0.00034884282,0.1361138,0.21691526,0.0024990125,0.023586707,0.38314223,0.06668818,0.039659537
9439,0.14715573,0.108154505,0.011551756,0.018263452,0.4265841,0.182083,0.009480127,0.41619453,0.062131416,0.053797264,0.008895192,0.01437572,0.04806066,0.012611617,0.014391084,0.048696075,0.00014784974,0.17483485,0.04968935,0.0014625954,0.022190265,0.14642791,0.021165693,0.012007243
9440,0.21243463,0.21317951,0.02600848,0.03120274,0.34544674,0.19876708,0.019345889,0.3485788,0.0966512,0.109578654,0.01804445,0.030335883,0.13752046,0.025099084,0.036105435,0.072438516,0.00065084046,0.123206116,0.10704094,0.004251521,0.02522654,0.26038933,0.039795335,0.024470646
9442,0.0526263,0.048152063,0.014558164,0.026577543,0.36071447,0.15186948,0.0158994,0.60913473,0.043923073,0.079538904,0.018981239,0.017136779,0.16359265,0.038898427,0.035064854,0.16551289,0.00035770805,0.51657605,0.021129306,0.0022542127,0.011234456,0.27439988,0.028635409,0.009377494
9444,0.1406715,0.099572495,0.011474308,0.031714603,0.4144885,0.21549347,0.012971819,0.6133318,0.07379407,0.09882824,0.0200811,0.021653034,0.07304341,0.021666138,0.016889859,0.11690113,0.00011822826,0.2761914,0.05521719,0.001699091,0.023794897,0.23171137,0.026999779,0.01671134
9446,0.11147174,0.13520548,0.048035394,0.06561367,0.44760522,0.13340086,0.054482553,0.46479604,0.09653903,0.09406792,0.04029305,0.047988,0.111192405,0.06759175,0.0551894,0.08112691,0.0055147186,0.2802178,0.07773016,0.016598843,0.04603294,0.13379519,0.0700158,0.044577185
9454,0.18593587,0.1781312,0.049579963,0.07661576,0.4536167,0.22518957,0.049121086,0.4794585,0.13079709,0.103914164,0.049972307,0.055524066,0.117142476,0.06583034,0.072626375,0.119293794,0.0045227255,0.23608838,0.1075228,0.017546285,0.06485427,0.3028379,0.07968114,0.056876667
9456,0.19437677,0.18830164,0.12736067,0.14585963,0.40942726,0.27115923,0.14267214,0.5216551,0.17058195,0.15554322,0.10864121,0.10748387,0.19670664,0.15831614,0.13303584,0.16519208,0.03443435,0.25580063,0.1589486,0.085010916,0.1317915,0.27393547,0.1331261,0.1099743
9457,0.30739722,0.19162843,0.011621459,0.015335243,0.3861313,0.26889336,0.0154920425,0.35965654,0.08188871,0.11631595,0.013960685,0.02343297,0.17468292,0.011754114,0.01799238,0.10266879,4.8859973e-05,0.15857568,0.11204182,0.0006725878,0.012359319,0.43044713,0.028876249,0.015747106
9461,0.14176385,0.07195845,0.00095921307,0.0056431447,0.53699934,0.27758786,0.0015048598,0.6484753,0.031687334,0.055724412,0.008172451,0.0049198912,0.032285202,0.0036192548,0.003982898,0.12619689,6.3630785e-07,0.3668151,0.03561845,3.8716633e-05,0.0057576913,0.3154994,0.010302994,0.0032364493
9465,0.063085526,0.028550075,0.00086265046,0.004507875,0.210325,0.106085815,0.0059116324,0.59041274,0.015833082,0.010902172,0.0013454516,0.0035444528,0.021635605,0.002333781,0.0024774298,0.022834335,8.874146e-07,0.08235326,0.020185651,3.4887744e-05,0.001611174,0.14934953,0.007018691,0.0015414687
9467,0.18922788,0.17237823,0.05656638,0.07333439,0.38390893,0.23854958,0.06836587,0.47796422,0.11236822,0.12248183,0.052644428,0.05980049,0.13895185,0.080730036,0.06912248,0.13492528,0.006262901,0.23250908,0.10128578,0.020095844,0.059922133,0.23293774,0.07858086,0.056281358
9472,0.009991619,0.006770898,0.00031436214,0.0021243666,0.2795097,0.025899878,0.00060851016,0.68477845,0.0053782356,0.015986132,0.00046655975,0.00059787993,0.035177063,0.0022686026,0.0017013894,0.013074369,1.8020614e-07,0.38427278,0.0020142645,5.605682e-06,0.00019931137,0.09290933,0.0010521815,0.00016335315
9474,0.29836157,0.2816239,0.07476801,0.11101331,0.31736204,0.22301742,0.15143058,0.43898487,0.1911715,0.17756654,0.09396425,0.109883405,0.23757558,0.08762005,0.084697925,0.16036871,0.0086473655,0.1696689,0.25445613,0.026246196,0.10270783,0.31342074,0.14190127,0.11342991
9476,0.19991657,0.24084544,0.024643298,0.033983294,0.30232906,0.11305438,0.042215947,0.29950806,0.057427388,0.09351836,0.01877285,0.029412458,0.21305065,0.030071173,0.024968226,0.06284538,0.00074492005,0.08296148,0.16721466,0.004058198,0.018662017,0.2433795,0.07172303,0.031216191
9477,0.13986634,0.10497816,0.014441383,0.040302493,0.34944576,0.16867049,0.03654209,0.5270445,0.0699699,0.07679993,0.021724423,0.0284212,0.12845571,0.027441878,0.023364335,0.10428867,0.00031270794,0.20361528,0.07973458,0.002454745,0.023456203,0.23725092,0.04392454,0.020895667
9479,0.11754536,0.05515587,0.004332699,0.0115853045,0.40036073,0.24621856,0.0037755196,0.5953958,0.058109462,0.08213105,0.007624893,0.0079117,0.102973185,0.010626642,0.01531934,0.17340101,1.1529553e-05,0.48644987,0.028146464,0.00025982302,0.0045488067,0.4115795,0.012905582,0.0036966163
9484,0.16081046,0.17323086,0.156295,0.16635987,0.4699186,0.23645401,0.13585049,0.5475774,0.16387576,0.15562381,0.13226809,0.113618195,0.18797733,0.17641805,0.14583446,0.18917185,0.05360019,0.3284208,0.12944412,0.103289045,0.1580929,0.27336046,0.13840245,0.122786224
9492,0.18724036,0.18663488,0.035481557,0.072974205,0.42388406,0.248551,0.048023436,0.56403077,0.16049741,0.13602793,0.050610144,0.05841403,0.11495993,0.05758329,0.066809565,0.13512571,0.0027964343,0.2349649,0.13217227,0.0114209615,0.061716273,0.23992994,0.06414948,0.048781738
9494,0.078528896,0.036401033,0.0011840453,0.006340114,0.33365446,0.18390743,0.0035030688,0.6677846,0.030417183,0.031825464,0.0023095906,0.0035189262,0.027153552,0.0038014755,0.003536847,0.048691966,1.4744471e-06,0.2056112,0.015258565,5.277699e-05,0.0021630966,0.16042757,0.0055331597,0.0015397584
9495,0.28310356,0.24418364,0.010369909,0.021166617,0.17354992,0.15910856,0.051235504,0.34627387,0.07712183,0.095363654,0.008064623,0.037208967,0.18359305,0.013814742,0.0141952345,0.076209225,7.596646e-05,0.052867908,0.14860941,0.0006355156,0.013072266,0.24681129,0.048768774,0.020295147
9501,0.22263163,0.1956133,0.09147725,0.11862428,0.39330485,0.30722773,0.12835102,0.50295675,0.14929521,0.16995542,0.07792876,0.10223619,0.2130287,0.107373975,0.10232757,0.185763,0.011377774,0.22049111,0.16368082,0.039425638,0.08876119,0.34610128,0.12032276,0.083137065
9503,0.25229123,0.22512779,0.09009797,0.104248494,0.33860284,0.28332415,0.1254145,0.45185205,0.15956603,0.17305121,0.07924438,0.10995517,0.23510243,0.09902098,0.08925959,0.21904302,0.009436186,0.21295501,0.18134668,0.027911568,0.08605701,0.36216104,0.1355106,0.08287848
9504,0.04915289,0.07018244,0.035342757,0.061400793,0.41933802,0.117103264,0.046730068,0.59962463,0.05945622,0.07747767,0.03324989,0.03338296,0.10711875,0.067257024,0.042861897,0.09875005,0.0032704214,0.3414913,0.039834227,0.012163529,0.039334543,0.14061113,0.042420454,0.023415301
9506,0.15440902,0.13106559,0.035807896,0.05578903,0.4860215,0.18260702,0.05023623,0.45387536,0.110119455,0.09475409,0.039544716,0.039699268,0.11144696,0.051786236,0.0582032,0.117905624,0.001844185,0.2753325,0.10425725,0.0110643525,0.05895852,0.23827262,0.050861273,0.037123162
9510,0.11851644,0.12359678,0.090779655,0.11688238,0.41482893,0.213445,0.09761359,0.5799517,0.11404063,0.1256087,0.07630072,0.07698325,0.16042107,0.11942499,0.09835642,0.13475166,0.019695017,0.3036837,0.089800835,0.044027638,0.085592106,0.22423814,0.09050898,0.06588646
9513,0.13998923,0.115735516,0.03859523,0.06489206,0.39095652,0.21527798,0.047936913,0.60025907,0.10522549,0.097845316,0.0340552,0.036211275,0.14069241,0.056842376,0.052449998,0.087937385,0.0027933752,0.2558313,0.0776341,0.012809101,0.031949658,0.276337,0.049496826,0.030477135
9516,0.2005022,0.19412842,0.023167651,0.026464028,0.32665974,0.22575012,0.030233778,0.41157082,0.10311371,0.11411776,0.019238455,0.03174962,0.1896881,0.027773216,0.03567033,0.09579014,0.0003629605,0.18618555,0.106705114,0.0025465027,0.018547054,0.30558196,0.048049856,0.025717488
9521,0.26153904,0.15464818,0.00607779,0.013163101,0.23475544,0.21980348,0.0076142712,0.4017643,0.07762415,0.100787155,0.008509026,0.014734116,0.13563602,0.004917559,0.014249553,0.123357326,1.4257603e-05,0.13684371,0.092182666,0.00027194165,0.007200316,0.33497992,0.01949661,0.007001368
9524,0.098864265,0.13349427,0.04474047,0.056434743,0.42445216,0.1520661,0.04750548,0.45860103,0.11342344,0.14772399,0.041744467,0.04433097,0.15689391,0.06255787,0.06159724,0.14719115,0.0024594248,0.32184246,0.071368456,0.010567089,0.043145053,0.22277324,0.056735944,0.035264574
9530,0.16134533,0.12612967,0.034864563,0.071009636,0.33213958,0.2012842,0.08696574,0.54975843,0.11346755,0.09518592,0.037392866,0.05167241,0.121739194,0.05993912,0.041643817,0.1298568,0.001981699,0.18865901,0.11322463,0.0095650675,0.046696536,0.248278,0.069300525,0.042549107
9533,0.13660069,0.15816906,0.097782455,0.13761254,0.47904947,0.19796965,0.11132908,0.5317956,0.13202667,0.11795819,0.087841325,0.09456017,0.12766795,0.13748038,0.10492388,0.13550474,0.02490423,0.29604763,0.11246126,0.05812417,0.1187124,0.19621038,0.11407932,0.087561406
9539,0.031808183,0.05135932,0.0075478205,0.016134506,0.52140254,0.0757582,0.0068524624,0.568323,0.048136782,0.08568067,0.008167049,0.011264126,0.056035236,0.019182874,0.018478122,0.058861636,9.7584016e-05,0.44124684,0.0143865,0.00079347583,0.009544932,0.09549259,0.013776654,0.004981757
9540,0.00456872,0.0021597706,1.3851987e-05,0.00015220884,0.62618023,0.050761335,7.598002e-06,0.89074296,0.0013237252,0.0038965673,9.662997e-05,4.780362e-05,0.0016769206,0.00013267327,0.00018715551,0.0065645697,4.0350712e-10,0.7322926,0.00031238285,2.0947799e-07,4.744013e-05,0.07235794,0.000104428094,1.6844839e-05
9547,0.2575306,0.29986602,0.16520488,0.16745447,0.4426778,0.23631544,0.17534588,0.4322361,0.21035711,0.2196047,0.131697,0.1593805,0.26325738,0.16902967,0.15482198,0.18188469,0.04913143,0.24108732,0.23633808,0.09343781,0.17012887,0.27591705,0.1976479,0.16489755
9550,0.1530756,0.09280807,0.0038855416,0.01124795,0.41851363,0.098969705,0.004726123,0.40669382,0.05374362,0.07994988,0.0052491026,0.0083522145,0.06470566,0.009958247,0.012019405,0.04931628,2.0378166e-05,0.29488462,0.041707404,0.00023428857,0.004559519,0.2145289,0.013587075,0.004816586
9551,0.41569147,0.37282056,0.039887734,0.028150354,0.33482122,0.32453257,0.028609019,0.21096109,0.14195168,0.15725371,0.034311395,0.047373775,0.31130955,0.019941913,0.046843342,0.1799356,0.00047107466,0.10256486,0.23848416,0.0027781466,0.02917252,0.5105968,0.06475665,0.04175882
9554,0.13997658,0.11938706,0.06923133,0.08795102,0.490029,0.20858993,0.060598798,0.5032363,0.10698915,0.11297897,0.0645909,0.05972035,0.11878608,0.08749465,0.07877824,0.13195753,0.007028325,0.3312455,0.083675385,0.029205574,0.07268747,0.2314303,0.08187224,0.057291094
9555,0.10308472,0.07045024,0.0048646904,0.015721222,0.3962996,0.15369764,0.005807131,0.5620554,0.049444947,0.063548826,0.009581384,0.012706175,0.055645354,0.01196686,0.014512742,0.0788911,3.1462972e-05,0.2883211,0.03721311,0.0004232161,0.008038409,0.25730056,0.015407044,0.0060827294
9556,0.22433615,0.19900867,0.10174713,0.12411818,0.44401854,0.3223103,0.09126192,0.53606796,0.1815942,0.19977963,0.10073875,0.09251152,0.23271857,0.12815765,0.13338955,0.23142007,0.016299326,0.3520906,0.13905473,0.04468902,0.09775023,0.34868,0.09958858,0.08485495
9561,0.27077842,0.24428228,0.11791747,0.13703772,0.48998722,0.29675236,0.08162311,0.42962736,0.21143909,0.21657427,0.11417842,0.11036455,0.18469156,0.12581082,0.13999718,0.21513757,0.022975363,0.2920019,0.19430171,0.056074873,0.13360561,0.31687182,0.14093764,0.11230792
9565,0.36936808,0.31441253,0.0648147,0.082425304,0.3133523,0.23112431,0.1234653,0.38384697,0.19984394,0.23378247,0.058015697,0.0863858,0.27400666,0.08002633,0.06930482,0.13746993,0.0038395883,0.1609405,0.25315583,0.016163416,0.06230155,0.29963166,0.11644992,0.082029805
9570,0.19908719,0.1348622,0.0021857126,0.0028127895,0.41565007,0.20998439,0.00064697146,0.22605109,0.047130167,0.084515154,0.0035295528,0.0039783586,0.11438833,0.002339171,0.0078063146,0.14430615,1.4119922e-06,0.16641763,0.044659015,4.6584708e-05,0.0030279476,0.43204996,0.008193724,0.0022691283
9575,0.20055361,0.21785793,0.072593644,0.09990883,0.40999076,0.21025586,0.09630999,0.48667744,0.15063295,0.16739981,0.06889896,0.09194093,0.15365788,0.10264498,0.075434804,0.11923298,0.009596653,0.28538933,0.14055976,0.027394727,0.07941686,0.22469924,0.09776705,0.0765379
9576,0.20870017,0.15634754,0.06292791,0.079534955,0.45582792,0.2968729,0.058524314,0.541965,0.16830702,0.17207837,0.077207804,0.07113801,0.17546774,0.10186591,0.11508567,0.25368273,0.0054612765,0.39969334,0.11303405,0.021047475,0.07215562,0.3768778,0.09084657,0.0531021
9580,0.33593294,0.26009747,0.025937857,0.04247578,0.3245804,0.2263368,0.042728174,0.3908382,0.123075165,0.1403067,0.03923639,0.056294568,0.21299331,0.0348603,0.045768797,0.1900655,0.0005617924,0.15613775,0.2088931,0.004101594,0.035403896,0.36064568,0.094774425,0.03943492
9588,0.23364355,0.2504818,0.115370534,0.14335996,0.3555131,0.22406763,0.1646856,0.4601997,0.1826455,0.20482317,0.108126946,0.1520531,0.23880568,0.14240007,0.13096242,0.2227179,0.025475448,0.25734195,0.19910234,0.053262986,0.13441907,0.28269163,0.17370489,0.11706674
9595,0.10796345,0.10439272,0.029752035,0.05916528,0.43628258,0.14532903,0.03228816,0.5376948,0.09203144,0.12896913,0.03667984,0.040844504,0.14063941,0.059917804,0.051449716,0.12899958,0.0013765253,0.44155893,0.053593025,0.0059409286,0.026575573,0.23971832,0.045875743,0.025298089
9596,0.068804875,0.059825543,0.029677361,0.06221083,0.596212,0.19067246,0.019867823,0.6632855,0.07683916,0.07843204,0.040236235,0.025208855,0.052599333,0.054034945,0.04154715,0.06899632,0.0021419444,0.41221082,0.035111703,0.010774906,0.043093,0.15085758,0.028615482,0.023939734
9600,0.19483818,0.21271035,0.12819467,0.17218842,0.37201086,0.21692869,0.25839782,0.4469708,0.1690817,0.15981849,0.09622945,0.14451538,0.20241383,0.16743515,0.10530411,0.15431729,0.037533075,0.19322236,0.18493013,0.070371106,0.14464411,0.19324045,0.14244181,0.12418256
9603,0.224879,0.20094761,0.047123205,0.0661099,0.31335625,0.15944554,0.11032781,0.45517966,0.10691638,0.116835535,0.03722286,0.06315506,0.18184125,0.06550076,0.053885754,0.09190762,0.002636339,0.1329852,0.15856141,0.010477399,0.043942627,0.22746281,0.09149013,0.057275616
9607,0.27312922,0.2399314,0.053547755,0.07161272,0.3747303,0.22978841,0.074012,0.43989822,0.16128328,0.16662118,0.043374673,0.07004019,0.23359293,0.061480667,0.060370993,0.12701228,0.0027061198,0.19052507,0.18214656,0.010746324,0.052875355,0.3361005,0.08810047,0.058689892
9610,0.14349188,0.15319277,0.006398529,0.018716188,0.32041067,0.09828919,0.026564179,0.37063688,0.057180077,0.07494026,0.009416555,0.021550782,0.10879229,0.0145325065,0.013662887,0.06134906,7.257517e-05,0.17213985,0.07976406,0.00067697425,0.010672728,0.13536006,0.025106423,0.013837341
9619,0.07862494,0.076778196,0.007860554,0.015775511,0.2905295,0.11282868,0.011169428,0.5206135,0.038155213,0.053252418,0.0071968264,0.011366516,0.078633696,0.012467522,0.012568049,0.0478068,6.137759e-05,0.2266163,0.027569478,0.0006422891,0.006823964,0.14559673,0.015577498,0.006222065
9633,0.18201195,0.12271526,0.011384383,0.024931945,0.37799412,0.2004937,0.01601378,0.48260024,0.07201382,0.0844912,0.012431347,0.01891166,0.0754446,0.016756412,0.017747566,0.053687852,0.00012252587,0.16210905,0.078752525,0.0015022055,0.01481683,0.28396046,0.021546202,0.016046597
9637,0.09381015,0.09230973,0.002901014,0.007897765,0.2959754,0.22427791,0.0022263369,0.42995882,0.043074105,0.08528929,0.006876684,0.0049900743,0.19979489,0.006189332,0.010579855,0.12068098,4.7001795e-06,0.30835247,0.03134233,8.7427106e-05,0.0030338014,0.47260582,0.010210463,0.0028970772
9638,0.1662476,0.17447673,0.060506262,0.06858406,0.3319126,0.18054238,0.06475082,0.45413592,0.11293589,0.13225268,0.052684117,0.05569182,0.18140016,0.079893,0.06625852,0.14681806,0.005762361,0.23361622,0.112147085,0.018210184,0.059097312,0.2388834,0.07989255,0.053646196
9639,0.15493843,0.14351629,0.07618161,0.103998646,0.55286634,0.24693805,0.049577303,0.5140768,0.15499453,0.12778518,0.07139081,0.07844552,0.09275632,0.0903107,0.10403056,0.11350012,0.010933139,0.3167244,0.102289446,0.03690442,0.10042161,0.21850881,0.08873975,0.07187852
9643,0.23680197,0.1531252,0.038385946,0.06254065,0.33822745,0.335974,0.046272725,0.49003777,0.10572,0.12532277,0.033887874,0.05028885,0.14737567,0.048082914,0.0530474,0.114188455,0.0017501083,0.2281238,0.10458061,0.007516815,0.029486476,0.3386146,0.053694893,0.035148766
9645,0.09500629,0.08883008,0.009311355,0.02071755,0.67839044,0.2185004,0.004366437,0.5452155,0.08499371,0.07917867,0.024427861,0.01756335,0.039278533,0.019148462,0.026140535,0.09765966,0.00015724305,0.286548,0.050393593,0.0024507106,0.03544273,0.23392822,0.028806444,0.0152559485
9647,0.22360516,0.21954302,0.087265655,0.10716067,0.33694378,0.21487422,0.117591135,0.47422686,0.11829062,0.1502117,0.07725937,0.09358798,0.22016692,0.10348605,0.08044293,0.16139065,0.011872175,0.22632262,0.16926993,0.030708807,0.08453645,0.30820107,0.13472502,0.08552806
9650,0.25537568,0.26912466,0.23015894,0.23869556,0.42020148,0.28945094,0.25271392,0.458718,0.22702114,0.24067248,0.18601339,0.20337228,0.28117785,0.23765653,0.20062646,0.24495003,0.11217926,0.2642897,0.24082585,0.1688453,0.23036829,0.31750417,0.2377155,0.20199989
9651,0.30162892,0.34646004,0.013970159,0.021082899,0.35369498,0.21871309,0.02975522,0.38286927,0.13116938,0.11463117,0.028515829,0.057104506,0.10706175,0.018768348,0.022494987,0.13134278,0.00013584616,0.14779693,0.179888,0.0014058917,0.034819216,0.2459591,0.05290421,0.045116477
9653,0.1866108,0.17363812,0.02107907,0.04431434,0.32861298,0.1483329,0.047834728,0.4389711,0.09861862,0.08719504,0.023935402,0.049577907,0.11626602,0.02886314,0.027561834,0.074501544,0.00064700574,0.1500055,0.11394306,0.0036676028,0.02811974,0.16702174,0.061908513,0.032677714
9655,0.19733177,0.20116755,0.16903614,0.18233426,0.46430653,0.27101043,0.16029206,0.5261685,0.18948613,0.17377491,0.1371629,0.13795711,0.2009774,0.19450112,0.16792962,0.17974694,0.06822517,0.31270725,0.16244376,0.1166487,0.16872382,0.27946177,0.15787543,0.13779752
9660,0.1016287,0.09732223,0.013575673,0.025474817,0.41134998,0.15627576,0.015337253,0.53186536,0.050607387,0.06845982,0.021065228,0.020639583,0.069499984,0.025736671,0.01911619,0.083810024,0.0002171575,0.23940323,0.05502264,0.0022597278,0.023786876,0.22093424,0.022916198,0.015130203
9662,0.35537505,0.32636246,0.057954144,0.07711653,0.24372199,0.268567,0.10670802,0.32024977,0.19757581,0.17794022,0.052114982,0.115418054,0.29484782,0.049515136,0.04801918,0.36591446,0.001173465,0.10163376,0.31062752,0.00638224,0.060592767,0.40866542,0.16084549,0.07461689
9663,0.22577041,0.2283422,0.15976153,0.18037021,0.4245457,0.24427906,0.18328074,0.46093643,0.20022228,0.18874747,0.1380423,0.14910716,0.20909607,0.18404421,0.167746,0.18460165,0.06279876,0.26638323,0.18764919,0.108110376,0.16287524,0.28296584,0.17355244,0.14289674
9665,0.40143788,0.25904885,0.032592878,0.037242763,0.26510748,0.31496507,0.04078338,0.35171422,0.16789049,0.18854436,0.0296218,0.05313661,0.2890114,0.02571828,0.04151947,0.15356298,0.00037713445,0.13151522,0.22392797,0.002241042,0.02160264,0.41560256,0.053606022,0.03219517
9670,0.21373922,0.22786833,0.06249688,0.07988399,0.38495067,0.20254721,0.07456553,0.45834932,0.15229018,0.15117891,0.06930829,0.08087511,0.15758207,0.07395663,0.07224761,0.13141154,0.005615841,0.2212421,0.1602831,0.018635286,0.08061526,0.24650638,0.0991405,0.073683485
9674,0.23505841,0.17480388,0.05271946,0.08877102,0.35611382,0.2890888,0.05608684,0.5390619,0.13571319,0.14190653,0.059445538,0.06949683,0.155029,0.072702244,0.0793704,0.16608995,0.003912233,0.2776813,0.118834905,0.016376175,0.06256459,0.33288997,0.084293365,0.057398215
9676,0.19537939,0.2122381,0.1877722,0.2190123,0.43296254,0.25482085,0.22803219,0.5034163,0.1994362,0.18724225,0.15348676,0.1618123,0.21980043,0.2074232,0.15608613,0.18528995,0.08013934,0.27365497,0.19071592,0.1314876,0.1776131,0.2544481,0.17949533,0.1616405
9685,0.2584254,0.26003292,0.053422146,0.077412106,0.3212642,0.15806115,0.10945374,0.34844044,0.17045708,0.14234675,0.044027336,0.08253723,0.21964745,0.059212454,0.055265125,0.10868362,0.004150532,0.12979802,0.19632027,0.014012215,0.062365018,0.22195676,0.11031781,0.07475402
9686,0.15663128,0.16522357,0.08962196,0.12347514,0.47390985,0.22484124,0.06940261,0.49771944,0.15688184,0.15379766,0.085709564,0.08081288,0.15640327,0.119387075,0.10189672,0.13847576,0.017743627,0.3394122,0.10959661,0.043979,0.09988231,0.2335715,0.09412403,0.07736477
9687,0.20869395,0.16791886,0.048410963,0.061285272,0.49471754,0.25035807,0.03840275,0.49426565,0.14761376,0.13461061,0.051826853,0.04875232,0.10331677,0.06331056,0.07857627,0.1372319,0.0035840506,0.24959646,0.1120636,0.017294599,0.07662987,0.2673127,0.07207567,0.051085573
9689,0.21394472,0.2259812,0.042432986,0.054698825,0.3924472,0.22618608,0.051452,0.4049724,0.14849967,0.12826245,0.036961194,0.06279879,0.13864113,0.045006845,0.046120774,0.0945627,0.0020389578,0.17113726,0.1373953,0.009877985,0.05553783,0.24416192,0.065311186,0.05069405
9691,0.037553877,0.04294283,0.0024790287,0.0066403695,0.4741041,0.062422607,0.002510894,0.5909784,0.02055507,0.026424812,0.0046485746,0.0039665876,0.033103406,0.007560797,0.0072849276,0.04029941,9.869999e-06,0.36413923,0.014662505,0.00030044903,0.004232196,0.13463749,0.00982593,0.0032256425
9692,0.18331556,0.19737695,0.12558228,0.14165734,0.4181163,0.2367953,0.13868499,0.5140468,0.14991933,0.14746466,0.10427595,0.11431102,0.18492115,0.14856994,0.13380373,0.16805303,0.032576125,0.26796123,0.15699701,0.07480273,0.12944072,0.28270343,0.14353932,0.10719619
9693,0.09032161,0.088971965,0.062289007,0.08942585,0.43903682,0.18392813,0.05322927,0.59931254,0.08227159,0.096486636,0.05425818,0.04744619,0.13595282,0.09630542,0.07379977,0.13960005,0.008618554,0.34852445,0.053232394,0.023286654,0.05631143,0.2158804,0.06286757,0.040084206
9698,0.20352702,0.1818159,0.03458012,0.057176452,0.5338496,0.25768468,0.027274217,0.4879114,0.148958,0.13328265,0.048982747,0.05144775,0.100496754,0.052876525,0.06561214,0.1319318,0.002079022,0.24891473,0.12910372,0.011770825,0.07714793,0.2642633,0.063809335,0.04517337
9703,0.072688155,0.08930539,0.060050346,0.0828303,0.46904016,0.14862634,0.04382943,0.5898555,0.08069069,0.098078266,0.049305525,0.042017367,0.12471693,0.089373074,0.070425004,0.10189999,0.009588563,0.32977867,0.052838285,0.025480391,0.061051946,0.16896118,0.05828772,0.039338443
9708,0.14749818,0.15989476,0.06468112,0.09906927,0.44985422,0.23181248,0.050256435,0.5026543,0.13656242,0.15398902,0.06829313,0.06695342,0.14108568,0.08559087,0.073640525,0.13919963,0.007414217,0.28453806,0.11407399,0.027390495,0.087900214,0.24620388,0.084612235,0.06450787
9719,0.26556805,0.16076067,0.0027523334,0.008715988,0.25740722,0.30177853,0.005423424,0.50844944,0.054147936,0.08646663,0.008190806,0.014028779,0.12927659,0.0048270635,0.008276426,0.10305221,4.1304875e-06,0.16789824,0.080217965,9.797693e-05,0.005849429,0.41616732,0.016673667,0.0061320793
9721,0.33448255,0.37233564,0.03640683,0.045587488,0.30014896,0.16148284,0.06865638,0.31011954,0.1534355,0.20305078,0.043961562,0.08220504,0.18808764,0.054109447,0.04645695,0.11291857,0.0014175796,0.12456726,0.24266951,0.0068779276,0.05970986,0.23500559,0.10063053,0.07377202
9725,0.06861814,0.038037363,0.01393294,0.02260861,0.6010567,0.24659161,0.003960481,0.6244397,0.060961504,0.09807661,0.019138206,0.012051513,0.08849545,0.03149271,0.03342673,0.13524011,0.00016322486,0.67977846,0.017239794,0.0017201751,0.010877607,0.2954028,0.014247249,0.0070287706
9729,0.15359919,0.15829352,0.03984841,0.07134759,0.33170983,0.17206013,0.08489733,0.5250175,0.1044158,0.107861914,0.036795337,0.05608641,0.13663492,0.06371337,0.035171755,0.12069255,0.0019014286,0.1718918,0.10644287,0.01151629,0.052783776,0.20023939,0.07657721,0.045632333
9733,0.07067573,0.05782795,0.016945476,0.035214003,0.45494,0.18381877,0.01501434,0.63721126,0.04958012,0.062556416,0.023240715,0.018141057,0.08717413,0.028942425,0.040696893,0.114209995,0.0006252347,0.33028135,0.032178216,0.0044664247,0.01835677,0.25783828,0.02809829,0.01207788
9737,0.1592939,0.08344489,0.029267859,0.054579023,0.30676234,0.26852116,0.040569156,0.5709094,0.08888376,0.11333458,0.035126813,0.033518337,0.20115665,0.06306356,0.05258243,0.2374115,0.0011341532,0.37579003,0.068652585,0.006476703,0.023702975,0.38005066,0.051353868,0.022557799
9738,0.15670581,0.15986435,0.04960717,0.08130823,0.28186715,0.2262089,0.12507044,0.55200994,0.12250799,0.13916019,0.05741111,0.09815316,0.1703249,0.07430385,0.046118744,0.15332144,0.002866679,0.1660806,0.16502035,0.010883653,0.06290587,0.26622424,0.10860903,0.05514321
9739,0.1226031,0.13212986,0.063550554,0.10057079,0.46222186,0.19918133,0.056661244,0.5138694,0.11709323,0.13004255,0.06958958,0.060122017,0.11841792,0.10746516,0.07964736,0.13406976,0.010413665,0.3034435,0.09805749,0.031780336,0.09737966,0.20680992,0.07317889,0.05997141
9741,0.061718017,0.06472539,0.028431475,0.048984114,0.42770725,0.1445815,0.018040368,0.6432358,0.056032635,0.080122955,0.02285829,0.020499973,0.114620596,0.05757972,0.04322414,0.08004567,0.0017171204,0.4252976,0.02481856,0.007037866,0.019849204,0.2017054,0.026282134,0.01543723
9745,0.22518285,0.21656173,0.1512247,0.19625032,0.38248193,0.26668444,0.2215426,0.47664854,0.1952158,0.19577935,0.1258809,0.15451348,0.24558052,0.17346539,0.1337654,0.2014239,0.044729926,0.24973397,0.19783714,0.086187564,0.14126906,0.27512988,0.17156489,0.13752672
9747,0.34770513,0.32657275,0.030375285,0.059655372,0.36228096,0.23448205,0.04906825,0.4282013,0.18389232,0.17413166,0.045576707,0.07897655,0.17837216,0.040308993,0.05579187,0.13114595,0.0009016804,0.1657895,0.21838045,0.0055318247,0.041984845,0.35730338,0.09239886,0.053611517
9750,0.19335705,0.12635037,0.009744222,0.03250065,0.16882524,0.11745846,0.10353967,0.43680385,0.075887345,0.06898275,0.013545228,0.040706072,0.14488651,0.0275252,0.01276302,0.105938986,0.00010188211,0.062846646,0.13606866,0.0011864941,0.018934691,0.21273537,0.0541233,0.023761638
9752,0.17641585,0.16869597,0.041664332,0.077693895,0.2873424,0.17505267,0.14289105,0.47062215,0.10237583,0.12353532,0.03607413,0.07241762,0.22001535,0.071257524,0.042177133,0.10587413,0.0027156647,0.19178359,0.13962993,0.0096615385,0.041498493,0.20311262,0.07697951,0.049152512
9754,0.28564754,0.16625392,0.0055911923,0.017749345,0.18248779,0.19289193,0.027149294,0.49911717,0.0694285,0.11308703,0.011975512,0.02755182,0.13800682,0.0132383285,0.008979049,0.09064658,2.4835244e-05,0.13041584,0.1080582,0.00033240017,0.010034984,0.29062262,0.030032624,0.012859563
9760,0.22005562,0.15593484,0.012956566,0.021097563,0.39733005,0.20629366,0.020570675,0.42613608,0.08573851,0.10027557,0.016872756,0.027860181,0.10228034,0.017834557,0.022949066,0.074865796,0.00015236334,0.21189606,0.09183152,0.0016240582,0.0161888,0.2751102,0.03233596,0.01886386
9762,0.19531755,0.121712066,0.03685298,0.055956367,0.4440906,0.30193356,0.035294354,0.58769554,0.119249694,0.115898065,0.04227057,0.04690242,0.097837254,0.04855473,0.046675656,0.1466212,0.001227915,0.25838825,0.08352528,0.00963414,0.046609744,0.28431988,0.05017719,0.032135118
9765,0.24510275,0.254943,0.13399632,0.15893117,0.37359443,0.23999065,0.18110925,0.4420581,0.21061733,0.19534437,0.12208802,0.15181524,0.21343116,0.14632966,0.12386731,0.19812872,0.0320295,0.2566157,0.19695598,0.06416308,0.13440976,0.25965443,0.17214824,0.13530323
9766,0.09148675,0.07503638,0.027951982,0.04501078,0.35074747,0.16564864,0.031310715,0.5984881,0.06417879,0.10069575,0.030493487,0.026537925,0.16037975,0.05305425,0.04125177,0.12393176,0.0011616405,0.38507187,0.048448008,0.0057955994,0.021072809,0.26131225,0.038271822,0.018558655
9772,0.22908059,0.1982802,0.0755652,0.10348685,0.38512483,0.2398594,0.08979737,0.45556036,0.14745045,0.1528667,0.06287635,0.07992116,0.16369538,0.10054931,0.07942621,0.10627498,0.010128156,0.22618182,0.124896124,0.02944513,0.07703085,0.24168229,0.08632088,0.08022933
9778,0.50885594,0.2862894,0.021698052,0.034516163,0.21570477,0.24662422,0.055133313,0.38103983,0.13469045,0.13198864,0.02154186,0.050579097,0.23373377,0.027024297,0.033380654,0.14304519,0.00018733779,0.08909262,0.21847588,0.0017695656,0.021473803,0.5229294,0.076385625,0.036709543
9786,0.22351022,0.22680113,0.15447661,0.1832509,0.38846758,0.24034162,0.2284269,0.49499545,0.2007217,0.18571937,0.12887368,0.15174739,0.23531781,0.1824546,0.1405403,0.20678891,0.048041567,0.23508488,0.20873831,0.09022645,0.16195576,0.27870607,0.19289781,0.14659376
9788,0.25285125,0.13595301,0.0007833108,0.0020423227,0.16895956,0.13025557,0.0032247638,0.38426852,0.035685416,0.056234628,0.001294468,0.0051337923,0.06182075,0.0021171726,0.0020302904,0.034095965,2.4834932e-07,0.05963338,0.04213225,9.906966e-06,0.0015538668,0.22634232,0.0060029784,0.001503369
9789,0.10467287,0.10072492,0.008290481,0.02495682,0.32002696,0.1251754,0.019781716,0.63156676,0.08270831,0.1397058,0.015653742,0.023881339,0.14346261,0.02493238,0.017634679,0.09979389,8.448526e-05,0.42381695,0.05382195,0.0006409236,0.0123807695,0.21328759,0.027638527,0.0103863
9795,0.23870333,0.21084796,0.05156459,0.06711613,0.43645313,0.24243961,0.042365633,0.4322106,0.16162148,0.14983891,0.05620562,0.057616457,0.16013741,0.05510638,0.07630618,0.13916709,0.0030241008,0.23559386,0.15397498,0.01343619,0.053203758,0.32015812,0.079093724,0.05375114
9796,0.057828758,0.06532861,0.017659089,0.03144152,0.34865388,0.12236143,0.016735926,0.585688,0.058512077,0.07830292,0.017966613,0.018297717,0.105842166,0.037857458,0.029408453,0.10608514,0.00056428707,0.37621766,0.028269622,0.003168746,0.016962616,0.16706915,0.026320977,0.012137527
9798,0.1462348,0.12761173,0.0025674675,0.0058820006,0.32137716,0.12105725,0.003613585,0.37169406,0.054263797,0.10525523,0.0063146576,0.00973553,0.17822854,0.0054340544,0.010140205,0.061295863,4.8104844e-06,0.28506103,0.063493386,7.187561e-05,0.002377246,0.36290517,0.011546868,0.0037434497
9811,0.18075563,0.21476367,0.06725943,0.07440345,0.5069889,0.17598355,0.055766243,0.36764628,0.15764664,0.12821016,0.051979974,0.059299722,0.1199575,0.06866555,0.07806548,0.0988009,0.007947755,0.21644512,0.12770224,0.028798334,0.08178672,0.19721667,0.0783712,0.06578257
9812,0.32995498,0.3243309,0.025285864,0.04919954,0.19778463,0.1533632,0.09222595,0.31259027,0.101808235,0.16322204,0.023171278,0.0625454,0.32390502,0.035139203,0.027517196,0.0864011,0.0005928362,0.079646446,0.25249037,0.0029746594,0.019433433,0.25942785,0.07986989,0.039852288
9817,0.21289213,0.18223174,0.03682415,0.062345985,0.38440332,0.22383903,0.056990158,0.4718497,0.11173791,0.09912199,0.03933268,0.06240485,0.123304516,0.047797877,0.052741062,0.14231534,0.0017998607,0.22370149,0.11724793,0.011435793,0.05404426,0.2706991,0.080761194,0.046268076
9819,0.19617423,0.22371969,0.11736847,0.15083216,0.43422443,0.24433295,0.21012394,0.44294837,0.18871222,0.17055993,0.098268114,0.13353375,0.20802481,0.1529527,0.111550815,0.19241942,0.025262393,0.2229628,0.19175118,0.06305252,0.12862933,0.24271058,0.15760411,0.11483826
9823,0.19034027,0.2059093,0.087861784,0.122114755,0.4141656,0.21028665,0.1465933,0.47278467,0.17397144,0.1530407,0.070880435,0.10234155,0.16051513,0.114299074,0.08657327,0.14115833,0.015484867,0.2321011,0.17707174,0.039877944,0.122358285,0.19864735,0.11241583,0.09491633
9827,0.12565033,0.10785934,0.066720754,0.10514519,0.49793422,0.22930865,0.065534346,0.6164416,0.104458876,0.10371194,0.066035874,0.05484873,0.11429665,0.107018,0.080753244,0.12676094,0.009766074,0.37001586,0.07596841,0.03491713,0.07249356,0.22719198,0.06887127,0.0494087
9828,0.16468902,0.2027382,0.10076268,0.11261875,0.37089863,0.1996005,0.13785875,0.44849408,0.14291757,0.13723159,0.080723606,0.10019882,0.16146974,0.122907646,0.08423035,0.1259754,0.019266574,0.1714817,0.14911115,0.04327393,0.11334677,0.21397929,0.10946569,0.093798794
9831,0.06888475,0.056285005,0.0009351956,0.004588481,0.34858412,0.065441296,0.0017481035,0.5646282,0.021697087,0.026146071,0.0037647805,0.0024621966,0.038726505,0.0032220199,0.0028245826,0.038625274,1.3949511e-06,0.261219,0.015972119,4.283284e-05,0.0016723368,0.23940957,0.0048711076,0.0026594405
9832,0.15890563,0.18230525,0.13932565,0.15530711,0.4680396,0.20990239,0.15607774,0.50113845,0.1549324,0.14435554,0.11171535,0.1162333,0.16719681,0.16612571,0.13173407,0.16736628,0.047287475,0.27880663,0.14459439,0.093795784,0.14621493,0.22481786,0.13944101,0.11263344
9840,0.108884014,0.10256798,0.01665451,0.038742207,0.55148864,0.20226666,0.0139329275,0.545613,0.09863452,0.090120554,0.02541838,0.02698023,0.043704975,0.028108351,0.030978521,0.08394567,0.0005677357,0.26914868,0.046476573,0.005148641,0.037329763,0.16993168,0.029672083,0.021150628
9841,0.20582215,0.22057675,0.097104035,0.11076848,0.41188437,0.17992483,0.11147544,0.4324372,0.16666648,0.14448267,0.07475072,0.093709156,0.17313188,0.12563588,0.104691885,0.11945944,0.024209239,0.19400705,0.14990084,0.048502754,0.12480349,0.21721573,0.12968363,0.09532204
9845,0.083161175,0.07340507,0.0049740407,0.010866018,0.48352754,0.13511348,0.004820737,0.5017231,0.03984062,0.03561936,0.0067982906,0.008226318,0.029530391,0.010350641,0.012694803,0.041800704,4.0918538e-05,0.23963886,0.024140265,0.00061524846,0.008780428,0.13779937,0.012422381,0.0056009702
9849,0.1398299,0.15429184,0.018480964,0.035770517,0.4501706,0.26975366,0.020409735,0.49940968,0.09901942,0.106177054,0.024789529,0.03354088,0.08839253,0.03018745,0.020202808,0.12507223,0.00026465938,0.1936521,0.093483366,0.0027992441,0.04654084,0.23875774,0.039172146,0.02489045
9852,0.045548808,0.039997008,0.001016734,0.0055031353,0.22964117,0.028694935,0.03199964,0.52737004,0.020450145,0.017679192,0.0016406116,0.007318963,0.01960035,0.005741889,0.0012282671,0.028703036,1.9754991e-06,0.05645017,0.023070842,7.14152e-05,0.004787191,0.038600784,0.013938484,0.0028301296
9858,0.007019662,0.003956572,0.00011103176,0.0009010715,0.5297879,0.09464703,0.00010692324,0.8512173,0.0039214953,0.0071647796,0.00040045066,0.0002548698,0.008229319,0.0010995272,0.0009942325,0.021883879,2.5724585e-08,0.62414014,0.0010617452,3.0061467e-06,0.0002584311,0.107664764,0.00047442786,0.00011306066
9860,0.16596377,0.1926357,0.12684649,0.15230125,0.46215472,0.23547986,0.11717242,0.52714884,0.17162605,0.15846418,0.113763906,0.109392524,0.16878287,0.15166739,0.13454238,0.17261182,0.03759206,0.2721956,0.15240669,0.08468105,0.14181428,0.25683576,0.1306744,0.11159974
9863,0.12219014,0.14838567,0.0037497804,0.010677312,0.445084,0.092655934,0.00822986,0.34355187,0.06862275,0.098243244,0.008686318,0.013493597,0.08224759,0.0070377956,0.010129389,0.05109166,1.6135764e-05,0.19665399,0.09097685,0.00033617925,0.0069683073,0.1230835,0.013874317,0.008459774
9865,0.21361433,0.23664472,0.07350199,0.09326565,0.39721748,0.21640645,0.103046544,0.4376454,0.1576706,0.13798793,0.06737831,0.10049445,0.152879,0.07380414,0.08528031,0.13755354,0.008409494,0.20583905,0.1527172,0.024182402,0.08129322,0.25471115,0.09777616,0.07250074
9872,0.03447989,0.024101663,0.0051033716,0.010728648,0.60115993,0.12178401,0.0015421318,0.65116847,0.036418784,0.06768333,0.006031764,0.0038327368,0.07254669,0.014104128,0.014266582,0.06799601,2.2420598e-05,0.70458627,0.007255413,0.00031764782,0.0031188503,0.17241271,0.0058807177,0.0021448415
9874,0.054516878,0.038753524,0.00028300373,0.002049451,0.18692556,0.061173435,0.0012233363,0.6026661,0.012556071,0.018226588,0.0005342761,0.0011712678,0.016837357,0.00082665175,0.0006391312,0.009456065,8.9427516e-08,0.05566402,0.010967979,6.950017e-06,0.0010841793,0.0892696,0.0018399417,0.00061768823
9879,0.07830646,0.061883777,0.007770732,0.021262603,0.40598047,0.1453864,0.0075229714,0.64678097,0.036045242,0.042998444,0.009040403,0.009198207,0.06711116,0.01840414,0.021178598,0.04889546,0.00012018977,0.2947272,0.024313908,0.001410757,0.007331199,0.20719165,0.013410723,0.0062005986
9880,0.04178406,0.043642767,0.0084324395,0.019100498,0.3427794,0.10702889,0.014080986,0.70550776,0.050559066,0.08545861,0.011395793,0.013930798,0.12509935,0.024161557,0.016530572,0.15242866,6.401182e-05,0.47032726,0.020800889,0.0006623799,0.007823532,0.21601723,0.018152311,0.0055895355
9882,0.170601,0.14584127,0.053622734,0.10507699,0.35813564,0.2076093,0.15164733,0.5153036,0.11954365,0.1251193,0.049373038,0.07613126,0.16743325,0.099667676,0.054898154,0.12952098,0.0047637513,0.23403798,0.120765835,0.018352732,0.053915814,0.2166081,0.08545744,0.056918524
9888,0.2035927,0.19918625,0.026287261,0.041572947,0.27826756,0.13692906,0.07471675,0.43060684,0.08935274,0.09464608,0.023815555,0.05319846,0.14291745,0.03793287,0.03406931,0.086961195,0.0009010225,0.11015451,0.13281076,0.005085159,0.03293111,0.18365438,0.069247544,0.036779813
9891,0.18803844,0.21081176,0.18621905,0.21723706,0.45938507,0.24511164,0.19151835,0.504375,0.1915866,0.19926372,0.1598342,0.15553682,0.22972903,0.2183758,0.18230549,0.20675895,0.09279588,0.34101275,0.16323712,0.14212155,0.18660001,0.25843343,0.1895354,0.1490639
9896,0.081446804,0.047666058,0.0018053503,0.0066909045,0.44174382,0.24570131,0.0022112518,0.6972049,0.023611888,0.024654228,0.0035486526,0.0033989178,0.017604891,0.0044564744,0.0061586574,0.03441,5.828835e-06,0.18698967,0.015316627,0.00016443536,0.0052195764,0.17643233,0.0038756412,0.0023896692
9900,0.22552478,0.20096497,0.06924823,0.12554,0.30072048,0.24374785,0.173596,0.47924104,0.16114423,0.17690684,0.07692796,0.119238004,0.22039601,0.09581269,0.07042975,0.2324759,0.0070766667,0.17292997,0.19580081,0.02507407,0.09512192,0.29494536,0.14361967,0.080008775
9907,0.16112818,0.13496985,0.0585629,0.09167152,0.39333913,0.1775906,0.07551744,0.51632804,0.12299016,0.12996401,0.05992799,0.05905848,0.14580467,0.08922147,0.06728133,0.12819937,0.0062834853,0.31934822,0.10738764,0.023104027,0.0665536,0.22989132,0.080593035,0.06002488
9911,0.29861328,0.24535999,0.021008674,0.038953975,0.23939131,0.18976502,0.077399954,0.43870997,0.15954801,0.16802704,0.027931863,0.061694365,0.3226464,0.03334181,0.03540138,0.19995598,0.00030263423,0.13291335,0.22767149,0.0020404137,0.025465969,0.43176186,0.08592126,0.028562345
9912,0.2381716,0.117694184,0.0046463157,0.016429087,0.177411,0.23967929,0.018468669,0.43282834,0.049424764,0.06807022,0.006300425,0.016068485,0.16439068,0.009658551,0.0077233887,0.10910907,1.1565124e-05,0.09968383,0.09321036,0.00018911347,0.0051325285,0.3905338,0.023882497,0.006733029
9914,0.26470616,0.25524393,0.070706755,0.097097546,0.394573,0.2542922,0.09682438,0.42452976,0.21208198,0.18726218,0.07538495,0.102603406,0.18975034,0.08077869,0.080504134,0.20467497,0.005529739,0.20426874,0.20652439,0.021691957,0.09884617,0.25693434,0.12056155,0.07933224
9916,0.15744624,0.12616768,0.019395001,0.03804893,0.38035256,0.19646966,0.023968533,0.54071856,0.08219912,0.09442999,0.026736757,0.026002532,0.1272424,0.032553263,0.036509007,0.12891154,0.00062716426,0.2452505,0.069834255,0.0038186419,0.029971004,0.28924698,0.042238396,0.02148687
9921,0.388584,0.33479986,0.03126479,0.05078954,0.20032834,0.21031559,0.076129586,0.34102136,0.14684838,0.16534658,0.03179022,0.08934804,0.27945432,0.0334268,0.03090186,0.1390219,0.00046750982,0.09240992,0.2851443,0.0025886958,0.02476254,0.36510864,0.08021334,0.053982675
9925,0.068645634,0.04406321,0.0029155284,0.008298925,0.49974,0.15249199,0.0027234254,0.5677359,0.035564773,0.033255845,0.005851586,0.0059261965,0.018550208,0.005887984,0.007171308,0.04779938,1.1397319e-05,0.21182856,0.02284257,0.00032035177,0.008313596,0.13409501,0.007262909,0.0042859297
9934,0.21850634,0.17746575,0.014344167,0.02788771,0.40714738,0.19436604,0.026647644,0.4236243,0.12344265,0.086291164,0.019194445,0.033406,0.09485967,0.020944495,0.027873376,0.09844119,0.00027716282,0.14608988,0.10806814,0.0029840986,0.032744188,0.25717735,0.050995063,0.026808122
9936,0.15565671,0.17251962,0.12304596,0.16311105,0.45125252,0.23299745,0.13435578,0.54544383,0.17046337,0.15214735,0.11787781,0.11167498,0.1525697,0.15545636,0.1227035,0.16246445,0.038526107,0.30176634,0.13688919,0.08064533,0.14326012,0.2275931,0.1376662,0.11289689
9940,0.066326186,0.061503578,0.016338028,0.037533693,0.33237886,0.11030276,0.039608333,0.5932921,0.04086531,0.04896802,0.016384155,0.02050594,0.06585454,0.035193086,0.018097924,0.054734312,0.0006142773,0.18989897,0.03782618,0.0039224457,0.020742094,0.14601316,0.027365481,0.016485646
9941,0.28428373,0.28268042,0.14586715,0.15334989,0.4440295,0.27596736,0.12566929,0.41584486,0.22516252,0.20853005,0.12689447,0.13315514,0.21653886,0.1586913,0.14866975,0.17528981,0.03866711,0.26580527,0.2149244,0.07882592,0.1651188,0.31957987,0.15576318,0.14829592
9945,0.24233656,0.16512685,0.0050488077,0.014851938,0.20893739,0.11632472,0.01372579,0.3699012,0.051844057,0.077308886,0.0044824057,0.012511691,0.13946939,0.0078241695,0.008534779,0.05674117,1.6220898e-05,0.12062686,0.08273804,0.00023529798,0.004498847,0.27211988,0.021244513,0.007680314
9949,0.044312466,0.052223597,0.0010198078,0.004763677,0.20020996,0.10837582,0.003219448,0.4828412,0.013448832,0.055793405,0.0025441782,0.0035029324,0.121146366,0.003644686,0.0021696473,0.09242805,5.362605e-07,0.19799964,0.027889576,2.2826303e-05,0.0015378741,0.28098089,0.0061957403,0.0016306271
9951,0.00681741,0.002048932,5.0912436e-06,0.00011410454,0.45958444,0.035012525,8.606495e-06,0.8555027,0.0011315158,0.0013354651,6.7636225e-05,4.5754394e-05,0.0016323242,9.388895e-05,7.954784e-05,0.0033856246,1.2353354e-10,0.65621465,0.0002656086,4.4810047e-08,1.8529065e-05,0.08893874,0.00014784509,1.0553066e-05
9952,0.060795154,0.038337063,0.0021670505,0.0061886827,0.5348208,0.16467729,0.00074269436,0.6419894,0.039602194,0.061333984,0.0060086637,0.004642835,0.038136534,0.006940084,0.009814802,0.061112322,5.722041e-06,0.57228684,0.011702453,0.00015415937,0.0038482957,0.2433214,0.004485313,0.0026119521
9961,0.03762483,0.031015113,0.0006699399,0.0019400795,0.3105159,0.1011739,0.0005680854,0.57625085,0.02566011,0.06306121,0.0016889706,0.0015887998,0.07689815,0.001973792,0.004631718,0.08464031,3.9659616e-07,0.4960537,0.0073735523,9.779957e-06,0.00080426293,0.22876312,0.002770888,0.0005275254
9965,0.43210486,0.3280318,0.03339057,0.04492827,0.22805974,0.2484888,0.05804173,0.3479772,0.16845621,0.15879014,0.03307109,0.07420476,0.3168129,0.031393617,0.039927747,0.19281314,0.0005573416,0.12406081,0.251183,0.0028364626,0.02761432,0.4918415,0.10401762,0.043142915
9967,0.23259878,0.08488262,0.0010708077,0.0045095594,0.27914405,0.33492485,0.0026907453,0.5375922,0.043638866,0.050010055,0.004997175,0.0065131835,0.094805375,0.0033972012,0.004731449,0.21220884,3.5848518e-07,0.20238893,0.07227585,3.5843277e-05,0.0019277502,0.5745779,0.012983205,0.0028430533
9968,0.2255704,0.19620343,0.019811431,0.032286145,0.4673187,0.19186874,0.024658041,0.35343012,0.1263459,0.11968399,0.019428754,0.03097707,0.14790961,0.02145295,0.038543127,0.08404811,0.00033566038,0.21887843,0.109356456,0.0027580233,0.019658877,0.2541294,0.041611265,0.026079208
9975,0.06516774,0.075986385,0.025631467,0.046321962,0.4573178,0.1760055,0.026551107,0.6654302,0.072561085,0.07620708,0.02795375,0.027412882,0.085168876,0.04849458,0.041826352,0.09671412,0.0012995118,0.3708776,0.044757415,0.007805114,0.033771567,0.1984718,0.040026225,0.021178082
9977,0.13671137,0.12813634,0.04600561,0.07887767,0.34974042,0.20435134,0.0920197,0.50492764,0.0890869,0.111933514,0.043768898,0.06581457,0.15237224,0.065158166,0.049507923,0.12301266,0.0028255312,0.23575498,0.104584284,0.010737472,0.04700132,0.2277705,0.07846946,0.045661747
9983,0.31460866,0.28968996,0.14355057,0.1644386,0.38502267,0.24269089,0.18314366,0.40431565,0.21606019,0.21335185,0.11439954,0.15360498,0.25161695,0.14978184,0.12319094,0.17819619,0.028172193,0.20692316,0.23762803,0.063922815,0.13353714,0.30111384,0.18363488,0.15197285
9984,0.14747779,0.17750652,0.116917,0.14078522,0.40546575,0.22487026,0.15598829,0.5133103,0.12965198,0.13440806,0.103985325,0.11602298,0.21761411,0.13970831,0.10186768,0.1887762,0.021047302,0.26719838,0.15458897,0.05508086,0.106702685,0.27651978,0.15139621,0.10218158
9986,0.020156901,0.015972914,0.0003801561,0.0020306914,0.51780725,0.059578195,0.00041466733,0.6855928,0.010666578,0.019009933,0.0015016756,0.0015132761,0.02880846,0.0029595022,0.004709888,0.053676877,2.6205885e-07,0.44910452,0.0037701444,1.749458e-05,0.0006887193,0.18531492,0.003508161,0.0004804692
9993,0.12083796,0.14008734,0.0072516026,0.020477224,0.2819502,0.10560269,0.042883746,0.45746005,0.054206282,0.06484383,0.007613176,0.025746446,0.09133163,0.015317838,0.009464285,0.043200355,7.9442616e-05,0.12101286,0.072069496,0.0005919949,0.0092505375,0.14356084,0.025090832,0.0106735695
9998,0.072202615,0.046895366,0.011840378,0.020591483,0.4266086,0.15591618,0.006328718,0.62708396,0.047521494,0.07250973,0.015111839,0.011026464,0.10427842,0.029582378,0.030229617,0.09300232,0.00019743055,0.5233209,0.020424014,0.0014577017,0.007890924,0.2999973,0.01539195,0.0067080553
10002,0.16621466,0.16142558,0.04853034,0.07903255,0.46039847,0.19697104,0.047342755,0.5267488,0.1325576,0.10329026,0.04598065,0.058161885,0.08973116,0.06193181,0.053171314,0.09610071,0.004401506,0.24275121,0.088611394,0.015403132,0.075841404,0.1751506,0.0602093,0.055303875
10003,0.21766582,0.22057636,0.059207737,0.08251282,0.30201066,0.19144848,0.14075373,0.46969116,0.118514396,0.118640535,0.063438505,0.08801156,0.214243,0.076684006,0.056923416,0.15834929,0.004254276,0.17095156,0.16599604,0.019722983,0.068580665,0.24765831,0.13136669,0.08400011
10009,0.12101861,0.097033694,0.013849886,0.034991555,0.45877406,0.16790457,0.019955855,0.5608462,0.07232933,0.062524825,0.021567475,0.021745186,0.051551666,0.025797196,0.028020484,0.06832419,0.00047583328,0.24620563,0.05336347,0.0034250796,0.026303176,0.18480396,0.025931472,0.01905853
10011,0.16932043,0.18407324,0.053872414,0.08275083,0.37159067,0.2000811,0.052242436,0.4871771,0.11476643,0.12222134,0.05847428,0.062483612,0.15732747,0.08833448,0.07858616,0.12792873,0.006433361,0.25230348,0.10990918,0.020513495,0.06056392,0.297113,0.08374282,0.054104723
10013,0.1326301,0.11855561,0.022810653,0.033920016,0.21972872,0.12781383,0.11168276,0.4523469,0.072357774,0.06890037,0.019538157,0.034731142,0.14243634,0.034116562,0.01688473,0.062585406,0.000672942,0.110341825,0.12259035,0.0033444562,0.025027111,0.15430856,0.041542772,0.027056487
10015,0.18118954,0.18462034,0.13399036,0.17717227,0.47396475,0.25503743,0.12930141,0.515342,0.18109041,0.16961703,0.11999509,0.118533954,0.1696772,0.1663672,0.14452009,0.17283791,0.043537423,0.28954315,0.15095736,0.09352119,0.15798707,0.25132605,0.14244375,0.11867198
10016,0.10510155,0.07098933,0.018179622,0.05546322,0.2455902,0.19498283,0.07314161,0.6446185,0.06335252,0.054825976,0.02405034,0.033197887,0.08522876,0.05042491,0.023528924,0.10148422,0.0007210164,0.18122947,0.06439947,0.0038485425,0.024624938,0.18848622,0.032368474,0.020489827
10019,0.03403049,0.027477747,0.0002493409,0.001423908,0.42860284,0.099471495,0.00044585607,0.6527729,0.007481948,0.012029438,0.00081365183,0.0011345654,0.02165263,0.0013150566,0.0017895194,0.0195956,9.911342e-08,0.34247628,0.007869827,9.847237e-06,0.000480632,0.15832226,0.001953126,0.0006262888
10026,0.11215201,0.095355414,0.012606446,0.022467202,0.39944053,0.15105641,0.009206595,0.43701333,0.040651076,0.06135835,0.012778242,0.015132235,0.10799236,0.02316529,0.029646201,0.110047735,0.00018771365,0.23655374,0.038900483,0.00211322,0.014801419,0.25610885,0.029137813,0.011510537
10033,0.2409443,0.25815716,0.2308337,0.24574248,0.4762897,0.2893511,0.22306098,0.48088908,0.24021114,0.22557282,0.19072652,0.19595972,0.24558666,0.24938321,0.22630714,0.22931248,0.13351591,0.3118525,0.21658254,0.18698399,0.23884842,0.3006224,0.22576244,0.2008184
10036,0.072126284,0.06275476,0.010872775,0.034493376,0.46030462,0.17510152,0.01752854,0.5816521,0.048890114,0.04347254,0.015380759,0.015048714,0.040088903,0.024737427,0.020007303,0.060132015,0.00036699293,0.17241345,0.030748067,0.0041084583,0.024151871,0.16079652,0.020237109,0.013176617
10040,0.20496681,0.19465807,0.062065136,0.10275359,0.36227942,0.24177513,0.12195605,0.5011599,0.15482414,0.15936168,0.06662009,0.085273586,0.19725122,0.1023312,0.07351345,0.13840115,0.006642723,0.22420196,0.163033,0.021962529,0.066752024,0.26293176,0.091360845,0.07030461
10043,0.2597973,0.27584726,0.01461786,0.029227655,0.3882009,0.1924937,0.03245924,0.2708077,0.14558089,0.114854164,0.019016879,0.0415892,0.12872726,0.016558284,0.023998948,0.13483806,0.0001867929,0.14116241,0.18065959,0.0013933372,0.028421758,0.19863974,0.045212775,0.024895035
10047,0.026247228,0.027629815,0.0013582814,0.005369181,0.5106019,0.098598,0.0010437772,0.6550292,0.021682104,0.030960424,0.0037192272,0.0033225934,0.018908596,0.0037717225,0.004671169,0.048318367,2.6754449e-06,0.3761544,0.009872223,0.0001060706,0.003957386,0.104585476,0.004183189,0.001656946
10048,0.06714544,0.061107896,0.033874087,0.05930613,0.41279095,0.16523015,0.044371307,0.68279207,0.0627082,0.06602694,0.03353382,0.028706906,0.08761746,0.071689315,0.04321354,0.10577361,0.0031389678,0.32824603,0.04171556,0.013216856,0.039930575,0.17175713,0.040482935,0.024603551
10049,0.14906575,0.16900754,0.16332841,0.19294769,0.512717,0.23664911,0.13471243,0.54706794,0.17286658,0.18025808,0.15751058,0.13212276,0.1843049,0.20142654,0.16247517,0.19345973,0.06425426,0.40149572,0.13485797,0.11588103,0.17488655,0.25120723,0.15567826,0.12536296
10055,0.1075286,0.083928145,0.0015798145,0.0032531559,0.1549804,0.08440676,0.0022420175,0.30920222,0.016012646,0.0605489,0.0015141693,0.0043757753,0.27338654,0.002843298,0.0029706738,0.05561899,7.05361e-07,0.13793619,0.022789307,1.8349541e-05,0.0006916694,0.33024856,0.007917675,0.0013642417
10059,0.1740795,0.15888482,0.067978,0.09677525,0.4439371,0.29967302,0.0696072,0.5678177,0.13873574,0.12855153,0.08524142,0.08357094,0.15761085,0.10326633,0.09470205,0.1566355,0.007938986,0.29376253,0.14011559,0.032471515,0.08592325,0.31659102,0.10033937,0.06956093
10060,0.1117704,0.07682111,0.023907667,0.03399367,0.44503626,0.25022516,0.012272051,0.5405062,0.06454169,0.078744136,0.01533186,0.019091148,0.117294684,0.02406742,0.034604553,0.072190605,0.0005278718,0.31266117,0.026610998,0.0032719092,0.014013886,0.27557868,0.019055499,0.013306709
10070,0.08974399,0.09478861,0.023753539,0.040595658,0.44284254,0.14483826,0.027865268,0.5028814,0.06569719,0.073768154,0.025384713,0.033574715,0.0775673,0.03969908,0.034433167,0.12239199,0.0008800077,0.2825969,0.0535086,0.005473057,0.042853884,0.15909272,0.04514792,0.024225852
10076,0.05603047,0.032607887,0.00062099146,0.002803148,0.49232137,0.1493173,0.0012858915,0.7480376,0.024973169,0.020085106,0.0017277676,0.0022450916,0.0104501005,0.0016954818,0.0022126671,0.0425332,2.3906424e-07,0.16957556,0.01718596,2.729084e-05,0.002175611,0.15749902,0.003279505,0.0012206063
10080,0.1428106,0.12964585,0.036832683,0.0668361,0.38953277,0.17131488,0.05992381,0.54582334,0.08891344,0.089631915,0.04581077,0.05291615,0.10737996,0.05937724,0.051163994,0.13341309,0.0026823452,0.24661973,0.08445454,0.011112703,0.054089364,0.2278507,0.07735919,0.039790466
10082,0.41321397,0.37314883,0.019855412,0.028720442,0.14839897,0.19207397,0.044465147,0.26384947,0.12618016,0.15864262,0.020939713,0.05670753,0.2940485,0.018950786,0.023145203,0.13418761,0.00017336667,0.089148514,0.23430929,0.0008880841,0.01702529,0.32025176,0.060992498,0.033366095
10084,0.2051144,0.05242963,0.0015559145,0.00779391,0.40305614,0.27809954,0.0055381972,0.55402553,0.019767053,0.027081827,0.004061711,0.0054350155,0.050596606,0.008474157,0.007984384,0.080753095,3.3279248e-06,0.1378509,0.029245919,0.0002061196,0.0039400533,0.46607533,0.0109612,0.0032778736
10088,0.16424611,0.18679939,0.11211849,0.12948608,0.3876278,0.19871639,0.11321529,0.46275198,0.15356222,0.15326977,0.08101623,0.09010652,0.19230117,0.12680286,0.108267285,0.13973816,0.026252696,0.26593366,0.12408037,0.053402647,0.10433376,0.22274783,0.102957204,0.085467644
10093,0.12682675,0.10367728,0.024090959,0.058269665,0.43098813,0.18912068,0.033570137,0.5967499,0.085691,0.09016694,0.031725,0.029382326,0.091003865,0.042946782,0.03545833,0.07005144,0.0013232216,0.29788727,0.061748832,0.008507544,0.029506903,0.19155756,0.041419484,0.029083258
10094,0.055918798,0.027807413,3.671026e-05,0.0005016673,0.2780743,0.09146488,0.00019160935,0.75612247,0.0064365584,0.0075606713,0.00022044695,0.0004979133,0.0056787217,0.00019660097,0.00036172473,0.017396191,9.631971e-10,0.09778722,0.007817827,3.330521e-07,0.00024210726,0.17745532,0.00076758605,0.00013694934
10096,0.14004818,0.12084151,0.038709324,0.0711057,0.48535645,0.23272501,0.036527596,0.6299364,0.11231581,0.09752048,0.05191193,0.044902507,0.08239765,0.0632752,0.059701715,0.1228793,0.0036243966,0.33873838,0.06401138,0.015760304,0.07412563,0.22134492,0.06269423,0.041236803
10098,0.18314429,0.14560023,0.0025001802,0.0057256063,0.24685451,0.1479929,0.0064287935,0.42649907,0.05218731,0.06889442,0.004545688,0.011613198,0.070384786,0.0042633605,0.0070069362,0.07670113,4.219142e-06,0.071649216,0.06623078,9.255987e-05,0.005526881,0.23725134,0.012096391,0.005167955
10102,0.19526438,0.2026491,0.16657634,0.20174755,0.44958505,0.24118455,0.19714873,0.5136852,0.1840265,0.16735725,0.14853536,0.14869428,0.21216175,0.21129866,0.16682059,0.19481087,0.084966704,0.28114626,0.16450001,0.1354607,0.19217683,0.24874681,0.18339898,0.14887473
10107,0.30209002,0.25760505,0.1248926,0.14237596,0.35995248,0.2704762,0.1553744,0.39634317,0.22016019,0.19057935,0.096949674,0.13943169,0.22023071,0.14573479,0.13170876,0.16530347,0.02886724,0.20808856,0.21926057,0.054198194,0.12805124,0.3308715,0.1561589,0.11400148
10108,0.23000239,0.16673678,0.03865728,0.06873919,0.28434527,0.21293455,0.085891455,0.48421383,0.118816435,0.11472883,0.04087017,0.060569726,0.14918013,0.06634204,0.059664093,0.13382228,0.0027109967,0.20686987,0.11927163,0.008898555,0.04282382,0.25388804,0.08729124,0.03864858
10112,0.3559875,0.2073904,0.01941884,0.044528246,0.19045207,0.35733008,0.06867265,0.4326672,0.10426284,0.107836425,0.028460966,0.049869932,0.20886032,0.028180607,0.03353669,0.2027291,0.0002337359,0.08649487,0.18845321,0.0020950781,0.02329481,0.506559,0.0732296,0.033835918
10116,0.03816777,0.020773677,0.0025454552,0.010886177,0.49288183,0.16918617,0.002146653,0.8559797,0.028933369,0.03191296,0.007948213,0.004658699,0.023050552,0.008809631,0.008122557,0.061093044,1.1199177e-05,0.6168369,0.01023599,0.00034381094,0.0056993538,0.18914388,0.007961253,0.0030127058
10122,0.18997584,0.21782598,0.14541124,0.15003832,0.48194367,0.22142552,0.12875909,0.43016738,0.18696131,0.1653582,0.10177096,0.1159887,0.17551059,0.15015835,0.13953876,0.1460623,0.048203308,0.27365175,0.1576053,0.08804804,0.15719315,0.23326835,0.13661478,0.114885546
10123,0.23114786,0.23063551,0.14894523,0.15843305,0.42181918,0.24602535,0.15748973,0.4775714,0.18410382,0.17449483,0.12606777,0.13880906,0.20152725,0.15202525,0.15437369,0.17608343,0.049670063,0.27434218,0.17786364,0.08757389,0.15442108,0.27278993,0.1730142,0.13052277
10128,0.4091296,0.15747975,0.0065058935,0.013274823,0.2947731,0.47138342,0.006396531,0.5206966,0.06732968,0.09144656,0.012892079,0.011659554,0.20289925,0.009475951,0.024563864,0.21086892,1.5893016e-05,0.14946498,0.104572475,0.00037903516,0.006891051,0.70080674,0.019485015,0.00813417
10130,0.2500152,0.27362677,0.20218343,0.20916975,0.3984089,0.26600614,0.2135752,0.4433342,0.21381049,0.2101651,0.15883707,0.1762828,0.28478637,0.21358503,0.17528963,0.1995457,0.08488388,0.26887438,0.22645493,0.12415443,0.18264684,0.2923414,0.19610974,0.19095832
10133,0.31290177,0.16532986,0.0051741507,0.010918274,0.18028916,0.20935872,0.019227836,0.4162637,0.06704931,0.071141005,0.0051498767,0.016539061,0.12901643,0.0074616466,0.008087424,0.06173853,1.4274962e-05,0.06489588,0.109100096,0.00021182273,0.0063308477,0.28594142,0.021194885,0.008763963
10134,0.4528124,0.37859803,0.005391813,0.013348979,0.1693039,0.15851492,0.026493529,0.19093964,0.13183877,0.17440605,0.008171345,0.033812847,0.3099924,0.008007399,0.007454428,0.061731517,1.2639484e-05,0.060431592,0.26734942,0.00017025495,0.006842002,0.28551218,0.032148827,0.01597856
10136,0.21230471,0.14869411,0.017112428,0.0139988465,0.5925217,0.2530788,0.0038760446,0.29355657,0.095214844,0.112755835,0.014268488,0.0137829585,0.10849494,0.014804057,0.03705582,0.048883133,0.000173589,0.23839149,0.07330528,0.0016444806,0.013458699,0.3155363,0.018889852,0.014628814
10137,0.16190146,0.14460875,0.012141507,0.02823094,0.26611766,0.12229102,0.04746326,0.4386754,0.06126273,0.061058167,0.014175097,0.029350795,0.10606574,0.023269633,0.018457226,0.089560576,0.00022135054,0.10048107,0.09859182,0.0015218781,0.020080065,0.19687991,0.043439865,0.017593194
10140,0.07654088,0.07303421,0.0021349548,0.0052792286,0.24762103,0.084123164,0.003436392,0.41932574,0.02791895,0.033416953,0.001655556,0.004937224,0.03628271,0.003853617,0.0026422562,0.021589128,3.278468e-06,0.087422214,0.020159887,7.0776136e-05,0.0019832926,0.10616823,0.0045634247,0.0019563045
10142,0.106337346,0.121170774,0.03408825,0.06296581,0.41510925,0.12680042,0.046861313,0.47545213,0.08094377,0.06530223,0.031037644,0.040894452,0.09483831,0.054382026,0.04230938,0.065150045,0.0029576472,0.24619552,0.083699554,0.011377585,0.042712197,0.1556487,0.058295302,0.03539635
10147,0.0847734,0.08051745,0.010137922,0.02990955,0.3728021,0.14357385,0.015184812,0.5038829,0.09240004,0.15765244,0.01980922,0.018097192,0.17680828,0.02515293,0.02149376,0.08859772,0.0001575154,0.4621394,0.04647136,0.00096350425,0.0095197745,0.23486374,0.020863703,0.010330727
10150,0.2051607,0.15996252,0.0147060435,0.022716198,0.20460306,0.1570347,0.0492144,0.4321835,0.0646538,0.10863047,0.011208326,0.030807931,0.25156733,0.024842143,0.018784288,0.115661085,0.00012253452,0.1310714,0.08310779,0.0011989698,0.01137796,0.2915072,0.045769,0.014948483
10156,0.1856142,0.10560492,0.019217348,0.039943866,0.34365794,0.20911795,0.028268863,0.532606,0.08121777,0.08707287,0.02096415,0.025930747,0.090835616,0.03487325,0.02866962,0.107387416,0.00039729621,0.18218124,0.07371891,0.0037885231,0.023948187,0.2835365,0.032302354,0.020552395
10160,0.2823271,0.29375997,0.05585868,0.057131317,0.42070174,0.16879943,0.06361355,0.3175059,0.15075183,0.16559286,0.041001085,0.056246746,0.19370681,0.05238721,0.06536095,0.09689701,0.0030961111,0.14465855,0.1826654,0.015947241,0.061427344,0.27323192,0.08913175,0.069530606
10161,0.16246606,0.12380205,0.01048803,0.035262268,0.124701396,0.12189387,0.19789636,0.50149596,0.07007828,0.061272148,0.014260496,0.049080085,0.14442132,0.03132643,0.010764147,0.11036684,0.00015389925,0.06318716,0.14056636,0.0013811272,0.018896852,0.17717245,0.057770833,0.020520562
10163,0.39088607,0.3704571,0.042170428,0.049016856,0.3410906,0.17709397,0.054596666,0.22200301,0.17992157,0.20213924,0.040574066,0.059593316,0.2830635,0.038211443,0.051910732,0.14511093,0.0011106266,0.10958381,0.2991942,0.004471078,0.036231864,0.32785562,0.09367533,0.06000286
10167,0.19301262,0.18686937,0.16045931,0.18746024,0.46945748,0.2526322,0.18483962,0.5323949,0.18034765,0.17954186,0.13561736,0.12933105,0.1887955,0.19035457,0.14708447,0.16650318,0.058334325,0.32223663,0.15482001,0.11125572,0.1607491,0.25383043,0.1473654,0.13789624
10170,0.040506963,0.024887737,0.004601115,0.012578793,0.54837394,0.1642557,0.0029642237,0.73503256,0.024283344,0.029918404,0.009191061,0.005450523,0.036324956,0.01350429,0.013739625,0.06589707,4.366128e-05,0.51833177,0.010351556,0.00056481786,0.0070140464,0.22586599,0.010474185,0.0031501916
10173,0.16654769,0.17158622,0.032963995,0.051261015,0.31721893,0.15730625,0.10657267,0.425094,0.10551256,0.1112216,0.028206116,0.053656753,0.14834733,0.06555766,0.04424813,0.099546425,0.0017920698,0.10564335,0.1306128,0.008909842,0.048894938,0.19385153,0.063428685,0.039748497
10174,0.056595318,0.04099353,0.0006282192,0.0037309313,0.2998924,0.048993886,0.0021600989,0.5094378,0.0104170805,0.016688028,0.0012840551,0.0023671845,0.03158945,0.0018680407,0.001646102,0.016892662,5.960117e-07,0.11468656,0.017107826,2.7935717e-05,0.0010544789,0.11853184,0.00473598,0.001291026
10175,0.20918192,0.20911627,0.08201761,0.11922076,0.4589228,0.257142,0.11323692,0.45887116,0.14944462,0.14173946,0.076128006,0.091834754,0.16811332,0.108182535,0.104658924,0.14147656,0.014147704,0.2564297,0.16047749,0.039435007,0.09005466,0.24938583,0.10959705,0.08880559
10176,0.14434104,0.15613285,0.060879804,0.07969995,0.37609208,0.1712748,0.06110304,0.4819227,0.1212985,0.16865969,0.055559985,0.06329186,0.21473591,0.08229388,0.07244256,0.17216791,0.0047498145,0.3139104,0.091489255,0.014727354,0.05350443,0.28434247,0.07813142,0.049194187
10178,0.20674914,0.19782794,0.08099771,0.10233749,0.37772474,0.23642558,0.07436134,0.48972538,0.13244198,0.15056403,0.07328303,0.07377894,0.1738475,0.10307295,0.08943909,0.16367462,0.010504233,0.24041533,0.13049379,0.03076746,0.08486647,0.28676054,0.09735299,0.07732244
10179,0.21612932,0.19939016,0.042250223,0.059975393,0.33564505,0.14460745,0.09275632,0.35681158,0.14938495,0.12141577,0.0343819,0.06521832,0.1751116,0.052428458,0.041972917,0.10649265,0.0023969293,0.15183169,0.13452253,0.008494418,0.045399535,0.21959338,0.07579632,0.0449288
10185,0.102069646,0.1458304,0.022252252,0.04006287,0.416003,0.10868512,0.04418086,0.44095162,0.08642467,0.06963529,0.024581905,0.037481632,0.074690685,0.03390179,0.03152281,0.065374345,0.0013866692,0.19198209,0.08445326,0.006682644,0.042978533,0.1258998,0.05729284,0.034274887
10188,0.24139066,0.2940079,0.09190286,0.10205254,0.39970526,0.19884712,0.12146844,0.43319216,0.17829996,0.17601141,0.089275196,0.11520487,0.19873151,0.11403107,0.11241017,0.17220727,0.014041066,0.20034942,0.19254154,0.039126426,0.12353303,0.26756164,0.15910561,0.109271795
10189,0.27859524,0.17439039,0.041935876,0.075082615,0.31433883,0.32160828,0.05456737,0.52866244,0.15158746,0.14772876,0.051884715,0.06311349,0.14899282,0.056427557,0.053219803,0.17019682,0.001590121,0.21590431,0.13548115,0.010031678,0.05338025,0.38464305,0.07794769,0.04948969
10191,0.078779764,0.072749704,0.016744254,0.03595345,0.42475396,0.17471637,0.027401173,0.61807793,0.058771625,0.057395983,0.02334437,0.021268157,0.06137416,0.038223725,0.024090765,0.08899156,0.00060978543,0.21440968,0.043699462,0.005502722,0.033742994,0.19716273,0.032761957,0.019168379
10202,0.060566794,0.06538346,0.013841331,0.026301987,0.35375974,0.114412434,0.0228025,0.5631038,0.03920803,0.0502718,0.014507411,0.014445605,0.07744168,0.02725834,0.020957835,0.045219075,0.0005040771,0.27241948,0.033525925,0.0029995765,0.01249783,0.13015264,0.02090781,0.011574085
10209,0.09580926,0.103000194,0.011672474,0.041434772,0.19492662,0.07721149,0.13290411,0.57334787,0.05882193,0.046366476,0.012984678,0.037555523,0.08455606,0.031645164,0.011598379,0.06624728,0.0004127656,0.102786675,0.08659586,0.0020870105,0.023889838,0.1000069,0.04547107,0.021713842
10213,0.19595261,0.15053062,0.05972016,0.088442,0.48021346,0.23093641,0.0606334,0.5525367,0.12677634,0.1227789,0.06661652,0.059502073,0.12975802,0.0934635,0.109395,0.16139129,0.00707407,0.34233803,0.11437428,0.029182883,0.07128673,0.31446496,0.10248023,0.059789848
10217,0.15118942,0.16176161,0.0870151,0.10396824,0.5511786,0.23633422,0.072582394,0.5228158,0.14343716,0.14194676,0.08304878,0.0748131,0.1291242,0.12331645,0.11039391,0.14119025,0.016194232,0.31057113,0.11640254,0.049186092,0.12505901,0.22742856,0.09497387,0.08240298
10221,0.06578371,0.048479095,0.0084074065,0.023505738,0.503428,0.19719528,0.0074088573,0.7061082,0.04006425,0.05172757,0.014153911,0.010184246,0.051977966,0.019917382,0.025209138,0.070035286,0.00014162592,0.41662344,0.024195984,0.0016612151,0.0109086735,0.21063825,0.014598079,0.007921991
10227,0.10418056,0.07752262,0.008217847,0.019178452,0.20931247,0.12573127,0.014089861,0.55389,0.038012516,0.07287843,0.006558772,0.011692724,0.18695132,0.016101724,0.014003152,0.06021599,6.792728e-05,0.21421288,0.045831252,0.00051127933,0.0043568825,0.26121172,0.016272185,0.0061297757
10229,0.07872847,0.057771754,0.007459175,0.034377325,0.32875183,0.14039071,0.036572758,0.561494,0.043750387,0.05419862,0.012807256,0.02407986,0.04897412,0.021538898,0.010655295,0.07499378,0.000116356234,0.15807463,0.05098331,0.001402598,0.0157835,0.12820883,0.022942858,0.01189289
10230,0.23541689,0.23477209,0.14237519,0.16837054,0.5054141,0.27647293,0.1257717,0.46764606,0.21283978,0.20203236,0.13554044,0.13119476,0.17957486,0.16020998,0.17703605,0.1896117,0.046067096,0.3020398,0.17730387,0.096510895,0.175552,0.31460097,0.16260739,0.13910162
10231,0.20113315,0.22178937,0.13854147,0.17621803,0.47526404,0.22344251,0.16236773,0.4747526,0.20791714,0.18571436,0.12286652,0.1387288,0.19974908,0.17238362,0.1431186,0.17877287,0.04656585,0.2895459,0.18503341,0.09796875,0.18733273,0.2543614,0.18108164,0.14598022
10233,0.09953447,0.098973155,0.029266367,0.060933806,0.40920258,0.15970522,0.03747476,0.571177,0.08149027,0.09991419,0.030579166,0.03980187,0.0999847,0.0632895,0.050076228,0.107211426,0.0018200012,0.3796955,0.04986206,0.008633307,0.034866713,0.19223322,0.045984734,0.026085936
10234,0.16070195,0.1965967,0.12391897,0.14613418,0.45937288,0.20193435,0.13058738,0.46146655,0.17788368,0.15318263,0.10419208,0.1127095,0.16101708,0.14177424,0.11243328,0.13951056,0.034763362,0.2685331,0.14433017,0.075934134,0.13987641,0.21815813,0.13246664,0.11996199
10237,0.31839994,0.30068633,0.055818353,0.07027672,0.36222723,0.24473232,0.06038979,0.323304,0.1435694,0.18482088,0.050431713,0.06414362,0.28307036,0.051495813,0.0671275,0.14114498,0.0028642048,0.15541863,0.22667396,0.010628096,0.04812689,0.36734182,0.09276457,0.07479731
10238,0.025470223,0.03198954,0.009813695,0.023272002,0.5528153,0.0864048,0.009518533,0.63803923,0.030554855,0.04060347,0.0109101515,0.009574282,0.037491597,0.022429327,0.016733471,0.04009397,0.00029871333,0.41936755,0.014260408,0.0021569908,0.013289114,0.07785781,0.012357888,0.0068743685
10241,0.15555017,0.09897205,0.00041882118,0.0035522878,0.15115684,0.104542546,0.018684244,0.5720427,0.03267638,0.024695067,0.0018070983,0.009607986,0.035549134,0.0030554049,0.001991032,0.052676745,2.651765e-07,0.05741029,0.083250865,1.7601464e-05,0.002207978,0.17481975,0.013196615,0.0023962713
10243,0.24678862,0.23472396,0.09112202,0.08784315,0.3845211,0.2510595,0.06451476,0.4192958,0.15496615,0.15889041,0.061952714,0.07680182,0.20702001,0.086890705,0.09255741,0.159252,0.0103663225,0.22169343,0.13321619,0.029288774,0.08523213,0.31171045,0.10977135,0.073338
10247,0.1360114,0.10425433,0.0043907226,0.013389465,0.36227787,0.15976237,0.014825275,0.49409962,0.055595513,0.07279837,0.007094722,0.013927837,0.09635784,0.010216064,0.011133179,0.10227123,1.4746673e-05,0.17013334,0.05156924,0.00025658336,0.006577839,0.326582,0.019197855,0.0064580846
10248,0.06729877,0.066530764,0.005170623,0.008238766,0.65134406,0.13251428,0.0018508884,0.4512402,0.040479433,0.044536058,0.0057124854,0.0055564763,0.024145398,0.0063033393,0.010935526,0.017915575,3.314354e-05,0.27684718,0.0163296,0.00059355824,0.0072599766,0.12259365,0.006321753,0.004621816
10252,0.18012409,0.17782019,0.0798458,0.1047662,0.4831838,0.20491278,0.06767913,0.49729058,0.14560184,0.15059137,0.07606359,0.07291638,0.13517429,0.09360742,0.09549463,0.12193822,0.012952834,0.28062624,0.11903223,0.038279865,0.10535715,0.22873223,0.0924586,0.07737054
10253,0.17129454,0.14975221,0.06473669,0.105646044,0.4208132,0.23651022,0.07365348,0.55453146,0.13700394,0.13722214,0.07459489,0.06677101,0.14107463,0.10665771,0.08808627,0.15999497,0.009244325,0.2694429,0.11234069,0.032585837,0.09449201,0.2714685,0.10282079,0.070306666
10256,0.14591266,0.048943534,0.0032626172,0.0071644806,0.50310093,0.3150057,0.0022183517,0.59421074,0.042431746,0.037957612,0.0059734406,0.004734807,0.05672094,0.006427883,0.010381572,0.075109735,4.497587e-06,0.3737358,0.022784853,0.00019941591,0.0039829076,0.47409245,0.006337672,0.0034736109
10257,0.23625548,0.13527428,0.008218597,0.018818947,0.26686987,0.22189662,0.019368157,0.45361122,0.075743705,0.09704057,0.01601201,0.027539495,0.11512538,0.016913582,0.014109394,0.16294329,4.5753917e-05,0.18611409,0.113112934,0.0007128692,0.016546065,0.27896023,0.040085264,0.01369139
10261,0.17248538,0.19432631,0.06992554,0.0915397,0.46510634,0.16897915,0.08194895,0.45801815,0.13915169,0.13618118,0.0711059,0.07988633,0.14439602,0.10634204,0.096380934,0.11495681,0.01156228,0.26539072,0.13837308,0.038803738,0.085663974,0.22363126,0.11999763,0.083049186
10262,0.16103575,0.14594136,0.020193491,0.034257248,0.46638727,0.1898586,0.016663946,0.43527243,0.090134785,0.08299994,0.019275753,0.025469618,0.07440561,0.023253623,0.038992707,0.07692261,0.00062362244,0.16936874,0.07671875,0.0045371694,0.031779546,0.21464527,0.036002595,0.020006983
10266,0.14592099,0.12543839,0.013294531,0.032675423,0.40514353,0.17500778,0.0127359815,0.48626083,0.07893695,0.0899934,0.015253061,0.018905353,0.08623819,0.019675354,0.02214657,0.07842668,0.00019847031,0.24128526,0.057312265,0.0021780003,0.019466475,0.21384735,0.026989406,0.015959475
10267,0.18047795,0.18124612,0.15475535,0.17574956,0.44547936,0.26757205,0.1655758,0.51710755,0.16639113,0.17648184,0.12016266,0.12137567,0.22488074,0.18699344,0.15044092,0.1876641,0.057352286,0.30270326,0.14114332,0.097976446,0.13485475,0.2749578,0.1410829,0.11358242
10273,0.0821277,0.060451187,0.007427297,0.010389192,0.5512551,0.17024219,0.0036166594,0.5819877,0.039138887,0.067326866,0.011871337,0.007691177,0.045800827,0.012804916,0.017892398,0.06821542,6.1115934e-05,0.38687667,0.02421475,0.00081801537,0.013090204,0.23314284,0.01125014,0.0066639674
10279,0.0662427,0.063815966,0.026089601,0.05973857,0.46985632,0.16898417,0.029469656,0.69505095,0.06782453,0.059047967,0.03393739,0.028078387,0.05808209,0.045207012,0.034366086,0.0676473,0.002036173,0.30079785,0.037199803,0.009645077,0.041281216,0.16881019,0.03749882,0.02332587
10282,0.21711482,0.19449131,0.10305065,0.11883926,0.42580077,0.25598276,0.104229525,0.4692334,0.16388893,0.16102278,0.09149601,0.10144263,0.1780913,0.13206933,0.1196509,0.18026985,0.019506613,0.2725629,0.1373838,0.05524645,0.10688715,0.29659954,0.1267498,0.091720805
10284,0.12302469,0.12047569,0.023485962,0.045971364,0.23721251,0.10980925,0.098982215,0.47700295,0.06613112,0.066554874,0.018625496,0.041188657,0.15771459,0.04394955,0.02120908,0.08979198,0.000843176,0.10530345,0.09922816,0.004488823,0.030967386,0.17398347,0.058663018,0.025631174
10285,0.20222744,0.15410826,0.005487546,0.014746435,0.19462599,0.15865818,0.042104762,0.5111886,0.06391653,0.07324426,0.009452473,0.02540163,0.093144156,0.01338262,0.008875871,0.079006284,2.2128645e-05,0.08677452,0.11325904,0.0004896725,0.010721019,0.21094063,0.033199865,0.013409157
10286,0.047512095,0.030055718,0.0012469777,0.008815012,0.23906296,0.13126703,0.0039138435,0.8042972,0.03377687,0.052232403,0.006578948,0.005761225,0.07953674,0.0066858637,0.0064046187,0.13010155,2.1944993e-06,0.6231065,0.011137064,5.1705283e-05,0.0022130387,0.31681213,0.008533253,0.0014808516
10288,0.30517724,0.30134514,0.0053452514,0.012880541,0.15229206,0.08439986,0.03336076,0.29062888,0.06349519,0.09072311,0.0072672144,0.039013308,0.16157895,0.0074971467,0.0053335563,0.07598518,1.3600895e-05,0.033754908,0.16891529,0.00024577643,0.007857491,0.25114852,0.042120647,0.015249961
10294,0.07798668,0.089034185,0.045581505,0.10166748,0.46656954,0.18800354,0.055146094,0.6629381,0.099380694,0.10506837,0.061051123,0.04995506,0.09026872,0.08427184,0.04522475,0.10454395,0.0061013578,0.36733416,0.062210776,0.021275438,0.072169565,0.16316608,0.0683481,0.045048937
10295,0.10712721,0.11422923,0.043377385,0.07366819,0.38051793,0.1789532,0.05543295,0.5402404,0.07059883,0.07102299,0.03784477,0.03911783,0.111889854,0.063949324,0.042792007,0.07567938,0.0048194374,0.23281462,0.069412716,0.0143694375,0.04455274,0.15977532,0.05636241,0.037370607
10297,0.30314565,0.11277084,0.007128188,0.017693996,0.42898148,0.3235776,0.005569449,0.4273949,0.09098438,0.13148902,0.010443156,0.01121846,0.11673065,0.008557275,0.018069295,0.09371893,2.3016453e-05,0.2108599,0.08981,0.00046394274,0.009724981,0.3332254,0.012912233,0.010576316
10303,0.23970729,0.26646307,0.18735434,0.17813079,0.4466801,0.25521898,0.17188035,0.43661448,0.21216527,0.20419805,0.13979684,0.16586514,0.24608853,0.19184127,0.16019644,0.18492664,0.066703014,0.2621196,0.21198909,0.12060557,0.19413783,0.2710865,0.19458082,0.16668013
10304,0.033581223,0.033138454,0.016464021,0.030820021,0.44998047,0.144166,0.010404603,0.71406394,0.039942224,0.06424655,0.01847163,0.014034399,0.09658069,0.042400546,0.03759162,0.10790941,0.0005187824,0.4901645,0.014354823,0.0039121415,0.01292161,0.23191094,0.018393155,0.0076071653
10309,0.10428672,0.06612649,0.0148894,0.042100172,0.4353475,0.19876918,0.023823759,0.67807496,0.06666971,0.0722469,0.02896537,0.026187846,0.101803064,0.036174703,0.037021086,0.15427294,0.00040052706,0.4168213,0.046994034,0.003932797,0.019559305,0.30758125,0.04080223,0.01602132
10312,0.27675778,0.28027284,0.027262399,0.046699636,0.14945069,0.14615925,0.13725981,0.2981953,0.10839262,0.14038415,0.027033834,0.08784419,0.3039484,0.031902324,0.021259723,0.17430015,0.00037138117,0.06408719,0.25349644,0.0024554401,0.024399912,0.35114965,0.09646927,0.042298608
10314,0.05096053,0.046887457,0.0068647657,0.02029336,0.4648273,0.16221143,0.010562892,0.6619173,0.046954196,0.05227949,0.010120959,0.014383614,0.047493927,0.016951118,0.011175839,0.09140769,4.7871177e-05,0.34632295,0.026169501,0.0009616626,0.0145571595,0.16599834,0.012458843,0.00742999
10317,0.21797474,0.19374552,0.09193357,0.13494267,0.44522485,0.27761108,0.11423382,0.5198922,0.17006975,0.16100381,0.12309036,0.103817545,0.16206023,0.12978424,0.10869111,0.22642788,0.01617675,0.29659387,0.16537727,0.050352298,0.12660822,0.33739823,0.13643834,0.102168545
10320,0.14661007,0.09926652,0.06298914,0.096409455,0.33462366,0.23980944,0.051098976,0.5175723,0.10614291,0.12188793,0.06642364,0.05022093,0.16921534,0.096839465,0.07315613,0.15259066,0.008292767,0.36715165,0.065863304,0.023803927,0.053108886,0.28054702,0.063726395,0.038460057
10325,0.27698183,0.20487575,0.026086459,0.059496786,0.24110389,0.22127639,0.07646183,0.5071193,0.1160288,0.13128182,0.031106146,0.05100358,0.19337617,0.03529207,0.03331454,0.13845024,0.0005841252,0.13702832,0.16052744,0.0032858814,0.03006611,0.31632012,0.06381511,0.03364292
10330,0.28486782,0.16278909,0.003907753,0.008041125,0.30962408,0.2521243,0.0031122318,0.46845055,0.11247921,0.13138448,0.008940861,0.012202143,0.1558347,0.005258902,0.012922188,0.25165218,3.0011681e-06,0.23727997,0.10615166,0.00011204183,0.005606056,0.4553643,0.01962208,0.0049004294
10332,0.1323458,0.08221594,0.00038353557,0.0019101023,0.2616296,0.07869567,0.0011772531,0.44910765,0.02181707,0.027814776,0.00097576686,0.0021100843,0.030411074,0.0010545683,0.0020643785,0.020344384,1.60779e-07,0.084748596,0.034238968,1.0051506e-05,0.0009979649,0.1550472,0.0034897148,0.0011185266
10333,0.15961283,0.15219283,0.050882973,0.08378855,0.44466764,0.1690349,0.07999045,0.50033486,0.097479396,0.09667447,0.05226293,0.057269335,0.13211161,0.0781854,0.05991359,0.1094494,0.005691968,0.27115998,0.10030762,0.021830674,0.06790712,0.22441323,0.07901138,0.05599041
10335,0.13353938,0.16021837,0.055804845,0.07435568,0.4490934,0.19541521,0.04273319,0.47134808,0.1433118,0.19880301,0.06000981,0.062480092,0.21617307,0.07279974,0.06835399,0.15134895,0.0038987505,0.4210653,0.095371395,0.011088687,0.045230415,0.26552,0.07071819,0.039095987
10339,0.10356054,0.07352269,0.00824294,0.021562831,0.51338303,0.18337202,0.007874467,0.51709735,0.07317494,0.07633262,0.011160978,0.010569392,0.042005945,0.014336093,0.016829979,0.051623862,9.633024e-05,0.24593198,0.038797382,0.0013333029,0.014366717,0.132508,0.0148801,0.010665168
10340,0.06447861,0.0804345,0.01533274,0.039010007,0.4547745,0.12975068,0.021455694,0.6056021,0.07597162,0.10167974,0.02265844,0.031954296,0.083064064,0.04120986,0.034653556,0.09323119,0.0005258437,0.38662022,0.05245622,0.0036497754,0.028368866,0.15618981,0.032589972,0.015941435
10342,0.17268488,0.2015647,0.021553593,0.045668766,0.323051,0.15597215,0.057852153,0.46904874,0.1272043,0.11955091,0.032046895,0.064642705,0.12442724,0.036920466,0.024601303,0.14514905,0.00046110584,0.1965818,0.13114642,0.0041533196,0.046270255,0.21529827,0.07349303,0.04001597
10344,0.65830874,0.525176,0.0014745938,0.0037245865,0.14167094,0.15252557,0.0023532351,0.10616782,0.087958366,0.12483644,0.0021365026,0.009509523,0.34853813,0.0011435645,0.0038136933,0.05583511,4.075999e-07,0.04644156,0.24893066,1.0818859e-05,0.0012866473,0.42887375,0.013494029,0.0054383855
10348,0.06405285,0.040761523,0.00271067,0.008822546,0.48780945,0.17979938,0.0013147797,0.6561425,0.027854925,0.04076161,0.006683917,0.0047051245,0.031081816,0.0055550486,0.007952253,0.06668335,8.689726e-06,0.26366857,0.01764894,0.00026997007,0.0055859475,0.24242648,0.006721419,0.0031791695
10350,0.13172689,0.11749935,0.022863498,0.048266802,0.4630065,0.21077241,0.034777805,0.55051756,0.081875995,0.07435728,0.025777359,0.035775073,0.0683721,0.042452533,0.03500846,0.07673052,0.0011238041,0.2523126,0.0679052,0.006993267,0.044046253,0.17550048,0.040838305,0.02819193
10352,0.093782626,0.05941979,0.013991056,0.016087906,0.5061786,0.29389045,0.0062873005,0.5837233,0.06989576,0.10338382,0.021346537,0.015955707,0.100005075,0.025134975,0.028210038,0.19445522,0.00011602806,0.48386985,0.027688093,0.0013085312,0.012724642,0.38837594,0.018296985,0.009162823
10355,0.12650043,0.11416055,0.019424034,0.034604028,0.3774194,0.18809344,0.025650896,0.51782686,0.0852489,0.112137645,0.022977924,0.024799889,0.13189206,0.03618985,0.028222542,0.09711957,0.0004476699,0.256026,0.07574389,0.0037071262,0.025848407,0.2430364,0.03258241,0.01839034
10357,0.2202201,0.19770911,0.050645497,0.060648467,0.40624988,0.22029331,0.055200852,0.41941857,0.14197288,0.14542072,0.04441333,0.047386035,0.15095495,0.04358444,0.057592306,0.10609951,0.0027351817,0.19302382,0.15683393,0.01133759,0.052514378,0.24130334,0.08261875,0.048467737
10361,0.13754986,0.09624587,0.028856063,0.06087046,0.49552062,0.23898168,0.020970134,0.6644479,0.108821765,0.11996474,0.043227695,0.035162278,0.12651876,0.058961328,0.062267255,0.19812526,0.0010547943,0.47000813,0.06024542,0.008166391,0.039596923,0.33698535,0.05602768,0.028882159
10362,0.21828096,0.23894231,0.1955876,0.20237829,0.4353294,0.26946983,0.20565994,0.45436445,0.20811373,0.2040964,0.15387082,0.16232142,0.24212998,0.19422656,0.16840583,0.19941846,0.088102154,0.28189084,0.20841154,0.13496695,0.1947212,0.2641654,0.18176287,0.161571
10370,0.13714878,0.14572956,0.06626476,0.09099762,0.5212199,0.22351699,0.050080262,0.52245754,0.124132745,0.1351649,0.07109805,0.060544748,0.10466212,0.083148114,0.08088714,0.13120756,0.009186776,0.30348033,0.090974644,0.033001073,0.09588961,0.20593134,0.078440845,0.060736377
10376,0.040566936,0.03135063,0.006845025,0.01944923,0.51783,0.13440533,0.0055442112,0.6660333,0.03144136,0.054202713,0.009904983,0.007288532,0.0601865,0.019097663,0.01618603,0.056044724,9.360861e-05,0.5650502,0.011449655,0.0010977475,0.006498454,0.17795229,0.008855118,0.005351994
10379,0.3034012,0.2108,0.017819045,0.02997322,0.293471,0.210566,0.022465693,0.4009967,0.113306195,0.13171917,0.015670959,0.036494814,0.1408668,0.029646283,0.029147578,0.07892502,0.00029043815,0.1357613,0.11490995,0.0023385442,0.025813188,0.24967733,0.0395908,0.023656012
10380,0.22164036,0.2317671,0.19462438,0.19585577,0.49746227,0.27020225,0.1667176,0.45055252,0.20097755,0.18899009,0.14464432,0.15284266,0.2352629,0.19185738,0.1961954,0.1985188,0.08190978,0.27655637,0.19303177,0.14106369,0.18821642,0.2968269,0.1879453,0.15432549
10381,0.2993125,0.22525531,0.05706512,0.091175124,0.25983605,0.23720497,0.14878486,0.45811823,0.13813327,0.13203204,0.06256181,0.10925161,0.20919825,0.07531155,0.06237805,0.16085015,0.004428588,0.15155399,0.20494099,0.013853854,0.060682368,0.31945628,0.13651927,0.071388155
10382,0.11362823,0.104297996,0.018117903,0.057013992,0.45550635,0.16390643,0.02979892,0.6059711,0.08863858,0.09878335,0.030949699,0.030469099,0.06988331,0.038088936,0.03387565,0.089936756,0.00084987783,0.30862373,0.06525438,0.0062073753,0.04194043,0.16266309,0.041462038,0.026619805
10385,0.2611792,0.22963351,0.050403364,0.071087256,0.3513339,0.23984347,0.04454393,0.44217542,0.16013736,0.17608663,0.04264541,0.05604215,0.20567797,0.05361148,0.059387557,0.099739365,0.0027378453,0.2137876,0.13631274,0.012600103,0.045197587,0.30783156,0.06335581,0.055710576
10388,0.12002919,0.11469242,0.08876748,0.120799445,0.4779188,0.22814892,0.08041281,0.5994645,0.12192229,0.1352935,0.102258466,0.07747997,0.13789895,0.14446801,0.1101438,0.18051942,0.01767646,0.45306343,0.079199284,0.04572612,0.09213445,0.23817994,0.096445076,0.066388346
10394,0.040639494,0.020897947,0.0016790669,0.005636027,0.32775718,0.12532842,0.0020955727,0.69931304,0.021644732,0.026753489,0.0029686184,0.0022633527,0.047008157,0.0056240675,0.00737925,0.05017269,4.9278688e-06,0.44387951,0.010473875,7.9105e-05,0.0018028463,0.2493326,0.0038490251,0.0012108929
10405,0.14296843,0.1589665,0.031483695,0.06128188,0.31943873,0.15682402,0.05951871,0.48303166,0.101465784,0.096214026,0.032243423,0.04443287,0.10642183,0.05565543,0.038077608,0.07209562,0.0025164185,0.1590687,0.10175252,0.011868708,0.049119,0.18277662,0.059856653,0.04266216
10406,0.24822521,0.23148583,0.08453946,0.11298348,0.36729187,0.26013213,0.13179705,0.47686762,0.15888232,0.1591084,0.07640958,0.099798635,0.17133112,0.108215705,0.09998491,0.15901665,0.012100739,0.18649201,0.17921034,0.0379507,0.099118166,0.28097326,0.13505816,0.098383844
10407,0.21430251,0.17486584,0.021058246,0.036326166,0.41708338,0.23331024,0.021224188,0.46213177,0.09296443,0.11827094,0.028987052,0.03322517,0.12722464,0.034357555,0.0427324,0.13444535,0.0004874855,0.22316124,0.105702065,0.0038556203,0.037188873,0.2880761,0.044269603,0.027935306
10410,0.19978954,0.194332,0.11295448,0.17390285,0.37895557,0.23431964,0.21334001,0.50788534,0.17210387,0.1657283,0.11122228,0.13839091,0.20622654,0.15904422,0.13070226,0.18329538,0.031561166,0.26478815,0.17642681,0.06687097,0.119749665,0.24010548,0.15664256,0.109289244
10412,0.065165475,0.07171565,0.023169564,0.037675966,0.34139606,0.14158641,0.022165056,0.52374434,0.051262107,0.07861467,0.016403386,0.019808155,0.11388119,0.036842857,0.029032571,0.097004056,0.0008535738,0.23992223,0.031054981,0.0042668907,0.021978749,0.17907305,0.028017102,0.014585437
10414,0.107598834,0.11074621,0.04790977,0.09201835,0.39293304,0.16462126,0.060407836,0.59091616,0.10701759,0.11889065,0.061236493,0.05812174,0.14640938,0.08449003,0.070337854,0.12940298,0.005336112,0.39279673,0.0803199,0.017619006,0.052019324,0.23329216,0.07426961,0.04230861
10415,0.26576883,0.17418453,0.015977036,0.027488185,0.32138166,0.21091023,0.02159809,0.41571754,0.10053345,0.11212872,0.013808838,0.027216425,0.1321652,0.019601634,0.025429524,0.06590693,0.00016260272,0.17330839,0.11150733,0.0013822522,0.014977116,0.28278732,0.03947287,0.018853845
10416,0.18443564,0.1755011,0.12938313,0.17327558,0.40011635,0.22971727,0.1854826,0.53963244,0.1602364,0.14105481,0.11223437,0.11793259,0.17815147,0.17897078,0.12350582,0.15995318,0.043320633,0.2580382,0.14968495,0.084913865,0.13807209,0.24324873,0.15285796,0.11398754
10417,0.1550808,0.16358756,0.105828404,0.121629834,0.34433424,0.2076709,0.116886415,0.48439816,0.11301653,0.1339494,0.07333792,0.081871495,0.21406837,0.119436264,0.0935859,0.12074697,0.023382725,0.23580769,0.11512295,0.043829124,0.07714063,0.23975842,0.09646802,0.07168694
10421,0.12247026,0.12960382,0.05432795,0.07484449,0.41208518,0.19299589,0.06711424,0.5083569,0.10573306,0.09924267,0.05078733,0.064771295,0.10898701,0.07191074,0.062461168,0.105876625,0.006612218,0.2794708,0.09132765,0.020179536,0.059304126,0.19166969,0.07246087,0.045423634
10429,0.16017435,0.17114955,0.097227834,0.13507864,0.4576808,0.22400379,0.10754478,0.49558315,0.16013846,0.12073022,0.084223755,0.095102735,0.13920386,0.13142407,0.11330434,0.13541068,0.023755029,0.26335055,0.1358372,0.060133494,0.12223374,0.23156872,0.110240735,0.09634918
10439,0.07082194,0.08839571,0.010488518,0.01921593,0.40330786,0.0682297,0.02779374,0.42717984,0.049192194,0.0515533,0.007953315,0.020557772,0.08243688,0.021300152,0.013901312,0.051689178,0.00018047696,0.1558847,0.05162419,0.0014904708,0.017274916,0.10359189,0.023527801,0.010512111
10440,0.042736318,0.045542408,0.02010344,0.043434434,0.32600302,0.115664974,0.031797506,0.6827829,0.046574075,0.07246444,0.021096935,0.022626117,0.11469641,0.052425195,0.029797994,0.10231202,0.0008378093,0.3764796,0.02568558,0.0040668263,0.015813055,0.16175625,0.029366033,0.012157176
10444,0.25046095,0.16800587,0.003860612,0.009197282,0.36633718,0.19365571,0.010678493,0.27952638,0.049839012,0.072951734,0.004510272,0.010706159,0.1446627,0.0058586337,0.0074520083,0.05663762,6.3955854e-06,0.06868793,0.0769914,0.00015510939,0.004157515,0.315965,0.012459243,0.0054801763
10447,0.12287954,0.120263524,0.02006681,0.04214487,0.46567357,0.17329878,0.024490615,0.55933666,0.09460009,0.09504095,0.026215281,0.031651158,0.101657175,0.040540285,0.037453484,0.08295399,0.0007396266,0.33768284,0.067702025,0.0049574636,0.028572222,0.20596601,0.042142887,0.024558919
10449,0.21520229,0.16089733,0.07000228,0.10410727,0.36244428,0.2822431,0.11166077,0.4987683,0.15369213,0.13797946,0.06896673,0.087585986,0.17166698,0.09345157,0.085230194,0.1616136,0.00769757,0.24085304,0.14518873,0.028574752,0.08091306,0.29699853,0.09773515,0.07311426
10450,0.2193874,0.24032874,0.20463264,0.23075302,0.449174,0.25806418,0.21791062,0.46800232,0.22145563,0.21634957,0.17416188,0.19418499,0.23002529,0.22948839,0.18488239,0.23706184,0.09768214,0.29286334,0.22705953,0.16064925,0.22478212,0.26666084,0.22266047,0.18659616
10454,0.20863776,0.1833466,0.036677364,0.06422364,0.34071353,0.22104615,0.07853362,0.4411029,0.11346936,0.1255623,0.03704133,0.064174265,0.17615294,0.05521401,0.049387537,0.13231745,0.001867598,0.19348547,0.1448878,0.008876971,0.043225914,0.27812922,0.08519433,0.04255387
10455,0.15846191,0.16894254,0.12719804,0.15018786,0.4264783,0.19789644,0.13645019,0.50786495,0.15172355,0.1452342,0.10085435,0.10026154,0.16594128,0.15098445,0.1222279,0.13310713,0.039380867,0.28378162,0.1421016,0.076108254,0.12243804,0.21023898,0.12699479,0.105428115
10457,0.07563972,0.07041735,0.00056273135,0.0033487612,0.23289017,0.10513916,0.00429801,0.68101424,0.04827228,0.05397341,0.0021727174,0.0053810882,0.05524146,0.0021933443,0.0017091539,0.08254097,1.251453e-07,0.1658323,0.033488143,7.670377e-06,0.0014500826,0.19812411,0.0065320255,0.0014293427
10459,0.02643802,0.025871497,0.0041763815,0.021459755,0.32669663,0.07637827,0.015145906,0.7322634,0.019794373,0.026658574,0.0066185137,0.008494708,0.040744994,0.016923113,0.0076996437,0.03719779,7.1296316e-05,0.3707921,0.011363547,0.00054068293,0.0049691177,0.08114701,0.0085482,0.003992409
10460,0.16665532,0.16351165,0.08175525,0.14387788,0.45425123,0.20615979,0.11673554,0.53734815,0.14539975,0.1374868,0.091317825,0.095549956,0.17654347,0.13121445,0.099132255,0.15963024,0.02081561,0.37072253,0.12711442,0.046105217,0.11652739,0.23489453,0.13651846,0.08211906
10466,0.07703407,0.08401396,0.04371201,0.05705039,0.4768758,0.14208883,0.039735988,0.5724995,0.10087916,0.12232551,0.037784338,0.034402248,0.12369273,0.078862146,0.058791935,0.122106224,0.002864774,0.4490329,0.05172488,0.010375123,0.04239833,0.17102116,0.045248915,0.029668164
10470,0.05238701,0.052573152,0.015113038,0.033662695,0.4947515,0.13671887,0.015257826,0.6109824,0.050828468,0.061640374,0.019081159,0.017634075,0.045334578,0.025232423,0.023278251,0.05180924,0.00046370976,0.24967706,0.03504681,0.0036908183,0.028163478,0.11566531,0.019568475,0.013631596
10475,0.23782185,0.25444928,0.22671591,0.23014288,0.44037277,0.2940448,0.22191982,0.48014274,0.2350945,0.22356142,0.18722719,0.18429783,0.26830348,0.23531316,0.2103277,0.21754853,0.12624733,0.30512613,0.21950425,0.16771695,0.21544251,0.3035414,0.21005265,0.19267607
10483,0.09623053,0.09747778,0.018066116,0.031899177,0.5393115,0.14511436,0.016209805,0.49750867,0.08213492,0.08100934,0.020545779,0.020840636,0.06952149,0.028726095,0.031679243,0.065564804,0.0006336715,0.28025028,0.047090594,0.0047709546,0.02851231,0.1638127,0.028299818,0.020524368
10484,0.24877198,0.23052482,0.032807574,0.06716967,0.23029205,0.1775772,0.12102533,0.47607747,0.12411912,0.12894398,0.037168033,0.07919009,0.20404512,0.050143354,0.03897845,0.12509114,0.00134579,0.14222848,0.19423105,0.005841415,0.04441083,0.26038605,0.083077095,0.052853007
10485,0.06409405,0.04229735,0.008526083,0.023557015,0.34551552,0.13080093,0.012484466,0.6931045,0.034092043,0.036171433,0.008729826,0.010909599,0.048519418,0.026115159,0.014738914,0.04083384,0.00013766787,0.29792953,0.022100251,0.0013462297,0.009585403,0.14728382,0.01288743,0.0075342306
10486,0.16668321,0.1607863,0.05645958,0.08638338,0.42621285,0.22142594,0.10006664,0.5256997,0.12889412,0.11965597,0.060758244,0.08049421,0.119902864,0.08607143,0.07348466,0.14353053,0.0059486832,0.2256731,0.121800646,0.021795463,0.0753873,0.23783442,0.08888202,0.063291125
10492,0.10144426,0.088594146,0.028465532,0.042890918,0.49383733,0.22463928,0.019446757,0.6014993,0.07871994,0.091098145,0.037061792,0.03234426,0.06917564,0.042818718,0.04096257,0.083112605,0.0016162635,0.29958406,0.05223258,0.008892926,0.04618764,0.19207416,0.034167234,0.024202565
10493,0.22981404,0.1838245,0.0038895833,0.012625757,0.29187265,0.16146763,0.006967064,0.412761,0.063180774,0.074471995,0.005849085,0.010234252,0.18835634,0.0059673707,0.010056389,0.03271717,1.4427261e-05,0.11215305,0.07253084,0.00019845043,0.0026219238,0.2743534,0.013965766,0.009138339
10494,0.1557176,0.13234417,0.05141404,0.08408957,0.39265573,0.20946154,0.06273916,0.5328696,0.10951593,0.120189525,0.052111685,0.054072786,0.15544909,0.07755752,0.061842497,0.1386455,0.004134062,0.2584882,0.10709273,0.016112162,0.056762464,0.26658976,0.07327393,0.048478752
10495,0.15093863,0.13222343,0.03153623,0.058618333,0.31920943,0.18855141,0.07840474,0.49749506,0.123625256,0.15198,0.037806872,0.061841726,0.1637517,0.06283212,0.04368731,0.14657521,0.0014108502,0.24316691,0.111216955,0.005861573,0.038981237,0.23565683,0.07140517,0.031564165
10496,0.17832704,0.14746149,0.0061636325,0.018270131,0.35803333,0.18415786,0.0128690945,0.46512288,0.09164883,0.089502886,0.015330536,0.030528948,0.08403885,0.010853777,0.011319165,0.11594564,2.2846534e-05,0.2201233,0.09282705,0.00046989293,0.016366899,0.22121224,0.024847206,0.013721758
10497,0.12683475,0.14525828,0.08163025,0.11841795,0.4602482,0.21220349,0.09549561,0.552188,0.13602754,0.13547723,0.08022175,0.086157,0.12704727,0.11738735,0.08778596,0.15364027,0.0151462555,0.31208852,0.10143937,0.04350871,0.10702912,0.18939176,0.1027909,0.075564496
10500,0.41128063,0.36411393,0.018226894,0.015104432,0.45060804,0.25696272,0.009231573,0.2214325,0.14454637,0.19604968,0.022757985,0.02957661,0.23211558,0.012902604,0.050505176,0.17956579,0.00010211505,0.1648543,0.2059285,0.0010295998,0.016728742,0.5125773,0.060743235,0.02142588
10501,0.054886483,0.040628385,0.007118604,0.01629633,0.34476665,0.119881585,0.01010836,0.62198246,0.033407647,0.057398576,0.007281353,0.009084105,0.08562267,0.01615861,0.010965403,0.049476836,6.499128e-05,0.31487882,0.020647265,0.000693052,0.0065299002,0.16606033,0.012354921,0.0057518175
10507,0.048161134,0.05441519,0.012810843,0.03515982,0.37345523,0.09171756,0.02823355,0.61522746,0.039064545,0.03880475,0.01275078,0.015620919,0.05866843,0.031554442,0.017563622,0.036539983,0.00063940446,0.24298772,0.030605413,0.0036411171,0.01711928,0.09302106,0.02116526,0.011243427
10508,0.04731826,0.04157746,0.010206309,0.022849454,0.45541933,0.11874876,0.009584624,0.6514792,0.037494283,0.04452213,0.013422392,0.012050152,0.037969775,0.024873907,0.017280769,0.04726343,0.0002894662,0.32505938,0.018823026,0.0024432964,0.015342734,0.12549584,0.014780983,0.008420527
10510,0.21470183,0.19129431,0.09076901,0.10590292,0.4560979,0.25517032,0.07245701,0.54731226,0.13655515,0.13700603,0.07719077,0.0747522,0.14357841,0.10298484,0.10095939,0.13026857,0.013333425,0.24393351,0.12381918,0.03719408,0.0927162,0.26874664,0.1034872,0.08443378
10514,0.11736595,0.1538708,0.06978906,0.11108698,0.38389915,0.18246049,0.14531326,0.5437478,0.11070111,0.11910312,0.07251442,0.09338831,0.13943392,0.107597716,0.07786147,0.17040367,0.010157066,0.21746916,0.12569055,0.031907737,0.10275887,0.2011852,0.112953424,0.07028833
10518,0.051976528,0.055285033,0.027972374,0.05308315,0.51333004,0.11782774,0.026548143,0.615593,0.06580295,0.06862218,0.02888989,0.02477656,0.07420912,0.057512518,0.04313189,0.09308235,0.0019116875,0.4440205,0.031063775,0.009231652,0.03308108,0.15290715,0.03753836,0.019124413
10520,0.15794325,0.13167308,0.018431816,0.037090987,0.37260824,0.17726858,0.030778134,0.50861084,0.089666896,0.100914635,0.018073002,0.025054231,0.1069093,0.027734565,0.028601978,0.08256342,0.00033767795,0.22944175,0.072759904,0.0027245732,0.026203102,0.19548826,0.03306389,0.022127196
10525,0.005329228,0.0026070797,1.3102943e-05,0.0005997876,0.52524364,0.05290347,0.00013108028,0.88195777,0.004109582,0.00828658,0.00016934858,0.00025008302,0.0023024792,0.00031810327,9.4768846e-05,0.024431419,3.1775474e-10,0.4898433,0.0011541656,1.72095e-07,0.00017321548,0.033674262,0.00029602114,4.531146e-05
10528,0.11067651,0.11469518,0.042728387,0.08318619,0.31570095,0.14308509,0.108801216,0.5327219,0.082304195,0.083141714,0.036978673,0.0583435,0.11114767,0.084179394,0.03833935,0.10956045,0.004146063,0.20235892,0.08327194,0.013224389,0.05350724,0.14948489,0.07260824,0.04053807
10529,0.16954255,0.20764725,0.06825038,0.07485455,0.40231368,0.15712802,0.065559804,0.3825573,0.11811004,0.12430604,0.045029886,0.054139193,0.1776224,0.07353013,0.06634739,0.095832646,0.0077104853,0.20354007,0.116173945,0.023853652,0.061344452,0.19754356,0.08113263,0.058378488
10531,0.017123586,0.017588792,0.0040282668,0.013153219,0.6295573,0.089033276,0.00228689,0.7539077,0.019278642,0.028348126,0.008123103,0.0044327676,0.019418618,0.013040506,0.010651928,0.040500052,5.214783e-05,0.561417,0.0071894643,0.0008255284,0.0100603355,0.11087945,0.007048744,0.0030840174
10532,0.370135,0.20294452,0.010664961,0.022408243,0.37613854,0.36893335,0.009913278,0.4881563,0.098015875,0.09596297,0.024426533,0.026808,0.12263742,0.012650432,0.027343528,0.120561324,7.95247e-05,0.18088852,0.12585978,0.00109269,0.014153784,0.505397,0.04021618,0.022370877
10534,0.09536311,0.09240804,0.072087415,0.11130136,0.46248776,0.21416774,0.080912694,0.60015863,0.1018582,0.11536559,0.08241009,0.0741713,0.11149974,0.09697791,0.06770041,0.13484101,0.010848853,0.32139385,0.079635516,0.03553833,0.090514824,0.20009467,0.07721133,0.059857335
10535,0.3174055,0.25498474,0.060567033,0.070957914,0.344078,0.2601418,0.061791606,0.33671138,0.15725732,0.14728099,0.05019518,0.06895121,0.21672247,0.0523486,0.06265118,0.13697919,0.0036099039,0.15108854,0.17610332,0.012426072,0.0538735,0.3461748,0.09349229,0.06345784
10536,0.00065255124,0.00037363142,2.6851942e-05,0.00052259234,0.60383964,0.030692585,1.9563744e-05,0.9660605,0.0011865665,0.0028084726,0.00024308123,6.159219e-05,0.002264003,0.00056628627,0.00049642124,0.016908737,6.2038006e-09,0.86743146,9.018592e-05,1.0952672e-06,7.972819e-05,0.045353953,0.0001594123,1.5590498e-05
10539,0.16353184,0.19983499,0.071675576,0.10630913,0.5007796,0.1893645,0.09772588,0.4649288,0.14201623,0.14533158,0.08129365,0.07998652,0.17464156,0.11055825,0.093971744,0.13399118,0.0129751675,0.28280163,0.13340615,0.03923333,0.09429001,0.21879247,0.11983803,0.088176854
10543,0.19305651,0.18899676,0.056327887,0.106056556,0.360195,0.2044406,0.106101684,0.5294136,0.1350576,0.12933181,0.06811143,0.088170685,0.1669629,0.098377034,0.06605602,0.12933074,0.007002555,0.28404373,0.13649732,0.020246908,0.06967728,0.22335242,0.106763326,0.070669636
10544,0.17842482,0.14500108,0.028795661,0.06811299,0.27158836,0.150021,0.13632555,0.48928663,0.10871379,0.11435416,0.029807262,0.05843517,0.16245632,0.059373423,0.032177307,0.083579645,0.0015886341,0.18272176,0.1000114,0.005839571,0.033027776,0.1852379,0.05492392,0.034504294
10552,0.10545283,0.1274847,0.060146853,0.09461757,0.5632982,0.17988797,0.05756594,0.56977594,0.1364756,0.120476805,0.07060216,0.061655678,0.10015586,0.10383277,0.09161702,0.121735565,0.01114825,0.35508248,0.07902967,0.03797051,0.10552728,0.18255898,0.08488925,0.059712347
10554,0.07432295,0.07779231,0.019675694,0.055014327,0.44839627,0.13663727,0.032896753,0.6629292,0.063073896,0.058817998,0.029737653,0.028278807,0.049267117,0.038144484,0.025536433,0.062328383,0.0012194192,0.24969357,0.03919756,0.0075925062,0.03401569,0.13261712,0.032946005,0.02369534
10555,0.029239936,0.015707344,0.0009103367,0.008952457,0.28910238,0.12741251,0.0055850022,0.88030016,0.009597695,0.015138141,0.0037939658,0.0040643658,0.027834764,0.004907699,0.0027233362,0.06701018,1.405203e-06,0.3792335,0.011617633,6.376587e-05,0.0028577067,0.1897199,0.007530092,0.0015328667
10566,0.08480285,0.04156754,0.00048268432,0.0025376966,0.57772595,0.24004954,0.0007466542,0.6834779,0.031033777,0.033966772,0.0060033007,0.0041099,0.013870768,0.0027592068,0.0051104263,0.10897598,1.8848463e-07,0.37665132,0.02582984,2.1590684e-05,0.0021970063,0.37643754,0.005117244,0.0014629248
10567,0.38464648,0.4024827,0.0631844,0.07203217,0.3166595,0.21842223,0.09037921,0.2653661,0.16401288,0.20871027,0.06544196,0.12393237,0.3919845,0.056987096,0.052835643,0.20247124,0.0021979546,0.14286338,0.28376636,0.008335325,0.056128863,0.42138228,0.1694416,0.090380944
10571,0.2629916,0.22794947,0.06464292,0.10000643,0.45997417,0.27020684,0.09160886,0.49324238,0.17962149,0.18644503,0.08797242,0.0909818,0.18888667,0.10730485,0.107298024,0.17612569,0.0065352637,0.2858989,0.18484445,0.024715194,0.07837889,0.33663097,0.12587856,0.08507033
10578,0.06809352,0.069148764,0.017891124,0.031828105,0.5316074,0.14506581,0.011193564,0.53581756,0.063899726,0.06684847,0.0223237,0.01948261,0.04678912,0.029546194,0.030450845,0.07227717,0.00077612506,0.3833001,0.026962724,0.0044720573,0.025409147,0.19093172,0.026102144,0.01473827
10583,0.2674445,0.18985608,0.0035315254,0.014873588,0.17925972,0.16079652,0.02556552,0.4400403,0.052315716,0.10304022,0.0065763746,0.022317603,0.12929901,0.005802527,0.005732443,0.068248585,5.5355627e-06,0.056869864,0.13436131,0.00013805093,0.00636029,0.27892452,0.022299439,0.009655655
10584,0.11285581,0.104942486,0.014844279,0.038690556,0.2675425,0.11860103,0.06064187,0.55422145,0.05895385,0.05961951,0.018505448,0.03161724,0.105058566,0.031849667,0.019065574,0.05785212,0.00044813805,0.16646785,0.0730085,0.0019054256,0.019876195,0.17912827,0.036805082,0.017697468
10586,0.056363422,0.031038972,0.00014628406,0.00048747341,0.59406614,0.11305363,5.239122e-05,0.62206495,0.011800965,0.017751034,0.00046147982,0.00030077546,0.012422492,0.00030827752,0.0011018835,0.0068628443,1.1335287e-08,0.13476923,0.0054302774,2.713288e-06,0.00036484652,0.34094822,0.00052160764,0.0002614048
10587,0.27183554,0.31604385,0.074309945,0.079936154,0.5035033,0.21236469,0.071568966,0.38212097,0.19831382,0.18897933,0.08638614,0.09792596,0.19740611,0.07840689,0.11343298,0.17592269,0.010141944,0.25078198,0.20658039,0.027824488,0.104300655,0.337833,0.14243218,0.100396104
10588,0.20037547,0.22661415,0.04196566,0.05871005,0.46244064,0.19415858,0.07034606,0.4486716,0.16793388,0.12222428,0.055411782,0.07573216,0.14561093,0.058394812,0.058662556,0.13381228,0.0035576068,0.2541253,0.1447902,0.014521556,0.095105626,0.20754379,0.086583205,0.06368092
10592,0.07439686,0.043279402,0.003373685,0.013435944,0.40286595,0.16886243,0.0042623873,0.7161213,0.031923197,0.036026526,0.009276099,0.006723938,0.03720909,0.008771236,0.011492988,0.084797636,2.1246435e-05,0.3674051,0.01688756,0.0004341162,0.007212267,0.28038737,0.0149391815,0.004521228
10594,0.24979202,0.18470307,0.029329492,0.05476457,0.30227807,0.21152246,0.029391466,0.4315684,0.11161665,0.105984636,0.027902694,0.037703246,0.15071027,0.03326065,0.037507236,0.10065023,0.00082081853,0.21092342,0.11526117,0.004897717,0.027614806,0.29791677,0.045875143,0.03489803
10595,0.03428166,0.023706729,0.0017308389,0.0051378296,0.43781486,0.1073841,0.0008394618,0.70777726,0.024174519,0.04801853,0.0031925633,0.0019390603,0.039940134,0.0038734442,0.0042978837,0.046136245,2.016367e-06,0.4530526,0.0065233205,7.682558e-05,0.001813577,0.18924253,0.0025315813,0.001219766
10596,0.3842236,0.20691143,0.02077876,0.03835107,0.30949357,0.3667032,0.022259085,0.49807185,0.1165116,0.15533671,0.028604422,0.03866274,0.18875232,0.03277127,0.045415547,0.17261744,0.00032795902,0.23578323,0.12043348,0.0028339473,0.024358667,0.5336997,0.057137456,0.029002806
10599,0.2549372,0.15139355,0.00019796153,0.0020299784,0.14431676,0.082841516,0.006255797,0.47754034,0.025589794,0.030816875,0.0012580636,0.009079024,0.027690455,0.0008367482,0.000832489,0.02631339,3.8626094e-08,0.074420206,0.087547466,2.8127065e-06,0.0012188939,0.13564503,0.010930097,0.0027744067
10602,0.17934388,0.16766971,0.1064982,0.11423184,0.44719723,0.2369071,0.07961662,0.47075415,0.13901506,0.14622267,0.07448192,0.072320126,0.17313601,0.113355376,0.10545159,0.14465651,0.017725177,0.23474206,0.118973866,0.05235156,0.10160527,0.26814765,0.09611341,0.08023021
10604,0.37503892,0.3349575,0.010701349,0.017287321,0.15782107,0.20905621,0.02836276,0.3259721,0.10092441,0.10697107,0.012458984,0.03063559,0.20448813,0.012239989,0.018413844,0.086435705,6.0833117e-05,0.03943707,0.26025918,0.0005705946,0.017804295,0.36763373,0.033649527,0.022136455
10610,0.17797159,0.18510632,0.09840876,0.12853199,0.3733908,0.23677997,0.115983136,0.48770443,0.15012076,0.13995148,0.07834485,0.0915369,0.17420527,0.12035346,0.09932344,0.1534157,0.01955188,0.22427768,0.12007535,0.042322613,0.096298225,0.24515212,0.10207975,0.081127025
10615,0.17178111,0.11734488,0.01173235,0.01963062,0.20783389,0.18562335,0.015068091,0.49879062,0.054123383,0.09516321,0.01261423,0.017149521,0.33948082,0.019529914,0.018194437,0.19412377,5.3674925e-05,0.15276268,0.084128566,0.0006451397,0.008601122,0.49954084,0.038588665,0.010914278
10616,0.18282892,0.19437824,0.13074178,0.16395697,0.47641626,0.2279269,0.15463981,0.5056411,0.179887,0.16232204,0.118533984,0.12254381,0.1690177,0.16802213,0.12821618,0.16479877,0.04707688,0.27343437,0.1530076,0.094724335,0.16747303,0.24552573,0.14799036,0.1271465
10617,0.19483402,0.18361995,0.09365306,0.12350084,0.47123292,0.2477456,0.08907831,0.48700917,0.17433657,0.17375405,0.08448614,0.08483794,0.17929243,0.12410945,0.09520876,0.15792318,0.018285217,0.32691863,0.13504854,0.04642926,0.08810788,0.2396018,0.09847838,0.08902886
10622,0.26902378,0.23271474,0.040840257,0.076283365,0.2734339,0.23597908,0.109545805,0.43605638,0.16293997,0.16185331,0.048481952,0.08537256,0.23528425,0.055643268,0.046691254,0.15262505,0.002085986,0.16308099,0.2343199,0.00765579,0.05253673,0.26152736,0.10046359,0.061145935
10624,0.20359124,0.18185332,0.025771946,0.040595543,0.41667202,0.20326371,0.037028655,0.45785213,0.093248956,0.09329249,0.025945501,0.041064445,0.09971125,0.034085892,0.041780684,0.07933587,0.0007443198,0.21665485,0.09950426,0.0053401557,0.028099794,0.2702896,0.058321197,0.030784639
10627,0.20448118,0.16775417,0.034990165,0.059562165,0.389823,0.21998501,0.038005926,0.47544762,0.107659884,0.10663546,0.033202056,0.042255316,0.111375004,0.049031876,0.041991625,0.12191063,0.0015074027,0.21039505,0.07807031,0.008680662,0.051389687,0.26569313,0.056354,0.041152686
10630,0.10052068,0.051518966,0.0019724474,0.0053917766,0.30999237,0.18115653,0.0012776236,0.5837891,0.04065144,0.06915798,0.004798092,0.0045561697,0.08166633,0.0055088038,0.010627419,0.09648848,3.2841886e-06,0.5250658,0.019212881,8.957021e-05,0.0019867017,0.35953057,0.00780723,0.0018035965
10633,0.065274164,0.039471094,0.00019894188,0.00092324876,0.56554556,0.12398415,0.00024909477,0.46817327,0.017477782,0.027580831,0.0014794596,0.0009962398,0.03071763,0.00060720753,0.0014345737,0.035276018,3.5317544e-08,0.28587458,0.01691163,5.3411395e-06,0.00038837848,0.3408658,0.0027118307,0.0007009105
10634,0.04863002,0.041784838,0.012615162,0.029002013,0.6287801,0.13879819,0.007693139,0.65542907,0.052430615,0.059807643,0.02255474,0.013447092,0.03533458,0.022786105,0.021950193,0.06467436,0.0004487678,0.48150855,0.022369303,0.00298329,0.024600927,0.09192282,0.017122336,0.0114199435
10635,0.25975356,0.28052977,0.12989116,0.13461821,0.44423142,0.23315282,0.10804407,0.393984,0.19963588,0.2035248,0.08396796,0.10405774,0.25331494,0.117959075,0.14401849,0.1388217,0.024971144,0.24508406,0.19774395,0.052689284,0.110367596,0.29262516,0.120616056,0.10888175
10636,0.13970134,0.105659366,0.003197774,0.007563044,0.24002856,0.124020465,0.011987027,0.39535964,0.035068538,0.04235082,0.0032762645,0.006769664,0.0678119,0.005613235,0.0046751453,0.033684053,9.411208e-06,0.09389932,0.05499827,0.00015574085,0.0038458763,0.15390667,0.00854553,0.0047118347
10642,0.10755029,0.07730881,0.018523099,0.043385666,0.2902869,0.1773482,0.045148365,0.5943045,0.06784217,0.10332067,0.029175308,0.038172815,0.16408977,0.046926886,0.029689446,0.22386907,0.0003040791,0.38815218,0.06080757,0.0021976428,0.018720921,0.34083316,0.05218994,0.017516652
10646,0.17216314,0.21072377,0.08383172,0.091575116,0.540558,0.2495213,0.059571836,0.45801958,0.19435808,0.18623811,0.0786685,0.09062345,0.13570534,0.08703244,0.097568706,0.15923949,0.009760238,0.27558064,0.15092595,0.03212537,0.11145856,0.24758935,0.09192845,0.08378084
10647,0.11152461,0.07916631,0.02521755,0.052893717,0.5396472,0.18268295,0.024343237,0.6335657,0.07893857,0.06654732,0.028330266,0.024303388,0.060427964,0.048338313,0.04418624,0.06808603,0.0016907065,0.30394822,0.03926345,0.010732413,0.035021815,0.16257617,0.04269611,0.026608337
10648,0.17846522,0.1987043,0.15902925,0.18579711,0.48226008,0.25171882,0.15073667,0.5173796,0.18151675,0.19077367,0.13625588,0.14460897,0.2041096,0.1937625,0.15762189,0.18764919,0.057269786,0.32706273,0.17188464,0.112530105,0.1815462,0.2569411,0.1640461,0.13845873
10653,0.09678788,0.09845188,0.01452473,0.02907884,0.34275386,0.100946255,0.057812907,0.4551058,0.0639379,0.055459782,0.01136216,0.024895294,0.06809486,0.031174777,0.01885229,0.04640455,0.00046727323,0.10095822,0.06578109,0.0025260625,0.028049663,0.0986627,0.026487183,0.016857512
10655,0.010332459,0.009332579,0.0053994637,0.015823025,0.42628905,0.06289933,0.003845906,0.81986,0.013454375,0.025466738,0.0059613907,0.0032042477,0.05842616,0.020138714,0.010752293,0.04723499,9.2948605e-05,0.60708857,0.0031009878,0.0008174598,0.0028053564,0.10867707,0.005575308,0.0017383294
10659,0.13687284,0.1135841,0.02095065,0.041805953,0.4901533,0.15970671,0.033424456,0.54728705,0.09475501,0.0828425,0.033726208,0.033807036,0.09268525,0.04192588,0.041190904,0.113421656,0.00076840166,0.33518744,0.080483325,0.0057745804,0.03637717,0.22285822,0.05470378,0.025296886
10663,0.17097138,0.17135279,0.11739475,0.15904012,0.42598897,0.22971368,0.16069359,0.52418464,0.15842625,0.16256464,0.10478186,0.10894469,0.18093123,0.15885822,0.11866353,0.1486797,0.03455382,0.30441582,0.14338814,0.06803984,0.118200585,0.22376898,0.12515369,0.10370363
10665,0.11082878,0.13602032,0.008050925,0.020672211,0.3994578,0.112762764,0.015972193,0.42221692,0.065040946,0.080836,0.007898811,0.013532802,0.100125305,0.016040312,0.017610136,0.053611033,9.394627e-05,0.19436997,0.054896988,0.00086229335,0.010625083,0.13817847,0.021353005,0.00903927
10671,0.21214788,0.18959798,0.11267693,0.13922516,0.4405116,0.2840891,0.105203845,0.51098603,0.18046926,0.13538472,0.099240884,0.09457622,0.1543115,0.1250182,0.11892834,0.13723163,0.023828955,0.26019192,0.14680229,0.061724044,0.12337218,0.26593047,0.105511025,0.10185143
10673,0.017757354,0.024018703,0.0075376076,0.013889048,0.43874878,0.071869254,0.003622551,0.668532,0.021923743,0.04813524,0.008405264,0.0055528893,0.06953148,0.020610008,0.017160414,0.057306238,0.00014262319,0.55636525,0.007548013,0.0009367424,0.0050489996,0.11687438,0.007473161,0.0034773329
10674,0.019636141,0.013996115,0.00029292397,0.0027950653,0.37309563,0.06208312,0.0022927632,0.8084426,0.011675247,0.007866764,0.0014736779,0.0021478236,0.008293081,0.0021805137,0.0012471487,0.038330868,2.1180763e-07,0.3784214,0.0058328286,1.4155247e-05,0.0016657169,0.06393669,0.0027902764,0.0007351699
10675,0.25426686,0.10999792,0.004280488,0.010641714,0.34023663,0.3556206,0.0029759,0.5578934,0.05787616,0.12385794,0.0095064705,0.008973225,0.10669679,0.007244479,0.008136602,0.12418539,6.626785e-06,0.24494848,0.052979846,0.00016332015,0.0050370866,0.45068547,0.0114416275,0.005455258
10676,0.12252395,0.124039166,0.035878163,0.056914337,0.46325305,0.17359011,0.032550287,0.54774773,0.09801885,0.087745056,0.038983356,0.03805799,0.08893895,0.04500728,0.04407878,0.09894246,0.002660175,0.2634348,0.06352075,0.012052389,0.05103357,0.1862957,0.050349865,0.038080845
10677,0.18655129,0.19494812,0.11402588,0.14257461,0.44497433,0.20901988,0.1507264,0.4623425,0.15669438,0.13548085,0.09345203,0.10706307,0.16612354,0.13928051,0.12131108,0.15807977,0.032246333,0.23518306,0.14802885,0.06272881,0.13515067,0.23620461,0.11621519,0.101644665
10681,0.11946456,0.14326665,0.08403692,0.10076666,0.4939886,0.20635474,0.059448898,0.54837936,0.12680449,0.12079869,0.07774803,0.06543401,0.124867864,0.10416285,0.1013134,0.12109606,0.017363138,0.32875976,0.083642624,0.04503036,0.08483524,0.20815746,0.08835506,0.065042615
10683,0.22812709,0.23935811,0.16797435,0.20277873,0.37733516,0.24559273,0.2584668,0.4715398,0.21234505,0.19615076,0.14135067,0.1754818,0.23655395,0.21359304,0.15495948,0.19441852,0.069268316,0.23717639,0.21048705,0.114706494,0.17794217,0.2581283,0.20035043,0.16130069
10684,0.15256439,0.101389006,0.024865083,0.044496767,0.3810211,0.23573221,0.042366616,0.5737401,0.098697394,0.09154791,0.025149655,0.03164453,0.09411341,0.039528716,0.035433684,0.09727811,0.0006648623,0.22680648,0.06984381,0.005116088,0.02658095,0.23064177,0.031788144,0.024575166
10688,0.11470932,0.12015511,0.06544779,0.08744597,0.3622615,0.16850854,0.08046621,0.532871,0.10269426,0.11681874,0.058159485,0.05756508,0.1513381,0.09152781,0.06880978,0.12633014,0.009013108,0.28747642,0.07978107,0.024289474,0.062559925,0.19855304,0.07952763,0.04484996
10689,0.18476334,0.1664278,0.019089011,0.02862798,0.29026616,0.1519343,0.053266227,0.43239114,0.07526796,0.102098525,0.015157554,0.03537191,0.14269762,0.026595728,0.021514088,0.100464866,0.0003135142,0.11658024,0.11526205,0.0022783675,0.028520718,0.22358355,0.042031802,0.02179137
10699,0.22271071,0.15392698,0.010043078,0.023918519,0.43982884,0.26829487,0.008116252,0.43574932,0.10341072,0.07531251,0.02027505,0.021538746,0.05143544,0.011686432,0.023322698,0.07570626,9.098808e-05,0.15120254,0.0823631,0.0014479265,0.021411559,0.31358218,0.023347344,0.019846482
10701,0.24311957,0.22969945,0.089031525,0.10182376,0.35681838,0.29642236,0.08904828,0.44621626,0.17291397,0.22159067,0.082832605,0.096877374,0.28436458,0.09719875,0.10120697,0.21102574,0.008502727,0.29028684,0.15787394,0.021081744,0.07286775,0.38749284,0.09554238,0.0754789
10702,0.06918434,0.040282443,0.012530616,0.027120851,0.40428978,0.21330835,0.0077192495,0.666661,0.052407485,0.07811767,0.018628424,0.012565369,0.09955111,0.030461758,0.030189874,0.13665974,0.00020661975,0.51267046,0.022817455,0.0018871068,0.012109337,0.31126803,0.017942593,0.007996077
10703,0.3154981,0.2707165,0.075046845,0.10408753,0.35057086,0.27834135,0.09299138,0.43972927,0.19543926,0.18791747,0.072193205,0.09378017,0.23223801,0.079223864,0.08742057,0.15767215,0.006960607,0.21210188,0.18367131,0.020421248,0.07441735,0.3443173,0.114069656,0.08396332
10704,0.094125256,0.06846545,0.0009414833,0.004594079,0.32483384,0.13777548,0.0036870907,0.62213224,0.049645375,0.07023851,0.0049104127,0.0077417744,0.09012626,0.0045945984,0.0056510596,0.21512906,4.8295976e-07,0.46894422,0.029347312,2.6752004e-05,0.0022357253,0.38939786,0.0147473505,0.0020284276
10705,0.2661802,0.28360352,0.07006975,0.07629198,0.42163515,0.1920277,0.067465745,0.3084059,0.16585658,0.17453545,0.07104225,0.07900663,0.228943,0.07323656,0.090171516,0.14388259,0.00694912,0.19960919,0.18005872,0.022400577,0.080325626,0.32791415,0.12507308,0.08685698
10706,0.025304588,0.023787564,0.0005862927,0.0034588738,0.48183,0.071713105,0.0009498224,0.6922684,0.010332391,0.016186848,0.0017620533,0.0020802447,0.009216006,0.0018573208,0.0018025538,0.020436648,6.383233e-07,0.24182172,0.010475223,3.7030713e-05,0.0022742015,0.0705007,0.002397001,0.0012137103
10716,0.04699943,0.046880864,0.027026659,0.03844387,0.5085592,0.13550621,0.01608227,0.60470736,0.05304469,0.08933811,0.023817508,0.01611616,0.12728503,0.0619239,0.041978467,0.10140048,0.001495352,0.50171435,0.019937318,0.0073134773,0.020098368,0.17164248,0.022556517,0.012422387
10720,0.05967835,0.0424954,0.00479567,0.014631584,0.37323794,0.1980827,0.00579413,0.64156187,0.035194155,0.050590925,0.007373967,0.007751509,0.085478775,0.0102509735,0.01042159,0.06561302,2.6221629e-05,0.38801268,0.021808242,0.00035077785,0.00457715,0.22069897,0.009882235,0.0042789597
10722,0.27934447,0.26629788,0.021003954,0.055337016,0.19382256,0.18176661,0.14618152,0.40680623,0.13297346,0.12340542,0.037538793,0.09912083,0.2057322,0.037995875,0.027468456,0.17396472,0.00062391884,0.11178336,0.22780898,0.0026125596,0.031589806,0.30364856,0.118480824,0.042090125
10723,0.1731354,0.19791734,0.1719993,0.1987371,0.4486436,0.23992018,0.18442355,0.5080058,0.17877965,0.1952192,0.14676401,0.15163732,0.22678521,0.20680162,0.16651313,0.21585412,0.07074068,0.3240537,0.15814494,0.12555027,0.17255352,0.2615388,0.17944461,0.14226712
10727,0.29849237,0.18224567,0.011223941,0.02338468,0.32486486,0.22870943,0.016679829,0.41109908,0.10572771,0.1052557,0.01689483,0.027950829,0.16657363,0.015695788,0.029728824,0.16943412,0.00011220714,0.13954712,0.12481158,0.0011474589,0.01696517,0.45132092,0.048225094,0.020551974
10729,0.34260777,0.25446454,0.04855379,0.089459844,0.21730386,0.21954556,0.19323993,0.46379456,0.15446502,0.14834882,0.061646163,0.13382,0.2124641,0.07264549,0.04902287,0.2518791,0.0019859315,0.11179204,0.25061947,0.00889025,0.057869427,0.33994156,0.16566385,0.07301449
10736,0.104577385,0.1457026,0.0041273907,0.013665336,0.32834697,0.13782595,0.02323668,0.53055644,0.07816862,0.059294842,0.016424695,0.02521156,0.0717882,0.012176008,0.010633197,0.101892345,2.7154183e-05,0.15094234,0.119777255,0.0005527307,0.02073607,0.22783093,0.031132163,0.013673095
10738,0.29131895,0.18601799,0.020034226,0.0368398,0.38899082,0.28602543,0.03296758,0.4588162,0.09827982,0.11313556,0.019548738,0.03936117,0.12948853,0.031159554,0.038151544,0.12304407,0.00028416878,0.15993337,0.11501347,0.003135025,0.030979536,0.3347238,0.054000944,0.025545668
10740,0.2908543,0.21833353,0.035883877,0.05594949,0.3436878,0.26269686,0.04167655,0.44366992,0.1296164,0.16013344,0.037065312,0.057037562,0.25254446,0.051103976,0.07521216,0.16042939,0.0014370334,0.24707,0.13187341,0.0068820133,0.029086057,0.39102852,0.07328973,0.044111572
10744,0.17011069,0.1921879,0.15830268,0.18889262,0.5214851,0.24875528,0.13806897,0.51930964,0.20073201,0.19219327,0.14413618,0.13786119,0.17131926,0.1817017,0.16444144,0.18257669,0.067413345,0.35638967,0.13932751,0.114384994,0.17297553,0.23704202,0.15712553,0.13309756
10748,0.20189758,0.22017033,0.18023516,0.21608606,0.49967226,0.27083844,0.15462302,0.53311366,0.20928529,0.19865744,0.1636856,0.1530604,0.19624594,0.20849796,0.17750776,0.19301552,0.0822927,0.34284034,0.16649656,0.1401934,0.18924594,0.26459625,0.1849913,0.16068558
10756,0.4632394,0.19802882,0.018968595,0.028627845,0.42497516,0.54279095,0.016957354,0.47203237,0.13581462,0.13980514,0.032126073,0.029541908,0.16179983,0.022914171,0.057403907,0.2897714,0.00015196753,0.22061402,0.1464984,0.002307348,0.021215428,0.6515479,0.04961859,0.022127213
10757,0.18737955,0.17716429,0.14839804,0.17929688,0.47806042,0.23922023,0.17406268,0.50935054,0.19328304,0.17224629,0.1322008,0.12865004,0.18043499,0.18886895,0.12403022,0.15846848,0.057383318,0.2741463,0.16574608,0.10512491,0.17405325,0.23050831,0.15618165,0.1387245
10761,0.25467667,0.22420481,0.03646465,0.06579505,0.35011563,0.29921514,0.048944578,0.4903411,0.15591009,0.14983536,0.03787051,0.04633628,0.16716059,0.047862813,0.06209658,0.14357804,0.0017639432,0.15286104,0.14745007,0.009622704,0.054168474,0.35549998,0.058840346,0.04239014
10762,0.1059969,0.096727155,0.020178428,0.038471997,0.4353693,0.15681604,0.034035288,0.5413861,0.069915,0.08752684,0.023187188,0.029892648,0.10076825,0.0423433,0.03810197,0.08633774,0.00091830036,0.30899224,0.053502172,0.005570519,0.028120626,0.20932125,0.037869524,0.019458221
10763,0.18733509,0.12739474,0.012213728,0.025609279,0.43933535,0.25151363,0.018207472,0.57246864,0.08821578,0.10364909,0.027041474,0.025765738,0.13132302,0.022493156,0.036527984,0.088314205,0.00020510562,0.338879,0.06858441,0.0019383369,0.015192701,0.33639786,0.028384877,0.018110758
10769,0.18576923,0.16279213,0.012714175,0.031240042,0.21229367,0.19742315,0.04344038,0.44367093,0.0690358,0.08534567,0.013926422,0.029438745,0.15682241,0.021485338,0.020985436,0.08022911,0.00020731144,0.09795154,0.11525061,0.0013144367,0.01320832,0.28775263,0.03570632,0.016781313
10771,0.16143693,0.18271294,0.14578828,0.16914852,0.4799759,0.21629252,0.13333909,0.47252935,0.16920292,0.15211155,0.11364602,0.11167747,0.17824724,0.16798042,0.13665001,0.14670153,0.054067098,0.296756,0.13888681,0.09393731,0.14310302,0.22628209,0.13812926,0.11806316
10777,0.017626224,0.017221289,0.0013560486,0.0035806072,0.30025882,0.060545374,0.0009938604,0.6150279,0.010422494,0.019433731,0.0017251493,0.0016739004,0.040461484,0.0046527884,0.0052221618,0.03004997,3.055356e-06,0.32847223,0.004432125,5.185535e-05,0.0011694796,0.15884666,0.0032295922,0.00072395086
10778,0.29021233,0.15222542,0.015441036,0.034466192,0.18095683,0.23029292,0.050066162,0.49346897,0.07532477,0.092852734,0.02448279,0.03678536,0.19420639,0.02445545,0.026344309,0.19433118,0.0001756727,0.17332323,0.11718088,0.0011576863,0.013774458,0.48596093,0.06127432,0.018290175
10781,0.0798088,0.06830306,0.011054897,0.016291194,0.31617302,0.115775995,0.012092163,0.47069255,0.052062888,0.085664496,0.012193822,0.015569989,0.15370864,0.019152595,0.011402156,0.10223162,6.629358e-05,0.3717988,0.034504235,0.00064674864,0.011590735,0.1817314,0.021447366,0.008815865
10782,0.099350974,0.1135951,0.03295643,0.06716067,0.41147274,0.116054095,0.07691987,0.5303153,0.083849266,0.06867163,0.035278924,0.049808342,0.07771274,0.06025352,0.040514193,0.08748303,0.0031063375,0.24239562,0.08003655,0.011101218,0.051244702,0.12991479,0.064657606,0.035340175
10788,0.11513408,0.13862893,0.03355556,0.048741538,0.35533467,0.18254839,0.039144505,0.56495917,0.100649066,0.11816391,0.029402595,0.03868426,0.14012891,0.046261016,0.04249009,0.08354298,0.0019045897,0.20866631,0.06196681,0.0076843346,0.040179998,0.19881709,0.04415893,0.029001042
10792,0.2631171,0.23009698,0.06288159,0.07033034,0.41027263,0.22541115,0.051587086,0.42151645,0.17945711,0.16381878,0.058791805,0.05890372,0.18620044,0.065160125,0.07505986,0.20139782,0.0041994676,0.20341079,0.15903647,0.019017503,0.08276796,0.3532154,0.10232921,0.068023466
10798,0.20588563,0.18932313,0.09417114,0.15551412,0.33898574,0.21576063,0.23504409,0.49639568,0.154144,0.14547576,0.085124746,0.1370341,0.22519988,0.1509718,0.09867982,0.17851323,0.022288868,0.17950992,0.18826593,0.047206145,0.105695434,0.24986684,0.16459547,0.101556726
10805,0.022519855,0.020106344,0.008784778,0.02074183,0.46510115,0.09371021,0.004837284,0.7327047,0.022972185,0.04008086,0.009704086,0.0058385744,0.0646225,0.024720764,0.017644718,0.055431664,0.00021557415,0.5591354,0.006670959,0.0015021332,0.0060348753,0.16106498,0.008679049,0.0037109726
10806,0.13293393,0.11928324,0.03964391,0.06754622,0.3782894,0.17631309,0.062593125,0.49771935,0.08942418,0.078265846,0.042604487,0.04986769,0.08251835,0.061872054,0.04606606,0.086351655,0.0032678528,0.21878341,0.078225955,0.013946494,0.046668004,0.18343024,0.05263105,0.039961386
10807,0.046707567,0.059108604,0.002398536,0.006823567,0.5042961,0.056269597,0.0029453214,0.48087633,0.027838776,0.03570063,0.0042001912,0.0066021723,0.028540978,0.007376072,0.007166706,0.03798775,1.072379e-05,0.27918592,0.018491346,0.000184737,0.0054398733,0.11487954,0.009966246,0.0035836264
10809,0.14627534,0.1031105,0.0129383085,0.021238616,0.42519966,0.24574,0.008904507,0.55232334,0.06885667,0.09985072,0.01789073,0.017542005,0.10331363,0.022114815,0.032704342,0.10481877,0.00012660297,0.356046,0.060750574,0.001665812,0.014694165,0.35237768,0.02404315,0.013214044
10811,0.025378043,0.014005877,0.0002904855,0.0012106606,0.4526578,0.07301015,0.00028626778,0.6156494,0.010353904,0.012344964,0.0005176764,0.00050349795,0.020621983,0.00073990435,0.0015388759,0.013089557,1.3868184e-07,0.35540083,0.0042793867,5.237005e-06,0.00031111078,0.13303913,0.0010282898,0.0002995689
10814,0.21237978,0.15148717,0.068888694,0.089455515,0.39064482,0.29423794,0.065001875,0.540177,0.13755615,0.15245171,0.07057035,0.07174631,0.214135,0.09551355,0.103614934,0.20698945,0.006548744,0.34656268,0.11232032,0.019126335,0.06079744,0.42706344,0.077824146,0.05175147
10817,0.18107595,0.17105532,0.05028888,0.08848905,0.3392342,0.20543556,0.13215587,0.45774585,0.13452776,0.11972313,0.04803008,0.07394643,0.1574113,0.08111828,0.051888447,0.14826633,0.0047906837,0.15892132,0.14697067,0.018298235,0.07375761,0.23057193,0.0943798,0.06599434
10818,0.13515553,0.09720504,0.009934585,0.017585404,0.34765044,0.16346188,0.013090076,0.5034244,0.08920746,0.11792109,0.009210318,0.016749775,0.120030425,0.018407943,0.014854603,0.076977514,6.0379134e-05,0.2720921,0.054687236,0.00065233547,0.008808764,0.23569404,0.017830422,0.009022803
10819,0.024196653,0.02118775,0.00034790422,0.0026860763,0.2886181,0.06167338,0.001974584,0.686828,0.00807781,0.009504041,0.0006784656,0.0014118853,0.021720663,0.0021394975,0.001667563,0.013032886,3.0144412e-07,0.16077317,0.0066297655,1.7068543e-05,0.0006451004,0.094283834,0.0019211092,0.00046134522
10831,0.14273217,0.1300427,0.051605728,0.089372784,0.48934275,0.22959898,0.068929024,0.5908867,0.13977247,0.10104118,0.06160138,0.05933973,0.10245558,0.0774885,0.08217763,0.1305808,0.006227802,0.30566674,0.104511775,0.02473103,0.07316268,0.24028118,0.08274288,0.051583994
10846,0.30115613,0.28625518,0.03972729,0.057838734,0.31292847,0.22043169,0.07627622,0.3432436,0.13792542,0.12715085,0.04447034,0.076789126,0.22650589,0.04089918,0.058012426,0.13129279,0.0018743532,0.13491623,0.23411828,0.0068302336,0.040037632,0.36565942,0.088146865,0.0532145
10852,0.08137345,0.08833393,0.015482025,0.028510626,0.50793016,0.1446109,0.015541672,0.50756145,0.060072582,0.060730845,0.018315947,0.01757768,0.047050495,0.033691343,0.0271777,0.054504417,0.00059090665,0.23556584,0.043698616,0.0042110444,0.02958925,0.12215359,0.023665719,0.020195795
10858,0.16371557,0.124392934,0.028064772,0.04165853,0.5122659,0.23111804,0.02158753,0.46023613,0.09970351,0.082853116,0.02513132,0.03078045,0.07337606,0.03519043,0.042173035,0.06985274,0.001084997,0.24311338,0.07265858,0.006899939,0.03580484,0.21106733,0.033183217,0.028449908
10860,0.14076515,0.13549751,0.033440888,0.05575213,0.38080862,0.20490098,0.033102293,0.4737936,0.09707009,0.1027079,0.03192228,0.051044784,0.126713,0.047686417,0.04737172,0.1401178,0.0013428247,0.20683132,0.08728526,0.0078037474,0.047139134,0.24514882,0.06618344,0.03259218
10861,0.34853187,0.34197056,0.015806457,0.03395804,0.19403544,0.1253151,0.060411617,0.29345912,0.10914766,0.14111558,0.020656241,0.051060155,0.32553887,0.024215141,0.025723748,0.1277813,0.0002476363,0.08806657,0.25742665,0.0017051598,0.019678172,0.30440244,0.099688366,0.03406175
10867,0.28675544,0.26588485,0.013522272,0.020193227,0.24210244,0.21295021,0.015515568,0.2880725,0.08320129,0.12737453,0.013708702,0.025577491,0.20903605,0.016401894,0.018872311,0.08630687,0.00010843454,0.07982199,0.15934916,0.0010398091,0.011923918,0.32366914,0.033339098,0.016584668
10871,0.12668264,0.13099472,0.03521326,0.05602223,0.41999003,0.11504127,0.04384312,0.39251497,0.094611526,0.079549246,0.025167588,0.03395974,0.09020454,0.0471479,0.031262245,0.062573686,0.0026824258,0.19783862,0.070844315,0.010280245,0.053343438,0.1313453,0.051908188,0.041225787
10877,0.6687287,0.38521668,0.0037180574,0.0070259124,0.21359983,0.31749803,0.0038530899,0.22482789,0.10872419,0.1664421,0.008147073,0.01900808,0.31366026,0.0029270146,0.010157157,0.13104567,2.4630792e-06,0.07973617,0.21251206,5.655017e-05,0.0036400245,0.5894346,0.024635108,0.007879908
10879,0.078904375,0.09469153,0.04652542,0.0807959,0.4924086,0.18972832,0.038379803,0.59932387,0.07985108,0.097614944,0.059095476,0.046793777,0.09983409,0.07372838,0.06202447,0.12706536,0.0042973636,0.35105684,0.059687212,0.019943528,0.06325061,0.22137009,0.05961678,0.037236523
10882,0.35104212,0.29856953,0.1829559,0.19031559,0.4253704,0.36536926,0.19248107,0.46797186,0.26520377,0.2602262,0.17916024,0.18494873,0.2542108,0.19331256,0.18946272,0.27178144,0.04755115,0.27383795,0.2804222,0.101893246,0.1980442,0.36943674,0.2153981,0.18616949
10884,0.15686668,0.17610279,0.03932549,0.067358725,0.35610318,0.19739167,0.06888914,0.52980673,0.104943655,0.0987086,0.038938116,0.048560962,0.14468192,0.06321284,0.04904032,0.10024659,0.002898389,0.19172983,0.103684746,0.011337237,0.054104283,0.23703605,0.059636768,0.04635662
10888,0.07269162,0.094556436,0.016123723,0.026546448,0.47277823,0.14407301,0.018898085,0.46677554,0.060902674,0.094796635,0.01567198,0.020886548,0.10863755,0.02876898,0.023413146,0.082560286,0.00026353414,0.25577864,0.04861548,0.0022020272,0.017220804,0.17227226,0.03206114,0.015392092
10890,0.2390081,0.18673117,0.07680726,0.11002108,0.35298568,0.287185,0.12341154,0.49512753,0.16081493,0.14201716,0.06596474,0.092560776,0.16785923,0.102376744,0.08472776,0.16180435,0.008168695,0.19871819,0.16443503,0.03196514,0.08795088,0.2917833,0.1072995,0.079138964
10891,0.13265854,0.10401395,0.008979095,0.017136658,0.4538899,0.16941367,0.008179457,0.49181843,0.064464204,0.06967972,0.011045335,0.012103601,0.056294482,0.016278911,0.021028157,0.07236979,0.00012398277,0.18215631,0.044668123,0.0012543927,0.015127077,0.2086422,0.022337863,0.008660009
10892,0.119074255,0.13146159,0.036275867,0.046757836,0.39437833,0.13313037,0.039050374,0.41080597,0.08029147,0.079666026,0.024110718,0.03819339,0.11084047,0.03952809,0.038133655,0.07600168,0.0022167533,0.21230921,0.0704882,0.007175095,0.033596948,0.16745587,0.0573582,0.029935613
10895,0.23018222,0.15479457,0.0043218345,0.008587937,0.41379136,0.2178267,0.006995215,0.42863095,0.099961974,0.066069715,0.011111252,0.014293572,0.04339404,0.008772231,0.01083295,0.10385535,2.3403036e-05,0.1474243,0.08984768,0.00040232184,0.024324303,0.2362626,0.02214814,0.013345268
10899,0.19839929,0.23924164,0.116424315,0.12828147,0.43607917,0.21218564,0.1294598,0.44335243,0.17939475,0.17346454,0.09467933,0.11628417,0.17967707,0.1308816,0.12609763,0.13702504,0.02761385,0.23614903,0.16657695,0.063201606,0.12945701,0.24191199,0.13419957,0.114499226
10902,0.019537605,0.01278344,0.0005581848,0.003612625,0.38971412,0.06905604,0.0007231259,0.75203526,0.012090449,0.0291762,0.0011486772,0.0012815864,0.031386923,0.003931706,0.0032572264,0.06403862,3.8652001e-07,0.4970175,0.0039866683,2.568266e-05,0.00074426725,0.14762348,0.0021418852,0.0004151986
10904,0.17584215,0.18674703,0.11859413,0.14079542,0.47190678,0.2205198,0.11439774,0.47834995,0.16188139,0.1693803,0.093925,0.10031769,0.19242515,0.13678569,0.13665426,0.1535007,0.028916992,0.31227925,0.13421005,0.06316441,0.10710669,0.24409744,0.113395855,0.0884158
10906,0.15331458,0.11716103,0.0047666165,0.01741037,0.37533194,0.12464296,0.014629185,0.4307542,0.06909084,0.043018512,0.0067451615,0.013824653,0.051565897,0.01095707,0.009761704,0.03976379,4.0194536e-05,0.14746326,0.056647837,0.00055734086,0.0068529746,0.1475836,0.020533731,0.0099750385
10909,0.21398737,0.25293824,0.038515694,0.045416676,0.3201603,0.12947007,0.052425675,0.29348075,0.097400166,0.10914993,0.028345235,0.04868963,0.17934203,0.041486032,0.044036184,0.09066025,0.0019680003,0.12088234,0.15283088,0.0076982654,0.041859344,0.18971713,0.0755214,0.04347326
10910,0.09913796,0.07233198,0.0070191165,0.018058335,0.47064742,0.20483693,0.0059533855,0.5216538,0.035679452,0.047348447,0.009436681,0.008968422,0.060241733,0.014130714,0.0165143,0.032249384,8.368943e-05,0.24927266,0.028299114,0.0008773504,0.0077526052,0.23263274,0.010281899,0.0071706125
10913,0.18089083,0.11026674,0.0051228814,0.01693443,0.28998858,0.19003463,0.009518906,0.48433045,0.06461058,0.059346795,0.009261439,0.012958725,0.0529736,0.0076910094,0.009209939,0.06777288,3.1209915e-05,0.11981565,0.066076174,0.0004336319,0.012649075,0.2654984,0.01723432,0.010906827
10919,0.14353316,0.13500345,0.09021315,0.13819937,0.38984865,0.19933864,0.14978783,0.53465617,0.123295,0.10972473,0.07490403,0.083941914,0.15078205,0.12420183,0.08222299,0.14480749,0.018674206,0.23976395,0.11507145,0.04647631,0.09270301,0.21430199,0.11508645,0.076885
10920,0.0992167,0.11102035,0.039656673,0.06793207,0.37162796,0.14525077,0.08723008,0.53369224,0.06303369,0.06822077,0.039213583,0.046141844,0.11540112,0.07086742,0.043047428,0.08303382,0.0047547305,0.20811914,0.077562645,0.016929595,0.043666247,0.17822525,0.07034383,0.035373222
10921,0.19571854,0.16213848,0.043950923,0.06768673,0.32482353,0.19878855,0.07772638,0.49846295,0.104508,0.11637755,0.039475035,0.06035141,0.1314932,0.06406865,0.045174133,0.10103466,0.0028523402,0.19967279,0.12283852,0.011408122,0.059978645,0.25080252,0.07886519,0.049337722
10927,0.16764829,0.13538395,0.002478427,0.007890894,0.25234386,0.11202485,0.011132355,0.46751684,0.03726728,0.03415801,0.0042155758,0.014055,0.041044075,0.0053109005,0.0042085457,0.06179576,4.262432e-06,0.084075674,0.056262545,0.00013056808,0.0069268453,0.187383,0.01766823,0.0068710814
10938,0.069790095,0.05286615,0.00086702587,0.004349688,0.51425683,0.22634116,0.0009039148,0.6311135,0.03153515,0.02780889,0.0038319756,0.003576229,0.015570669,0.0024949624,0.003066532,0.06987679,5.507719e-07,0.17293835,0.026843121,3.5443616e-05,0.0035513954,0.17526434,0.003916099,0.0020504147
10940,0.27500567,0.23414853,0.029037533,0.046469346,0.23692329,0.21105017,0.07276402,0.45417905,0.12198787,0.13312863,0.03414015,0.07024419,0.18182899,0.051761426,0.037169985,0.14490627,0.00080184627,0.12176131,0.16349413,0.004967043,0.03906129,0.32617828,0.07658781,0.04004825
10941,0.3031716,0.21739328,0.06066366,0.09232388,0.3394099,0.3006431,0.087402634,0.48249033,0.16996542,0.15506591,0.06580128,0.087514006,0.19980551,0.075726934,0.07415481,0.1694996,0.0044971756,0.23366416,0.19063304,0.01829122,0.06511378,0.37070897,0.10389943,0.07013814
10949,0.2506457,0.26611307,0.1890628,0.18366507,0.4800035,0.29476357,0.16180126,0.468379,0.2277447,0.21059832,0.1806964,0.16567315,0.22803396,0.18823098,0.19465007,0.22095534,0.07138234,0.2987111,0.2265015,0.13299361,0.20611082,0.3379657,0.20022877,0.18527599
10951,0.21393183,0.19345151,0.06394802,0.11499622,0.30811337,0.18076731,0.17456196,0.49330267,0.16233414,0.14535613,0.06331139,0.095111474,0.1808321,0.105469905,0.06614697,0.14695776,0.008470124,0.19421197,0.16230041,0.029936373,0.08775996,0.1996409,0.11721692,0.07802331
10952,0.10235389,0.11364893,0.015442833,0.031138241,0.3989499,0.13288042,0.01913945,0.47714862,0.064722754,0.06700841,0.019866712,0.022334995,0.092712276,0.029389603,0.026747804,0.08775024,0.00039285474,0.22507007,0.05756042,0.0029373139,0.025920436,0.19822234,0.034107655,0.01792503
10956,0.26480624,0.23872828,0.009032081,0.015629197,0.32158825,0.16321893,0.020879539,0.320172,0.08977784,0.08626576,0.009693469,0.03067074,0.14083599,0.0104105845,0.013075742,0.08346518,4.050305e-05,0.09803186,0.1058074,0.0006863385,0.015883358,0.23889694,0.029823998,0.017236313
10963,0.23715213,0.18357858,0.045231562,0.063960165,0.40177304,0.25454056,0.051769808,0.47663224,0.1334161,0.14622971,0.06375542,0.06894705,0.14064139,0.06723315,0.07553495,0.16885428,0.0023612,0.32714444,0.12744074,0.01291348,0.05483188,0.3483821,0.09062345,0.05238715
10965,0.19416976,0.19070007,0.11603131,0.1412573,0.4423178,0.22709277,0.114244774,0.49915588,0.16765386,0.15128915,0.1073467,0.10073172,0.16914801,0.13460794,0.12787761,0.1531582,0.029878793,0.28281608,0.14634652,0.06198334,0.122770645,0.28288406,0.13214707,0.10689134
10967,0.051228736,0.031603724,0.0019248448,0.007572452,0.48926997,0.12049678,0.0035389487,0.6794616,0.027239734,0.036943574,0.0038303742,0.0041818684,0.0474412,0.0075177685,0.0065552928,0.05037548,5.07331e-06,0.46770456,0.013266057,0.00020533788,0.002834776,0.18566649,0.00692236,0.00218852
10969,0.025403118,0.022825727,0.00093011267,0.0060334764,0.4449518,0.09243795,0.0034355104,0.6847653,0.017318903,0.017353695,0.0025580009,0.0036249787,0.011958508,0.0033275743,0.0024394176,0.023734288,2.380126e-06,0.21579571,0.013406444,4.841799e-05,0.0030564668,0.06646931,0.004242604,0.0014082333
10972,0.25569698,0.12100073,0.0036457202,0.0076493993,0.41134694,0.39993322,0.0024179767,0.5108076,0.07170981,0.10564336,0.010262532,0.0094256345,0.0851714,0.004398868,0.011539817,0.16620408,4.9326504e-06,0.2656496,0.04578671,0.00013657703,0.005338646,0.5070294,0.009431236,0.0051689064
10973,0.12563668,0.124161966,0.07340626,0.11153721,0.4484361,0.20335521,0.099190615,0.6020736,0.12376131,0.12258669,0.08178567,0.07488889,0.12078556,0.12792659,0.09679829,0.14859821,0.014595919,0.33874986,0.110221185,0.046096012,0.097625144,0.20364846,0.0961195,0.06716477
10977,0.09589737,0.12634465,0.022181623,0.04233227,0.4381394,0.12662572,0.023704194,0.47074845,0.09576596,0.08137684,0.021310745,0.030254109,0.08879325,0.033369247,0.03040822,0.06361823,0.0009770787,0.2995857,0.06433468,0.0045543965,0.025259264,0.15740763,0.04240466,0.028238686
10979,0.14731456,0.13252741,0.055855658,0.09249525,0.3567081,0.22513247,0.10735648,0.58950365,0.10966687,0.10118999,0.058549132,0.06606176,0.13535587,0.10464347,0.07440992,0.13356233,0.0066063516,0.25793368,0.11013255,0.024396993,0.077923305,0.2291016,0.08741447,0.060243748
10982,0.036436733,0.021469936,0.000106181615,0.00070914073,0.38502282,0.11798034,0.0002613378,0.56923896,0.011612859,0.012357888,0.00026065944,0.00025518908,0.016168451,0.0005230734,0.0009461283,0.015133166,1.2658094e-08,0.0924022,0.00515611,1.82661e-06,0.00027725592,0.18630812,0.0004663844,0.0001588995
10983,0.22852604,0.17932728,0.032057513,0.0412921,0.46411514,0.21130608,0.031169007,0.4207039,0.09574014,0.12162434,0.025026847,0.037899945,0.15958272,0.03838685,0.042681232,0.06595294,0.0009493365,0.19820006,0.10003751,0.004682422,0.022645628,0.28850543,0.047604978,0.028188255
10985,0.20182371,0.22973481,0.121732265,0.13495342,0.3350188,0.19245796,0.14167404,0.46588394,0.15526938,0.17023717,0.08905857,0.11268956,0.25918183,0.1346136,0.0995706,0.16658477,0.019724295,0.17665358,0.19473682,0.048958156,0.10610584,0.3024453,0.1448516,0.10623302
10987,0.17475897,0.1868989,0.16636916,0.20893632,0.45018134,0.23031166,0.2025812,0.5112066,0.17198633,0.17170486,0.1358682,0.1440743,0.20154785,0.20927396,0.14880101,0.18806918,0.07541424,0.29673982,0.16005526,0.12035309,0.16753832,0.23227811,0.18280791,0.14619966
10994,0.19336787,0.17828314,0.057926543,0.06609113,0.533093,0.19353585,0.049222443,0.39858904,0.13881846,0.13157511,0.047214136,0.052931,0.13883506,0.06593742,0.08973873,0.09860823,0.0050355047,0.23318066,0.117166474,0.019500162,0.061012853,0.25731447,0.07486117,0.05241355
10999,0.32515508,0.14767666,0.0022914957,0.002854559,0.28240258,0.32108417,0.001301235,0.28396732,0.058207486,0.10102076,0.0036059238,0.004539043,0.2831844,0.0018532764,0.005986955,0.12072864,7.0758165e-07,0.18463448,0.059085485,2.534149e-05,0.0021517721,0.71337837,0.010771731,0.0027637163
11003,0.18101239,0.1592777,0.017345468,0.036804788,0.43001089,0.19301179,0.026833601,0.44703856,0.104249515,0.108054005,0.020162977,0.030402118,0.13144694,0.027321864,0.03221591,0.094009206,0.00033251016,0.21212398,0.09619511,0.0026984198,0.021696253,0.26273888,0.044606093,0.020259118
11006,0.28154087,0.18621655,0.02639103,0.03210753,0.5183429,0.33414942,0.011482862,0.42332342,0.13561843,0.16453758,0.028616356,0.029319279,0.12571415,0.024736362,0.046260502,0.14181626,0.0003716814,0.23421976,0.10445428,0.0028503966,0.032854486,0.40118587,0.04280501,0.024331689
11007,0.09764714,0.10129306,0.041235853,0.07115737,0.4557787,0.13441277,0.0529015,0.49533686,0.08000007,0.08129542,0.03623225,0.036991633,0.09375083,0.06283152,0.046320617,0.08767805,0.0037493496,0.2659054,0.057439942,0.014893822,0.043485146,0.14898668,0.054459125,0.03654871
11008,0.24674681,0.20070642,0.018356886,0.03558932,0.29198006,0.14607938,0.06316759,0.3601176,0.098656885,0.09628489,0.015175389,0.045214962,0.16556732,0.026265042,0.027022956,0.077782914,0.00036697436,0.10197388,0.13946885,0.002141668,0.01836808,0.21649367,0.054849815,0.024210999
11009,0.13951015,0.14457035,0.097604394,0.114425376,0.4949685,0.18962538,0.09146269,0.5058366,0.12909055,0.12641466,0.08266483,0.07274534,0.14622891,0.115338996,0.09599945,0.13591404,0.017429706,0.30473498,0.11626721,0.053018678,0.09928938,0.20818935,0.09482436,0.081546105
11014,0.26959288,0.26106668,0.056755994,0.06579898,0.4058103,0.22861497,0.060342237,0.28821144,0.1484397,0.1520645,0.048100393,0.08191204,0.18966395,0.054829117,0.0631809,0.14095563,0.0031520398,0.20111275,0.17501408,0.011570251,0.06122187,0.32839742,0.09603808,0.05924378
11016,0.17983654,0.14380075,0.045782074,0.07395241,0.3931597,0.18849638,0.05546593,0.44727474,0.10235453,0.09104847,0.043151926,0.05463526,0.1288069,0.05720318,0.05672839,0.11080144,0.0032465034,0.22101068,0.096838385,0.015352268,0.053179502,0.26593116,0.08368197,0.046104714
11017,0.2727269,0.22369382,0.040740035,0.08882618,0.29489216,0.20410953,0.17556022,0.4626727,0.16216743,0.17646942,0.04972215,0.09908258,0.2335629,0.08170357,0.059269197,0.12558624,0.0027707375,0.16510606,0.21444777,0.011537446,0.04562857,0.24059553,0.10449085,0.06045172
11023,0.13886508,0.13128,0.10024558,0.13815469,0.4511809,0.21860129,0.10813502,0.5419092,0.12118348,0.11989764,0.08351451,0.07795639,0.13829593,0.13889308,0.09708094,0.12316207,0.026530726,0.27623644,0.09705365,0.060542163,0.10133337,0.1966491,0.100735955,0.077194676
11027,0.09391174,0.055233274,0.0011136449,0.0055797985,0.40690216,0.14782423,0.0034361435,0.666083,0.02386399,0.023532502,0.003023842,0.004224418,0.022456847,0.0043977485,0.0060581076,0.031791184,1.8230215e-06,0.18794937,0.027437799,8.406472e-05,0.0034406614,0.14900686,0.00588118,0.0026882563
11032,0.015622134,0.0103163505,0.0044377362,0.009831598,0.50322783,0.102572784,0.0021170839,0.7487601,0.019260634,0.03590942,0.0071827485,0.003588634,0.0529889,0.016294181,0.012261327,0.10858899,2.7961034e-05,0.7048396,0.0036673308,0.0004599844,0.0036540905,0.16445015,0.0052033155,0.0017246215
11038,0.17695144,0.14855203,0.044915605,0.09712684,0.27679306,0.2577309,0.16033511,0.63812757,0.09681318,0.11069366,0.05443199,0.07114143,0.20239161,0.084554546,0.04854496,0.14789993,0.0032635287,0.2159842,0.13466848,0.012413983,0.049292225,0.3218978,0.08565133,0.050143063
11042,0.02551366,0.03216988,0.018992417,0.030666914,0.44303364,0.09544363,0.013511011,0.65452105,0.036041748,0.049207617,0.01674771,0.015086581,0.0770569,0.036135998,0.02927077,0.100368164,0.00074885244,0.450915,0.01401709,0.0038266862,0.016448492,0.14499184,0.021693127,0.00827157
11046,0.06819842,0.07105982,0.01020906,0.021587864,0.44695914,0.13914004,0.009510731,0.5777013,0.04146159,0.04288918,0.01296565,0.0112888245,0.03379334,0.017300239,0.014926522,0.0457617,0.00023830938,0.23098099,0.02503779,0.0023099112,0.017680047,0.13409959,0.0151449675,0.0100281825
11047,0.21428844,0.14809467,0.019493846,0.03071363,0.3143296,0.14605579,0.037596036,0.42354947,0.08720564,0.10244921,0.014884072,0.021941055,0.17244583,0.029346813,0.02595964,0.078630954,0.00038897205,0.15904744,0.08564295,0.0023488854,0.018937513,0.28186736,0.040012363,0.019533135
11048,0.040466134,0.032286793,0.005152621,0.011734904,0.39913562,0.13571489,0.0027534931,0.64799416,0.020665428,0.060315058,0.007247982,0.0053056465,0.10650776,0.018345714,0.017082298,0.10876932,3.2763073e-05,0.55641484,0.009274429,0.0005186244,0.0049506286,0.30065063,0.009066584,0.0032926945
11051,0.39533198,0.32564804,0.00825691,0.014198952,0.12772311,0.12940115,0.028939497,0.25611216,0.096228845,0.12536412,0.007444559,0.03313024,0.27368283,0.008007227,0.0072697196,0.095840245,1.7691078e-05,0.039092243,0.17040417,0.00019068278,0.007910438,0.35564345,0.03767313,0.016016744
11054,0.16611251,0.12433069,0.031147424,0.05212505,0.5584094,0.30723277,0.018122828,0.60331464,0.1219712,0.11761006,0.058654718,0.034691475,0.0647641,0.047579046,0.0570462,0.15135315,0.0013383637,0.33294228,0.07506854,0.008754772,0.05941924,0.3014759,0.043287504,0.033538215
11055,0.17820239,0.1713427,0.047015652,0.06816823,0.3589393,0.16852202,0.064949535,0.49155602,0.12836841,0.11447462,0.045483198,0.060409013,0.15780385,0.06843002,0.067487635,0.1457834,0.0038246762,0.20516264,0.119722314,0.014821793,0.06735488,0.2542737,0.08078417,0.043198638
11061,0.17266433,0.14325948,0.0068693445,0.020713987,0.09458016,0.10192456,0.088238984,0.39634022,0.05181883,0.07760839,0.007058228,0.035173807,0.14867714,0.013940548,0.005998985,0.06081585,4.6125286e-05,0.057296187,0.10395231,0.00035241194,0.008650722,0.16052613,0.02900394,0.011899869
11063,0.13852881,0.12589817,0.06375549,0.09262217,0.371219,0.22954063,0.07355727,0.57151186,0.099195115,0.10724306,0.055696104,0.054313987,0.14733605,0.093325034,0.07613207,0.14016116,0.006792884,0.24050702,0.08451063,0.024575548,0.06751082,0.2774461,0.0697852,0.05169427
11064,0.2210097,0.1869618,0.039454956,0.05466831,0.35833853,0.18119085,0.056245662,0.386144,0.12021315,0.112960026,0.0312789,0.045205854,0.18671644,0.045961346,0.04700132,0.09768668,0.0018143549,0.1914043,0.13764119,0.007670686,0.03652787,0.23536702,0.059276056,0.039949946
11068,0.12372538,0.11502093,0.029425155,0.04379159,0.30776635,0.15287231,0.04555965,0.4522304,0.100110166,0.07276159,0.02403081,0.039249204,0.1364993,0.041438308,0.032733884,0.08482784,0.0012286403,0.20302022,0.09137287,0.0052262163,0.033462446,0.19617453,0.0470356,0.026372757
11071,0.17966744,0.18827297,0.09656376,0.14334203,0.37122947,0.23659816,0.14990965,0.5138998,0.13861753,0.12916867,0.08516752,0.10483148,0.1854779,0.1272521,0.102759376,0.16736631,0.018824495,0.23063958,0.14571165,0.04661141,0.10241481,0.25703284,0.123650156,0.09328752
11074,0.077331215,0.0437698,0.0005116377,0.00216509,0.4558977,0.09564733,0.0009841223,0.4579416,0.0197481,0.02487678,0.0013556916,0.0016296259,0.015942873,0.0014715351,0.002917596,0.02238879,3.463693e-07,0.14859782,0.022545444,2.093924e-05,0.0021783225,0.16701943,0.0025434452,0.0011046155
11076,0.055496614,0.033400897,0.008777456,0.015938355,0.33559686,0.14483432,0.007133773,0.6537674,0.040008783,0.06751819,0.009204428,0.007689056,0.12434961,0.02437324,0.020333262,0.100445434,8.8156354e-05,0.501372,0.012951255,0.0005928938,0.0049623256,0.28636917,0.011948414,0.003954545
11080,0.11751669,0.12268064,0.049108505,0.072863,0.392395,0.21031556,0.055137802,0.5602778,0.09272949,0.107645,0.044160172,0.045111474,0.1435528,0.07514754,0.06564544,0.13351634,0.004243789,0.25597277,0.07739891,0.018770711,0.05046079,0.24225052,0.06203648,0.036602046
11085,0.2539687,0.28005734,0.07129709,0.081294656,0.42463493,0.18317974,0.07593137,0.35486692,0.16357844,0.15091182,0.06917096,0.08795825,0.17113495,0.081376344,0.093338214,0.13161673,0.008499363,0.22705944,0.2049921,0.024864597,0.09229633,0.24702765,0.121392004,0.08464296
11090,0.12645002,0.09338745,0.052462738,0.06532391,0.4790733,0.23209722,0.023369027,0.5318402,0.11932646,0.18048963,0.0574734,0.040921204,0.21893911,0.08384658,0.07308983,0.17240795,0.002845884,0.5488235,0.05936972,0.010258542,0.029300755,0.36100823,0.04675926,0.02950198
11091,0.012434618,0.0112313945,0.000883159,0.0043983706,0.38894382,0.06091274,0.0013716938,0.75620484,0.011612979,0.019242747,0.0016163512,0.0013224921,0.029289426,0.0031158424,0.0029394794,0.033394076,1.5752448e-06,0.5440041,0.003333578,2.9342473e-05,0.0010418275,0.1179171,0.0024180193,0.00047919902
11092,0.15155658,0.105241135,0.030333642,0.06841935,0.2778237,0.17958684,0.121622086,0.5167261,0.080905445,0.088151574,0.026561296,0.047225624,0.12014689,0.055119004,0.032253735,0.09509414,0.0012921536,0.15789333,0.089894965,0.0059840963,0.027382674,0.18847111,0.043742653,0.028042266
11095,0.097726785,0.0639689,0.0118778385,0.030492494,0.46902066,0.256226,0.011270601,0.6367912,0.051974934,0.08001825,0.02448499,0.019912936,0.08223194,0.020009663,0.017220594,0.11047588,0.00012915814,0.32572043,0.04716384,0.0016098031,0.017445702,0.30730072,0.021179482,0.0129174385
11096,0.281284,0.24583195,0.07039098,0.13023645,0.31419775,0.24255791,0.1999181,0.41810527,0.19592287,0.1851777,0.058763947,0.11128468,0.2587763,0.103758864,0.06885534,0.12523186,0.007750977,0.18875287,0.2261258,0.022978764,0.07162439,0.2509846,0.10120246,0.087966375
11100,0.0097084725,0.005197306,0.00021814802,0.0011584448,0.5665121,0.07448636,0.00013181868,0.79171354,0.0062700086,0.011516605,0.00075541355,0.00036584632,0.011811223,0.001086231,0.0014797231,0.02998086,6.9542935e-08,0.7412642,0.0014204768,4.902603e-06,0.00030152913,0.1277549,0.0006960917,0.00015715834
11103,0.21857874,0.22876702,0.040349543,0.09250759,0.29448727,0.20477596,0.117543295,0.55431986,0.1396387,0.15234123,0.06608206,0.09189794,0.17702523,0.073362194,0.05345472,0.1387589,0.002860903,0.19457589,0.15207398,0.013761546,0.07487892,0.28507724,0.102944806,0.071565896
11104,0.1790863,0.20114039,0.15180719,0.17498378,0.4917052,0.24782361,0.14320241,0.48848486,0.17908241,0.16895258,0.12522054,0.13449186,0.18210883,0.17556818,0.14430906,0.17116103,0.056409393,0.2972641,0.16058096,0.10483826,0.17456375,0.25243732,0.15288098,0.12815344
11105,0.085903525,0.053880606,0.0008928146,0.0039650924,0.2827825,0.11757331,0.0008475068,0.51445496,0.018716179,0.03162228,0.0016906067,0.0021752797,0.05615248,0.0023251902,0.0056406567,0.027935812,9.916691e-07,0.21117094,0.012330629,3.0626223e-05,0.00087774626,0.27729002,0.0036963706,0.0012167607
11106,0.13856202,0.12771358,0.041984603,0.048818655,0.4989033,0.18483031,0.022177236,0.4561224,0.10300893,0.10143081,0.041206174,0.038007885,0.10438696,0.055210017,0.07176514,0.09737711,0.0028445297,0.27535936,0.071208246,0.012472543,0.042134646,0.24154097,0.05672762,0.032792415
11109,0.16888668,0.18927985,0.0967817,0.12724821,0.36620942,0.1980741,0.15963517,0.43509933,0.12941605,0.13192244,0.067062624,0.09040857,0.18660177,0.10780402,0.07405683,0.1192668,0.018702881,0.19126697,0.13348599,0.040155068,0.08252164,0.19232507,0.10458748,0.08175997
11111,0.061104722,0.05121236,0.016331024,0.02784536,0.43625766,0.14969024,0.01437547,0.55239,0.04731242,0.061895374,0.015962424,0.015664496,0.087082006,0.03091896,0.034186453,0.09520009,0.00042542868,0.37219247,0.028070351,0.0029220255,0.012718629,0.21066377,0.022460395,0.010019459
11112,0.27478173,0.2025742,0.019350948,0.03335522,0.2537301,0.24313338,0.047398575,0.41309032,0.13187417,0.11879058,0.02512445,0.046185583,0.1518335,0.030151917,0.032073546,0.14240918,0.00033959953,0.1269301,0.17712553,0.0024243006,0.030596614,0.30862933,0.049920626,0.027574234
11118,0.14027578,0.13420272,0.0602003,0.080748685,0.47763357,0.20354363,0.04205447,0.53578186,0.123343274,0.13403702,0.061564162,0.048710793,0.13949138,0.09044849,0.09162241,0.13744637,0.006629722,0.36661,0.082143776,0.025328709,0.054510437,0.26053104,0.073124796,0.04665734
11119,0.07023298,0.071357414,0.018100737,0.04546458,0.43928456,0.15797736,0.01714134,0.5755283,0.060860656,0.08348267,0.021253314,0.020759612,0.102659926,0.034842994,0.039807245,0.10190329,0.00058258924,0.3828834,0.041742645,0.003924208,0.018471513,0.20192625,0.033736464,0.015306032
11122,0.23149149,0.22433697,0.082683004,0.093307614,0.38158676,0.21995008,0.08890592,0.40928534,0.14950508,0.15940739,0.06990562,0.08580785,0.1690069,0.08818998,0.07947566,0.14392051,0.00738172,0.21960184,0.16035466,0.027216835,0.079418235,0.26711988,0.10512027,0.08293257
11125,0.23118617,0.15464193,0.01772208,0.024691688,0.39590967,0.23798874,0.019400937,0.40696862,0.08704321,0.10059378,0.016282989,0.023748823,0.15012002,0.021923667,0.03303601,0.08181779,0.000285586,0.2638176,0.09124925,0.0023068727,0.01315523,0.31170017,0.03201311,0.01822998
11127,0.13592634,0.11341219,0.036779143,0.06329455,0.36883515,0.24187577,0.045904595,0.57026625,0.07298606,0.08751856,0.039563563,0.042253237,0.11662258,0.05795783,0.049840268,0.14235242,0.0016807911,0.23753308,0.08477492,0.009460362,0.03959064,0.26908773,0.060064424,0.03214056
11129,0.29201657,0.2508646,0.004401469,0.013081763,0.17072916,0.11508516,0.02677753,0.4114656,0.07047374,0.088422686,0.009891131,0.029687278,0.25477973,0.010038025,0.010369616,0.080034085,1.9218369e-05,0.119089805,0.17365727,0.00025918023,0.0059757796,0.34988928,0.044823598,0.013742799
11139,0.03521846,0.014699704,0.0016309367,0.0075382637,0.49198854,0.120123655,0.0019973675,0.75692177,0.017324252,0.017967116,0.0045028618,0.0034606925,0.016457759,0.0054198964,0.0057353945,0.05476136,6.403843e-06,0.46177158,0.007143043,0.00021252006,0.0031153222,0.112155154,0.006228561,0.0017370392
11143,0.0020931303,0.0017266423,6.752222e-05,0.0009590732,0.44556904,0.03402306,0.000109678826,0.8977125,0.0020866322,0.002757028,0.00027697554,0.0001116616,0.0032171735,0.0006869952,0.00043529077,0.008879857,2.9504582e-08,0.49380583,0.00039991568,2.451907e-06,0.00016351927,0.034734864,0.0002799869,5.6143883e-05
11145,0.34866008,0.25007328,0.0132816825,0.022425491,0.29485404,0.25596887,0.018033117,0.47014612,0.123377405,0.13865335,0.022807403,0.041646786,0.19970624,0.017462268,0.025129486,0.22823481,7.2351824e-05,0.1742571,0.19031073,0.0008781285,0.021055425,0.4048759,0.052139245,0.018405655
11153,0.10436976,0.13102615,0.07724453,0.09189825,0.5581442,0.17355014,0.06266134,0.5262238,0.13311802,0.11209761,0.07301402,0.060090516,0.0922003,0.09714568,0.08429876,0.09085216,0.0177505,0.25396377,0.08615057,0.04434242,0.124185264,0.157594,0.07979949,0.0646914
11155,0.14436615,0.14369835,0.10224724,0.15541913,0.42940894,0.21678089,0.14866392,0.5726637,0.1472726,0.14419721,0.091664575,0.08923792,0.17095979,0.15102282,0.09703719,0.14464648,0.025436671,0.309685,0.12264631,0.06262564,0.09795004,0.23352042,0.10970698,0.086102806
11157,0.19104493,0.18670872,0.077799454,0.10549239,0.40972024,0.21005861,0.09124144,0.4554192,0.13648427,0.123842046,0.06192412,0.078842886,0.16513309,0.097257406,0.08262617,0.12718174,0.01074742,0.23546289,0.13142182,0.031192385,0.079300165,0.23763798,0.09145607,0.066584624
11158,0.1455089,0.073251754,0.0144481035,0.03323638,0.3792604,0.24139221,0.03268902,0.62037736,0.08382881,0.078339845,0.01976608,0.023085471,0.06147823,0.026499942,0.026317233,0.101962015,0.0003260371,0.21220759,0.052280318,0.0031174927,0.024629518,0.218455,0.025235415,0.015441036
11165,0.20729615,0.2068733,0.104103245,0.13330382,0.3342409,0.22603084,0.1751121,0.50597733,0.14897388,0.1494694,0.08967029,0.11601438,0.19099145,0.13083331,0.08900977,0.1612193,0.019926518,0.19522469,0.17488171,0.047355246,0.113904804,0.24710748,0.13506125,0.10287108
11166,0.044102564,0.030579234,0.00040274637,0.0030261988,0.33059055,0.08744762,0.0010451523,0.70226675,0.014061307,0.021754285,0.001490877,0.0019311346,0.014473261,0.0022624482,0.0015024301,0.02373062,2.0268462e-07,0.17024124,0.012676958,2.2950762e-05,0.0012359417,0.11974353,0.002437882,0.00090617675
11172,0.19871733,0.18483075,0.06265681,0.09441556,0.47966987,0.29851848,0.08404811,0.5597417,0.15005338,0.12547557,0.0703568,0.08418883,0.13837461,0.09063475,0.09923759,0.1462667,0.0075302627,0.32830882,0.13848913,0.027383447,0.07790502,0.2915769,0.099919654,0.06989332
11175,0.015683915,0.01742275,0.0028183723,0.0123966085,0.43768802,0.07309643,0.0062001958,0.75966656,0.015132427,0.018918607,0.0044166227,0.0038261246,0.024419265,0.012244677,0.0062180622,0.021890791,3.8697475e-05,0.471816,0.0067197955,0.0003711713,0.0033251524,0.07357833,0.005083365,0.0022779254
11180,0.11515243,0.12295702,0.0966501,0.11716977,0.44741833,0.19192463,0.0812741,0.5393204,0.107345186,0.11051978,0.07909199,0.068478055,0.1443592,0.12733041,0.09502143,0.123480335,0.025309805,0.28737688,0.08823166,0.051361486,0.09623259,0.20332442,0.09154348,0.07194295
11182,0.2809541,0.2712228,0.01762657,0.04296429,0.1575049,0.15925725,0.107964255,0.3290979,0.100033,0.15183677,0.020640679,0.076179415,0.34741852,0.024053335,0.014776818,0.11511814,0.00018793589,0.075151555,0.26839653,0.0013128916,0.018889816,0.29646888,0.06648574,0.03252843
11193,0.14968756,0.11766389,0.023888819,0.050003093,0.38202867,0.2147893,0.03515859,0.5692104,0.07785255,0.08586381,0.031728562,0.04215913,0.07733591,0.03707027,0.027145242,0.10376665,0.000662575,0.2173948,0.06713136,0.0055106636,0.04031261,0.21937105,0.0419534,0.030171163
11197,0.21885237,0.24034266,0.15774158,0.18100145,0.4379902,0.27847478,0.17149709,0.47995275,0.20478249,0.20042346,0.14156438,0.14944622,0.2062232,0.18448885,0.1632665,0.18748216,0.058327116,0.28375676,0.19367495,0.10872251,0.1718663,0.28457674,0.1785724,0.14991792
11199,0.05865443,0.050088577,0.004411353,0.012263025,0.4417176,0.15749724,0.0041500474,0.63403267,0.031896535,0.029103974,0.0069425027,0.0063534714,0.028814213,0.009102253,0.008314485,0.043566078,3.3085435e-05,0.18156321,0.021150006,0.00071821804,0.009429032,0.17704119,0.010940351,0.005755776
11201,0.19326127,0.121568196,0.0017872424,0.006154844,0.2648592,0.176636,0.0032780464,0.57352936,0.03353972,0.050638232,0.005265461,0.009153953,0.052440826,0.003672886,0.0047013094,0.056640245,1.9201086e-06,0.12988013,0.06657803,6.851427e-05,0.00525636,0.2893538,0.012999217,0.005850302
11202,0.21397221,0.22167484,0.12072098,0.1243956,0.49326473,0.25220007,0.10597078,0.45426187,0.18072832,0.17184976,0.1153393,0.11836376,0.17576484,0.12692648,0.14313728,0.18743026,0.026517479,0.27319878,0.17753859,0.06594654,0.14587809,0.2863551,0.13969629,0.1142491
11204,0.29282516,0.27467668,0.038628925,0.0721195,0.29251134,0.22288431,0.11988076,0.4060728,0.18720526,0.19743837,0.044130456,0.08939027,0.27439407,0.053324256,0.04788621,0.12725025,0.0016603374,0.16836935,0.21767102,0.0053405804,0.040307574,0.28809196,0.09965689,0.06291824
11213,0.15411492,0.14292388,0.061998915,0.08093654,0.5052217,0.24354476,0.04115721,0.47194043,0.12078794,0.14173748,0.059250314,0.051366188,0.115357526,0.08234634,0.081332155,0.14919686,0.0072658453,0.2910479,0.0904491,0.027460638,0.079138406,0.26885295,0.07086538,0.054905068
11216,0.18357323,0.19531497,0.13526435,0.14262201,0.43308583,0.2263248,0.13455212,0.47897574,0.1568898,0.15596108,0.10418471,0.10966198,0.18601336,0.16252789,0.13069913,0.17842889,0.039101474,0.24197736,0.14754492,0.08517109,0.14817795,0.25671148,0.14090927,0.11282065
11217,0.33775797,0.26782104,0.02324164,0.038453292,0.3353759,0.25920802,0.05234546,0.40218616,0.16832702,0.11875072,0.029341877,0.057159413,0.12803039,0.03344607,0.04944699,0.14102815,0.000587741,0.14807658,0.16891795,0.0039313775,0.03912961,0.3020987,0.05923221,0.039523754
11218,0.10140158,0.0921768,0.01970481,0.040508945,0.3888741,0.11500734,0.046088148,0.52942395,0.080410324,0.07340449,0.01966147,0.0260031,0.08500195,0.032058343,0.02376412,0.054166842,0.0007439967,0.19063982,0.07054624,0.0037843715,0.027508115,0.13934992,0.032576617,0.022977082
11219,0.026013704,0.015678596,0.0007551549,0.0063445885,0.57150424,0.15917301,0.0013384066,0.74469006,0.02033275,0.02636696,0.004491287,0.002636215,0.010217689,0.0066971756,0.0032899973,0.03826875,2.5369823e-06,0.49215907,0.0079112835,0.00010360366,0.0047079027,0.13024706,0.004470896,0.0015196892
11220,0.14608863,0.08165699,0.00503379,0.015206291,0.43582067,0.26183176,0.0032853335,0.5768783,0.0679498,0.054567557,0.011827708,0.011502799,0.033734944,0.007563682,0.014211211,0.06089425,2.7981281e-05,0.20849076,0.042869322,0.0005190481,0.011885547,0.30289707,0.014219297,0.0073862183
11222,0.24037759,0.19090694,0.014057769,0.028362727,0.36171556,0.20283914,0.034356076,0.5374965,0.1431725,0.11584363,0.024163546,0.041856043,0.10360128,0.02490853,0.024891425,0.1293703,0.00020475274,0.1970029,0.117315196,0.0018749429,0.026408263,0.26342574,0.05154393,0.02469073
11223,0.21051596,0.22153807,0.020550106,0.04282452,0.26203462,0.15945177,0.1128629,0.30781496,0.10116444,0.10812164,0.02175941,0.058887687,0.21617517,0.029174065,0.018899972,0.10373451,0.00046587407,0.07834221,0.16499408,0.0023862044,0.027885523,0.18199712,0.061457846,0.033249684
11226,0.10328174,0.04889996,0.0029700298,0.0063904393,0.3601504,0.21532735,0.0015697731,0.6238761,0.04667849,0.0930508,0.005854716,0.005018616,0.15898849,0.0070953965,0.016742166,0.13599421,4.2373276e-06,0.57328653,0.018335214,8.3022765e-05,0.0018941675,0.5284042,0.0068491725,0.002153224
11228,0.22205971,0.19483556,0.024457287,0.03332338,0.31548026,0.22004831,0.026866212,0.40361488,0.08878295,0.104287304,0.023739228,0.042480785,0.13346727,0.030484604,0.0293258,0.1276825,0.00039359884,0.1366306,0.12041345,0.0029447612,0.03388402,0.29983482,0.050336257,0.029845295
11230,0.25368175,0.24262105,0.037636887,0.056406625,0.3196092,0.17240715,0.054033022,0.3891057,0.14280295,0.14376214,0.033306044,0.05519144,0.15481357,0.04368181,0.038035825,0.093074426,0.0016219196,0.14141765,0.13867083,0.006867146,0.04903227,0.24582392,0.07591068,0.05091323
11232,0.16211711,0.17783354,0.044274993,0.074269034,0.41129163,0.1661996,0.07113862,0.4729993,0.14449443,0.119775094,0.044639684,0.063438736,0.11751518,0.07064097,0.07233649,0.11107949,0.005471057,0.25559822,0.106864944,0.016518172,0.06297136,0.16601953,0.06749755,0.045948982
11242,0.1974585,0.17924006,0.053173874,0.06964542,0.52155715,0.2682742,0.040096566,0.54635084,0.15773764,0.13361032,0.059915494,0.06146573,0.1301257,0.068062656,0.0855752,0.1852074,0.0032736186,0.2619678,0.1255515,0.0194413,0.086576924,0.33204034,0.07754969,0.058079246
11244,0.029767476,0.024118578,0.003144991,0.009874586,0.6320573,0.09373894,0.0022371022,0.63390243,0.024446504,0.023482697,0.0063664867,0.004763685,0.020763084,0.0145169785,0.011272668,0.02708798,3.240338e-05,0.602196,0.008934723,0.0005193415,0.005182729,0.1381257,0.007231928,0.0028552266
11246,0.17775089,0.15353091,0.016768806,0.033174187,0.32093346,0.14754172,0.051747102,0.39039066,0.05914732,0.09540815,0.017756548,0.031690415,0.17944442,0.02640174,0.019690115,0.06829302,0.0002746583,0.15403111,0.12130691,0.002210123,0.013375615,0.22148862,0.04212009,0.023874663
11247,0.23781458,0.20578542,0.031124564,0.044102754,0.5228257,0.19582777,0.031292383,0.41806537,0.15262602,0.1404288,0.034843355,0.04540305,0.09813088,0.033754364,0.04210406,0.08044477,0.0011271954,0.29241043,0.1062395,0.0063059507,0.040218756,0.2137398,0.051589824,0.03999516
11252,0.10729619,0.11747276,0.026710613,0.0633638,0.24373788,0.13050357,0.10009877,0.5689465,0.065059885,0.07238404,0.03094451,0.046576183,0.14357936,0.05522125,0.027667973,0.08861258,0.0018692077,0.15193297,0.086448684,0.0075520896,0.036437202,0.16613188,0.059305005,0.033777233
11253,0.021959864,0.027092732,0.0010692542,0.0036608325,0.5218667,0.0635743,0.001022662,0.6418398,0.011566559,0.024888609,0.0024936234,0.002314791,0.035270542,0.0032004928,0.0040474473,0.080835395,1.4653551e-06,0.54560786,0.0051812734,5.102565e-05,0.0022886773,0.16207677,0.0057097943,0.0012709046
11254,0.08906429,0.11503216,0.047063,0.0733149,0.48905945,0.16316228,0.05059669,0.57374823,0.11334322,0.10585334,0.044899836,0.047962062,0.10969853,0.0733111,0.06322551,0.09457818,0.0053687505,0.31814766,0.07208625,0.01869236,0.06816129,0.17256257,0.057946805,0.042614657
11257,0.2501396,0.204809,0.047093667,0.085861355,0.2704756,0.2809664,0.09040814,0.5049467,0.114379324,0.13610344,0.048896115,0.07098107,0.2004212,0.07113097,0.055621218,0.16538753,0.0028739956,0.15523142,0.14715454,0.011889579,0.05385832,0.35149586,0.08072207,0.060040876
11258,0.2648714,0.2003039,0.02282537,0.03576089,0.24550498,0.22498962,0.025660409,0.37431666,0.13462524,0.23455909,0.029694244,0.045366786,0.34037086,0.043861084,0.045958932,0.20750165,0.0004116373,0.33846346,0.12433757,0.0020731022,0.016208041,0.45019135,0.051068127,0.023141747
11259,0.21230261,0.21407132,0.14195745,0.1629885,0.49993572,0.29748428,0.10613006,0.5172715,0.20736179,0.2166884,0.16678894,0.13292408,0.19980668,0.16169257,0.17654464,0.23103413,0.04208845,0.35399798,0.18653575,0.090347156,0.16527884,0.32862958,0.16901687,0.12966551
11260,0.17802902,0.14447203,0.04224212,0.08617886,0.2615266,0.15308747,0.15082759,0.5129641,0.10538043,0.09827857,0.040793713,0.060964685,0.1649959,0.08144898,0.04523172,0.11056087,0.00395256,0.16721831,0.12819825,0.012337855,0.045162946,0.20522022,0.08721297,0.046879865
11262,0.1218493,0.14207503,0.008079956,0.012398198,0.41403046,0.12593971,0.011615191,0.43265772,0.082660906,0.14608522,0.015561491,0.020688182,0.16738905,0.01452312,0.019684143,0.113065235,3.946249e-05,0.32320312,0.0650349,0.0005347178,0.010087611,0.2712668,0.02776114,0.010509265
11263,0.1833376,0.19578823,0.128155,0.14543894,0.39134037,0.24101973,0.14411816,0.48799312,0.1488321,0.14776134,0.113535166,0.10916349,0.18226399,0.14540434,0.1204589,0.16833158,0.03913583,0.2418612,0.153723,0.07940986,0.13808535,0.2746958,0.14534827,0.11142631
11265,0.232342,0.1888252,0.028836174,0.06365606,0.22454524,0.20111473,0.18195447,0.47466794,0.09212209,0.13020276,0.031769708,0.055824548,0.32693347,0.048589997,0.027923761,0.12986764,0.0007068309,0.13249607,0.17456415,0.004083906,0.018289192,0.31087074,0.07760515,0.03769568
11269,0.22340247,0.20565097,0.080231845,0.092169166,0.48499796,0.24077135,0.07500725,0.43196553,0.1980595,0.18011571,0.08078842,0.08778481,0.17769867,0.09391419,0.095825806,0.16529848,0.008838311,0.3396039,0.1448783,0.026830807,0.094228804,0.25438946,0.09958089,0.08452758
11270,0.15657353,0.17186968,0.016168514,0.029257618,0.34504908,0.13606347,0.038658947,0.4406801,0.08775574,0.08348931,0.016677875,0.031610098,0.1046394,0.026631046,0.022309057,0.079205774,0.00038442307,0.13317987,0.091170736,0.0027161064,0.029139807,0.18417512,0.05253309,0.021609394
11275,0.21547264,0.19573562,0.09932049,0.12516151,0.38383463,0.2605302,0.13161314,0.44915497,0.18403602,0.16975829,0.09690803,0.10917277,0.18510252,0.1383371,0.1266785,0.19709376,0.021361146,0.2766289,0.17187202,0.051340874,0.121567704,0.29005244,0.12597345,0.09246675
