ID,p_Action,p_Adventure,p_Animation,p_Biography,p_Comedy,p_Crime,p_Documentary,p_Drama,p_Family,p_Fantasy,p_Film-Noir,p_History,p_Horror,p_Music,p_Musical,p_Mystery,p_News,p_Romance,p_Sci-Fi,p_Short,p_Sport,p_Thriller,p_War,p_Western
1,0.045888484,0.06547273,0.014213337,0.014127891,0.81739485,0.05514676,0.0049530105,0.3940376,0.09904715,0.13671136,0.016141139,0.0066749663,0.016787834,0.057565656,0.11052278,0.0426988,0.0012576616,0.8131837,0.012850123,0.017297119,0.028323455,0.06814413,0.013323611,0.019061329
4,0.050930336,0.01327531,0.0034788258,0.047937322,0.1978346,0.40519375,0.045163214,0.79553884,0.0059593287,0.008333642,0.028561452,0.019869415,0.047711026,0.026038071,0.004181122,0.048973355,0.0012794618,0.0430098,0.009025433,0.0108620515,0.021237243,0.3977426,0.018472394,0.029236186
5,0.002212646,0.00075454306,7.746465e-05,0.011268359,0.038274616,0.9360631,0.007060411,0.8268505,0.00014365012,0.0012982055,0.38982806,0.0031424016,0.006713017,0.0019211576,8.10265e-05,0.7761452,4.407132e-05,0.015104148,0.00041039582,0.0013396754,0.0016037447,0.78577906,0.002396211,0.0016317647
6,0.07433742,0.11968651,0.019383028,0.04686861,0.34120753,0.06486276,0.039751496,0.68976855,0.056862622,0.08231649,0.04993311,0.055154935,0.31951812,0.04924939,0.031431463,0.10204491,0.0028161046,0.2119447,0.21678142,0.029578077,0.0422698,0.3746162,0.060658917,0.08283644
7,0.007938442,0.015124832,0.008212983,0.0059571513,0.22082622,0.026388036,0.013681117,0.4227592,0.02096627,0.08714551,0.014236853,0.0035558986,0.81799394,0.015551677,0.0034240326,0.12878503,0.0003151904,0.069220036,0.3888626,0.013895079,0.0030794148,0.3959128,0.0017193877,0.004052457
9,0.029049162,0.038295798,0.016759068,0.2527523,0.35481903,0.18948343,0.15737732,0.8122605,0.038933374,0.041192085,0.06723873,0.11024122,0.03874949,0.14138362,0.027222529,0.050088916,0.0053896317,0.19194147,0.020113776,0.034503873,0.13634107,0.12541062,0.060544007,0.06236493
11,0.004034945,0.0061002327,0.008958231,0.2588042,0.34012455,0.0079896115,0.9506192,0.17729121,0.012355055,0.0069368277,0.0011357523,0.035895772,0.0024967068,0.4200212,0.026802363,0.0014808853,0.00034624204,0.10769972,0.0045741745,0.0028186433,0.030888105,0.0036634756,0.006195206,0.008587654
13,0.093260325,0.002034452,0.00015190075,0.0019182377,0.8019775,0.9202155,0.00056533894,0.6060108,0.0015188704,0.0014607032,0.011976645,0.00090884505,0.009100667,0.0009407121,0.0010145333,0.04137429,0.00013389233,0.07110323,0.003320432,0.0027506158,0.0021458766,0.6672894,0.0019156066,0.0049720495
16,0.0022521052,0.0024619764,0.0015176424,0.019786922,0.60731125,0.052581847,0.022419203,0.57418835,0.008184871,0.018054912,0.009293205,0.004373528,0.09356281,0.04421549,0.008803615,0.09870711,0.00042762508,0.27745733,0.0050359494,0.00944569,0.0059940456,0.109565645,0.0025529142,0.0040406967
21,0.02211608,0.062127247,0.028940778,0.048713006,0.91622967,0.0574816,0.0454736,0.32814702,0.1432174,0.03188626,0.0039223824,0.012113897,0.006257585,0.081115305,0.06530518,0.010543374,0.0012220208,0.44765127,0.013454913,0.016800527,0.047909465,0.013554923,0.013984236,0.014480928
22,0.03431154,0.3924567,0.05908124,0.00075053493,0.61904943,0.0016398369,0.00014449334,0.18225732,0.54172903,0.79654175,0.0004385342,0.0020998637,0.110086605,0.012390142,0.042824637,0.007756414,1.7488059e-05,0.3806223,0.020234253,0.0024239628,0.0075735166,0.039579585,0.00082098786,0.005607332
24,0.059607223,0.004992038,0.0010543106,0.008674202,0.7615812,0.67004085,0.0008718061,0.5240118,0.0048238286,0.0141679235,0.060165364,0.0012311443,0.06560634,0.0052496903,0.012789315,0.48422846,0.0007034859,0.47837824,0.019081457,0.010253983,0.0046008043,0.7050104,0.0049377093,0.0038184698
25,0.34134415,0.22922976,0.0033949108,0.0018006758,0.7139505,0.18290614,0.002041074,0.115425326,0.019749273,0.008999217,0.00061835564,0.001837151,0.006369947,0.0029471396,0.0030099829,0.0008379562,5.1740502e-05,0.040479578,0.0058587887,0.0009083763,0.0036150652,0.045513306,0.0013508038,0.123521164
32,0.0054849465,0.010690964,0.0038085969,0.023992544,0.93295413,0.016707422,0.0020746684,0.43428898,0.047473963,0.036579885,0.0064498954,0.0026522991,0.0024452752,0.086673886,0.11132455,0.009224867,0.0003070061,0.82132655,0.005077797,0.008359137,0.038305618,0.015790476,0.00407918,0.008474983
38,0.0011687028,0.006109764,0.00077187334,0.0031244222,0.66969883,0.02880522,0.00051294663,0.818302,0.014022732,0.009373598,0.0029670468,0.001116079,0.02185741,0.010999769,0.010804878,0.0068311356,2.6791013e-05,0.37018418,0.0003662352,0.0016123862,0.0053321756,0.050697487,0.0014137016,0.003935338
40,0.21579431,0.06540794,0.003840263,0.03936641,0.30779597,0.7608801,0.015668878,0.7157078,0.006346924,0.004646044,0.07128893,0.02698334,0.007754627,0.010342371,0.007336396,0.0481735,0.0015126735,0.07712914,0.009256727,0.0107783675,0.018535327,0.46062794,0.060445923,0.06985588
54,0.09051267,0.32631972,0.16062462,0.00562327,0.96100146,0.047449064,0.010122095,0.03631152,0.50953406,0.15749374,0.0018799041,0.0053670243,0.21039681,0.06578276,0.09402333,0.03719127,0.0017500875,0.107039355,0.20550361,0.031583242,0.031721067,0.062478513,0.004841498,0.016532773
55,0.039709803,0.18945718,0.01255464,0.0010436857,0.3245422,0.091991566,0.00095142453,0.3079583,0.072382085,0.22977304,0.006292289,0.0030045675,0.6829032,0.006189604,0.002889077,0.130008,0.00018223903,0.025363728,0.01705003,0.009372788,0.0024720714,0.3288896,0.0035344516,0.0088541275
60,0.07221602,0.29935002,0.12167159,0.018295815,0.7028503,0.01996966,0.068232775,0.11070735,0.369772,0.16526851,0.0031385273,0.015388609,0.21691354,0.050546855,0.0550478,0.022824557,0.0018293451,0.1598804,0.32690862,0.0285132,0.02698063,0.068896815,0.007247062,0.030131998
64,0.00043594706,0.0021266402,0.00038470555,0.002938033,0.9555451,0.00093217846,0.00032562582,0.38894916,0.017492175,0.04251139,0.001461179,0.00027366373,0.0028250096,0.03078814,0.030578487,0.008324063,5.1503534e-06,0.9667566,0.0010840017,0.001351384,0.003100372,0.003102812,0.0009866032,0.00019034454
72,0.0012681284,0.0025252507,0.0033592049,0.1798274,0.18660259,0.017333785,0.9544736,0.35218117,0.00560233,0.0043366957,0.002026438,0.017423175,0.011555095,0.14948873,0.0039837775,0.004037974,0.00024702834,0.059003327,0.0034072236,0.0028203698,0.027262324,0.008351627,0.001958135,0.0044366154
74,3.8208338e-05,2.3740828e-05,1.6870922e-06,1.3200257e-05,0.97936356,0.09333299,3.6049012e-06,0.30424437,0.000117911666,1.7658378e-05,7.335481e-05,1.1438021e-06,0.012697205,8.1518476e-05,0.00017276582,0.0014387566,5.1496812e-08,0.07816614,9.245565e-06,6.403289e-05,5.4850185e-05,0.08016027,1.3486988e-06,5.0537034e-05
77,0.26992396,0.027885044,0.0053490726,0.026401546,0.2384122,0.6835722,0.022319173,0.72630477,0.0109325005,0.017361846,0.08336998,0.030298188,0.169558,0.016912041,0.0045148837,0.105494626,0.002654227,0.07740763,0.028695699,0.017793102,0.027461275,0.5712871,0.02104102,0.039563823
78,0.0063086944,0.0020253353,0.0003092454,0.0013050081,0.9840915,0.16992599,0.0004926924,0.29328093,0.049951743,0.024906473,0.0009234423,0.00010484046,0.0005729169,0.007739829,0.0027948748,0.0029036799,1.7355276e-05,0.15366584,0.00017996057,0.0007814268,0.041354198,0.0076918798,9.860707e-05,0.00040192984
89,0.02985258,0.35364896,0.023752669,0.044807285,0.28397304,0.0015707301,0.004254833,0.63272417,0.15691775,0.13424142,0.0009896071,0.06007106,0.0002802628,0.03879654,0.071457826,0.001082078,5.3320055e-05,0.83748806,0.0019721733,0.001164509,0.061424527,0.0039320276,0.024500728,0.03733219
94,0.0016072424,0.011557748,0.0010479019,0.021424102,0.56260514,0.0024970416,0.0012207121,0.8669595,0.023610191,0.04906532,0.006379114,0.004280183,0.0020560855,0.05164998,0.030089863,0.007646312,3.943326e-05,0.9601628,0.004233161,0.0017180189,0.0068121403,0.009173093,0.010565129,0.0021275603
97,0.11070283,0.26625437,0.035667222,0.0012315301,0.09343664,0.030009447,0.000593222,0.13495544,0.11328475,0.6708876,0.0055955527,0.00372883,0.9587505,0.0057175388,0.0068937847,0.1375143,0.00024541182,0.05608883,0.13425982,0.020657903,0.002973623,0.5063513,0.002212487,0.00847552
98,0.0065703774,0.01501601,0.006461236,0.013784618,0.9291253,0.08806593,0.019748315,0.4422184,0.13281772,0.05360676,0.0077348175,0.0033562544,0.009993124,0.047353003,0.03832762,0.011858143,0.00049471826,0.36005902,0.0037533322,0.012626018,0.07298333,0.016537463,0.0037379407,0.0075369366
105,0.090823136,0.0030813417,4.735457e-05,0.0009155628,0.4619782,0.8569986,0.00013557727,0.9006072,0.00037789636,0.0002562846,0.0146139385,0.00065352744,0.0015392321,0.00018891506,0.00011909443,0.0016468168,7.4289496e-06,0.006188806,0.00020167473,0.000211853,0.0072163916,0.29157397,0.0013608718,0.010824621
115,0.05841596,0.060617767,0.037972532,0.044922635,0.43907192,0.14171067,0.038881548,0.55769277,0.08519648,0.2050698,0.058939565,0.021170454,0.4354102,0.1072399,0.043250702,0.16404343,0.007566571,0.2879672,0.0748836,0.072739005,0.0484089,0.284175,0.028112583,0.025670864
116,0.06595939,0.22533259,0.051854886,0.020236315,0.74951,0.09911381,0.07061596,0.3088897,0.13668801,0.07961292,0.015367499,0.03793023,0.14125544,0.084252104,0.041949302,0.091388725,0.0057843644,0.14792639,0.07398882,0.0461193,0.03400883,0.26479977,0.028146686,0.10712853
117,0.36520907,0.117591575,0.008221567,0.0006310775,0.89801764,0.17676213,0.0043164557,0.012723163,0.035196297,0.025594741,0.0006260227,0.0008080166,0.3555236,0.0020929328,0.0029619473,0.03407082,0.00040824816,0.02340913,0.42058787,0.004788039,0.0012798395,0.27470762,0.0007203337,0.0046909926
125,0.14583288,0.025117083,0.006737783,0.024948755,0.5776504,0.68265545,0.015372024,0.3693261,0.013955689,0.015006824,0.039871633,0.010514194,0.1215963,0.009890609,0.0132690845,0.13382116,0.0030257876,0.091298416,0.019792031,0.032056265,0.02015033,0.5729068,0.0138810715,0.037547708
126,0.6683644,0.07724408,0.0017932532,0.0076213335,0.12916224,0.7293314,0.0043839132,0.5457797,0.0034800787,0.0034908871,0.014416979,0.008113465,0.03105545,0.0022120334,0.0014607157,0.03865483,0.0003917405,0.019376783,0.02376173,0.003845913,0.0030453324,0.7894206,0.009091925,0.048289184
130,0.074502006,0.08240266,0.018070316,0.018045044,0.3709228,0.06875421,0.019683702,0.59504294,0.058821585,0.058993004,0.012116026,0.012698347,0.13078028,0.0192798,0.009825002,0.035753757,0.0012878114,0.10648756,0.03198963,0.0094935205,0.03461522,0.19154094,0.013186665,0.038062636
133,0.013069185,0.01386587,0.0026564016,0.0072458484,0.45047545,0.15281779,0.006243987,0.3921359,0.007718713,0.015298946,0.019016305,0.0041261623,0.3498965,0.022704227,0.0076915883,0.15698203,0.0005375957,0.18821673,0.043934375,0.017681684,0.0033892985,0.4500216,0.0039816382,0.010264039
137,0.099563934,0.07292405,0.008380061,0.010269956,0.5506629,0.23753971,0.0022352436,0.8364733,0.04997717,0.034380987,0.02996596,0.011884931,0.008009716,0.009214039,0.015306621,0.023864247,0.00075164624,0.13085115,0.005702324,0.0066149277,0.10631757,0.21697406,0.009799752,0.04232557
138,0.19343966,0.033688605,0.005273872,0.021261232,0.40125567,0.88175344,0.016216239,0.51534486,0.0131247165,0.011889361,0.075416446,0.011171361,0.06587628,0.0071112067,0.009726524,0.14543843,0.0024560764,0.037734423,0.01610814,0.015361222,0.03942553,0.6318852,0.014465143,0.05440444
140,0.08612763,0.13587423,0.04338152,0.044058673,0.7127917,0.2790605,0.027354758,0.4241143,0.17484057,0.13935457,0.07325919,0.026803669,0.09098452,0.0686437,0.05791122,0.22912942,0.008287775,0.30096096,0.07221926,0.048804633,0.12785067,0.25983322,0.016249325,0.048123695
141,0.7273813,0.18194725,0.00085621176,0.00019962994,0.7261556,0.45678422,7.8322344e-05,0.11174595,0.0077349753,0.0046945806,0.0012878948,0.0007553995,0.027506968,0.00024872762,0.0006705698,0.006371387,1.817923e-05,0.011952689,0.023047952,0.0003588415,0.0004968032,0.75708485,0.0009829848,0.03449976
145,0.15279031,0.23048417,0.042615626,0.023424244,0.24310976,0.021509957,0.015197526,0.5781023,0.111281805,0.09581831,0.008371372,0.030390402,0.051988658,0.012054581,0.025726976,0.051639054,0.0011314809,0.1795707,0.22913346,0.012377207,0.025656635,0.3251527,0.018927451,0.039151873
147,0.00038551362,0.0068430807,0.00063993724,0.02241865,0.86629593,0.006068867,0.003923157,0.88510364,0.008785153,0.006375131,0.00075036625,0.0022863417,0.0013939025,0.56286836,0.015328593,0.0021834122,2.8700219e-05,0.38662356,0.0006644971,0.0031154973,0.0061935834,0.006204264,0.0024881626,0.0014219454
148,0.0034815755,0.013687611,0.005645163,0.044577885,0.87230194,0.02256495,0.024914518,0.6700988,0.039987795,0.011005482,0.0040323455,0.006905443,0.0022870284,0.059953067,0.04017559,0.004860911,0.00034672578,0.5480661,0.0050919205,0.009113283,0.033065908,0.009945016,0.008674955,0.006457854
153,0.15733281,0.12678233,0.037670333,0.041990902,0.34870836,0.095183164,0.032312796,0.46379703,0.0711933,0.1146708,0.019084437,0.035543684,0.2080919,0.05567788,0.03198466,0.05376265,0.005066814,0.14877073,0.096290216,0.044508643,0.034071896,0.21323968,0.029579017,0.052615862
154,0.045370765,0.040476322,0.005401011,0.00934762,0.79054844,0.17254387,0.0052954233,0.3999417,0.055264436,0.03536751,0.010820356,0.0035453187,0.07458725,0.025055148,0.018634127,0.07777228,0.001142554,0.24959835,0.01859841,0.011663242,0.01303272,0.2240811,0.0065916535,0.012439755
155,0.041888315,0.042079356,0.04527811,0.22167313,0.5604243,0.11416104,0.38031593,0.4636338,0.08377565,0.06976987,0.057876796,0.10873551,0.05485801,0.30286732,0.11824035,0.06863227,0.017777216,0.47734976,0.03270077,0.066962235,0.17244779,0.09722453,0.0794216,0.0847292
158,0.66998696,0.597116,0.04177375,0.00050579495,0.20397891,0.008883031,0.0023512898,0.023088856,0.07691402,0.103811584,0.0003421003,0.0035120589,0.38306868,0.00073799427,0.0026683325,0.026698865,7.459456e-05,0.026869243,0.95282644,0.0024443006,0.0005603186,0.41737443,0.0016291636,0.0060451464
159,0.32377714,0.20316167,0.028575225,0.009401916,0.48449573,0.21226193,0.009115911,0.34090236,0.11317954,0.1323408,0.032947056,0.017762419,0.3467012,0.027139446,0.013986716,0.16317928,0.004377019,0.053942353,0.123315066,0.03565528,0.030179175,0.48864558,0.014337401,0.051428698
161,0.09234842,0.1458195,0.04115873,0.005358445,0.3847147,0.08061278,0.012194076,0.13544762,0.1071964,0.12592731,0.009045568,0.0076681497,0.8913782,0.016987348,0.01321366,0.119448215,0.0014778454,0.04440194,0.3012482,0.034187682,0.007392881,0.40928477,0.003909953,0.022577794
162,0.002803199,0.009401916,0.002079181,0.040467523,0.4207967,0.011990405,0.0057774032,0.90338093,0.02473156,0.047330737,0.010302937,0.0064282175,0.0046830466,0.112039365,0.03330226,0.010861345,0.00019337593,0.6903539,0.0021782212,0.006073635,0.038006805,0.025572458,0.0087277545,0.016676474
163,0.05651301,0.008608341,0.00078121055,0.0110782245,0.5653839,0.1942474,0.0057305023,0.82576954,0.006496032,0.005477531,0.004180232,0.0022507762,0.003347458,0.008332149,0.001531229,0.013853743,0.00016733972,0.074713476,0.0045006056,0.0031881563,0.024328062,0.12653057,0.0021706691,0.0045256936
182,0.006030763,0.025104323,0.0019866952,0.0027405936,0.95045644,0.046735503,0.00054203434,0.1311862,0.043287076,0.02664282,0.005443022,0.0008575361,0.007140355,0.007468048,0.054188937,0.024701202,6.039434e-05,0.8974253,0.004084092,0.0024027124,0.0027927374,0.043205284,0.00091361423,0.0036635885
187,0.0025101465,0.0032618553,0.00016414806,0.00059232366,0.23133285,0.01254717,3.5333564e-05,0.97039187,0.0055258907,0.0076320656,0.001705522,0.00028461695,0.0075776037,0.0011931396,0.0005833966,0.005218579,2.6935008e-06,0.2337948,0.00097438216,0.00049215887,0.0070395055,0.09210492,0.0006848204,0.0013110366
189,0.10852437,0.05423946,0.019698769,0.017209446,0.8718947,0.2540981,0.0066256193,0.26929364,0.106108375,0.10847071,0.030727817,0.0066278256,0.13108625,0.033702347,0.04594498,0.094943,0.004431387,0.28951824,0.04629719,0.04463564,0.054049976,0.2552613,0.010959468,0.023109667
190,0.00028818907,0.004622193,0.0005890162,0.00011340555,0.99972206,0.0021569731,0.0009088204,0.012989629,0.10715243,0.0013506539,6.7851242e-06,1.0386755e-05,5.5244207e-05,0.00074226246,0.003043383,7.4847936e-05,3.6341757e-07,0.074298576,0.0010181749,0.00012611294,0.007565722,0.00058432337,8.015204e-06,0.00014033605
193,0.018998291,0.055886988,0.016460042,0.06383479,0.18754758,0.05130811,0.023095993,0.93716365,0.033082772,0.031471554,0.04647261,0.04506051,0.028407708,0.06376572,0.029105753,0.058748547,0.001480038,0.4301916,0.016196951,0.016132189,0.041498445,0.16813037,0.04208938,0.04928273
194,0.16341875,0.11437937,0.012280786,0.0007365244,0.38011006,0.13558802,0.0024642716,0.08111828,0.03791378,0.12355988,0.0074510383,0.0013153102,0.7990922,0.0037245473,0.002728058,0.15705653,0.00042782223,0.018647073,0.26649222,0.013120171,0.0026478716,0.6469087,0.0013565925,0.007933564
197,0.0068207365,0.0035995902,0.0023956911,0.011224651,0.90134656,0.04403458,0.011068716,0.21801138,0.014644706,0.012471563,0.0031673154,0.001989848,0.05470426,0.026091242,0.015439666,0.0154739665,0.00041132406,0.34843987,0.01223441,0.013814905,0.008431718,0.034919493,0.0016815771,0.004166626
201,0.3252116,0.016828345,0.0012231534,0.009149118,0.26783028,0.63737804,0.0020086123,0.6147499,0.0028155677,0.007070212,0.028991917,0.004558013,0.10645496,0.003280813,0.0032445474,0.2143844,0.0008436791,0.058405656,0.029687952,0.008355205,0.00609029,0.86403245,0.008018443,0.015544108
202,0.08072094,0.19349957,0.035518788,0.019862339,0.96654034,0.16487429,0.020156223,0.20262738,0.24430834,0.046676986,0.0071541807,0.012658583,0.0096817855,0.099751316,0.13628745,0.022428641,0.0028272714,0.4286816,0.020597799,0.023000687,0.030082205,0.04207531,0.012617615,0.031983
204,0.40068635,0.17992255,0.006054414,0.009208756,0.68592596,0.41088325,0.002292751,0.3395719,0.01933446,0.02078868,0.02095302,0.012240266,0.013925866,0.0060419133,0.025475988,0.039983287,0.0011799745,0.27519542,0.013790804,0.015266324,0.016454928,0.3457664,0.057883676,0.19028313
206,0.00039201186,0.001118746,0.0005482699,0.001457544,0.8981124,0.0048302417,0.0006753397,0.5204196,0.01679759,0.029323764,0.00040158746,0.00012251326,0.044836603,0.014333089,0.0057734502,0.010826933,9.939607e-06,0.3281142,0.000924756,0.0022017872,0.0014378472,0.015599919,0.0001497794,0.00013920001
207,0.009862221,0.0054833503,0.005182115,0.055619802,0.52813077,0.04873358,0.46940675,0.30350974,0.01271521,0.008825478,0.004644783,0.011898831,0.0338892,0.06694559,0.0095821265,0.030132303,0.00088284863,0.14339629,0.017615145,0.011688994,0.015538075,0.03962597,0.005103144,0.0065678223
213,0.023645338,0.1026539,0.02693717,0.014478716,0.7135809,0.0087602725,0.0057131406,0.72593653,0.15984109,0.076020524,0.00243871,0.010062661,0.013767471,0.022829218,0.029194884,0.009285894,0.0003851993,0.4105812,0.07606225,0.008466809,0.024489095,0.030789014,0.019653333,0.008566645
224,0.08194035,0.08172645,0.010298518,0.011214716,0.6112124,0.1190178,0.003726381,0.72215724,0.033470735,0.02894788,0.006930757,0.007622498,0.021423206,0.0060603535,0.0070602437,0.015530468,0.00085914735,0.079283506,0.05504297,0.0060588806,0.04008252,0.23581125,0.00948049,0.0240192
225,0.5664469,0.24181266,0.0104027875,0.024856033,0.13608302,0.05631881,0.0020384097,0.5692495,0.0073969234,0.025920894,0.012622112,0.05567835,0.006678825,0.0023358879,0.01889424,0.019777551,0.00036017457,0.5166271,0.065696605,0.0050591948,0.00626684,0.51098007,0.3119871,0.07659738
226,0.05176059,0.010015807,0.0004346104,0.002083962,0.9649333,0.7162547,0.0006134456,0.31392694,0.00832299,0.0024977627,0.005963822,0.00045270583,0.0031764915,0.0022897567,0.005062729,0.00784034,0.00010963615,0.11704516,0.00090126385,0.0038074232,0.0112445885,0.09956676,0.0012777752,0.010049642
232,0.4559862,0.6911864,0.19241977,0.023883315,0.37006846,0.04345944,0.00799047,0.25449193,0.34254137,0.26728472,0.011127149,0.06607864,0.065192886,0.018927766,0.06896863,0.028829811,0.0022609213,0.2388747,0.26131755,0.02022425,0.04416581,0.21847956,0.08430117,0.14789142
234,0.031057097,0.07408339,0.038443618,0.019580001,0.8108621,0.075845934,0.015335194,0.238695,0.14538395,0.12966082,0.009555865,0.010820766,0.12476164,0.07883056,0.05981716,0.07278779,0.0022260423,0.3676237,0.057955816,0.04670282,0.017325697,0.1397411,0.014285572,0.012127863
235,0.10195416,0.07901451,0.031032495,0.044944253,0.5193081,0.185786,0.11429835,0.3266513,0.050308798,0.03868584,0.024410406,0.03662111,0.137443,0.054908667,0.028653663,0.08678961,0.0068750917,0.098488815,0.07592763,0.049886726,0.035277106,0.26742882,0.030038022,0.0534614
236,0.025046231,0.2972945,0.12978752,0.0015202299,0.57486117,0.00019542169,0.13652672,0.017457396,0.20159031,0.08238432,4.1324878e-05,0.0039411928,0.06287064,0.004805965,0.005053047,0.0008969876,2.2717804e-05,0.012914192,0.9078032,0.0011012108,0.00076585374,0.011642407,0.0008970598,0.0040187794
249,0.24040006,0.1721176,0.08091699,0.015926214,0.72108436,0.118939884,0.06414651,0.12105562,0.23658834,0.03594088,0.006681201,0.014932896,0.03324872,0.009911723,0.017770847,0.025838615,0.0029628063,0.048248954,0.1950594,0.012856936,0.31441027,0.12202,0.006362316,0.036570366
255,0.03438947,0.014797792,0.0020577933,0.0009336545,0.32842082,0.10190992,0.0027201949,0.16678178,0.0053290348,0.024573948,0.00543056,0.0011412986,0.8405981,0.003287845,0.0023424334,0.33969083,0.00015892512,0.034129,0.20151176,0.01212752,0.00038567788,0.8383982,0.0019387983,0.0033365216
258,0.26010203,0.056032777,0.0042845383,0.0064241383,0.50875306,0.6315265,0.0026067735,0.40467605,0.020466924,0.030769128,0.029465148,0.005173351,0.13788882,0.018406717,0.010291653,0.116056465,0.0011394677,0.09788375,0.011229924,0.010791238,0.0049693375,0.63843405,0.0042781634,0.037866876
260,0.13635513,0.114366546,0.08667574,0.21878612,0.3643921,0.12662467,0.46956092,0.46164557,0.07857941,0.08824003,0.051009536,0.19587293,0.084446594,0.19031975,0.07651171,0.067265466,0.01735277,0.1929826,0.13141897,0.08478855,0.09061578,0.1757334,0.11407226,0.12513214
262,0.1184285,0.23406649,0.020177405,0.01252198,0.8019347,0.06872327,0.006166683,0.5130477,0.1161666,0.035094324,0.00524965,0.01543955,0.015676271,0.024153693,0.04381188,0.014113156,0.00072887173,0.3568481,0.021185068,0.009313725,0.03261826,0.060037117,0.031755857,0.03624513
264,0.12812255,0.07979507,0.040630672,0.07469194,0.2887994,0.071355395,0.1194319,0.5479206,0.085498326,0.045020588,0.015612913,0.048341837,0.042929765,0.039822612,0.023160141,0.020998834,0.0042482545,0.08356591,0.037819423,0.019289916,0.592114,0.11495602,0.031785626,0.07855819
269,0.00083582976,0.0018396133,0.0004358831,0.0010243581,0.99515295,0.02625772,0.00016064275,0.15650475,0.023880553,0.010778542,0.0003137083,5.4442356e-05,0.001434573,0.0045073847,0.009911948,0.0076622777,8.000084e-06,0.7750615,0.00087575713,0.0009495255,0.0023993237,0.011266983,0.0001334265,0.00016179556
271,0.017596135,0.09893715,0.010572824,0.01756437,0.6675124,0.08023983,0.0035529695,0.525946,0.07356113,0.04847168,0.015962869,0.006718771,0.029999645,0.049193397,0.037553508,0.04318023,0.00044897935,0.6168016,0.027286625,0.012549416,0.009750464,0.14880271,0.012500766,0.01910105
276,0.12849729,0.73821217,0.14082326,0.034664866,0.41003987,0.008067126,0.009895888,0.34882376,0.3735694,0.35847813,0.006294615,0.11793439,0.020076143,0.057502378,0.13647938,0.018846313,0.0011710569,0.5797795,0.08397195,0.014231353,0.024325173,0.03280916,0.13364449,0.11371567
277,0.01677614,0.043364286,0.013541966,0.0069393143,0.68537605,0.13090433,0.004114716,0.32229066,0.11810738,0.11165834,0.014589247,0.003043596,0.4059918,0.024957303,0.01850711,0.10346712,0.0010440233,0.11343458,0.011813127,0.023435747,0.017057983,0.24178456,0.0019701568,0.014045621
281,0.0019353551,0.01032311,0.0057011074,0.007786491,0.55574226,0.0010580699,0.0015911243,0.56088156,0.15758047,0.20611316,0.0026008605,0.00089413626,0.015606215,0.062247448,0.02393304,0.020061355,3.2965472e-05,0.7456964,0.015977344,0.0056354175,0.00885421,0.016536735,0.0003118743,0.0009989553
282,0.009028727,0.020976095,0.0034146705,0.033248015,0.35812715,0.09729384,0.0015978477,0.799718,0.04029225,0.047518186,0.045694284,0.0125849135,0.020577328,0.056463555,0.02508847,0.052467916,0.00050743384,0.5348241,0.0027388283,0.011480973,0.028154043,0.10277393,0.01057694,0.029202769
285,0.10003598,0.09433695,0.028538004,0.027839733,0.47283038,0.118654855,0.024282036,0.4305822,0.06498248,0.076410234,0.021641463,0.015450702,0.13957092,0.047108594,0.027253585,0.111241154,0.0035255468,0.19454423,0.07894052,0.035921134,0.021223601,0.27580857,0.016912034,0.028522
294,0.12350112,0.031180846,0.0053030895,0.039052725,0.6285374,0.64290065,0.009068473,0.7285647,0.018748723,0.026030969,0.073119625,0.01226094,0.013216942,0.04302238,0.026518045,0.09195489,0.0026045935,0.55404186,0.011667518,0.024281727,0.03123225,0.272166,0.021938257,0.038749855
301,0.12484125,0.14855601,0.06690531,0.13586973,0.32161447,0.09782364,0.07903583,0.7433833,0.16822742,0.078796916,0.037855063,0.09650235,0.021528332,0.08019436,0.084335,0.033988178,0.006597689,0.34584054,0.024750946,0.035940357,0.25252414,0.1101483,0.08908523,0.103076585
302,0.011309094,0.0075904913,0.0010228144,0.046708565,0.069062784,0.17099339,0.020196237,0.88121045,0.0014619278,0.0056470716,0.06746404,0.03911233,0.037951536,0.008120859,0.0014222568,0.08646181,0.00018183408,0.122519806,0.011404633,0.0022468516,0.0067600524,0.48547062,0.037836038,0.016781736
306,0.019686732,0.03994212,0.016622795,0.053678878,0.5708756,0.22137761,0.020998249,0.5991826,0.06772846,0.062172733,0.10970365,0.017409654,0.0345108,0.08276801,0.021344764,0.11978319,0.0027922238,0.25620356,0.0102021815,0.029752834,0.07008637,0.18749984,0.02325361,0.03415475
317,0.016469365,0.017667165,0.006346221,0.035738364,0.896839,0.027237238,0.045622285,0.1564509,0.028156573,0.019548634,0.001409161,0.0047786427,0.008694029,0.0666006,0.021649204,0.005623475,0.00037729807,0.24734788,0.011235769,0.00817791,0.014523972,0.019376928,0.0036985239,0.0060127284
329,0.24483584,0.34879452,0.01654879,0.00084174424,0.95399433,0.41044092,0.0004828983,0.034446206,0.108298846,0.04953408,0.0016584566,0.0014266847,0.120659225,0.0053348616,0.016559979,0.060313746,0.00029714743,0.113340124,0.034171265,0.009567714,0.002003915,0.31890488,0.0012782888,0.0084860455
331,0.1510718,0.15482132,0.015743937,0.00377588,0.12614001,0.07854874,0.009041039,0.07733213,0.025963461,0.14171457,0.006975739,0.007661252,0.88835824,0.0046795434,0.002895231,0.09304641,0.00052724645,0.017677993,0.2408913,0.01717545,0.0020668888,0.56732446,0.0055976943,0.022232533
338,0.017998135,0.011669317,0.005982519,0.059907705,0.3251985,0.08429285,0.021698613,0.895419,0.026825195,0.02653119,0.030368218,0.013833776,0.025182154,0.055607546,0.018702004,0.047441535,0.0014157819,0.4127159,0.0056146514,0.015064781,0.06317709,0.10306517,0.010474715,0.021438511
340,0.03635117,0.07089241,0.009063914,0.06712395,0.17528054,0.0872446,0.024253687,0.8741512,0.020976493,0.036069997,0.032282006,0.061697926,0.030886648,0.06266664,0.019592477,0.047982227,0.0010744035,0.25336856,0.010971377,0.018445633,0.014207418,0.19079517,0.10449397,0.052639823
341,0.0061875163,0.008540409,0.0009858763,0.00114059,0.9963755,0.015353559,0.00045886327,0.121922106,0.07007426,0.0061778557,0.00019196376,0.00017470584,0.0004110873,0.008584718,0.018535856,0.00064839737,1.7792543e-05,0.6354644,0.00030571801,0.001233663,0.013899156,0.0016099303,0.00035952823,0.00066739693
342,0.0010562186,0.0017927123,0.0018524721,0.03937475,0.66766274,0.008868932,0.033554155,0.73777413,0.007936189,0.006773314,0.0019944487,0.0035903736,0.008891822,0.025452593,0.010313074,0.004622303,0.00012044905,0.52977777,0.0086081745,0.0036500476,0.008530184,0.014063825,0.0032658037,0.0018866837
345,0.018945567,0.0153054865,0.0058426275,0.020741193,0.15712774,0.066079,0.018139096,0.533841,0.014651994,0.03354071,0.020662647,0.024495697,0.59387285,0.028887002,0.006141726,0.033879384,0.00064685993,0.13744819,0.021453511,0.013011447,0.026455235,0.19489521,0.0148524605,0.036327563
352,0.030157004,0.034885384,0.008126537,0.010479208,0.8662231,0.13109863,0.007694814,0.33906665,0.030385535,0.012894762,0.0049076243,0.0044955984,0.04667661,0.011985134,0.020624075,0.016793093,0.00080281764,0.1461895,0.020319428,0.015050629,0.01976427,0.13168354,0.0077908942,0.021627052
355,0.027665403,0.020784384,0.00041207485,0.011494472,0.36646944,0.004845281,0.021330887,0.83559906,0.00033418526,0.00042658462,0.00015404903,0.029278507,0.00019350798,0.003270563,0.0006622123,0.0001362942,5.871157e-06,0.10825322,0.0007443017,0.00020500805,0.0013282388,0.009344914,0.4104479,0.0074722623
358,0.0048482018,0.0016669908,0.00091270683,0.061913956,0.08846849,0.112533726,0.94817364,0.21107878,0.00073364633,0.0015296167,0.0014163995,0.015315117,0.027734416,0.027583266,0.0006266626,0.015156864,0.0001169779,0.006908135,0.0055223126,0.0021163758,0.0014792356,0.08830707,0.0022821438,0.004089973
359,0.007904669,0.0039302646,0.00036352806,0.0055696475,0.13189834,0.22826698,0.002276359,0.78398806,0.00091231207,0.0062747737,0.09006382,0.0020677664,0.296598,0.00393437,0.000616551,0.6789614,7.6819655e-05,0.07496481,0.08619739,0.004063926,0.0006557317,0.91605777,0.0009231028,0.0016854919
362,0.0005347331,0.00078492914,8.759475e-05,0.0041654273,0.623706,0.006988487,0.00028546105,0.91192317,0.0012424629,0.007831076,0.0021202452,0.0006819194,0.0015202522,0.019383311,0.0068403296,0.0029926696,2.135107e-06,0.93296254,0.00020400053,0.00045096895,0.0011753796,0.012536512,0.0027525243,0.0005208945
364,0.03751445,0.2950352,0.03437996,0.026945664,0.78065884,0.01295495,0.014791543,0.38042223,0.1491909,0.039913643,0.001700843,0.027936285,0.004311839,0.024872199,0.026945934,0.0027726316,0.00032013896,0.24353424,0.021271557,0.0056569576,0.05758906,0.014392796,0.029961454,0.033036206
365,0.022455893,0.023149408,0.0076440005,0.044585735,0.653569,0.05555603,0.023245808,0.86054957,0.07209379,0.01098775,0.0065286043,0.007612023,0.0006816208,0.019539448,0.022119468,0.0020120323,0.00043308883,0.38068083,0.0011855196,0.0039287885,0.44111243,0.0061026653,0.010390144,0.014672883
374,0.16954151,0.008364673,0.00059925765,0.006426601,0.2669608,0.92541134,0.0018784623,0.3717474,0.0021281221,0.0115986755,0.27541503,0.00375523,0.050109725,0.0012812093,0.0020804924,0.5584475,0.0006508854,0.117221445,0.007902972,0.0066863485,0.0025201426,0.8941276,0.014313692,0.009224841
382,0.031724233,0.08424555,0.026776902,0.15014593,0.19025068,0.04943073,0.095178664,0.8204484,0.04475707,0.06576011,0.02559552,0.07551486,0.037360314,0.09642309,0.026019456,0.031082172,0.0022941793,0.16226055,0.068926476,0.021369357,0.06569527,0.12933102,0.04090797,0.051992666
384,0.019747267,0.0023043784,0.00032059345,0.013598436,0.2858214,0.8059039,0.015356557,0.8273032,0.0015535819,0.0038104353,0.059726425,0.006557157,0.022842558,0.010874031,0.0011648589,0.2892571,0.0004003114,0.05813161,0.00256082,0.0034661167,0.00821661,0.6426424,0.004650903,0.005932948
386,0.012080645,0.078897625,0.024229426,0.04316226,0.33301592,0.084996164,0.062404204,0.81264764,0.10911704,0.044126622,0.006642531,0.022363408,0.032391883,0.04068017,0.008580291,0.019896373,0.0007103264,0.022133477,0.01670819,0.011258789,0.06417692,0.05872379,0.011128471,0.022983361
390,0.6720935,0.97999334,0.49812698,0.00017374348,0.5442467,0.0007770557,9.5636366e-05,0.0059008007,0.68734884,0.8585329,1.6784064e-05,0.0025185982,0.029172154,0.0009798518,0.01602038,0.0012632598,3.4311681e-06,0.018486336,0.3339383,0.00077526324,0.00033518265,0.019121988,0.0016477429,0.0115821175
391,0.20056438,0.020487232,0.0023879793,0.0039840085,0.8632265,0.8392993,0.0036827424,0.15014374,0.016819581,0.010472007,0.015851488,0.0011902365,0.09109713,0.0062521813,0.0046274574,0.10119094,0.00087906193,0.03832561,0.0090655945,0.008262938,0.011583793,0.39744917,0.0014306671,0.010469458
392,0.060200114,0.038860936,0.00132073,0.00608343,0.07981807,0.568827,0.00556465,0.6270905,0.002063896,0.007465257,0.072327465,0.009299854,0.23832802,0.002122051,0.0011605787,0.77453,0.00039961704,0.01666457,0.05463665,0.0042159315,0.0019379238,0.934192,0.006720757,0.010806229
395,0.059962444,0.14200594,0.028879344,0.00059992657,0.94670045,0.05910228,0.0020205884,0.030579906,0.27096644,0.05981613,0.0007144382,0.001050668,0.2883187,0.005095183,0.023599371,0.040545706,0.00018940258,0.05073066,0.23892435,0.0068718563,0.007768983,0.18904126,0.00062253873,0.009813806
396,0.008252036,0.032752853,0.0038214168,0.004906146,0.7585179,0.033760153,0.0050908625,0.5038794,0.030899676,0.001514899,0.0008805714,0.0035697168,0.020990178,0.007589996,0.0023510254,0.0014250525,8.08577e-05,0.018996289,0.017377162,0.0028019552,0.016742041,0.06305807,0.0077442755,0.01718715
404,0.035290815,0.008426604,0.000779778,0.00023520779,0.38747364,0.5197059,0.000508204,0.12819584,0.0033205776,0.015545405,0.0077347956,0.0001917371,0.94289464,0.0011157708,0.00037156182,0.12148302,9.6015574e-05,0.0030965144,0.02528378,0.0030663193,0.0011409671,0.7291248,0.00011743456,0.0027754242
405,0.9347646,0.19148763,0.002585503,0.001232937,0.47629938,0.7082768,0.00056783314,0.16359669,0.009834707,0.0030858037,0.0044552265,0.0044875513,0.018717952,0.000384389,0.0018569926,0.013329567,0.0001706123,0.022210455,0.045869596,0.0013935892,0.0038663906,0.6257371,0.012839434,0.027447712
406,0.049033016,0.02720405,0.01655712,0.17945534,0.37682578,0.31161463,0.33356962,0.46222973,0.024698509,0.046033237,0.073698,0.0724094,0.11522774,0.09932322,0.020387074,0.10659831,0.00659882,0.11110126,0.052718204,0.036684703,0.049405176,0.33210564,0.04853207,0.06843068
412,0.30274835,0.08491609,0.010146842,0.0035676027,0.50923383,0.2203335,0.012673461,0.113193296,0.027678724,0.02543029,0.008265814,0.00932492,0.42601198,0.0038018404,0.003731738,0.07958961,0.0013702066,0.01961902,0.33483067,0.0101842275,0.0075281924,0.45624852,0.0036960107,0.039305758
417,0.0056658215,0.08112365,0.04638926,0.012261402,0.56233543,0.0053781313,0.123410724,0.12941687,0.14224586,0.03964152,0.0005882336,0.012499602,0.4078464,0.03576697,0.0067275753,0.009579704,0.00026304286,0.023040101,0.07577383,0.0068059904,0.0075378143,0.018683532,0.002267568,0.0061185113
419,0.047105692,0.1261153,0.011390664,0.02648339,0.2321133,0.037981972,0.004316249,0.8204818,0.03931678,0.13110101,0.028321225,0.022896381,0.08256467,0.02709837,0.014152606,0.06354368,0.0006999796,0.33350545,0.053757787,0.012434109,0.027705694,0.25743064,0.023476603,0.037347835
423,0.08866429,0.3525465,0.06616989,0.012361619,0.8813374,0.021841878,0.011459422,0.13270819,0.35378686,0.19888997,0.0031706307,0.012029659,0.006801895,0.03579368,0.061352015,0.009626817,0.0005648655,0.20177841,0.015022641,0.011062996,0.066655025,0.015971864,0.007198925,0.051205747
436,0.08276805,0.32589895,0.127928,0.08528046,0.15399703,0.0489673,0.08857374,0.52442575,0.22070174,0.23544556,0.029238528,0.17425916,0.076101415,0.09419099,0.051518574,0.066253826,0.0041599236,0.13839342,0.03786922,0.040591832,0.05038982,0.11764249,0.13500105,0.07661279
441,0.024003731,0.03443588,0.008684885,0.00840284,0.7153889,0.31893736,0.011088881,0.40167788,0.05068081,0.037351683,0.019854842,0.007046161,0.31174397,0.025939284,0.0078009935,0.28624883,0.0013153028,0.095243305,0.08433477,0.034019787,0.00925337,0.48065972,0.008340044,0.017368305
442,0.26702473,0.027193183,0.0017274133,0.013015098,0.099875994,0.5922905,0.0037639833,0.8453603,0.0055152257,0.0037479284,0.021402054,0.012277959,0.026796002,0.004000702,0.001347021,0.034094032,0.00035350773,0.039817154,0.007404363,0.0027354406,0.015484532,0.5814796,0.0059270454,0.02637896
448,0.048700787,0.11493424,0.01838839,0.028314177,0.8224252,0.09178494,0.0124656735,0.62173396,0.22323954,0.054433726,0.010862565,0.01535789,0.013760505,0.039044093,0.037706174,0.010599053,0.0016824994,0.33788842,0.013328778,0.012291185,0.11898846,0.035293337,0.020703964,0.034958612
454,0.004752779,0.0006765505,3.0616146e-05,0.008586468,0.25425243,0.15568572,0.0021552702,0.9447753,0.00042655147,0.0008939783,0.0053667566,0.0005655906,0.00133411,0.0052428218,0.00023916068,0.0017340551,6.9006683e-06,0.07801365,0.00013624442,0.00016929064,0.011385736,0.04144724,0.00078717474,0.0019248228
458,0.06961959,0.042948868,0.010542748,0.012721749,0.69819933,0.21478999,0.024071515,0.3398751,0.04778527,0.020086212,0.0068134787,0.0057757352,0.09425552,0.011600686,0.0074886857,0.047392696,0.001392913,0.03953989,0.0792527,0.015604898,0.01929679,0.28821316,0.010234918,0.015110482
459,0.18853734,0.0051040156,0.00019573684,0.004770196,0.121987455,0.9752699,0.001040841,0.85073507,0.00084714626,0.0012412204,0.23055457,0.0020940716,0.0142803285,0.0004724938,0.00033635122,0.62666684,0.00034759773,0.038142424,0.003126055,0.0027101226,0.003254879,0.9387787,0.006697163,0.0030712103
460,0.056575555,0.11896007,0.013806378,0.13384224,0.1299305,0.2855735,0.054008555,0.8905929,0.029670902,0.022013415,0.05633709,0.21560071,0.025714386,0.07228102,0.026798401,0.04144583,0.0026105265,0.1974874,0.008125327,0.020587463,0.045166954,0.235597,0.1312467,0.16632032
466,0.058665097,0.017987574,0.003914738,0.053785313,0.22143607,0.44340798,0.017108098,0.79842746,0.0072694784,0.015119499,0.0793407,0.027661894,0.06105595,0.028691493,0.013798095,0.1499113,0.002307077,0.26183134,0.010174148,0.022726057,0.01648338,0.42489773,0.037212342,0.030523082
470,0.0026740718,0.021149319,0.0043298216,0.007485638,0.8392406,0.010732555,0.002951479,0.76645637,0.09348385,0.025546052,0.0028175348,0.0020189264,0.0044411784,0.03509837,0.015433528,0.0051660724,7.099929e-05,0.2684234,0.0025915331,0.0033973078,0.047013596,0.009735213,0.0022864083,0.0060634683
475,0.728482,0.80829775,0.03793455,0.01039753,0.28685775,0.04740896,0.0012278273,0.38129073,0.07789626,0.047791988,0.0030471035,0.065341,0.003108608,0.0056449594,0.037087858,0.0058484473,0.0003001624,0.37480247,0.04971322,0.004955382,0.0072918558,0.21969499,0.17137443,0.15949877
481,0.8975631,0.20530027,0.012987814,0.0045064646,0.25498572,0.5255078,0.001895073,0.08765029,0.036425035,0.06583135,0.008644525,0.006033311,0.06499554,0.0014277577,0.007017923,0.11082681,0.001052154,0.03750997,0.14201717,0.007933039,0.0052145952,0.7652521,0.0132785095,0.023613164
482,0.6047957,0.1428902,0.0019928652,0.0011015554,0.14759763,0.13625187,0.0007902992,0.5451058,0.0049443725,0.0014259546,0.0016759376,0.011313446,0.020290947,0.00020279715,0.00033127362,0.015014565,3.9107043e-05,0.0072803465,0.21406098,0.0006505704,0.0007666328,0.8851002,0.0034677477,0.022712922
488,0.0039877137,0.002940167,0.0018160787,0.013474879,0.8788145,0.030086879,0.0048491424,0.6785738,0.011012263,0.0063961972,0.0032674272,0.0020901712,0.0044701425,0.026958724,0.034280445,0.008877093,0.00016744874,0.7504202,0.0044566835,0.006456594,0.011758816,0.01944418,0.0038934005,0.0019742015
490,0.089490205,0.112719655,0.0807627,0.109325856,0.52133214,0.23817977,0.21974562,0.35864082,0.097137764,0.06527296,0.08407516,0.1243409,0.2124956,0.100570746,0.08170303,0.32899794,0.022088315,0.22534077,0.22480264,0.12964141,0.06323114,0.38380682,0.07591236,0.061922025
502,0.009984434,0.013200497,0.004657958,0.0083540045,0.8660453,0.0867547,0.010339911,0.26440844,0.038497373,0.015935326,0.005884839,0.0017469547,0.075535215,0.025219321,0.037989218,0.027479583,0.00057693635,0.31395394,0.013945104,0.011376599,0.0092588235,0.11118281,0.0027233814,0.00826567
504,0.0016112991,0.0047443192,0.0053512272,0.013308018,0.9261459,0.008967268,0.0639967,0.17479093,0.056343433,0.021074155,0.0005096314,0.0047362363,0.00910801,0.20018098,0.03646595,0.006024998,0.00013361812,0.17698441,0.0019688408,0.0030880386,0.025105363,0.007358818,0.0016137025,0.002312967
512,0.03822255,0.0009890924,6.211645e-06,0.00028366368,0.24707727,0.94653565,3.264011e-05,0.81898385,7.257357e-05,8.985954e-05,0.008942712,5.4182714e-05,0.0032549654,0.00022218341,6.728645e-05,0.03134145,1.3897037e-06,0.022975096,3.965617e-05,0.00012827957,0.00031930863,0.7452611,0.00022567631,0.0017859914
514,0.004185625,0.011178358,0.008085637,0.040147427,0.8364793,0.055507027,0.0144952545,0.70447224,0.053145025,0.056987893,0.020213269,0.0075037954,0.018136395,0.14942381,0.062262055,0.03653849,0.0011215524,0.6750494,0.004787802,0.017904745,0.05363322,0.037554704,0.013083627,0.008486154
515,0.02182483,0.007626304,0.001001033,0.0037582174,0.91654897,0.25494725,0.00076855073,0.33741364,0.008148787,0.007089873,0.0043097353,0.0012803967,0.013113967,0.009832785,0.027009325,0.013718571,0.00022243353,0.7217378,0.0027964571,0.0055138636,0.0035378372,0.09131618,0.004478745,0.0062125926
521,0.45345408,0.08730516,0.0046085175,0.00032710997,0.97021496,0.39278075,0.0002965652,0.016644454,0.12157864,0.01668806,0.0013114586,0.00028435848,0.17841801,0.0018696596,0.003659933,0.011590581,0.00010283278,0.033495165,0.039981496,0.002686401,0.0066800844,0.1786041,0.00030552014,0.0105339065
522,0.78090423,0.0017311447,1.4877087e-06,7.5453045e-06,0.8969807,0.94806206,4.6678424e-06,0.5138116,0.00011437393,1.9496876e-05,0.00013619805,1.2922571e-05,8.1515056e-05,4.4242624e-06,8.661901e-06,0.00030097453,3.006222e-07,0.0013655677,2.0371053e-05,1.1513677e-05,0.0003839534,0.5061978,5.744788e-05,0.0019103095
523,0.024999978,0.09557701,0.020000821,0.017493106,0.43238887,0.020327374,0.029623108,0.5892704,0.034243565,0.015771491,0.0038028897,0.018302392,0.06768675,0.017186202,0.0066832174,0.02068721,0.00040895081,0.073749594,0.07731293,0.008002086,0.009158478,0.1699393,0.023607576,0.019048396
525,0.00028923337,0.0009923007,0.00042815678,0.011871231,0.906695,0.008936392,0.0027375172,0.7299615,0.0040209764,0.0048722033,0.0011187316,0.00091427,0.0006785063,0.059804376,0.016161641,0.0032732994,2.379468e-05,0.8666149,0.00035394,0.0029435854,0.0032825724,0.0048075416,0.001250359,0.0006382248
526,0.212857,0.08593182,0.007618715,0.008241287,0.6474546,0.5556096,0.003838538,0.38022667,0.052311514,0.045133337,0.03126394,0.0046812645,0.12534603,0.013265326,0.01445656,0.09205967,0.0022210786,0.14188251,0.028247086,0.016975837,0.03088295,0.38663545,0.009794087,0.040026635
529,0.01798071,0.016497107,0.0019448032,0.005406452,0.7394253,0.15312056,0.00054564804,0.7357349,0.014897809,0.014552323,0.004517214,0.001895348,0.00981011,0.0075418577,0.007863716,0.010221156,0.00015645173,0.25146842,0.0034006205,0.0053905006,0.01899811,0.1026879,0.0032580688,0.0055668172
536,5.506884e-05,0.0014188633,5.667023e-05,0.00024365113,0.9961345,0.012178095,4.378783e-05,0.25022262,0.0078121703,0.0009447856,0.00015255988,2.3825221e-05,0.0005709101,0.009450375,0.0075864447,0.0074328817,1.0242657e-06,0.82848895,0.00068006583,0.00032197055,0.00041759945,0.006172261,5.788219e-05,3.0506593e-05
537,0.098654754,0.00858885,0.00034589757,0.0004452776,0.1035079,0.62647206,0.0009968356,0.14884335,0.0005756063,0.0026882286,0.008999519,0.00058498466,0.68248177,0.00029549637,0.00016899113,0.5833179,7.2450974e-05,0.0040883045,0.092058934,0.0027513665,0.00010930306,0.9729891,0.000752323,0.001889698
539,0.07587799,0.059087258,0.001291633,0.031531464,0.41669813,0.44506368,0.01051286,0.83572364,0.0024620944,0.0020242424,0.023295788,0.056331947,0.00091025897,0.010800914,0.004013229,0.0032264243,0.00016255157,0.18929894,0.0012989852,0.0022671118,0.0069509167,0.11537606,0.21175689,0.1422807
541,0.09504319,0.013289541,0.001668674,0.01409235,0.08657432,0.7021744,0.007238662,0.7367563,0.0029379677,0.014286962,0.0732444,0.0137054855,0.326409,0.005030686,0.0011071216,0.36803824,0.0007134455,0.023735415,0.013721771,0.009854495,0.003147954,0.8335441,0.020510228,0.009469669
545,0.0021257165,0.0022343942,0.0007962563,0.016490603,0.89408064,0.05058819,0.0035381732,0.6555159,0.005870323,0.009989384,0.0070256502,0.0014039535,0.008381321,0.11921441,0.03916907,0.015567438,0.00017708218,0.5553572,0.001571647,0.0048758294,0.0066284477,0.0365622,0.0018544906,0.0038564755
552,0.08481627,0.0041279183,0.0008594174,0.010039181,0.32137153,0.7695567,0.001223848,0.6288539,0.0037615895,0.013626062,0.08605378,0.0021344654,0.10764112,0.0040039634,0.005199459,0.20757873,0.00057001977,0.18334426,0.0048881304,0.006700523,0.008212928,0.75435585,0.0026410236,0.013229511
556,0.013844372,0.14443931,0.013951117,0.007903036,0.77752566,0.005611939,0.010749706,0.32290924,0.07489447,0.04932343,0.00094178965,0.0051695756,0.044410225,0.039044093,0.016961958,0.01138821,0.00021698156,0.27899766,0.1021086,0.007691181,0.0054414347,0.02731936,0.01033234,0.0068583773
557,0.017530896,0.7886854,0.5974618,0.0035664076,0.854401,0.0006895524,0.008879061,0.047044035,0.90843433,0.16851772,3.143379e-05,0.010120939,0.0038540252,0.026014145,0.05946127,0.0005815288,3.317782e-05,0.082487464,0.014851374,0.002356654,0.01964335,0.0008650581,0.0012029818,0.006954404
559,0.59334576,0.060025323,0.0013045757,0.003405176,0.6702763,0.4603908,0.0028195546,0.17942087,0.003757068,0.005861489,0.008229561,0.004459471,0.081473276,0.0017234348,0.0018655368,0.06508066,0.0005656521,0.028365202,0.08928564,0.005095243,0.0019832114,0.78722477,0.011819391,0.021719363
560,0.009978827,0.05730656,0.037539504,0.03602188,0.6762196,0.080616586,0.07889404,0.3249943,0.14493859,0.05305711,0.0151165165,0.02358057,0.09006444,0.08620745,0.04090265,0.052648824,0.0025511696,0.16212963,0.048903175,0.039206784,0.038019326,0.10306052,0.01302259,0.024123529
569,0.84778523,0.6473901,0.049707204,0.005634608,0.42907244,0.15980992,0.004314167,0.17638974,0.15853848,0.14030725,0.0052914494,0.015348794,0.018234674,0.0037911462,0.008619524,0.00495992,0.0003516409,0.08335452,0.03574037,0.00239901,0.039801646,0.08005068,0.015238815,0.11926617
571,0.03245961,0.033935215,0.024983194,0.15849334,0.33040157,0.057076104,0.30805328,0.5561507,0.030690813,0.037245896,0.019524647,0.061966196,0.036800772,0.112568974,0.039597277,0.03162225,0.0040274,0.30298272,0.03815183,0.029490434,0.038063925,0.078358784,0.04277528,0.037452925
572,7.517132e-05,0.00021906053,4.3799984e-05,0.0059243906,0.86596274,0.008605652,0.0011097292,0.8821376,0.0013633624,0.0014019107,0.003083667,0.0003823887,0.0007550656,0.02626303,0.0028372854,0.0063321074,5.6093772e-06,0.79289716,0.00014654611,0.00075484044,0.0024828967,0.010330337,0.0006949936,0.00052631606
574,0.12415123,0.16803858,0.10415609,0.32836375,0.45604885,0.16263935,0.31139913,0.48440546,0.13530006,0.12963994,0.053028516,0.32556668,0.03637396,0.18761301,0.08434687,0.0580312,0.019337187,0.28558153,0.050169375,0.07263778,0.13235018,0.12634957,0.15184544,0.1514762
575,0.12252459,0.085735336,0.021324828,0.003384275,0.72130424,0.23071244,0.01470635,0.053386193,0.05372692,0.09064506,0.007855006,0.0031891114,0.6061437,0.014097937,0.011131211,0.31162313,0.0014929036,0.047847126,0.22557996,0.022610443,0.0031460181,0.4676158,0.0034073081,0.009705355
580,0.0073751262,0.0112131825,0.0009946708,0.0051381756,0.014398737,0.021672674,0.00071835227,0.8905382,0.003469625,0.09464024,0.02269631,0.0029253645,0.66806144,0.0037525212,0.0011878099,0.29268152,4.587533e-05,0.16994701,0.022694174,0.0030204917,0.0007666127,0.6533606,0.0010314392,0.002948577
581,0.028557952,0.0127472645,0.0015560611,0.002387844,0.8795213,0.44765833,0.003394427,0.27431935,0.015211248,0.0067923986,0.0055947034,0.0008831602,0.11497949,0.008577689,0.00567855,0.045307394,0.00023552893,0.04774993,0.013387349,0.005859584,0.005381744,0.2960817,0.00056830875,0.006712416
583,0.10453607,0.20386548,0.055243257,0.033157416,0.8915898,0.12147898,0.038075276,0.2682599,0.19129588,0.075001486,0.010096,0.019252317,0.032314833,0.051830217,0.055247836,0.035957597,0.0040000197,0.16918495,0.04693767,0.029305942,0.08648809,0.08917775,0.016821697,0.048157968
587,0.01143506,0.017223824,0.0042646974,0.030556697,0.35514158,0.046480317,0.009943797,0.8408154,0.014776388,0.031322394,0.0189553,0.012973585,0.024845434,0.044977687,0.018880261,0.05658259,0.0006645677,0.48023638,0.0127364965,0.013591231,0.012507714,0.18800955,0.018313013,0.01955684
593,0.023690833,0.002358258,0.00011251646,0.00081673375,0.9182672,0.52193123,0.00030493728,0.35401797,0.0016240359,0.0020870473,0.0037025532,0.0001400099,0.019955045,0.0010977209,0.00043341512,0.033477068,3.2036296e-05,0.023586806,0.0065860925,0.0014332217,0.0013087074,0.50194633,0.00031450964,0.0012225483
597,0.031149916,0.07938262,0.018004822,0.005755776,0.79085386,0.00056729396,0.0026167303,0.29183617,0.28336176,0.0328815,0.00021138751,0.0028139055,0.00014805078,0.0070509366,0.02002763,0.00019776062,1.4047047e-05,0.24036223,0.0014696383,0.0004391826,0.3796757,0.0010615288,0.0027600136,0.00996318
600,0.07550943,0.0011878726,8.999718e-05,0.005816297,0.51214504,0.93286175,0.0033567823,0.69178826,0.00039386158,0.00066105585,0.023484502,0.0012267968,0.02650557,0.0007785718,0.00064233807,0.027121637,0.00012910926,0.04551896,0.0014211074,0.0013364449,0.0051992787,0.5759301,0.0013044415,0.008244675
606,0.4097849,0.013047657,0.00055276015,0.0039628423,0.7110251,0.81587535,0.004245099,0.544343,0.0029118615,0.001011564,0.004624653,0.0042210277,0.0069966917,0.0016873135,0.00077721156,0.0041926764,0.00018631422,0.023360984,0.0033224279,0.0024317987,0.0073983725,0.35899672,0.0050565046,0.014876271
610,0.1157218,0.030724512,0.0057565784,0.05143515,0.14919113,0.069099866,0.036219183,0.7502595,0.010478709,0.044486474,0.014412154,0.030701566,0.053966597,0.026560416,0.006258534,0.048329268,0.0009894643,0.1342705,0.050137274,0.0067557893,0.018550672,0.28028968,0.07012286,0.020836378
612,0.50184226,0.04092879,0.0020991236,0.03873049,0.17966922,0.8816921,0.028176533,0.6799682,0.0030963258,0.002283068,0.028904194,0.027773524,0.013323598,0.00545688,0.0027278855,0.022916162,0.0011271529,0.036076207,0.0086653335,0.0059519946,0.014844517,0.57929796,0.041392155,0.059181742
614,0.17915644,0.031639982,0.006401212,0.01454604,0.77464193,0.77523226,0.012703424,0.29851317,0.013806162,0.013987918,0.0568497,0.0065592383,0.059224844,0.011421038,0.016114322,0.18368024,0.003958649,0.18246748,0.01706155,0.031649463,0.031545192,0.49681455,0.012595861,0.03077925
619,0.04737456,0.00091855327,2.4697832e-05,0.001980974,0.4790904,0.9903156,0.00017801634,0.79376084,0.00014728773,0.00023733868,0.08687514,0.0005221885,0.0024684763,0.00025885252,0.00032999826,0.1266122,2.4991932e-05,0.082496285,0.00014019414,0.00081661,0.0006410724,0.86304456,0.0015379677,0.006334733
629,0.0038609528,0.00807588,0.0019720776,0.041756477,0.36245766,0.010054415,0.005314879,0.8842174,0.007140226,0.009520579,0.007156518,0.010744125,0.0047679762,0.064594746,0.035167545,0.0033424015,0.00010819833,0.7874762,0.0021836064,0.0038215073,0.026335683,0.025331663,0.026770646,0.013123147
630,0.20485996,0.08646684,0.03132781,0.17258689,0.25457886,0.30786684,0.16341908,0.54310393,0.025896186,0.034708094,0.05968899,0.14478676,0.07783804,0.042258635,0.020274399,0.12918518,0.006533514,0.13668364,0.09994203,0.032206487,0.025877722,0.44514847,0.08619275,0.079376556
631,0.0011043986,0.00051473454,7.678787e-05,0.0011503109,0.9160119,0.0020577407,0.00014703795,0.7012105,0.0038922743,0.0018255519,0.00028864964,0.00011144556,0.00037142335,0.0017180019,0.0027066474,0.00067037105,1.8628833e-06,0.60482585,0.000604688,0.000111105684,0.017299525,0.0075460593,0.00023474426,0.0019420149
632,4.3871205e-06,2.338414e-05,1.5027853e-06,0.0010337948,0.76334196,0.0048350417,0.00017860156,0.96029544,0.0010267808,0.0004422214,0.00010131583,2.7631888e-05,1.4981253e-05,0.014225219,5.506427e-05,2.3043072e-05,1.0351849e-08,0.16266598,2.1443458e-07,1.6191472e-05,0.019259898,0.00012869209,9.0732465e-06,0.000116421375
634,0.016301515,0.016253794,0.0049866783,0.011233641,0.9701092,0.07665172,0.007302778,0.21024242,0.04957906,0.037555706,0.005451588,0.002082717,0.019624952,0.03416206,0.043206736,0.044552963,0.0007993718,0.41112322,0.015019706,0.014493244,0.020976847,0.063697755,0.0021819242,0.004659263
635,0.38196975,0.07355257,0.018773604,0.035847075,0.45376122,0.81690896,0.048283752,0.39856413,0.03556337,0.03539647,0.11221161,0.019251343,0.19231358,0.02390014,0.020333093,0.35852367,0.011814513,0.082287565,0.07821767,0.043572664,0.05375708,0.7118176,0.018997826,0.054368187
638,4.690954e-10,4.4819914e-10,1.8382884e-12,3.6828587e-09,0.9909814,0.00031805082,1.4659475e-11,0.994297,5.3146497e-08,6.897832e-08,9.336111e-09,4.272151e-12,0.0002495871,2.4356183e-07,4.2338474e-08,1.0564959e-05,7.195347e-15,0.12501684,1.1271314e-09,6.621064e-09,1.8842671e-08,0.0040198104,2.1269693e-11,1.057042e-09
643,0.046436235,0.014259785,0.0064829015,0.01589006,0.11621244,0.6001662,0.016865332,0.48516175,0.008008272,0.015120428,0.07030619,0.012541181,0.53613126,0.0073048216,0.0047840704,0.5127293,0.001843942,0.029451618,0.033589527,0.01874901,0.0069842497,0.82270914,0.006186947,0.014968921
645,0.09451207,0.03049999,0.011260748,0.057947315,0.28986588,0.11996498,0.030500818,0.6984309,0.023843253,0.018009026,0.029617064,0.039455786,0.059392292,0.03337899,0.019856038,0.03776119,0.0021687008,0.2321801,0.024408776,0.018729664,0.037841227,0.2631391,0.09050384,0.045006845
646,0.0241685,0.2559811,0.025674224,0.033982903,0.34330085,0.010142339,0.024454517,0.64239126,0.089470565,0.07024574,0.0029640982,0.03369833,0.040702295,0.08176766,0.025037035,0.006497426,0.00039994196,0.20872445,0.015585856,0.007148452,0.02761159,0.0326791,0.016541211,0.04223081
659,0.0047082715,0.03409947,0.0040920647,0.016588306,0.16075554,0.017417707,0.0676931,0.8316061,0.02612296,0.014224398,0.0009510779,0.009539627,0.006415865,0.009735084,0.00077505,0.0031234596,4.4345557e-05,0.013717241,0.004174403,0.0016588615,0.00803226,0.028501699,0.0020046255,0.0074707987
660,0.044100065,0.062236134,0.0042534983,0.0035973217,0.9547374,0.13067107,0.0014564091,0.22949252,0.08508612,0.06937032,0.002545815,0.001289641,0.025823941,0.022416042,0.04402463,0.025616549,0.0003449852,0.26545492,0.006357206,0.007164813,0.008949894,0.07911262,0.0011136464,0.007762413
661,0.002252056,0.010270949,0.0006895753,0.0037839154,0.97920203,0.018609196,0.0008029305,0.52653867,0.034802742,0.004197914,0.00039666553,0.0005132319,0.0007530647,0.022043206,0.0090384465,0.0007891373,1.4998507e-05,0.5761032,0.0008729125,0.0016738349,0.0056853546,0.0024078349,0.0012517157,0.00076924165
663,0.13634793,0.30679873,0.07248789,0.006431362,0.7058443,0.018379055,0.004664002,0.12804878,0.25547072,0.3374123,0.0050749886,0.008385206,0.3040364,0.03510493,0.056876294,0.025239391,0.0011874739,0.1845989,0.13143848,0.012908346,0.042297076,0.07305534,0.0044676377,0.035390586
666,0.0008785127,0.0012182038,0.00021520059,0.007708253,0.79262936,0.039655775,0.0013661601,0.81182086,0.0024616367,0.0034292482,0.0048655677,0.00092763244,0.01642417,0.025803715,0.0044679684,0.011046839,3.7640108e-05,0.47451174,0.0019521976,0.002913432,0.0037712588,0.059164956,0.0015352119,0.001588098
667,0.093722254,0.09316486,0.013379868,0.0031685655,0.057321858,0.041382037,0.0008980912,0.29398382,0.030360509,0.24782613,0.0143742,0.0042638895,0.8579029,0.0040441095,0.0062152897,0.29875085,0.0004396214,0.096062,0.11508567,0.015365934,0.0026352298,0.71572685,0.0032520923,0.011283069
669,0.030158415,0.06183641,0.02207198,0.06558281,0.5316167,0.05252757,0.0073670284,0.74640024,0.1388124,0.15052272,0.048527192,0.038649406,0.011225439,0.18228471,0.17272428,0.027446153,0.0021886055,0.71747446,0.007075085,0.027421637,0.14968914,0.054461997,0.0566451,0.052208856
671,0.37843335,0.50606513,0.28053883,0.027235286,0.5436996,0.09207545,0.03034393,0.19129656,0.48321036,0.29856646,0.012123453,0.06442864,0.14927322,0.04235533,0.0809846,0.04147672,0.0060905726,0.13249625,0.32513037,0.033930257,0.10072112,0.12818046,0.028579859,0.10511077
674,0.030143425,0.027877022,0.010234489,0.00034616908,0.68979627,0.0052387477,0.0034806808,0.0074258,0.014938262,0.08649246,0.000457261,0.000403824,0.98059314,0.005256271,0.0023600582,0.10064117,9.195075e-05,0.021845168,0.8029042,0.006921462,0.00037857966,0.3080261,0.00025054245,0.0008945449
685,0.37872154,0.7117133,0.077353135,0.0019911882,0.38401216,0.0063489187,0.014497937,0.029942133,0.12349449,0.10026497,0.00033177616,0.014356808,0.17556982,0.003096744,0.0048896708,0.020881617,0.00027251002,0.029950196,0.85391104,0.0038908785,0.001279466,0.12507614,0.005161132,0.01676236
686,0.11354433,0.27031243,0.016811628,0.0049355635,0.7212548,0.015073123,0.012253031,0.18177275,0.04428468,0.013107477,0.00071212597,0.013805878,0.017515488,0.014942318,0.013077729,0.0044660172,0.00024793492,0.124622434,0.11316338,0.0031863146,0.0052226596,0.03708692,0.005811119,0.034366947
687,0.0019312229,0.0061038686,0.0010390299,0.0032085,0.8996456,0.042317107,0.0018832487,0.7297402,0.05993466,0.008317222,0.001081623,0.00092516275,0.006166662,0.015464227,0.005673299,0.0033869348,3.4002012e-05,0.38753635,0.0007196346,0.0018993375,0.020403475,0.009247977,0.0016065264,0.0030857422
688,0.5457679,0.2504076,0.024221415,0.018933015,0.36117807,0.29389948,0.037147664,0.2051098,0.0301709,0.028964605,0.012735507,0.027618643,0.12941392,0.02060374,0.01544643,0.025849853,0.0032279983,0.05848829,0.09283796,0.019219276,0.015277749,0.35260683,0.021531578,0.21047989
689,0.016419066,0.029954575,0.019151071,0.077479996,0.6803314,0.14918785,0.038142867,0.5802226,0.047956545,0.09019605,0.07680923,0.024622496,0.068356946,0.12816498,0.10147532,0.1643252,0.0069201705,0.67581105,0.024054864,0.04541244,0.03896144,0.17496413,0.027726602,0.026502913
695,0.22522476,0.04554475,0.007310121,0.022914557,0.4510336,0.33817977,0.00907083,0.47112176,0.018055601,0.020715717,0.023177419,0.011505347,0.034624588,0.023837665,0.016620299,0.037497155,0.0021244213,0.16438606,0.01530417,0.016106449,0.02165115,0.33353582,0.014247197,0.10751557
697,0.00039299502,0.0065466966,0.004197458,0.09327837,0.6008573,0.0012970128,0.15261157,0.53170896,0.0357676,0.023328694,0.00043495127,0.016157527,0.0039595026,0.9112164,0.036058508,0.0006908189,5.9929862e-05,0.16974123,0.0006992402,0.0029113316,0.027155038,0.0017588405,0.0017172382,0.0022253974
698,0.21348543,0.71959305,0.30269292,0.006759105,0.27306217,0.03201837,0.01497061,0.10671763,0.6293011,0.5746723,0.0036744464,0.018951368,0.13885905,0.02230977,0.02771923,0.043797426,0.00086055166,0.044438917,0.10094682,0.014385039,0.020306906,0.10217599,0.008176792,0.06491643
699,0.04934129,0.19681638,0.12171619,0.10933472,0.6834431,0.049126003,0.28757837,0.19016992,0.18153612,0.11368196,0.015248986,0.06350082,0.048420135,0.2579213,0.1978099,0.052207515,0.008078077,0.47307536,0.0882636,0.05490119,0.037995264,0.051097646,0.039400417,0.06755874
703,0.15186317,0.01944993,0.0014535667,0.025657268,0.49380675,0.8405098,0.025635088,0.4490368,0.0038669328,0.00395994,0.037882857,0.009496508,0.022396285,0.009857645,0.005437602,0.08758021,0.0011193559,0.10711444,0.006860801,0.0096372105,0.007844246,0.47552598,0.014617661,0.028480358
707,0.087971985,0.055817522,0.012425223,0.013721564,0.7739953,0.15046637,0.012616986,0.22801554,0.048616864,0.05433586,0.037224524,0.011749806,0.123748444,0.015839964,0.050391972,0.32735544,0.0028334903,0.42889094,0.11917115,0.025101421,0.014065557,0.5194497,0.02344894,0.020876603
716,0.028727949,0.15009151,0.110749066,0.057243537,0.70452523,0.022861194,0.0362381,0.28462923,0.29588047,0.16458458,0.014227602,0.026940746,0.037748586,0.41570622,0.28026408,0.03311838,0.0042977124,0.58957094,0.03344062,0.062363382,0.07013281,0.026571354,0.018468319,0.039391797
717,0.0019862908,0.0062191053,0.007426524,0.19261329,0.30726945,0.010411042,0.86415124,0.25393173,0.008671758,0.017088119,0.0036060265,0.07994208,0.047834452,0.22804818,0.014384209,0.008400254,0.0007817548,0.07921064,0.011218539,0.009053267,0.01756205,0.014131851,0.01495134,0.010033425
719,0.05915503,0.08074858,0.019061841,0.0071258433,0.3265311,0.08880785,0.007249015,0.16318254,0.05098072,0.22879253,0.027293812,0.006527311,0.8721529,0.025631348,0.025369389,0.37213036,0.0017183461,0.2810721,0.13317972,0.041875023,0.0045069116,0.5527917,0.0061080963,0.015741082
726,0.003908514,0.00791633,0.0025459514,0.01202486,0.79019326,0.011565212,0.0022586368,0.7704561,0.0743864,0.061046682,0.0066825114,0.001589561,0.012119736,0.060812674,0.013839276,0.017384198,0.00012279865,0.5380115,0.0019348385,0.003773149,0.03174959,0.044573348,0.0014994601,0.0043419837
727,0.0021324167,0.0024511633,0.0003561696,0.0060228594,0.67586905,0.11528186,0.0014928922,0.8073525,0.0030283432,0.015525928,0.01418043,0.0004608325,0.044346515,0.008827214,0.003412459,0.09163682,4.862505e-05,0.295337,0.0018373382,0.0017982089,0.0016416374,0.25783497,0.000217694,0.0026729389
728,0.00023683412,0.0009130217,0.0003967032,0.283354,0.15974262,0.004657207,0.98145086,0.11393416,0.00047117754,0.00061638094,0.00045211628,0.071910724,0.00020269587,0.21187283,0.0012899954,0.001460254,2.769959e-05,0.029881012,0.00013322181,0.00043723854,0.004493247,0.0012507193,0.004560878,0.0020404283
739,0.519807,0.0573453,0.0005489319,0.0013410546,0.20077051,0.53510314,0.00061182637,0.31145713,0.0016044496,0.0018252991,0.006765404,0.0025298332,0.014422548,0.00013160656,0.00026859393,0.14841901,8.64209e-05,0.021528145,0.043628007,0.0011822557,0.0011280101,0.95598656,0.007648197,0.009942694
760,0.009618478,0.015444377,0.0061133173,0.0016277317,0.9880801,0.013226585,0.0012171281,0.09874703,0.07877379,0.049172193,0.0003432831,0.00036061724,0.024788799,0.007095252,0.014922995,0.004676519,5.2699594e-05,0.10613059,0.023688415,0.0026184332,0.0065992456,0.029005263,0.0008137297,0.0028827076
767,0.059694897,0.15408687,0.031854745,0.030981284,0.81437206,0.120000586,0.037457768,0.19408466,0.11112879,0.05797736,0.011920671,0.025183234,0.09704529,0.26499334,0.06803184,0.034881707,0.0045688017,0.15822628,0.037184533,0.030896049,0.033498824,0.10669082,0.021668253,0.057613254
768,0.009166983,0.0016955069,0.00030488905,0.008357967,0.29148954,0.23478179,0.0011277469,0.9649893,0.0033543839,0.010839313,0.0184799,0.002001496,0.045713883,0.006008102,0.0012679092,0.15160124,0.000110165915,0.08573829,0.0011649282,0.0018330493,0.0026461484,0.3522459,0.0023266652,0.0015813095
769,0.004820867,0.0062456257,0.0014694165,0.020751256,0.26284343,0.07440581,0.0012333591,0.8911317,0.010174834,0.0214189,0.019841941,0.004427165,0.0094867125,0.03216867,0.013542101,0.021786127,9.428192e-05,0.6713606,0.0005938086,0.0032627285,0.0035492613,0.09679336,0.006314592,0.009619909
770,0.0047174976,0.0015328763,1.7368888e-05,4.447753e-05,0.5548316,0.80006397,0.000247701,0.12495645,0.00090928073,0.00036946958,0.0022190826,6.7380126e-05,0.050831676,0.00011884078,7.537504e-05,0.028862547,1.3674501e-06,0.0025650181,0.00019756235,0.00012498818,0.00026304965,0.63843703,2.4705394e-05,0.006517779
771,0.00017494839,0.00016401148,2.6160164e-05,0.0033745845,0.05895692,0.007240314,0.00033376497,0.9901115,0.0008164614,0.011366295,0.0003411186,0.00014862079,0.021106925,0.003483341,4.5186753e-05,0.0042122444,8.7256234e-07,0.021762917,9.149226e-05,0.00016274574,0.00065713684,0.052411973,7.167042e-05,0.00014558175
775,0.40183944,0.08631011,0.012376421,0.017562997,0.42455482,0.80495214,0.011783628,0.28894123,0.03245626,0.060134225,0.12113818,0.012633612,0.34336957,0.021450778,0.018704792,0.42721936,0.0071146046,0.10717944,0.05808235,0.044706978,0.009994507,0.7677787,0.0188183,0.045398045
778,0.0053821965,0.008905909,0.001559945,0.0013064451,0.9113574,0.07995554,0.00019988343,0.2023244,0.027947836,0.047603708,0.004414344,0.0006384624,0.22546332,0.012162194,0.0108573595,0.08384606,0.00012467406,0.23770007,0.0076491716,0.013828801,0.0033551457,0.20577973,0.00090271287,0.0020644078
780,0.025832746,0.013266281,0.0011690782,0.00055649015,0.13142137,0.22391135,0.0006168937,0.19591966,0.0027645403,0.012934004,0.007875097,0.0004230239,0.88012195,0.0021540625,0.0005911937,0.34594092,9.570223e-05,0.009030442,0.026264146,0.0036083402,0.00053935085,0.8839968,0.0004650113,0.0022410555
781,0.16510709,0.046504907,0.006543212,0.0029854863,0.30999276,0.5995923,0.0018906415,0.34570524,0.022041643,0.061304867,0.049278468,0.0030726155,0.5055538,0.005671944,0.0041127778,0.36843944,0.0012310557,0.058695547,0.077465646,0.016771566,0.0071967207,0.803456,0.0037827452,0.015566518
784,0.0020727364,0.0034841427,0.000991471,0.00011563936,0.16764759,0.011721534,0.0011568976,0.023362486,0.00478447,0.057093594,0.0008241227,5.9230963e-05,0.99826103,0.0026920908,0.00022081003,0.12172419,1.1002359e-05,0.004996066,0.10918842,0.0033192455,0.0002678107,0.36089382,2.7590733e-05,0.00047266405
785,0.7885888,0.0035578555,5.068583e-05,0.0004598088,0.7364565,0.9925615,0.00022776234,0.20270945,0.00044773004,0.00012916171,0.0065078326,0.0002545279,0.0041127307,3.1586686e-05,0.00023633584,0.039090466,5.9007656e-05,0.032665737,0.004220777,0.0006886756,0.0010750274,0.8786171,0.0011178869,0.0044944286
791,0.019091694,0.030596642,0.004942493,0.03552113,0.37054175,0.15342286,0.03551704,0.7805062,0.022271356,0.017374719,0.016999112,0.019675445,0.01036465,0.047522154,0.013896561,0.021700324,0.000855164,0.16333607,0.0067284517,0.008105525,0.023725085,0.13769372,0.010902795,0.038664546
793,0.15557183,0.040505126,0.015819883,0.028202645,0.34187752,0.27131462,0.02120442,0.6278825,0.04218191,0.04942714,0.04904141,0.030092813,0.22016361,0.012379888,0.006174663,0.07157651,0.0023983936,0.07698766,0.07987746,0.019712277,0.039160118,0.46631688,0.019313442,0.04485048
804,0.02428759,0.039965108,0.017923983,0.023051431,0.9113253,0.11776375,0.019125598,0.24798852,0.09417473,0.035457592,0.0067574973,0.0044705803,0.041511156,0.06480167,0.047947004,0.025482465,0.001264112,0.24743457,0.022652678,0.024179218,0.023468046,0.067805,0.005328214,0.00857378
806,0.007195314,0.008029388,0.0032119711,0.018240185,0.3416429,0.008338112,0.12209647,0.6101862,0.01130668,0.013132142,0.00087065314,0.0076966854,0.050064728,0.03359152,0.0015650309,0.0039570173,0.00012748488,0.034161538,0.009940074,0.0024307834,0.011465036,0.037307385,0.006704771,0.0061728987
814,0.07736108,0.094393305,0.03554695,0.0056509636,0.9731046,0.06772744,0.0012765373,0.07805885,0.491154,0.15124102,0.003449754,0.0019660327,0.017049128,0.014007286,0.08144787,0.01127606,0.0006806938,0.16518012,0.01696179,0.011384019,0.2974381,0.0434254,0.0021526443,0.012219263
817,0.5094061,0.115165584,0.0067213266,0.011824901,0.23807785,0.66019726,0.005559462,0.48007634,0.016977876,0.022099622,0.020363769,0.010502041,0.082622476,0.003849133,0.0036862714,0.11718399,0.0010885342,0.040079005,0.057300903,0.0077497344,0.003695068,0.7769392,0.017589731,0.03500397
818,0.0013650209,0.0043312837,0.0015982577,0.0010726801,0.036746748,0.012748433,0.002796756,0.32158083,0.0041885194,0.015504986,0.0023689577,0.0008023259,0.99059254,0.0041675284,0.00058881805,0.15358768,3.0372248e-05,0.01960088,0.035208184,0.0035652723,0.00038893052,0.5642731,0.00021016084,0.0010337904
822,0.00018199558,0.0011503422,0.00025901178,0.0015271244,0.99187094,0.0030878272,0.00022479479,0.6664032,0.07605326,0.021134168,0.00041280183,5.0206785e-05,0.00049651443,0.018008284,0.005742028,0.0020960663,2.8698103e-06,0.7695784,0.00046621458,0.000739936,0.033336926,0.0020725282,0.00017011749,9.718767e-05
823,0.024659606,0.20994467,0.108429186,0.008817929,0.8493807,0.0044617243,0.0125286635,0.24175751,0.48737687,0.09757557,0.0011207343,0.013617125,0.009187097,0.028111652,0.06452587,0.015345392,0.00037176147,0.17533107,0.084214956,0.0057859225,0.024575192,0.02455867,0.013507872,0.011780391
824,0.26923105,0.25922567,0.024347821,0.083531596,0.09350204,0.06205675,0.022353647,0.86117196,0.017565267,0.011804463,0.016906587,0.33407414,0.012891315,0.013463954,0.011839238,0.0051796497,0.00064869534,0.13703981,0.026509615,0.009092002,0.033536926,0.18138279,0.6468286,0.17272763
825,0.043640673,0.012010966,0.0034168519,0.009890081,0.24153686,0.33083633,0.022604363,0.520555,0.0075466377,0.015371945,0.015290063,0.0050193877,0.48839292,0.01420384,0.005981365,0.0881921,0.0008186716,0.0377931,0.057524163,0.009966985,0.011490085,0.5302092,0.00350132,0.015475441
827,0.20385528,0.018575454,0.0022906694,0.016391367,0.5920247,0.73914886,0.015809232,0.6366968,0.006924494,0.0024787276,0.015715573,0.010080957,0.018169532,0.008122665,0.0046416344,0.036117624,0.0013532748,0.058329314,0.016006825,0.010199529,0.014159626,0.49892431,0.014690266,0.031580213
830,0.006650461,0.011510136,0.017149456,0.0120593,0.68873376,0.014502489,0.072091915,0.2852139,0.1281794,0.0623803,0.0029198483,0.003951104,0.1436101,0.027484585,0.009031923,0.017880192,0.0004075638,0.026801972,0.017732618,0.010394891,0.032456614,0.042586666,0.0020694812,0.007332719
832,0.7547746,0.07428535,0.0015329258,0.002796264,0.23407483,0.6814667,0.0020014734,0.27585125,0.004932768,0.008577813,0.005145979,0.006979529,0.047031555,0.00021464792,0.00040653953,0.029857203,0.00015706276,0.011237969,0.047397234,0.0011963118,0.0036215358,0.65133846,0.0075896047,0.019595407
845,0.14120595,0.0053077075,0.00012567009,0.0006876047,0.8231607,0.9737264,0.00015293056,0.21851796,0.0019870764,0.00078181527,0.030112157,9.9245146e-05,0.017818052,0.00034969405,0.0016001984,0.27315876,0.00014094998,0.061481316,0.0035439814,0.0012248054,0.009619287,0.90298706,0.00040759836,0.0031615442
846,0.0013493528,0.01261521,0.0059363293,0.3381075,0.14916995,0.009542317,0.7971715,0.63136685,0.008208905,0.016964922,0.0031851213,0.09243287,0.00638809,0.84050256,0.025243111,0.0064602196,0.00038948355,0.13762507,0.003933449,0.005272014,0.024816483,0.0076483386,0.016177336,0.009676612
851,0.014767387,0.027028272,0.018678656,0.007667936,0.98087156,0.02637268,0.021340964,0.081696846,0.23185316,0.105427995,0.0009989105,0.0011990578,0.010737519,0.03390263,0.03850727,0.008567413,0.0002993508,0.09218466,0.027923945,0.0137191955,0.043578915,0.008922368,0.0016570691,0.002182385
853,0.1365515,0.07498273,0.0252001,0.06944239,0.24327779,0.22426507,0.11744139,0.5660226,0.03202813,0.039808948,0.031930856,0.04944178,0.12441655,0.041388113,0.01447335,0.08713276,0.0055631306,0.06986819,0.045542624,0.037479747,0.035686832,0.37016973,0.05110919,0.068107724
854,0.013693521,0.017712813,0.010208452,0.014852558,0.31143925,0.03189025,0.012756219,0.4834824,0.037831336,0.10215411,0.011865298,0.019468073,0.4329674,0.03731839,0.011554621,0.075877175,0.00075204996,0.09614179,0.015141511,0.01339644,0.013916918,0.1918095,0.005446335,0.020190401
855,0.014741857,0.0136093525,0.008121811,0.07919442,0.48003927,0.09529743,0.032935303,0.85765517,0.029081667,0.026531877,0.028808786,0.022068322,0.016314365,0.050448313,0.014005904,0.025764551,0.0014783295,0.2576453,0.010602099,0.017378293,0.07424675,0.108469576,0.026834585,0.028399648
860,0.014253887,0.013459414,0.0030555818,0.009128367,0.33588246,0.24614143,0.0027983019,0.68504655,0.020684857,0.0405387,0.038787127,0.003951776,0.40060067,0.0100460695,0.005335024,0.11124515,0.00036680893,0.18593138,0.00786263,0.010911005,0.0058377637,0.3911801,0.0018820713,0.010943803
863,0.10889982,0.053901255,0.003993327,0.0034741636,0.20731296,0.25998947,0.0057738298,0.33155254,0.013267343,0.022635465,0.011106228,0.003823759,0.5967712,0.0033302826,0.0019764963,0.27485478,0.00069873,0.033029813,0.15418719,0.010958192,0.0027971433,0.74937797,0.004151703,0.008794262
867,0.0014010866,0.002408261,0.0007651639,0.0068432256,0.7076113,0.024759846,0.0005135015,0.69686687,0.015000602,0.037270613,0.004137988,0.0012998863,0.006915722,0.022802962,0.019790884,0.0051827095,2.217176e-05,0.72348464,0.00018515548,0.0013521108,0.0073979916,0.019486839,0.00075150543,0.005755085
874,0.6183835,0.04095743,0.00217469,0.0040537645,0.11971385,0.81857294,0.0006235625,0.6822586,0.006903991,0.026870694,0.05827066,0.005047004,0.09159138,0.00079678843,0.001970271,0.28311446,0.00061452616,0.08237019,0.018550722,0.0057131653,0.0024607014,0.91674817,0.009977606,0.011819869
876,0.08621733,0.04631223,0.025540689,0.06363174,0.5078941,0.0356252,0.19846138,0.30443397,0.061322235,0.05182622,0.005899383,0.033159032,0.060782507,0.04060336,0.030281888,0.014387765,0.0027562876,0.18675645,0.07981194,0.017107127,0.15507859,0.052781858,0.013378836,0.024266824
878,0.012592292,0.12167733,0.024487397,0.07447127,0.17676349,0.006661316,0.0267563,0.80545974,0.106449425,0.09051392,0.006695561,0.07575748,0.024297232,0.12526643,0.04526036,0.010029338,0.00054819044,0.4866484,0.009725738,0.0076410607,0.03470775,0.026794853,0.026319329,0.04732938
882,0.0018346153,0.0038874906,0.0005831756,0.0005096797,0.06333287,0.14547032,0.000116547446,0.30046424,0.0032646859,0.031805977,0.012973549,0.00016649047,0.97372884,0.0010038209,0.0006006102,0.63170016,1.3978881e-05,0.010430898,0.010758217,0.0042362995,9.977245e-05,0.8943889,0.00012982356,0.000387664
888,0.9150844,0.23640993,0.002077309,0.0016504301,0.22225466,0.37701225,0.00026170356,0.33653137,0.00236898,0.0063607693,0.0028685033,0.0043430827,0.0032035976,0.0001342778,0.000480962,0.029470406,6.25022e-05,0.009924043,0.039069932,0.00084764964,0.0008015854,0.89423287,0.043149807,0.012830456
891,0.48204574,0.60095906,0.051610176,0.007977761,0.38425466,0.008058454,0.003990392,0.37652153,0.09536263,0.038675215,0.0022135042,0.06717425,0.00993572,0.0067509688,0.023662131,0.017224224,0.00031773682,0.23200455,0.20739815,0.005587768,0.008510582,0.2222583,0.098702975,0.06495685
892,0.025231725,0.058053143,0.0128292795,0.0823243,0.22864506,0.11981446,0.013369688,0.87203103,0.045185626,0.033912163,0.027420772,0.058249585,0.009943814,0.04349641,0.01865339,0.0068392768,0.00054201594,0.31949326,0.0018930881,0.009366418,0.087640904,0.04858853,0.047555875,0.071172394
894,0.025378715,0.025570065,0.00029989413,0.010992353,0.18436275,0.05041121,0.0019446384,0.9716575,0.0006457543,0.000566709,0.0024091282,0.010590836,0.00016582046,0.0018285164,0.0011174822,0.0013409922,1.2290189e-05,0.23546542,0.0022014868,0.00029244734,0.0037844833,0.046904374,0.019267159,0.014860635
899,0.16605723,0.015280031,0.00050486624,0.020046573,0.25040686,0.87224746,0.005471012,0.9133312,0.0032350265,0.0015592685,0.03597166,0.009284902,0.0033499277,0.0034930557,0.0011252852,0.006275966,0.00018955037,0.044434432,0.0010655111,0.0019505308,0.022843294,0.2317103,0.016350163,0.030209932
905,0.04673322,0.16529849,0.15140939,0.18243685,0.5221913,0.062032692,0.4531422,0.3718538,0.17021286,0.10446615,0.0336058,0.11528242,0.090329625,0.52179134,0.15205568,0.06569382,0.0200714,0.17951217,0.08191651,0.09069487,0.13141586,0.101339586,0.06378253,0.10200926
910,0.123569556,0.15601821,0.05585597,0.008941392,0.40183133,0.016483566,0.009718343,0.15203036,0.18086603,0.34715697,0.0058538895,0.008646796,0.76980054,0.037890065,0.01968086,0.1120117,0.0013765107,0.09618303,0.25972864,0.03639617,0.013173666,0.25469786,0.006722839,0.0137775615
913,0.11160705,0.20042694,0.04089529,0.21292725,0.26546985,0.06797611,0.3090505,0.51233697,0.04044648,0.041219503,0.010924268,0.22575803,0.01076265,0.10436308,0.038067926,0.006998027,0.0024552224,0.16775976,0.014289178,0.017437736,0.068262056,0.034639303,0.1724448,0.14320697
917,0.0722211,0.020595433,0.009087312,0.01453039,0.30336785,0.35902327,0.036075573,0.20622566,0.017164992,0.073594205,0.03139745,0.007829153,0.84461665,0.02255703,0.008365167,0.26616347,0.0029990033,0.036775846,0.06836892,0.029311832,0.014526723,0.5481167,0.006180398,0.021574322
918,0.2330471,0.37202656,0.13802753,0.027287086,0.38120654,0.042975098,0.030173158,0.23028708,0.18791719,0.18836302,0.014641439,0.050145067,0.40156,0.043766573,0.06292805,0.08306778,0.006757693,0.12382331,0.52217436,0.059150316,0.027907562,0.31549227,0.06595085,0.09950205
920,0.015609658,0.12351531,0.0151844425,0.0012930417,0.4204862,0.008711668,0.00025749428,0.17908566,0.11564982,0.3509549,0.0033984524,0.002038849,0.7183374,0.016325831,0.016166322,0.04519368,6.169241e-05,0.23414853,0.026441513,0.0054577603,0.002883282,0.1409133,0.001125143,0.01343049
922,0.037932858,0.012510166,0.0015496875,0.0009888113,0.3846805,0.5355924,0.0012754368,0.1358074,0.008435969,0.038204037,0.016606808,0.00087548303,0.89669853,0.0024949994,0.00044593625,0.5660174,0.00041283958,0.008126069,0.12701952,0.0044876025,0.004305812,0.81213075,0.0005132256,0.0017972942
923,0.9894467,0.5355375,0.00028656702,6.6881184e-05,0.19119999,0.7135141,4.40548e-06,0.48196715,0.0014513895,0.00071249634,0.00076834863,0.00063491595,0.0005301198,6.668805e-06,0.00010839259,0.013182681,3.599439e-06,0.014175485,0.012587307,9.455851e-05,0.00012497162,0.96254486,0.0023705561,0.016864944
924,0.07319502,0.083541624,0.027956272,0.005551525,0.33147672,0.15819016,0.008778051,0.18626422,0.037788805,0.11819657,0.026494795,0.0068695946,0.8303145,0.011836579,0.013089743,0.56296504,0.0020265826,0.09368852,0.36632138,0.050547097,0.004659113,0.7548497,0.0045516887,0.011778948
928,0.13445163,0.04307542,0.015558227,0.021613102,0.36260474,0.08954708,0.056348603,0.17923611,0.030332217,0.077879325,0.013431552,0.019244412,0.6539999,0.024215829,0.00849613,0.1025976,0.003260549,0.06455234,0.3939907,0.02961912,0.008962516,0.37540054,0.013653264,0.028035428
929,0.13761544,0.043286588,0.022140518,0.026590386,0.4679206,0.2505791,0.0050984644,0.4525414,0.09094848,0.25769755,0.05151203,0.011602026,0.21853572,0.021422526,0.03235733,0.17210163,0.003963469,0.29144317,0.05909184,0.029187733,0.076468654,0.49729264,0.015640896,0.03093633
933,0.00042056717,0.00056862517,0.00017839238,0.0124323,0.3013583,0.07782434,0.00788143,0.98054945,0.0034061598,0.003274529,0.0024789895,0.0010711249,0.0021108878,0.01569805,0.0010252583,0.0045472207,1.55356e-05,0.16589122,0.00010737894,0.0012838722,0.004591367,0.016350908,0.00064590934,0.0013119497
935,0.25545308,0.23365736,0.08521502,0.036932115,0.5695125,0.28595144,0.043181986,0.264631,0.15647936,0.18770503,0.06087649,0.035287105,0.28330445,0.0686715,0.09320235,0.27705374,0.01847198,0.20021453,0.15822408,0.08927194,0.04073913,0.49888942,0.029863117,0.12312169
936,0.004452539,0.025592644,0.007442079,0.021934267,0.47253737,0.011027858,0.0015995274,0.75114536,0.090996645,0.098423265,0.0046700826,0.0057530035,0.003804144,0.05376318,0.056528244,0.009053898,8.6558306e-05,0.8389204,0.0017340906,0.0036183281,0.011772356,0.018669501,0.007673224,0.00566548
939,0.10779794,0.014076943,0.00357892,0.011658379,0.23500316,0.4900775,0.00899287,0.73800963,0.0062160827,0.010508247,0.05847378,0.010988056,0.07485056,0.004224203,0.0021892637,0.24184944,0.0010755688,0.031085674,0.018390646,0.008691821,0.01501515,0.82796526,0.01759616,0.025981165
943,0.8663242,0.9039749,0.107100904,0.0028263088,0.0916339,0.0042141867,0.0019103962,0.03766031,0.146098,0.65436256,0.00037217638,0.024347864,0.13034895,0.0013510849,0.0057882294,0.009371614,9.846294e-05,0.04397872,0.7656643,0.003977263,0.0012368567,0.18062581,0.02490792,0.024925623
946,0.042030238,0.047707178,0.012897414,0.03295339,0.69868624,0.13170382,0.013084312,0.5598445,0.048499092,0.047602173,0.02579612,0.015453582,0.04268283,0.05120337,0.035874568,0.05737194,0.0018507387,0.31969768,0.027725622,0.024124023,0.039695714,0.14529796,0.023403255,0.03008637
948,0.14806737,0.41516188,0.021840228,0.0020126968,0.52742195,0.061172575,0.0005326992,0.41056967,0.14396638,0.05752446,0.0013344799,0.01832157,0.0056498065,0.0025170676,0.0037191585,0.0029759677,6.955804e-05,0.04867997,0.0029104608,0.0017069139,0.012693811,0.058612324,0.017842142,0.048328787
950,0.023004444,0.017143276,0.009197768,0.08049772,0.21012357,0.059999194,0.66085714,0.3219985,0.009700321,0.00831857,0.004237829,0.032016374,0.06438596,0.052850872,0.004774146,0.011901399,0.0009569575,0.028921768,0.022279456,0.006768266,0.015165132,0.07625212,0.011285589,0.01943689
951,0.43135205,0.0542497,0.003908891,0.012641507,0.546187,0.74408436,0.012107393,0.3351181,0.012445761,0.00914779,0.03251081,0.0072143255,0.045167748,0.0071683414,0.00505296,0.03443694,0.001706325,0.054975264,0.025341297,0.013689843,0.017507933,0.45550776,0.01157886,0.06551479
953,0.101534404,0.18461643,0.1034838,0.037284855,0.6837423,0.0417149,0.09427979,0.28170043,0.19692668,0.08093559,0.006672634,0.026056722,0.054043576,0.03752236,0.05067729,0.016813867,0.003906827,0.16777202,0.09584368,0.030638682,0.073825054,0.0706508,0.022225788,0.06564284
954,0.05172232,0.005569664,0.00025238228,0.004048512,0.8534673,0.968002,0.002384812,0.41150677,0.0040016905,0.0011743255,0.048060607,0.0009111883,0.00706303,0.0037789054,0.001539449,0.06005616,0.00029171832,0.04556608,0.00097099226,0.0044083646,0.011162505,0.45019892,0.001051115,0.011995115
955,0.047616046,0.024023548,0.0031685429,0.004208802,0.17492534,0.0735899,0.0062173107,0.5075173,0.008677631,0.030710587,0.0047449246,0.0065775644,0.29965925,0.0051490143,0.0010087927,0.03145767,0.00026262537,0.0074167657,0.031682726,0.0063894712,0.008698558,0.35705107,0.0028719862,0.037628055
956,0.058895152,0.047484696,0.016533332,0.007926763,0.5588411,0.040506963,0.00523562,0.30190316,0.035368055,0.07791274,0.0075577707,0.0045650145,0.36679453,0.011380494,0.016522838,0.063254654,0.00096479856,0.158116,0.23689178,0.014651003,0.014737377,0.25472313,0.0052444763,0.011939057
959,0.0033990114,0.02049621,0.0048428513,0.022216173,0.68183166,0.11635626,0.012691402,0.52507955,0.10587195,0.030228626,0.030020976,0.008811054,0.0052875453,0.066224165,0.016074732,0.0726768,0.0006251917,0.37328377,0.0013120258,0.018751979,0.054935127,0.046761334,0.005398857,0.016344106
963,0.12666069,0.2396226,0.13200782,0.084492065,0.8000593,0.14621842,0.033945277,0.38552812,0.37604588,0.14131285,0.039303146,0.057631698,0.027437555,0.15096352,0.2771178,0.052450128,0.012618399,0.52478516,0.060290672,0.0722845,0.24155083,0.097950526,0.09752125,0.08479442
966,0.044675548,0.051700726,0.0125203235,0.023120154,0.7625329,0.1412145,0.009745336,0.4563048,0.09739035,0.10789812,0.031928346,0.00811786,0.11794094,0.11293809,0.04695056,0.1689404,0.0032415802,0.4454971,0.06847359,0.036566623,0.03935265,0.23351008,0.008265541,0.019974846
968,0.001170064,0.004752418,0.0011529998,0.0078027835,0.38022637,0.027077597,0.019594047,0.88881785,0.011257966,0.013633199,0.0017985641,0.0020908862,0.01223709,0.021834295,0.0024131439,0.026947089,5.316124e-05,0.17989628,0.0027416784,0.0012157892,0.004220733,0.06356607,0.00087780313,0.0010816416
972,0.083231546,0.01936775,0.0024820007,0.012052957,0.5941284,0.827364,0.015516936,0.6183958,0.013809125,0.010723476,0.10708193,0.008620151,0.0526021,0.011659142,0.0047749886,0.31874567,0.002304455,0.107676215,0.017386168,0.019618642,0.011678637,0.7085376,0.01043981,0.019004172
974,0.19050504,0.16595188,0.024456091,0.29390165,0.045497,0.025225664,0.20821454,0.7622742,0.0076768077,0.018534893,0.010449322,0.465538,0.0076748217,0.036951516,0.010898759,0.021326168,0.00071506586,0.10106149,0.04983324,0.009887424,0.017307432,0.20805547,0.7115141,0.083720304
979,0.3213881,0.31491184,0.035445094,0.012559494,0.5777552,0.039086197,0.0032112082,0.37507814,0.066627786,0.08431371,0.0058289752,0.021009857,0.014874461,0.006023522,0.016970722,0.022777012,0.0006180215,0.17154989,0.1499206,0.008990721,0.023826305,0.20365822,0.21492483,0.027757585
980,0.1467149,0.69093674,0.33720714,0.061098263,0.5340013,0.03823539,0.08542567,0.23185666,0.5834409,0.23882899,0.0076395315,0.081663266,0.024670165,0.11869125,0.15533625,0.023858333,0.0038585127,0.24394558,0.089324735,0.04182358,0.062935926,0.04023779,0.03502728,0.10104135
984,0.015901452,0.06804548,0.031639982,0.034289822,0.33851928,0.02026144,0.014319057,0.80254424,0.16365589,0.13581736,0.023162339,0.033744868,0.06522902,0.084064245,0.07321879,0.05587114,0.001562862,0.547054,0.040584445,0.020525742,0.04096881,0.08541789,0.030114427,0.022857938
986,0.20017862,0.23376472,0.088601455,0.020460714,0.512061,0.113518074,0.037034888,0.1669796,0.14584047,0.27097738,0.018010795,0.02498055,0.5130614,0.03854541,0.028153032,0.17898923,0.0072409613,0.09026251,0.34476838,0.052685536,0.021546533,0.3410441,0.02026015,0.04006663
987,0.24293704,0.0021783588,4.830242e-05,7.313331e-05,0.037485786,0.91605556,4.2348096e-05,0.22311485,0.0001410971,0.0008878147,0.00800095,5.710705e-05,0.8036968,2.3912196e-05,2.9099145e-05,0.14944483,5.34302e-06,0.002858208,0.007162541,0.0004290636,5.135795e-05,0.97762406,0.00012868117,0.0006822675
988,0.5829252,0.10869651,0.013519938,0.027869578,0.28205356,0.56059647,0.02594988,0.5289663,0.017191809,0.017599408,0.02722703,0.026028177,0.05801765,0.008841038,0.0063259057,0.055254295,0.002793169,0.053383805,0.08808759,0.015403957,0.0241693,0.49397418,0.057403166,0.06210924
989,0.045659058,0.11105628,0.054742333,0.049681265,0.84936655,0.03950185,0.04500513,0.29030612,0.18676998,0.08000956,0.00985215,0.028562915,0.031406224,0.11245511,0.12381655,0.02227529,0.004260564,0.3336597,0.04616527,0.039447326,0.19163941,0.028975537,0.017900217,0.029592756
995,0.05694954,0.074640594,0.014791791,0.006439176,0.65029025,0.031498488,0.0042997696,0.39951473,0.14406653,0.15171064,0.004409682,0.0033825145,0.09783715,0.038373407,0.0226424,0.03685962,0.00049495697,0.2881036,0.04666597,0.0168763,0.024013102,0.13552985,0.0067049293,0.015439658
1000,0.022805128,0.123366244,0.02227862,0.030443905,0.3713729,0.008194165,0.01763168,0.68873096,0.12364702,0.17665559,0.0047973203,0.023015654,0.035091784,0.08480528,0.025611252,0.031407908,0.00044698318,0.29468736,0.032785505,0.007943876,0.01950857,0.06981771,0.010359243,0.020484554
1007,0.100132555,0.08765894,0.0047574053,0.053220775,0.21091494,0.06404555,0.005509085,0.8845147,0.00824879,0.007509661,0.023648322,0.12103296,0.0023630338,0.015423547,0.018347232,0.003729296,0.00029244847,0.39996326,0.0038890329,0.004746686,0.041477285,0.11248632,0.64376336,0.13204183
1012,0.1983206,0.1703563,0.03704617,0.0113309,0.70252734,0.29803938,0.017898398,0.1629173,0.12496121,0.14055413,0.02630575,0.013602896,0.45169532,0.037115,0.032608088,0.33490235,0.00747193,0.10855724,0.17184268,0.060760356,0.01849979,0.4819399,0.016135724,0.024603095
1013,0.0011913147,0.0036900842,0.0003338487,0.00037298226,0.99824333,0.00096406526,3.2954817e-05,0.12884417,0.04102205,0.008076346,3.1780175e-05,2.9281086e-05,1.29346645e-05,0.002512306,0.06116349,5.5782697e-05,3.6340546e-07,0.98453957,0.00020193103,0.0001327782,0.0017578002,0.00017493503,0.00024160225,8.783104e-05
1015,0.023223808,0.01031602,0.002622202,0.0029180192,0.75674736,0.22177425,0.0011912051,0.4057122,0.021292698,0.012560458,0.0067537283,0.0012385155,0.03537048,0.007554417,0.0040553645,0.020839287,0.00018984916,0.041962758,0.0091553535,0.0070422417,0.027098564,0.2148033,0.002481897,0.0058088074
1016,0.004102556,0.015835118,0.0065795686,0.0006376177,0.19555952,0.011951742,0.0034172577,0.033589784,0.0221915,0.10990983,0.0022345535,0.00052530813,0.9917199,0.011608617,0.0019406158,0.24480508,7.383082e-05,0.01260104,0.11660958,0.010323018,0.0008930196,0.46807304,0.00020381235,0.0014422232
1019,0.09156744,0.060672123,0.0061188387,0.179373,0.04347281,0.09390976,0.18934336,0.852588,0.0035379347,0.008884811,0.0075168437,0.30318487,0.0065143434,0.019155374,0.004543859,0.006514418,0.00047466918,0.04913826,0.010667584,0.00464539,0.015080573,0.107317545,0.42322248,0.04509222
1021,0.03372846,0.046310097,0.016345004,0.0035301682,0.5529584,0.063140266,0.008097915,0.2262215,0.07178535,0.17221822,0.0075770942,0.0031028283,0.81978947,0.017498206,0.0053389417,0.21969578,0.00089957326,0.033758033,0.11792562,0.019622244,0.015064752,0.40576088,0.0030717654,0.007177395
1023,0.24446191,0.019915858,0.0016317818,0.010316735,0.80171347,0.7466451,0.005352991,0.40455383,0.010776609,0.004756362,0.02656483,0.0049486905,0.008053378,0.0058749695,0.01334491,0.027972162,0.0009691825,0.15688623,0.007028222,0.010077584,0.021623358,0.34232116,0.016317861,0.041900452
1028,0.03275035,0.058559295,0.008959717,0.0015644871,0.23846206,0.021679135,0.003327165,0.11091548,0.022041498,0.061441645,0.006691164,0.0024899468,0.9113291,0.0032437935,0.0018479826,0.10347754,0.00020822567,0.03234712,0.5719466,0.010236928,0.0024753194,0.5455437,0.001337977,0.009271792
1037,0.07116026,0.013339116,0.0010014995,0.008974841,0.71558344,0.56772184,0.0019981777,0.7346762,0.0048552877,0.002913253,0.024019368,0.003361498,0.0058895135,0.011502918,0.01593196,0.02465882,0.00034355652,0.4530616,0.0019414742,0.0038689722,0.017719898,0.2244863,0.008549853,0.012893614
1040,0.10353316,0.062719695,0.007694788,0.011455129,0.41311184,0.26901188,0.014336363,0.45459217,0.024952529,0.022631738,0.015349384,0.010997517,0.2560076,0.0057945,0.0077569755,0.10259732,0.0018359902,0.09241153,0.322016,0.009687429,0.010167897,0.5336174,0.0077186516,0.01953363
1045,0.01750461,0.0038672576,0.0008794746,0.0066722925,0.61881554,0.4149898,0.002266291,0.84564453,0.006705745,0.006675855,0.03927571,0.001835992,0.017660156,0.010875678,0.009184824,0.06213244,0.00044970473,0.16688038,0.004082564,0.0069412766,0.01936031,0.28414008,0.002607516,0.015305872
1048,0.0023625933,0.02583788,0.0018594955,0.004965031,0.93024415,0.011596314,0.0031143127,0.6319931,0.05606253,0.0074852384,0.00037360596,0.0012348379,0.0005532201,0.016593784,0.015980037,0.0014299512,2.840224e-05,0.38155794,0.00094803405,0.0011640996,0.023849461,0.004442935,0.0013025508,0.0060307155
1050,0.16889803,0.059776906,0.008429258,0.014986708,0.39681682,0.049925867,0.017391505,0.7390137,0.024234595,0.014048771,0.0035039028,0.021852385,0.06254878,0.006319088,0.0022611667,0.019591035,0.0005527283,0.024383696,0.092293255,0.0056285383,0.012187782,0.26241902,0.06485379,0.012937176
1054,0.012157342,0.034776423,0.0058770585,0.009496615,0.5039968,0.23626043,0.008253667,0.56809574,0.04865775,0.007679802,0.009299032,0.009293907,0.01357437,0.023708133,0.016309025,0.0048253415,0.00017115065,0.11732564,0.0013132043,0.0060040914,0.05000435,0.0631226,0.00795526,0.04758022
1058,0.0010678224,0.002053159,0.0006718171,0.019239217,0.8632198,0.023462249,0.16820613,0.27872798,0.0024723269,0.0013679424,0.00076107675,0.005881303,0.006843158,0.06004483,0.004153235,0.0034818286,9.7506534e-05,0.112005085,0.005173415,0.0031560801,0.005318092,0.016628617,0.0030627192,0.0017549343
1059,0.5011703,0.4326224,0.020203186,0.05744794,0.1262425,0.02040348,0.016299762,0.72216904,0.018784571,0.018215999,0.0036339904,0.13617529,0.0032332435,0.00975722,0.006922107,0.00465166,0.00040923865,0.112094186,0.05386829,0.0049291765,0.011369238,0.12645505,0.5854046,0.08749971
1060,0.018646557,0.049293783,0.020238532,0.07471501,0.37137446,0.06664043,0.029556647,0.67363286,0.08861486,0.06743334,0.03202012,0.023052672,0.15489876,0.13475007,0.03475486,0.08262415,0.0019106106,0.28790414,0.060386702,0.02982179,0.03556014,0.22604698,0.008969395,0.040598128
1062,0.0779676,0.017195167,0.0056259315,0.0010546478,0.24151526,0.07522883,0.0016780578,0.08595767,0.015092399,0.08626924,0.0042673685,0.00090495235,0.9761491,0.0031718004,0.0012488563,0.10663811,0.00037398527,0.011424456,0.15832704,0.009315001,0.0035484482,0.5839574,0.0005374477,0.0045554065
1063,0.005687962,0.017985534,0.011057467,0.026413416,0.34430453,0.036835674,0.052721985,0.4698214,0.073409766,0.07619304,0.0076573556,0.009557089,0.22144529,0.1097119,0.0105033945,0.063846566,0.00070691545,0.05611641,0.01617789,0.024453074,0.010362146,0.10287818,0.0044000125,0.005852549
1065,0.053466007,0.07808749,0.009793984,0.016316324,0.72654486,0.111244395,0.0046675964,0.53487235,0.041505903,0.027957302,0.013111839,0.012202683,0.013060529,0.018976897,0.019685026,0.015313543,0.00078737776,0.27453223,0.006757578,0.013541559,0.051246163,0.07495755,0.012500584,0.035617568
1066,0.065246515,0.05614332,0.03393428,0.09288063,0.62137127,0.2644134,0.1334378,0.49404815,0.103595026,0.045684956,0.07909547,0.037866656,0.030518781,0.08881681,0.06602002,0.09010057,0.01255924,0.280441,0.026988257,0.055665005,0.1710655,0.11126139,0.033500377,0.08205078
1069,0.15899582,0.31708965,0.081197955,0.009349793,0.3730808,0.03064775,0.019492438,0.0888469,0.13965161,0.13601758,0.0053041414,0.038535036,0.45099124,0.011927682,0.017634267,0.043465007,0.0018370305,0.07338351,0.32878458,0.018585999,0.013859958,0.25307128,0.014152093,0.12458981
1072,0.008723903,0.0029050028,0.000522976,0.00036614388,0.90875316,0.022545196,0.0010885617,0.12661207,0.005445123,0.0129972305,0.00048818486,0.00020355445,0.5376523,0.0043848315,0.0005440794,0.026716657,3.888915e-05,0.028663522,0.023365635,0.0025924367,0.0009620196,0.15681818,0.00037470905,0.0003116398
1077,0.024223216,0.041436035,0.033797123,0.2488151,0.5571971,0.07627131,0.43679786,0.43365902,0.049365506,0.043750763,0.024570933,0.08448232,0.03257176,0.26663414,0.07430945,0.03728221,0.008858991,0.26580498,0.04852098,0.051937062,0.07199055,0.06638509,0.040197603,0.045624092
1080,0.0033000375,0.005242529,0.0010393407,0.025954382,0.34514645,0.2339512,0.004453607,0.9260536,0.0051157875,0.0049690423,0.016249493,0.0059090746,0.0052453345,0.028181084,0.005301483,0.022173045,0.00012192239,0.4506421,0.0011484162,0.0051619834,0.005191681,0.122041725,0.0058684675,0.008592188
1081,0.022319663,0.009944664,0.00087527785,0.21847102,0.0113493875,0.025877176,0.19657509,0.9173148,0.0002680166,0.001426862,0.004181239,0.36320984,0.0005017469,0.013345507,0.00090357417,0.004951864,2.5021744e-05,0.058695383,0.0012025,0.0010052961,0.0027361962,0.11252823,0.8492619,0.012546545
1088,0.024540335,0.21492681,0.044944704,0.036898788,0.17960398,0.056618147,0.0127342,0.7633139,0.1712797,0.0749669,0.032239158,0.08371115,0.022470715,0.043142494,0.04664731,0.04434789,0.0011723461,0.30303895,0.013290772,0.016849052,0.03374699,0.13565564,0.037627902,0.09595325
1089,0.0416616,0.027184593,0.009179106,0.02682382,0.47320744,0.1107393,0.061563954,0.4084893,0.021194212,0.01540324,0.009103407,0.010436091,0.14958179,0.019558739,0.006533876,0.036558885,0.0018626722,0.034881588,0.04664559,0.015658533,0.022199925,0.21153417,0.007259048,0.02283993
1098,0.00793923,0.0041726013,0.00079755636,0.007355207,0.8524085,0.1392375,0.00052862364,0.7364908,0.010457238,0.0058417553,0.0037469082,0.000619899,0.010323782,0.0027411946,0.0031204876,0.00945184,8.9258225e-05,0.14250958,0.0021517803,0.0026166555,0.024103623,0.11309216,0.0022333143,0.0024067378
1100,0.001646526,0.0011171422,9.278177e-05,0.0054570227,0.33039546,0.11723553,0.0003422737,0.84351426,0.00033369052,0.0013853841,0.017063957,0.0023547749,0.013055187,0.002051997,0.0013766886,0.030019667,1.7146478e-05,0.28464872,0.000903337,0.0012333409,0.00062606833,0.46983337,0.017306603,0.00415579
1102,0.070077404,0.01659309,0.0067323535,0.012648223,0.8135065,0.45692202,0.006161203,0.31363237,0.036896404,0.02545853,0.026161734,0.004014287,0.046110336,0.017286375,0.028166683,0.07423129,0.0025970559,0.28273806,0.011746422,0.029661307,0.04729698,0.20522524,0.0072868387,0.024960354
1106,0.007361629,0.03509133,0.0090273395,0.04124547,0.7806391,0.018835196,0.013889565,0.5606484,0.052606605,0.041667387,0.012078858,0.019942515,0.005631833,0.2724211,0.11745451,0.024369398,0.0009351867,0.7202805,0.005433951,0.011183415,0.04576642,0.035287216,0.022421857,0.014974788
1120,0.6928593,0.71416795,0.033651333,0.0006556389,0.12529707,0.004246292,0.0039365776,0.02973548,0.05412851,0.046828505,0.00024268108,0.0033063795,0.28279024,0.0004185773,0.0007968635,0.017963046,7.431e-05,0.007608948,0.97991055,0.0015010166,0.0005864243,0.30898094,0.0017999815,0.00861877
1122,0.65628654,0.80097866,0.066198744,0.005484068,0.16107725,0.0029694822,0.011648455,0.07340858,0.07487056,0.07284184,0.00033690946,0.032920122,0.037025847,0.0029905462,0.004348872,0.0032249845,0.00013810993,0.0331994,0.76323944,0.003465659,0.0011791296,0.079512976,0.03822959,0.03811681
1124,0.043328024,0.00364407,0.0002590061,0.0045195003,0.64416575,0.80740774,0.00086213235,0.6522106,0.0030303681,0.0043608043,0.019334473,0.0010641747,0.010113714,0.005330595,0.003148551,0.0058890525,6.809526e-05,0.25997472,0.00030892805,0.0014709509,0.008238415,0.1277905,0.00097444997,0.012091019
1125,0.16487916,0.02749985,0.00033270166,0.015764603,0.21897736,0.7655359,0.0007446316,0.8713292,0.0020715196,0.0053280424,0.1374649,0.0043123034,0.0019212079,0.0016407873,0.0013857515,0.03464963,0.00013932299,0.21761836,0.0006361145,0.0013236301,0.016445477,0.4755873,0.0132261,0.06820169
1130,0.0369542,0.061820112,0.039136432,0.049785536,0.5584103,0.084127024,0.090541735,0.33551636,0.15016636,0.092431754,0.029722769,0.033861898,0.07251489,0.064629555,0.028283078,0.08916789,0.0036651313,0.26664594,0.06817421,0.026566006,0.06359277,0.13192908,0.014805641,0.022961235
1136,0.061607078,0.30869052,0.048305962,0.054900415,0.20273888,0.04192446,0.023334648,0.6458255,0.102893345,0.13324694,0.02052929,0.083939,0.07543168,0.0933367,0.037708607,0.04462894,0.00175414,0.18460749,0.04048356,0.028014595,0.021587374,0.1413348,0.040372122,0.08448441
1137,0.023800997,0.07472872,0.057292353,0.26919946,0.46428204,0.04315716,0.42163375,0.48170355,0.10472184,0.11137724,0.029640617,0.10005037,0.058303285,0.6996833,0.14470051,0.04340946,0.010392007,0.3577422,0.042530432,0.064738885,0.0782337,0.049462695,0.044109065,0.047220066
1138,0.44045213,0.34503993,0.023426568,0.0052401517,0.7265507,0.41644576,0.0041468856,0.118299596,0.08252987,0.14415011,0.014055946,0.009761215,0.18765065,0.016797353,0.018811092,0.12845586,0.0017585667,0.07364214,0.06148993,0.016088344,0.0094203325,0.5707407,0.01652007,0.05301125
1140,0.22377308,0.101316854,0.027503576,0.010910202,0.22927196,0.09702192,0.03789066,0.1370021,0.035242613,0.040677335,0.009614063,0.013825603,0.7190302,0.0073128063,0.0063341865,0.08521432,0.0023064755,0.024983913,0.6203474,0.019506594,0.0073669134,0.53432477,0.00777573,0.024306279
1141,0.21796916,0.0109443385,0.00024715485,0.0015129982,0.06130321,0.78156686,0.0004602754,0.7230484,0.00085344363,0.0013702236,0.0074852384,0.0019357908,0.02978243,0.00016722982,0.00011474119,0.02916628,2.3456705e-05,0.0070051583,0.00365037,0.0007605677,0.0005347252,0.8676257,0.0010344603,0.023136983
1148,0.103639536,0.2937676,0.013354374,0.0063218544,0.29512122,0.031058345,0.020232897,0.50729734,0.022431856,0.009867982,0.0028878371,0.017492091,0.068280265,0.0026001357,0.004077811,0.061871693,0.00037750063,0.04929504,0.6830604,0.0033352545,0.0016455355,0.57691145,0.018457003,0.02219801
1150,0.0054514743,0.011334244,0.004510186,0.025458086,0.8011977,0.021538246,0.0019063498,0.6038472,0.041051764,0.04489333,0.016820442,0.005909607,0.0038697512,0.16142212,0.291327,0.011952209,0.00026306044,0.9313644,0.0015925923,0.008865772,0.022600606,0.016935755,0.012165391,0.010951883
1154,0.0019189881,0.005464201,0.0019320275,0.007095451,0.9301557,0.028329631,0.002995964,0.52681637,0.09770822,0.036031537,0.0031213805,0.00063710596,0.004454579,0.042708617,0.019386154,0.004635505,6.242851e-05,0.5424746,0.0020336641,0.0029465675,0.021566773,0.009445181,0.00048100762,0.0019812747
1159,0.033910308,0.114291444,0.03418962,0.055894926,0.7176478,0.045865938,0.017953938,0.31007642,0.14398313,0.21399991,0.025699232,0.022105567,0.07202487,0.135478,0.19106375,0.052817136,0.0032720554,0.7722272,0.031526472,0.024581645,0.036808018,0.08840232,0.026787406,0.02353461
1165,0.21623589,0.075469315,0.019287452,0.05516485,0.25949112,0.2867318,0.036882605,0.70810515,0.03608253,0.027740492,0.049358953,0.04840554,0.060405374,0.022779895,0.020091018,0.07423662,0.0056893695,0.13304412,0.052283514,0.02892768,0.09149531,0.46596393,0.058535002,0.09335758
1167,0.0861612,0.53889656,0.27689356,0.077444956,0.542297,0.032896884,0.13315205,0.39402047,0.6026912,0.27722177,0.009018612,0.08144659,0.0417346,0.09827494,0.07333689,0.026225891,0.004699021,0.16622959,0.06517113,0.034041982,0.13720784,0.028864572,0.038301274,0.08386326
1169,0.41284654,0.038656235,0.005207365,0.015411545,0.4360171,0.83544105,0.014324953,0.4628931,0.012887643,0.008723507,0.045890227,0.01309946,0.11418013,0.0061629815,0.006398635,0.14579135,0.0032974926,0.059156064,0.03540191,0.018064884,0.013912286,0.75411963,0.017015917,0.03179392
1171,0.02533872,0.026886828,0.018009627,0.05308774,0.7807133,0.11884462,0.053579025,0.5595237,0.07357884,0.0419954,0.022949072,0.01540061,0.076417886,0.07807961,0.0463821,0.055311173,0.0037467806,0.29756048,0.033657365,0.04000982,0.054045748,0.1182669,0.0150409555,0.021483168
1177,0.022212071,0.030115185,0.002309272,0.0012678168,0.016117834,0.07964708,0.00043919496,0.25460464,0.0032907182,0.09035092,0.021091688,0.0030984462,0.9672647,0.0012825662,0.0005445902,0.46494922,6.8687375e-05,0.021254294,0.0142952455,0.006292096,0.000242304,0.802593,0.0021648603,0.0036988563
1179,0.76287687,0.43884325,0.008330148,0.005023116,0.030044593,0.036818426,0.0017783425,0.52257836,0.013022843,0.052943207,0.004426963,0.03215995,0.14537013,0.0011135802,0.0015413513,0.032535177,0.00017449242,0.03167889,0.24302274,0.002838681,0.002404176,0.59344006,0.043649007,0.045348827
1184,0.25276542,0.5371028,0.052017987,0.00010828752,0.9538496,0.028376063,0.00039979522,0.0050038043,0.37458324,0.14368597,0.00011180011,0.0007646483,0.18544476,0.0016426444,0.006984385,0.0120214615,2.048244e-05,0.015617941,0.3347661,0.001427237,0.0015310856,0.06553808,0.0003483855,0.0035197672
1185,0.82451034,0.5478042,0.07286044,0.0024243789,0.8375645,0.117578804,0.0012161401,0.03663902,0.19474955,0.13259646,0.0027603959,0.0064022555,0.065135136,0.0025056696,0.018705891,0.06024859,0.0009870478,0.05340781,0.5200399,0.008213022,0.007213116,0.42169645,0.010596264,0.024366178
1191,0.008051789,0.026056351,0.015552625,0.07643929,0.8210666,0.045836996,0.04774529,0.5747689,0.08608521,0.07367681,0.023089932,0.020391826,0.0064725047,0.09666139,0.087718815,0.033176366,0.0015404682,0.86018384,0.008430924,0.016243303,0.052106146,0.017887581,0.02531928,0.010879315
1196,0.006933928,0.027768977,0.022118375,0.17453448,0.18173303,0.012378677,0.28248507,0.55853313,0.02909896,0.051155742,0.018923985,0.06732412,0.079515696,0.4436468,0.031053536,0.038295668,0.0013511498,0.14549114,0.01816761,0.0210612,0.032243423,0.064821206,0.022491086,0.030981299
1198,0.23717302,0.3091267,0.049573407,0.10674293,0.08173376,0.04370804,0.2070036,0.49973708,0.03687175,0.076906234,0.012833664,0.1954256,0.08938371,0.048680134,0.015250268,0.02822785,0.002855217,0.07671749,0.23292717,0.01918174,0.026698152,0.14742242,0.09156168,0.074810505
1202,0.06546022,0.024763381,0.0040259142,0.02989584,0.078222916,0.27880257,0.0047954055,0.81163913,0.008497556,0.03680605,0.049137615,0.016571166,0.3245511,0.016332803,0.006766029,0.18035857,0.0011840933,0.100271285,0.023451889,0.016504427,0.00650364,0.69899696,0.015733609,0.019926092
1205,0.810229,0.07547246,0.0007562772,0.00046212957,0.22974415,0.90464604,0.0005009467,0.14133592,0.004573964,0.00096323853,0.0043072905,0.0016417133,0.025059829,7.855257e-05,0.00037613758,0.007304839,4.2145042e-05,0.018258099,0.006416884,0.0007815214,0.0007420909,0.6794131,0.0008989263,0.05634345
1207,0.8006022,0.26950833,0.003959358,0.0061499337,0.46552718,0.77608323,0.0020341054,0.37792242,0.015706763,0.011143467,0.011344064,0.0141682625,0.0053355447,0.0021100512,0.008138512,0.006605382,0.00032846152,0.26562667,0.0048300447,0.0024915412,0.0062711174,0.28314587,0.030224185,0.21781977
1214,0.06292477,0.28698662,0.22904465,0.02515315,0.7358232,0.02322929,0.11417783,0.05969538,0.29281324,0.17941576,0.0036630926,0.023710145,0.2725978,0.096043594,0.08111985,0.032461092,0.0027740425,0.07573962,0.31098986,0.034224182,0.023766136,0.08354501,0.007941367,0.03841762
1218,0.20046756,0.25900912,0.10324834,0.10396965,0.3133693,0.10183601,0.09615565,0.5328811,0.14903371,0.15467685,0.04162008,0.098576546,0.1315758,0.09093943,0.065333605,0.08409722,0.013872966,0.24125636,0.18173626,0.06553905,0.0963766,0.2657307,0.0917821,0.11068805
1227,0.6255704,0.19275951,0.026141465,0.0343429,0.30288884,0.61182696,0.031784974,0.4337895,0.036503464,0.05351265,0.12654,0.05617717,0.17917912,0.018802935,0.017404051,0.31786874,0.01787719,0.103197485,0.13431281,0.048340484,0.042781133,0.74675643,0.061038975,0.11787592
1228,0.013261045,0.04427976,0.016271025,0.047899127,0.54352057,0.05460036,0.032119185,0.71015596,0.07463353,0.043764662,0.014679172,0.016408095,0.032391485,0.21851562,0.06928464,0.025309997,0.0016918393,0.43005177,0.007057112,0.021069765,0.058268026,0.060831293,0.015817953,0.0407425
1229,0.2626116,0.24404553,0.036206514,0.012887232,0.32237843,0.07289713,0.01615216,0.22408035,0.061016295,0.09197014,0.011038477,0.070180245,0.37030664,0.028671779,0.022474317,0.035301488,0.0023409498,0.103985526,0.09268725,0.023857534,0.012974214,0.26434478,0.061349586,0.12136546
1238,0.24144429,0.76238716,0.2909148,0.007386942,0.9104349,0.06722868,0.0049620075,0.05581705,0.6740877,0.24865438,0.003441932,0.019155256,0.05633685,0.02612126,0.089116015,0.016664868,0.0010147784,0.13808523,0.13892406,0.022145262,0.036678072,0.061995067,0.015935678,0.04872472
1239,0.24473192,0.20785563,0.016358418,0.0520833,0.2103523,0.039836727,0.023133075,0.60412776,0.015111661,0.012149722,0.0073024007,0.12383926,0.03883453,0.012630977,0.009913319,0.0046471455,0.00060972205,0.0899156,0.07011814,0.0050773774,0.015987923,0.15526266,0.12230574,0.07891834
1240,0.5817566,0.8176103,0.097356714,0.0021525687,0.15451443,0.0011615532,0.002404383,0.10341408,0.29505488,0.22530769,0.00014157094,0.00804283,0.03297693,0.0011903662,0.0044599664,0.0018501353,2.198773e-05,0.045695297,0.6058852,0.0010723415,0.0030399342,0.033141654,0.0032434035,0.010567333
1241,0.0023992097,0.0035793772,0.0005074336,0.0042720903,0.82843095,0.044309676,0.0010611826,0.7660727,0.0036225389,0.0042458605,0.0037110487,0.001710497,0.0046164095,0.006272797,0.0078538,0.007619768,3.32764e-05,0.46224263,0.0014197445,0.0019704914,0.006252128,0.037307788,0.002137437,0.0042814757
1246,0.0026333495,0.0009821038,0.0003906221,0.009111588,0.9800368,0.13015153,0.002809412,0.5326838,0.03203062,0.004695289,0.004010295,0.00045381903,0.00018762633,0.010531865,0.0029324552,0.0048723067,4.2660366e-05,0.2502885,0.00030612721,0.0035234066,0.079763986,0.013390412,0.00064259185,0.0013763071
1248,0.101615615,0.12064224,0.005582964,0.0031380085,0.7672188,0.3169524,0.0014698271,0.3707247,0.037689827,0.015725791,0.008599584,0.0017544097,0.024616413,0.0048280396,0.0060824812,0.095462754,0.0002758245,0.10888289,0.022316197,0.0050707385,0.004712839,0.4565213,0.003512296,0.016652485
1249,0.15865803,0.28220522,0.014655761,0.011104416,0.6443051,0.009544706,0.004476322,0.41243997,0.03351981,0.025199248,0.00066940574,0.035641328,0.014600733,0.011721236,0.010778568,0.0023010971,0.00017613191,0.16161484,0.15938433,0.003625976,0.0023963032,0.045631263,0.25675735,0.016217524
1252,0.007001435,0.044222757,0.007045731,0.026350781,0.52250385,0.02510206,0.0048646303,0.86630005,0.14489788,0.10169272,0.007970063,0.008929756,0.004362388,0.044817146,0.013008869,0.0050405436,0.00015588988,0.28208366,0.0019190877,0.0044322642,0.12411716,0.016027989,0.007143702,0.020206284
1256,0.017280778,0.014054837,0.007221805,0.11139413,0.03653823,0.06528726,0.34346512,0.70473915,0.005936692,0.021014208,0.02512955,0.059504855,0.43347573,0.06757944,0.0035903973,0.15536606,0.0016187832,0.0303607,0.032298084,0.01570396,0.016576558,0.38358378,0.024811696,0.018629907
1264,0.007699927,0.0026011833,0.00024604256,0.0030808144,0.42858464,0.08658911,0.005111493,0.93443555,0.0005488024,0.00026262488,0.0011403374,0.009104628,0.00031642246,0.00040201104,0.00014578525,0.008894818,1.651168e-05,0.003417477,0.0009230342,0.00033924033,0.0025489563,0.5880419,0.016461184,0.0039896416
1265,0.58952,0.031244103,0.0014671024,0.012980687,0.2930107,0.14125818,0.005490969,0.61646914,0.0034737657,0.0032701632,0.002422658,0.0055015376,0.0036321003,0.0050664674,0.001309031,0.003823986,0.00011870373,0.030506091,0.008706913,0.0021892209,0.016955938,0.20734839,0.007297681,0.017886443
1266,0.034141738,0.080454476,0.029666055,0.011746174,0.07620563,0.069993176,0.01657696,0.405636,0.0459449,0.1252418,0.031052645,0.011814958,0.89315325,0.022870557,0.009680775,0.47040257,0.0015951677,0.06548056,0.18838863,0.03867631,0.0049708816,0.71506715,0.0069570714,0.020295355
1267,0.06923724,0.35232082,0.19275476,0.02324771,0.8770843,0.041397408,0.06414765,0.112816095,0.42850438,0.119536735,0.0034532263,0.019122988,0.032874893,0.065461375,0.086884856,0.028086193,0.0024725774,0.17653546,0.08321641,0.03839291,0.031113954,0.04488939,0.013495634,0.029354062
1274,0.59289694,0.25075057,0.017074957,0.0147762345,0.66128683,0.63366234,0.0069181784,0.36394662,0.0427757,0.034534395,0.034705475,0.023282196,0.01594442,0.012800566,0.025752373,0.065007344,0.002965539,0.19110763,0.046197664,0.013816917,0.023453843,0.48358452,0.06034196,0.10279688
1276,0.0049797366,0.0076291556,0.0028246942,0.047635254,0.2585442,0.17230812,0.95456326,0.14376152,0.003551483,0.0018581599,0.0009876282,0.012054319,0.004189083,0.031027779,0.0015353464,0.006782889,0.00013875938,0.006750595,0.004263806,0.001097056,0.006950798,0.055394787,0.0031122034,0.006895875
1279,0.06888628,0.020510728,0.00027523213,0.004014741,0.1862942,0.47310144,0.0007650214,0.7191936,0.001469639,0.0022529475,0.022727728,0.007479526,0.057978936,0.0031256163,0.0018844303,0.36676088,0.00019851176,0.076762274,0.015024659,0.001343373,0.0006487275,0.9608948,0.030850466,0.007941584
1283,0.0020231658,0.019709045,0.005882583,0.0032257466,0.54383814,0.014052609,0.0015416786,0.18873961,0.06265328,0.22067986,0.006431719,0.0012546628,0.8666396,0.23104955,0.015116388,0.06528761,0.00013832712,0.22877467,0.007859428,0.013316867,0.008022972,0.09399888,0.0007395075,0.0019472464
1286,9.436718e-05,8.924418e-05,2.994539e-05,0.0006136754,0.25568974,0.122474276,2.7456344e-05,0.95101863,0.0006913645,0.0068755536,0.026063703,2.0228803e-05,0.06771608,0.0011707123,0.00038972034,0.10169021,1.7197406e-06,0.30930182,0.00011641361,0.0003273049,0.001206218,0.32376462,5.9654467e-05,9.5409916e-05
1290,0.2775187,0.19132677,0.033930723,0.006006024,0.7292559,0.071273945,0.017593926,0.09832329,0.122199744,0.11306836,0.005070031,0.010972805,0.20210053,0.014541598,0.015419854,0.04850137,0.0018851686,0.045301124,0.21973379,0.01693134,0.01199137,0.1803773,0.008167053,0.0283191
1291,0.15955064,0.37745807,0.05172768,0.015274334,0.447291,0.0691113,0.011161578,0.5119032,0.16891177,0.05380929,0.00475422,0.048175912,0.029494837,0.0144767435,0.012497824,0.006068082,0.00062923995,0.06598815,0.022671374,0.00836912,0.02747942,0.059013333,0.0619637,0.103894286
1296,0.16146675,0.11976582,0.07032512,0.02101855,0.5351455,0.12845512,0.08559583,0.16897377,0.14769211,0.09767618,0.010829247,0.013669108,0.22704872,0.01789348,0.012536942,0.04478828,0.003595083,0.027527487,0.23884082,0.015171962,0.101039305,0.20216565,0.007262468,0.047908574
1300,0.030751733,0.039161857,0.017471656,0.0014721435,0.6483247,0.008050068,0.0043793246,0.048270095,0.07001391,0.14774251,0.00066498265,0.0012862938,0.6431633,0.009658119,0.011818705,0.04204102,0.0001646365,0.062851906,0.19367963,0.009303874,0.0017766214,0.17357376,0.0013249614,0.0031341861
1301,0.0056275805,0.012579303,0.016321614,0.33877847,0.14390898,0.029384688,0.92522496,0.48086184,0.017967109,0.023415742,0.009534195,0.121626824,0.012087186,0.20138414,0.011840216,0.018528137,0.001505102,0.08666147,0.0068041882,0.008507457,0.045924395,0.021682918,0.019138891,0.020677518
1304,0.0017959567,0.0007873782,0.00014628364,0.006732175,0.82902616,0.02842097,0.0016789559,0.5077467,0.00086129404,0.0045691812,0.002926824,0.000467263,0.014644837,0.013337051,0.0057424824,0.040372312,3.5673558e-05,0.83804923,0.004062466,0.0028045853,0.00072277343,0.1600247,0.0007175595,0.00048330956
1306,0.33092037,0.036230642,0.0033653968,0.0027202533,0.4929494,0.9377091,0.0034110958,0.17341578,0.01303115,0.032486387,0.029040422,0.0014732779,0.16066882,0.0019290552,0.002796594,0.30432484,0.0006364694,0.022492431,0.020603206,0.0056673232,0.0037942338,0.73269296,0.0017095372,0.008706468
1307,0.6635071,0.1276005,0.002190272,0.009583511,0.5887368,0.6990766,0.00514471,0.44925168,0.0076447525,0.0044912957,0.013377962,0.010586746,0.0041518863,0.0031992851,0.0037382853,0.014872862,0.00065119413,0.13604982,0.020129845,0.0033603099,0.006199764,0.39054143,0.0271347,0.063091695
1308,0.019864546,0.0026779138,0.0001395779,0.0013791694,0.63449895,0.61204964,0.00023869323,0.6150657,0.0016057938,0.0073017413,0.017563581,0.00039272255,0.06017038,0.0036926477,0.003523033,0.024710888,4.1089803e-05,0.19927262,0.0006434339,0.0017156955,0.0033316948,0.35114557,0.00071125984,0.0078122923
1312,0.12376126,0.06072307,0.0035303931,0.00643967,0.35813275,0.2747683,0.004211822,0.6647626,0.017587746,0.010250107,0.010139947,0.006605244,0.046549436,0.0034448234,0.0019893271,0.06125146,0.0003710213,0.026583234,0.031726357,0.00437762,0.013933962,0.5020945,0.0049008294,0.021029282
1316,2.135503e-05,0.0001916152,2.4634624e-05,0.0021031278,0.85646945,0.010798622,0.0007432286,0.96936035,0.0028474517,0.0005861779,0.000337715,6.84617e-05,0.00154365,0.007580964,0.00020517604,0.000952283,5.7088977e-07,0.15103804,2.1245807e-05,9.822652e-05,0.002641069,0.0045920582,6.1928775e-05,0.00015414805
1324,0.5200558,0.09028986,0.009555016,0.020922307,0.50772285,0.5577839,0.029038103,0.3129467,0.020643752,0.012699901,0.023529919,0.03774223,0.025884744,0.00776401,0.0071366094,0.023298228,0.0019465107,0.09338663,0.07817942,0.013654388,0.050241098,0.3478867,0.047892854,0.06685375
1325,0.791491,0.9848704,0.21083345,0.00017819094,0.35729742,0.0004579203,2.1036374e-05,0.0186314,0.4691871,0.7792616,2.984259e-05,0.0039556837,0.010345744,0.00035292917,0.012089851,0.00049684703,1.9855568e-06,0.2656122,0.15005313,0.00041273274,0.0003610961,0.011065385,0.0033813878,0.019343494
1331,0.39954552,0.29341885,0.1476042,0.11241133,0.3351794,0.23700006,0.2132375,0.31403977,0.15699333,0.14501937,0.068856046,0.17618412,0.20947644,0.087297894,0.073035404,0.16609117,0.027737845,0.11287472,0.22721286,0.087388106,0.07743931,0.4073931,0.25336632,0.18041316
1333,0.0023984269,0.005851287,0.00020623223,7.499898e-05,0.99752,0.01790264,1.6587437e-05,0.073131554,0.090316184,0.0045769783,9.41652e-05,1.3739199e-05,0.0014758672,0.0034947575,0.011200406,0.0018458545,1.2515861e-06,0.4708438,0.00038199793,0.00032404053,0.0015996227,0.010363228,3.2901684e-05,0.000483577
1341,0.05434891,0.44130263,0.3094893,0.0015981892,0.9050038,0.0024944372,0.0036411416,0.024498682,0.7318113,0.27157146,0.00025306613,0.0033442844,0.0874928,0.0143678645,0.036101043,0.0048297676,0.00010798363,0.08922647,0.16408733,0.006590052,0.011044746,0.011057238,0.0014546731,0.010122702
1342,0.02951031,0.06096291,0.013134966,0.030407028,0.5115449,0.10724925,0.01776801,0.67772275,0.04382827,0.020849502,0.017673992,0.02607128,0.05281924,0.046385422,0.025515819,0.034584973,0.001684961,0.24507655,0.02455386,0.019361073,0.026137525,0.18913591,0.02315524,0.05972332
1343,0.32437557,0.29376668,0.042877726,0.008611068,0.29482543,0.03713392,0.020686513,0.11034352,0.06470444,0.04219486,0.0032847198,0.022524547,0.71787894,0.009519895,0.008229172,0.031899914,0.0020037917,0.037556298,0.5920887,0.018335765,0.011857104,0.3294764,0.020688094,0.051009677
1348,0.58673525,0.4438252,0.06798272,0.003857749,0.6772946,0.06868719,0.0035872802,0.11923752,0.27297926,0.17844288,0.0021096335,0.0056443005,0.08238544,0.0056363554,0.01121259,0.020840881,0.00058401417,0.036176924,0.32111174,0.009806765,0.0084905755,0.19458076,0.0031332236,0.021082554
1353,0.002559052,0.0020175865,0.00012079942,0.007473178,0.39279932,0.72652817,0.0055836043,0.8555182,0.0012636684,0.0016372957,0.024425862,0.0017593596,0.006148317,0.0042608758,0.0005647713,0.09202404,6.0571412e-05,0.041316617,0.0003352268,0.002170844,0.0044986764,0.33595666,0.00055570924,0.004096971
1356,0.061598353,0.14556822,0.03291379,0.0011103489,0.54569423,0.024990534,0.00044803,0.10711647,0.19804731,0.15873998,0.0018963479,0.0032286379,0.6430743,0.0054680733,0.012975453,0.023543084,0.00019249236,0.048662275,0.054629438,0.007862649,0.009478067,0.27769846,0.004334779,0.014583339
1365,0.035739165,0.027062822,0.012250942,0.0010957818,0.7141387,0.034933235,0.0044059027,0.04642587,0.06777743,0.06469394,0.001387185,0.0008819594,0.67664754,0.0082607465,0.004974829,0.03300942,0.00023623063,0.016453344,0.15073319,0.0069862343,0.005777699,0.19672386,0.0003402225,0.004588936
1367,0.2338444,0.31211233,0.030962698,0.047947336,0.60920185,0.10075302,0.035545334,0.38946512,0.08973222,0.030598622,0.013888703,0.048761938,0.0090345945,0.05762292,0.031044926,0.013059471,0.002055041,0.19840614,0.03917231,0.012853319,0.14210065,0.09469954,0.054795302,0.1371141
1376,0.05894609,0.059074543,0.029853288,0.19350207,0.38871363,0.13934502,0.14524601,0.73029655,0.056582574,0.06060442,0.050147813,0.09675263,0.049054153,0.14034055,0.0501175,0.08469978,0.009493651,0.20671986,0.034032844,0.04486404,0.11927305,0.16565667,0.07125373,0.073408514
1377,0.38377804,0.74501526,0.14155942,0.0037033765,0.63609815,0.008523077,0.011715995,0.049394418,0.25854912,0.15568018,0.00096519117,0.011925671,0.14618279,0.0068201004,0.02315839,0.019046431,0.0006623325,0.116203584,0.88129735,0.0064438237,0.0038683806,0.10533443,0.006271638,0.028621076
1378,0.28110042,0.01443856,0.00026884707,0.0048553203,0.5028872,0.9627478,0.0005227515,0.687212,0.0015810996,0.0013712902,0.050128747,0.0030217983,0.0011833373,0.0012041378,0.0011756523,0.21608539,0.0002461014,0.08505479,0.0010582367,0.003223072,0.0018497207,0.81553817,0.0136065185,0.0084972745
1380,0.8584819,0.72703934,0.0044637793,7.5761573e-06,0.7844192,0.0057644653,5.9912203e-05,0.0013305629,0.03855228,0.013379516,7.577299e-06,0.00019163422,0.16840403,1.0677786e-05,0.0002666146,0.0013664425,1.3412237e-06,0.010695191,0.97457856,6.0687336e-05,3.294583e-05,0.09992856,0.00014386218,0.0014734637
1381,0.003918704,0.017606987,0.0005101392,0.010409579,0.07848021,0.03702383,0.0005538006,0.9470894,0.0017640918,0.00703659,0.012806948,0.0072667254,0.0048779678,0.0035328062,0.003007274,0.024399202,2.225463e-05,0.42090368,0.0010768699,0.0010939144,0.003608287,0.3039965,0.009526993,0.022861212
1382,0.007308584,0.013263686,0.0016750018,0.0068789963,0.39291674,0.03541939,0.0023913842,0.9193006,0.010430716,0.014948638,0.0025326132,0.0027882205,0.030754685,0.0127422,0.001463609,0.005789286,3.965099e-05,0.1528156,0.0030812216,0.0032215605,0.007162199,0.06407701,0.0030394923,0.0037516495
1386,0.8985344,0.15248708,0.0052900235,0.007964646,0.46516788,0.58420825,0.0026796372,0.2561096,0.010237717,0.01279082,0.014231394,0.008621157,0.028857674,0.0016532226,0.0050670635,0.11230149,0.0016384872,0.07906454,0.14479679,0.008138777,0.006676383,0.8379426,0.026984686,0.047379296
1387,0.13713188,0.06037266,0.008926531,0.010925675,0.29660693,0.64319885,0.005165873,0.554854,0.04758661,0.05072808,0.121977895,0.011614818,0.2500631,0.0122753745,0.0052688364,0.24851021,0.002757036,0.05666633,0.024583958,0.013200472,0.04563315,0.7230332,0.01268137,0.043403927
1388,0.012808147,0.019809483,0.0033656447,0.010302743,0.609579,0.041987874,0.0043256134,0.6010637,0.020120079,0.029033422,0.0034176249,0.0031475902,0.032369662,0.04615386,0.019527268,0.009547826,0.00019466423,0.32243872,0.004154421,0.0070897248,0.006722521,0.06183398,0.0022731477,0.011743589
1389,0.0127189215,0.023871828,0.0032042298,0.007317006,0.112308025,0.038995404,0.0683704,0.34637487,0.0034791064,0.014901729,0.007351688,0.01757083,0.6905607,0.0116984835,0.0012548425,0.053955,0.00023614056,0.022727555,0.10761479,0.00763117,0.0011939,0.40663135,0.005556585,0.022815187
1390,0.053121153,0.0036793759,0.0010826791,0.0027690358,0.9481044,0.2591776,0.0029239226,0.1264375,0.0064399233,0.0017111688,0.002665129,0.0005565263,0.01643926,0.0010744152,0.0022638696,0.017423462,0.00018930959,0.06122107,0.06308716,0.0039468016,0.0074220295,0.15908301,0.0011598665,0.004867452
1394,0.06313147,0.0051215882,0.0007820987,0.015246081,0.12965274,0.918328,0.005062789,0.83240414,0.0039547104,0.016060907,0.18988986,0.0050440407,0.06974293,0.0014898388,0.0005714657,0.63283694,0.0005261159,0.028931472,0.0054493602,0.0063420427,0.004658781,0.82658815,0.004390147,0.0045601246
1401,0.0040547694,0.0031913493,0.0015919367,0.01592091,0.5866573,0.008160527,0.020126838,0.7122086,0.023393014,0.005079647,0.001230612,0.0020957403,0.003095471,0.02434244,0.008137727,0.00060400576,0.00012658462,0.08160309,0.001298389,0.0025762983,0.8453653,0.0032613531,0.0016240189,0.008930865
1403,0.0020978714,0.0031352723,0.0006183008,0.004753438,0.74817944,0.037098315,0.002067546,0.59517395,0.0068733017,0.0074676275,0.0022698205,0.0010290513,0.021416074,0.0093126735,0.004209046,0.026181063,4.878627e-05,0.34433043,0.0035113448,0.0035187805,0.0011154026,0.11871912,0.00114282,0.00097437337
1409,0.07243655,0.102623485,0.029485904,0.051444307,0.8163713,0.083964445,0.048290726,0.37856334,0.10270267,0.024765097,0.007766615,0.05835745,0.013862702,0.044810705,0.052967332,0.00921659,0.0024653103,0.2849642,0.05107968,0.021428304,0.10376492,0.057422984,0.07786579,0.03811355
1428,0.0042041293,0.010004244,0.00059025653,0.0109702125,0.7825682,0.053261995,0.002026252,0.90239817,0.007845513,0.0056403982,0.005098852,0.0034641013,0.001672325,0.018961966,0.0066057476,0.0049454183,5.34436e-05,0.48574534,0.0010467591,0.0022276654,0.009316269,0.0351446,0.006373232,0.00576701
1431,0.0050674533,0.03040142,0.013579127,0.076923236,0.90541345,0.044338755,0.036823936,0.400613,0.07730492,0.040993568,0.008562891,0.017917594,0.010087363,0.33939597,0.1259827,0.02230904,0.002177643,0.4093326,0.0062619154,0.030008255,0.049661297,0.022855457,0.0141533455,0.012999996
1435,0.3022039,0.008728423,0.00017434008,4.5598586e-05,0.17605852,0.58920896,9.533233e-05,0.03363128,0.0005594448,0.0033387197,0.0033121656,7.705884e-05,0.94436204,9.4797135e-05,6.4752e-05,0.17385435,2.528175e-05,0.0013996403,0.10455044,0.000771706,0.00017741513,0.94202524,5.1372743e-05,0.002672076
1439,0.48012108,0.4803496,0.03617261,0.053533968,0.09377162,0.020273162,0.008278582,0.7369401,0.04595286,0.036428213,0.0072955466,0.24605165,0.008699183,0.006690004,0.012430608,0.006901236,0.00081285095,0.14910509,0.055274557,0.006159848,0.02333654,0.13815288,0.53396106,0.16758156
1440,0.086048074,0.09068308,0.018777737,0.003391201,0.5851083,0.1530126,0.01183461,0.2563429,0.10957442,0.01984736,0.007948046,0.0043223086,0.1017593,0.0058034873,0.008515657,0.012474535,0.0005651533,0.037358575,0.024347266,0.011204562,0.038070895,0.17832142,0.002147971,0.1131781
1442,0.12843601,0.2723069,0.0060990793,0.00014572883,0.1448436,0.0010875791,0.0003539704,0.067953825,0.0130400695,0.062262412,0.00012560682,0.00079001545,0.75893575,0.00011874019,0.0005276796,0.10790233,1.6210955e-05,0.01643032,0.9860006,0.0018564651,7.376101e-05,0.69532937,0.0009312442,0.0012434277
1447,0.0977328,0.02540967,0.0057438742,0.009916072,0.3154377,0.2057161,0.04603029,0.25887457,0.010967678,0.014840409,0.00874798,0.00743929,0.37343985,0.012703054,0.0029398245,0.063479215,0.0013077275,0.017649265,0.057344627,0.013549484,0.009931772,0.4405029,0.0060382257,0.017968649
1449,0.22385563,0.024643516,0.0021199358,0.008760057,0.6626867,0.87725276,0.0035063897,0.54682183,0.013218609,0.011998857,0.0836552,0.002839669,0.06703199,0.006020522,0.005093728,0.17758611,0.0018040997,0.07417462,0.014479119,0.013660702,0.027120307,0.60129404,0.0058868453,0.021514237
1455,0.05987703,0.11263034,0.052891217,0.17474842,0.41122395,0.04204951,0.5443432,0.39024344,0.049439732,0.035126496,0.008687809,0.16553293,0.021925256,0.10210588,0.053827733,0.013528863,0.0038214242,0.16440551,0.05589076,0.020558396,0.04333723,0.048412655,0.18746403,0.06503408
1460,0.013363098,0.11542387,0.009217854,0.003118963,0.40603924,0.010296895,0.00793442,0.64655983,0.056471903,0.023767928,0.0012268546,0.0048514716,0.1636026,0.010148015,0.002840532,0.025835156,0.00012596522,0.049036052,0.07092318,0.004249116,0.00265282,0.13870995,0.0061892145,0.009256496
1461,0.04849278,0.325481,0.18297745,0.046591323,0.8583038,0.03545225,0.021544669,0.24383143,0.5781137,0.20784427,0.009017189,0.028349752,0.021797217,0.26650164,0.26804626,0.016607273,0.0036669022,0.40796223,0.027862674,0.038412675,0.16316423,0.030190334,0.017894175,0.049056847
1466,0.0971216,0.050868757,0.012747924,0.020280542,0.66965157,0.33158466,0.0058081886,0.36207372,0.06668696,0.06773066,0.027011069,0.0073862593,0.07127488,0.023025068,0.032891404,0.102954075,0.0023929747,0.33760363,0.023152962,0.022380276,0.02235592,0.35370305,0.007984697,0.02986161
1474,0.06434718,0.21453662,0.04477699,0.015533531,0.7241103,0.100773446,0.003575213,0.33414814,0.26993617,0.33694515,0.016844194,0.011038264,0.070827655,0.054485302,0.059963442,0.06282701,0.0013359811,0.42303342,0.014826201,0.025473708,0.048643544,0.12792897,0.016647093,0.03384127
1478,0.19867904,0.6317754,0.37200907,0.017814599,0.7783012,0.064078055,0.020057855,0.12147695,0.681496,0.49575827,0.006194557,0.033095002,0.08515117,0.06763084,0.10725843,0.046581782,0.0031352292,0.11213368,0.14573473,0.035058,0.055909675,0.09265097,0.015617435,0.03673402
1481,0.001746534,0.07943262,0.016486032,0.0312081,0.32100028,0.0007737553,0.012000288,0.6203733,0.36099753,0.057106193,0.00080233434,0.012189837,0.00030755214,0.09988801,0.015859056,0.00095369347,2.4421859e-05,0.4558102,0.0014857316,0.0017484355,0.061842,0.0021929427,0.0026398285,0.006141627
1484,0.5914494,0.48399627,0.07305649,0.033374283,0.43740222,0.32843295,0.02278654,0.28271392,0.13590509,0.097335115,0.013009188,0.05309814,0.031127961,0.02372883,0.029286,0.022232186,0.0027355524,0.12192656,0.04903004,0.020345226,0.036630057,0.18652204,0.09781598,0.11539697
1492,0.05014017,0.14028633,0.030687276,0.0004096541,0.6881275,0.012143886,0.0026054834,0.020111393,0.107847,0.07498248,0.0005133929,0.00066345267,0.86547196,0.0017363944,0.00244078,0.019290527,5.7457197e-05,0.017437082,0.67251676,0.004338755,0.0014714868,0.14726894,0.00042544777,0.0031272038
1495,0.019143267,0.008273713,0.0002025985,0.0016931992,0.63115954,0.3355625,0.00017170934,0.6328155,0.0022663977,0.0016697848,0.0061095404,0.0015967092,0.005467591,0.0035413655,0.0019166498,0.011093331,2.1623511e-05,0.17161615,0.000498905,0.0006664451,0.0018336655,0.36946395,0.0045571923,0.009537808
1497,0.0070823915,0.012280583,0.006626965,0.005068581,0.8681946,0.027807951,0.020508887,0.12752502,0.04012839,0.025346179,0.0014733053,0.0016197807,0.3763622,0.03660783,0.0064359913,0.022495829,0.00037451598,0.11401705,0.031044843,0.011027775,0.0051721777,0.048963107,0.0018644586,0.0032509642
1500,0.044742797,0.02730773,0.007649529,0.013657521,0.62020856,0.14223313,0.017947339,0.48311695,0.035023242,0.029961681,0.006041718,0.0049292166,0.13941744,0.014434904,0.0100526735,0.050488304,0.0007512803,0.11177497,0.023458289,0.016185801,0.01002577,0.26951998,0.004637054,0.0099358745
1517,0.5214882,0.12696941,0.0074598277,0.0019449069,0.4419504,0.5499276,0.0015461656,0.08938109,0.02113287,0.035285715,0.023202674,0.004087932,0.2510624,0.0010241801,0.0032921983,0.37414372,0.0007479289,0.0434932,0.13611314,0.008047098,0.0028463972,0.8285316,0.006102642,0.017933551
1519,0.1313787,0.18335064,0.054222908,0.019922249,0.76601505,0.0656523,0.010016644,0.2508454,0.24300309,0.22542684,0.0101496,0.015482366,0.14863391,0.050595593,0.06330402,0.04502421,0.0034124411,0.19012313,0.09025649,0.023666857,0.099996,0.11373121,0.01676068,0.042996928
1521,0.048069075,0.012990093,0.0010737383,0.025307145,0.4766313,0.6455418,0.007087202,0.73177654,0.0035077792,0.0056172395,0.046426386,0.006251637,0.008968217,0.011067061,0.005011226,0.046162214,0.000554542,0.18893501,0.002900661,0.010574749,0.011428172,0.2967101,0.01661539,0.039290637
1524,0.00019192936,0.008885177,0.00086485536,0.00052486395,0.9234938,0.009564136,0.00021740196,0.3788543,0.18219198,0.013319418,0.0007136947,0.00032045043,0.0019064469,0.014972804,0.002449946,0.00040282417,1.6320886e-06,0.24644545,3.50862e-05,0.00035429094,0.04371737,0.0013161743,4.18954e-05,0.003610194
1525,0.42992666,0.07502599,0.0060105687,0.011745757,0.44013295,0.6655852,0.006534254,0.4218617,0.017056504,0.016514067,0.020188631,0.009375958,0.0686829,0.0048570097,0.0064093117,0.080420315,0.0016652389,0.04293675,0.0309068,0.013477554,0.008803462,0.66779596,0.014621544,0.034305964
1528,0.12986913,0.23777188,0.09432053,0.0009988316,0.93469,0.04371249,0.0028109245,0.029241025,0.31853515,0.1467789,0.0011660407,0.0020437487,0.51081216,0.011200623,0.026166396,0.04548289,0.00046122583,0.059506014,0.5332122,0.018580783,0.013733269,0.15477334,0.0013148844,0.010027053
1529,0.41494498,0.15529211,0.0041844943,0.007771711,0.06767204,0.57944226,0.00729879,0.50769436,0.006905355,0.008518769,0.026550494,0.019423908,0.11372156,0.0009969866,0.0009450715,0.18664041,0.0005030931,0.037396085,0.09439887,0.0040239803,0.0023802165,0.71748996,0.005790494,0.022943323
1531,0.0940101,0.06629284,0.0008965138,0.0013383006,0.36747694,0.1514779,0.0019555609,0.21505249,0.0070686396,0.0020129066,0.0055246046,0.0048465687,0.034376003,0.0006388456,0.0013413805,0.011007895,6.600007e-05,0.03838928,0.03306284,0.0022077037,0.0020205365,0.5373078,0.0036342975,0.3458032
1537,0.10647163,0.040083803,0.007774634,0.16565953,0.07249951,0.37113595,0.28343865,0.7884759,0.00653318,0.008902077,0.03188723,0.17299283,0.031093732,0.037440557,0.005044216,0.025909808,0.0021025725,0.035072945,0.015907684,0.013938706,0.026905665,0.2891442,0.12677942,0.093700305
1540,0.018247496,0.010472012,0.0012106455,0.0026991833,0.9428182,0.24022642,0.00019114312,0.22866035,0.022217095,0.011439033,0.0087460615,0.00072736776,0.003060309,0.011720059,0.032084752,0.018864766,7.927098e-05,0.37074775,0.00095664477,0.00404549,0.018295238,0.1133852,0.0010119944,0.007319701
1542,0.04216548,0.014013913,0.0023539416,0.006999621,0.58796465,0.71234643,0.005966326,0.5975842,0.013317262,0.009562953,0.02004218,0.0034636687,0.08286314,0.0058495062,0.0033634203,0.05884567,0.00063135265,0.034866977,0.0026905716,0.006276635,0.029870888,0.3069347,0.0025548383,0.02557424
1548,0.08312705,0.02722626,0.0068241,0.033522986,0.402856,0.2698731,0.05939539,0.7193296,0.032931235,0.015226513,0.015867611,0.015069789,0.050029673,0.030080784,0.006830579,0.046894174,0.0025483295,0.07345675,0.021092419,0.017995244,0.04080065,0.19695841,0.011037816,0.02783375
1549,0.9607064,0.045934413,0.00023645461,0.0013394152,0.14664814,0.98783946,0.00043117438,0.5506139,0.0011766724,0.00080280536,0.016110439,0.0016414116,0.008348748,0.00015121486,0.000111207126,0.05161318,8.792967e-05,0.007960549,0.0054925913,0.0009512442,0.0012682491,0.9392759,0.005875839,0.00737381
1552,0.4024697,0.33662,0.0022454283,4.4301732e-06,0.23598367,0.00785876,0.000108457505,0.0031780691,0.011404961,0.018549316,2.332525e-05,6.460668e-05,0.9666326,4.458748e-05,3.2471035e-05,0.01598536,1.1909189e-06,0.00039177298,0.8708859,0.00020759588,2.7401727e-05,0.3738592,2.0077645e-05,0.0006493572
1555,0.14650026,0.1850704,0.06311391,0.05409489,0.29184905,0.114878476,0.16504358,0.31268632,0.07582861,0.08451351,0.03380122,0.08027044,0.30114514,0.06396543,0.031631097,0.18983518,0.007537889,0.15398194,0.22440094,0.059828866,0.013602153,0.33455798,0.06999327,0.088869005
1556,0.20297605,0.30287904,0.04803112,0.018089997,0.7176515,0.40087512,0.015718633,0.27893135,0.19198692,0.04682029,0.031123282,0.019523222,0.042555004,0.02106952,0.051177036,0.14338347,0.004546198,0.19085813,0.06897783,0.028203664,0.02351708,0.31999752,0.015803928,0.05500412
1560,0.2225213,0.28593126,0.12986687,0.027194213,0.5047996,0.07289519,0.06281498,0.25183314,0.23475215,0.15013294,0.011416886,0.024334038,0.14858116,0.043258287,0.034929957,0.064588375,0.0054234876,0.08454139,0.29290012,0.036546275,0.05541374,0.18911555,0.01700953,0.04605901
1571,5.0792085e-05,0.0008221884,0.00027357554,0.025777843,0.03830862,0.007017574,0.04690882,0.9555054,0.0013124546,0.0042773713,0.0022173664,0.004119674,0.022641754,0.21849577,0.0011402282,0.01119709,1.41944365e-05,0.057069063,0.00023962882,0.001585744,0.0041690683,0.041073985,0.0006840527,0.0015140893
1577,0.047062308,0.12786213,0.0426398,0.0032045343,0.18828674,0.010593355,0.0069038444,0.110839434,0.053532716,0.2062643,0.0028001866,0.0075905127,0.8836761,0.0046147513,0.003931419,0.04042496,0.00026625744,0.01821084,0.44717783,0.009175447,0.005290205,0.23118335,0.0019428264,0.011208574
1581,0.19544622,0.027097119,0.00047175348,0.00068179367,0.22948892,0.40432125,0.0001566467,0.45203736,0.0021983802,0.012030441,0.0044627753,0.0009037908,0.26476508,0.00048256677,0.00031431002,0.025375932,2.5857144e-05,0.013294937,0.024417354,0.00089946913,0.00092005765,0.57734704,0.0010045489,0.005864338
1585,0.042003382,0.04516703,0.009262042,0.0037013502,0.42097595,0.07259959,0.0012011181,0.63029885,0.06255197,0.20355834,0.020553648,0.0038623088,0.1274797,0.007777823,0.013373607,0.1603524,0.0002816318,0.32218608,0.07159766,0.0064718393,0.0129567,0.54290724,0.0027000487,0.004776725
1588,0.018497245,0.0074556028,0.0016990731,0.019687073,0.1726917,0.024314187,0.015075489,0.90686756,0.014990832,0.0037887516,0.0031111431,0.013082076,0.00323967,0.00559355,0.0019777815,0.0009798513,0.00010041184,0.04511066,0.0011987946,0.0014978824,0.8245827,0.015751725,0.012184345,0.012209473
1589,0.041205835,0.20955667,0.025807923,0.004285702,0.8924519,0.03478225,0.010095099,0.20628287,0.14288393,0.01931972,0.0004973642,0.0029915546,0.014513029,0.009051211,0.014780096,0.0051607722,0.00019062225,0.119743586,0.034056522,0.004619075,0.009129851,0.02372489,0.007922738,0.010679034
1591,0.0007618967,0.0014209626,0.0002696493,0.00018482599,0.9943604,0.02526371,0.0005109269,0.09678164,0.027982665,0.0016222732,5.9912432e-05,1.7658547e-05,0.0011791954,0.0023028364,0.009101914,0.0022419055,3.5794853e-06,0.1635507,0.0013841168,0.00058232417,0.0020898955,0.011424149,2.056931e-05,0.00039772346
1604,0.087278895,0.0053414525,0.0004905014,0.00024121211,0.40657142,0.20978367,0.0007123092,0.04068617,0.0023814463,0.014370276,0.0021347548,0.0002738143,0.88572454,0.0005703173,0.00018059762,0.20122376,7.18397e-05,0.0019005826,0.14752375,0.002702744,0.000878126,0.8582711,0.00015847459,0.001737571
1605,0.27438375,0.25032157,0.04936889,0.10394696,0.35063782,0.15537128,0.07672135,0.66640615,0.06392964,0.02821169,0.02781025,0.13266362,0.012918058,0.04461855,0.037682142,0.019431852,0.0047921143,0.259083,0.04539822,0.021235708,0.07264512,0.1493296,0.15907273,0.15473165
1607,0.046846766,0.092403926,0.05801577,0.3472159,0.16057652,0.046234075,0.50689864,0.67577875,0.07155622,0.063660935,0.030045202,0.21789935,0.04434314,0.21919367,0.045745548,0.035375513,0.007864044,0.16184397,0.048431087,0.037906032,0.18368167,0.0777401,0.12139646,0.07065829
1619,0.23287472,0.5755671,0.13063222,0.013621558,0.43996963,0.01049952,0.020806774,0.13524796,0.26666898,0.23847416,0.0025725795,0.031059757,0.19342752,0.034900777,0.047036525,0.013927234,0.0013481119,0.15228961,0.31702915,0.015938563,0.018734636,0.06837672,0.02275683,0.054120943
1622,0.12882388,0.20912361,0.04200681,0.035624474,0.6740968,0.16764201,0.025026407,0.4582129,0.13511111,0.08897723,0.020046499,0.024289908,0.050600592,0.052103125,0.028534962,0.028412934,0.0033662173,0.10622978,0.029882248,0.02602669,0.080936104,0.099682,0.013025115,0.07029646
1625,0.19402349,0.28413376,0.0573587,0.08230888,0.24923089,0.114217825,0.07455918,0.8047092,0.08652636,0.06420057,0.023547847,0.13843769,0.026303032,0.059248682,0.03582136,0.020228757,0.0031660227,0.16846237,0.030737936,0.018817483,0.08398505,0.1430116,0.30130756,0.15247552
1627,0.35001773,0.017986938,0.0003825263,0.00065906264,0.08381344,0.88174987,0.0004556098,0.2777325,0.0008399439,0.003853736,0.019428141,0.0013438578,0.39002508,0.0001807232,0.0002077416,0.52814984,0.00013176,0.005197538,0.023044469,0.0017974268,0.0005847432,0.96267104,0.0024172831,0.0027033687
1628,2.1511476e-05,0.00013407668,2.9498495e-05,0.015600496,0.48614395,0.003003021,0.011442679,0.9209274,0.0028086717,0.0009143131,0.0013186823,0.00037125664,0.00016975324,0.03211015,0.00046549964,0.00023284307,1.3006097e-06,0.158012,2.9134188e-05,0.00037600024,0.021044921,0.0010208883,0.00082520716,0.00077059795
1629,0.029422149,0.036793016,0.009672221,0.0051207356,0.9801632,0.029401645,0.0053920043,0.10424556,0.12840638,0.082306154,0.0028523607,0.0015388167,0.023270683,0.020257115,0.074345246,0.0152620375,0.00042559678,0.33212146,0.02455513,0.008560139,0.029863242,0.024414808,0.002206745,0.011538882
1633,0.21154082,0.018283794,0.0021334002,0.00086286425,0.2355676,0.5282641,0.0006968019,0.15580076,0.0070932275,0.050425515,0.019686133,0.0005882218,0.78750175,0.0007718266,0.00075764814,0.14275022,0.00022403582,0.0077821966,0.032501746,0.0033979635,0.0019504016,0.8102781,0.0005476191,0.008979757
1635,0.29118687,0.7954124,0.09874132,0.014250136,0.3605727,0.012889075,0.00366608,0.3709484,0.27675128,0.29218906,0.0020345428,0.063760564,0.0102798855,0.014659377,0.027567048,0.0051215882,0.00023945914,0.2802922,0.028854769,0.00430698,0.019352097,0.040736966,0.1250757,0.07205717
1636,0.001866035,0.023625057,0.0149981985,0.13860793,0.34970915,0.005755549,0.40341422,0.28858358,0.022969125,0.05632662,0.0036562977,0.046796568,0.04688448,0.9148541,0.05517491,0.017256107,0.0007261487,0.1104902,0.006214077,0.01459906,0.01901767,0.012589032,0.01432212,0.011255143
1638,0.004974348,0.0042600404,0.0002531426,0.00092865963,0.8641794,0.10791644,0.00021009351,0.8195466,0.020854728,0.002624862,0.0008924408,0.00030779414,0.00042347415,0.0015771225,0.00075717794,0.0005224775,5.1973057e-06,0.048309054,0.00019106333,0.00021441843,0.035575617,0.012617002,0.0006755708,0.002351326
1639,0.032419715,0.022681952,0.003755835,0.03027008,0.92620015,0.2599317,0.027612787,0.3416247,0.042912673,0.012400312,0.009967512,0.0051478865,0.017726231,0.019409435,0.021026641,0.017009856,0.001153998,0.17045034,0.010446842,0.01083576,0.07432895,0.046299145,0.0027763231,0.022267163
1640,0.2532673,0.57133436,0.11666028,0.037776023,0.31673777,0.042985126,0.026168287,0.2609527,0.1875445,0.20278206,0.00749065,0.049465,0.10747434,0.04487367,0.023207301,0.020743104,0.001716582,0.094704345,0.13653253,0.024493475,0.025348514,0.10165683,0.035522766,0.091830246
1645,0.5692364,0.15238452,0.015152722,0.013311619,0.31577888,0.35954186,0.013490677,0.36316162,0.027900685,0.023478638,0.026201755,0.030351395,0.18316567,0.0072385734,0.005902602,0.056284618,0.0028959205,0.06422202,0.102362834,0.018336635,0.035111018,0.55599743,0.040766783,0.07351706
1646,0.025501987,0.110505566,0.023576079,0.04078251,0.21297775,0.065992236,0.024629084,0.54581505,0.05464351,0.14222683,0.028612427,0.050517216,0.17873943,0.07834974,0.03276065,0.12679689,0.002350768,0.23604879,0.017039629,0.03487752,0.011533254,0.27077958,0.037324663,0.05720268
1648,0.29741347,0.15290573,0.0045323516,0.0050824643,0.33126453,0.24285232,0.0059968387,0.31580555,0.011786615,0.011661917,0.006066719,0.007226761,0.036158863,0.028148595,0.014738076,0.010222044,0.00030478789,0.13135298,0.008713155,0.003819923,0.006364695,0.14069976,0.00917211,0.1500339
1651,0.87965745,0.056310136,0.000721708,0.001004627,0.31222862,0.9353433,0.00020340504,0.34099472,0.004355747,0.0025650875,0.022261987,0.0020251886,0.06885304,0.0002444588,0.00088711106,0.040508695,0.00021896343,0.014880233,0.010805693,0.001384565,0.004798796,0.9139898,0.0030570829,0.030652713
1653,0.32878554,0.24650308,0.07451384,0.007316517,0.46284482,0.29740533,0.008682003,0.2673649,0.21477364,0.35520285,0.023910422,0.01659594,0.5198886,0.013544343,0.020435208,0.23678255,0.004268056,0.058985833,0.29405135,0.032254897,0.03599965,0.66063774,0.010013377,0.029100375
1663,0.21772175,0.36719415,0.059716105,0.03177675,0.2635824,0.045285657,0.09453041,0.22018114,0.08189234,0.080891214,0.0050815083,0.054259714,0.13274442,0.04692906,0.015461797,0.022933235,0.001766024,0.072309315,0.13120823,0.016919529,0.014269822,0.120266095,0.017048623,0.0717658
1664,0.008575884,0.037256952,0.010905859,0.011025159,0.75964504,0.02443964,0.0176845,0.5426209,0.058196824,0.03371924,0.0036964354,0.00612398,0.0096539,0.019172488,0.0077407705,0.01040612,0.00023273032,0.13682133,0.0086261965,0.0077911457,0.038878627,0.039574143,0.0030959048,0.018688587
1667,0.013546765,0.05130269,0.00235192,0.018469265,0.21604593,0.009015481,0.00081978826,0.8616714,0.0101277055,0.01681843,0.009337099,0.057083935,0.0022166532,0.010924649,0.023137877,0.0021658868,2.888457e-05,0.8351355,0.0014956113,0.0013636701,0.006993648,0.03646601,0.27943093,0.030999942
1668,0.01411188,0.010242549,0.0012426856,0.0011853267,0.97623354,0.10808461,0.00088487315,0.12881865,0.023794247,0.009828273,0.0029271068,0.0004887459,0.069504105,0.013259767,0.013358704,0.010232528,0.00012484465,0.30629727,0.007889263,0.00408674,0.0051146443,0.06380325,0.0008447079,0.005509561
1673,0.08990461,0.06796915,0.020513615,0.058439713,0.7745377,0.05499291,0.024658242,0.37436146,0.04412668,0.0514071,0.016678212,0.03327948,0.011262421,0.020334233,0.051753268,0.039924774,0.001978673,0.50655663,0.04895093,0.013612419,0.04056988,0.101930805,0.16740842,0.036683515
1674,0.0009879811,0.0021935657,0.0002743817,0.007856803,0.7803232,0.43955028,0.010104887,0.5696131,0.006554918,0.0032967671,0.017712275,0.0011649821,0.0075190384,0.020554593,0.00228362,0.06285535,9.950783e-05,0.068858065,0.0009972844,0.003196909,0.009780274,0.10861759,0.00047321897,0.0017093216
1678,0.06230853,0.044315543,0.0061160587,0.04639368,0.65537757,0.6740973,0.02931829,0.61704016,0.021749433,0.02064403,0.11037696,0.016974825,0.016865632,0.03293825,0.026407216,0.14512117,0.0032604623,0.33479303,0.006801817,0.020642389,0.04366935,0.22921793,0.036491334,0.032625034
1679,0.4343095,0.10453359,0.01297954,0.011154834,0.4352793,0.6266991,0.0066192513,0.3494866,0.03397693,0.033686273,0.055727147,0.01741627,0.1556089,0.007860615,0.007037239,0.18709368,0.004542007,0.04979275,0.049382966,0.027063567,0.019180361,0.74760103,0.025446929,0.059388094
1682,0.09843764,0.59133744,0.33933815,0.00072547514,0.6466874,0.008742066,0.0011316376,0.02851853,0.6595571,0.6701557,0.0006353609,0.0032966605,0.5086578,0.016661743,0.055666342,0.038045257,0.00010738755,0.045944486,0.17925465,0.015348296,0.002784336,0.098354705,0.003170658,0.007820561
1685,0.064133584,0.16661754,0.029748026,0.06151746,0.39993724,0.08566011,0.087985955,0.51648915,0.059309084,0.07128739,0.012948141,0.05749648,0.028606521,0.064089976,0.035039935,0.02896533,0.0018827514,0.31181708,0.023070203,0.018863805,0.020109039,0.101158276,0.036770936,0.04456505
1686,0.16256636,0.7156228,0.2271464,0.002466022,0.79432243,0.0029790436,0.011112651,0.03767292,0.52437997,0.13914368,0.0001671039,0.009918657,0.050247245,0.0112405745,0.017804645,0.0031636865,0.00016402524,0.046792373,0.27987793,0.0045975232,0.014429342,0.012515963,0.0041619046,0.011797585
1687,0.08822067,0.29136956,0.102795094,0.010429746,0.79466844,0.05171087,0.008870332,0.20802073,0.350422,0.20529932,0.005643426,0.00911927,0.1082837,0.09826495,0.04548536,0.017307285,0.0012977795,0.13199718,0.053323794,0.024075173,0.039136313,0.062356118,0.0071463343,0.04815971
1689,0.5848171,0.46462974,0.08473523,0.062420163,0.29307026,0.065220505,0.03364201,0.52148354,0.08691288,0.048290923,0.010571507,0.11325913,0.013954345,0.01911496,0.022601092,0.009122688,0.0027670206,0.10453279,0.16604924,0.012165918,0.07261191,0.15132087,0.26254818,0.13779087
1693,0.050797135,0.13660228,0.009204124,0.02479586,0.41409984,0.031404123,0.011430984,0.6953995,0.037136108,0.024168378,0.009686967,0.013043459,0.006421108,0.029570965,0.022642612,0.023892116,0.0004486724,0.4249593,0.021513235,0.00822551,0.01629455,0.13994126,0.01401873,0.028295025
1697,0.9447798,0.8697605,0.020862471,0.0011713242,0.06486493,0.10769191,0.0004375648,0.14550807,0.033465706,0.18324105,0.0023006198,0.012712512,0.038866438,0.000708309,0.0018710768,0.015809232,6.776101e-05,0.015905965,0.13445552,0.001558887,0.0013596999,0.4921954,0.020191303,0.042535216
1704,0.0027520768,0.003251695,1.3703422e-05,0.00023096056,0.2626138,0.22772947,0.00030383051,0.56766325,0.000118350086,0.00014052284,0.0016519426,0.00066557864,0.006613064,6.0926996e-05,3.1576743e-05,0.077967174,8.7166495e-07,0.02460173,0.004078539,0.00012669776,4.9016595e-05,0.8186176,0.00079061673,0.0023094686
1707,0.25067487,0.32915226,0.06680538,0.007854797,0.30778763,0.042380672,0.0031173131,0.24437484,0.23059492,0.55347294,0.013097734,0.014508835,0.5529976,0.015911872,0.028399281,0.09692756,0.0014245735,0.18919294,0.11424535,0.020418705,0.023763875,0.2951869,0.007396192,0.036939792
1708,0.071533866,0.0236985,0.00414775,0.07518375,0.3887855,0.81886727,0.09695648,0.70072377,0.007367189,0.007049028,0.082908325,0.032404155,0.018803881,0.023335362,0.006867182,0.09874485,0.0029055236,0.058253795,0.010298197,0.011978603,0.039860804,0.37237313,0.02610115,0.032853313
1709,0.010204695,0.04037946,0.011883827,0.008934559,0.49006072,0.009910451,0.0072854827,0.5198393,0.09165664,0.07150415,0.0038447315,0.0038943659,0.09268505,0.02396024,0.009132322,0.021860255,0.00030674977,0.14239033,0.024250584,0.00987014,0.029785123,0.04914861,0.00407661,0.008843504
1712,0.00041135054,0.004853222,0.0009431321,0.018696332,0.6978278,0.03357365,0.00722982,0.8871484,0.02055497,0.00890373,0.0050042695,0.001982281,0.0006333446,0.27387533,0.009177523,0.004359951,3.411989e-05,0.21201663,4.927445e-05,0.0014221654,0.013975422,0.01022027,0.0009704354,0.007547677
1715,0.8649838,0.9287594,0.034174424,0.00076064636,0.37554273,0.026250519,8.847133e-05,0.10059419,0.1392676,0.07839586,0.00025305143,0.006547246,0.020634646,0.00092367164,0.0063206865,0.0018266924,1.9708214e-05,0.06303288,0.07040263,0.0011576291,0.0010593169,0.23952255,0.015772661,0.035813488
1724,0.26178432,0.028061742,0.001864737,0.0012233526,0.48595583,0.66053784,0.00072751753,0.26640812,0.009925425,0.036590625,0.02089965,0.0014033769,0.20428559,0.001128598,0.0016087005,0.2990615,0.00045779115,0.022174029,0.042967275,0.005479534,0.004478664,0.8587791,0.0013815764,0.008740259
1727,0.27052101,0.18781777,0.035412926,0.012913493,0.7333049,0.50645274,0.009200919,0.21433848,0.12165446,0.05741387,0.024329454,0.009265492,0.05120423,0.030689683,0.059202097,0.13173947,0.0027144935,0.21701466,0.05847847,0.025621502,0.016624667,0.3880346,0.011694653,0.044592705
1733,0.06982092,0.0027520442,0.0006316633,0.0014381779,0.39813378,0.7892833,0.0013932753,0.1408568,0.0018421193,0.005857262,0.024878185,0.0005412014,0.75332516,0.0005296839,0.0006202243,0.29549095,0.00028139,0.010029713,0.06670532,0.0054561608,0.0016464913,0.88637036,0.0004981302,0.003151773
1734,0.29016593,0.17732199,0.050570663,0.04930404,0.55562854,0.34068736,0.07710265,0.369746,0.07532108,0.034603063,0.044649936,0.045783564,0.12528594,0.038058303,0.03514257,0.123814,0.011482348,0.09089171,0.20595159,0.047338627,0.052431904,0.51283264,0.05175728,0.09274874
1735,0.12267009,0.1100728,0.028656187,0.06303991,0.25226083,0.20384622,0.07828773,0.4281718,0.04190237,0.075469255,0.043373566,0.07084712,0.32041815,0.042249717,0.01700273,0.22457162,0.0065381457,0.11449292,0.1476323,0.047862887,0.017523935,0.56475997,0.06119985,0.05250376
1742,0.13190223,0.5111526,0.24460986,0.07368804,0.4589522,0.069297396,0.046137437,0.5099786,0.57015896,0.4237941,0.024641687,0.088076405,0.08958789,0.12773444,0.18672228,0.055127367,0.008175137,0.35637268,0.06886787,0.050512303,0.12753423,0.10386473,0.04886324,0.17273284
1749,0.020053497,0.052253187,0.008930781,0.069479994,0.18734328,0.046606123,0.1578192,0.8649552,0.025932876,0.029261544,0.0066820337,0.047993787,0.010021952,0.08395427,0.0069944663,0.01680623,0.00047688058,0.08974833,0.0047756736,0.0080574695,0.018372277,0.051519636,0.023195501,0.017877389
1750,0.00062089256,0.0055289897,0.0056781867,0.32204732,0.24841647,0.002558693,0.96559525,0.23654492,0.005872286,0.005395486,0.0005783447,0.068078175,0.0015611189,0.69395065,0.0124650225,0.0021898523,0.00017790282,0.06302004,0.0023807222,0.0027981356,0.012387161,0.0025506457,0.013161385,0.0029937283
1751,0.10659749,0.13292652,0.04692112,0.1799711,0.41598016,0.12956546,0.09625101,0.48016807,0.092083886,0.13727383,0.058643773,0.07821542,0.08852354,0.20019488,0.08221088,0.086522,0.010530806,0.35218528,0.05389583,0.061952908,0.056399494,0.22105736,0.043035567,0.090278625
1753,0.11860041,0.32783392,0.16500278,0.0072211865,0.71332777,0.029836051,0.011754157,0.12841575,0.49121284,0.41747183,0.0064244363,0.0072989315,0.17190564,0.056340095,0.074844405,0.044668123,0.0016353349,0.08526723,0.07973863,0.024600573,0.04564438,0.17051603,0.006598739,0.05125943
1757,0.17806475,0.04091075,0.011818327,0.004079517,0.6866843,0.16651095,0.011312251,0.0834479,0.050424833,0.03773333,0.0072653326,0.004977455,0.72112334,0.008895903,0.0059556034,0.08516737,0.0019156957,0.025554596,0.24923316,0.012998796,0.015720375,0.35933295,0.0044127856,0.019008137
1759,0.12860371,0.71791935,0.3792254,0.004471985,0.87515455,0.012421703,0.0038790705,0.037106287,0.81495893,0.7220497,0.0021238036,0.020404147,0.11208828,0.0690235,0.17895739,0.029931223,0.0007210975,0.22388107,0.10038498,0.019049548,0.014361808,0.029008755,0.008985296,0.025034416
1761,0.0066938964,0.0013971599,3.57773e-05,0.018410342,0.45910105,0.2544227,0.0015721163,0.9665764,0.0001948501,0.00010169673,0.002183489,0.0032717367,5.830489e-05,0.013255344,0.001418426,0.000573437,1.086257e-05,0.30493352,0.00010196493,0.00038452662,0.0025674468,0.034248024,0.010961422,0.003959324
1762,0.003091201,0.0016426388,5.804714e-05,0.0025870206,0.36773825,0.38205075,0.0007755798,0.6788707,0.00047840533,0.003561275,0.008375287,0.00044502746,0.011536473,0.0056305537,0.0005753757,0.44472066,1.0443977e-05,0.111135654,0.00063540804,0.0010823992,5.19265e-05,0.77835006,0.00057478726,0.0014042017
1763,0.0056812405,0.35223588,0.008388207,0.0010353398,0.37836486,0.0067234184,0.0011618503,0.49566072,0.12563264,0.10200358,0.0010311415,0.0036957578,0.18200476,0.004111268,0.0032226741,0.060655825,1.4882003e-05,0.23039529,0.014139386,0.001178301,0.0007704683,0.12555996,0.0022791512,0.0050620707
1771,0.49516565,0.2402642,0.039937645,0.032294504,0.73369646,0.5072247,0.044687826,0.19293153,0.08785877,0.052855946,0.026593888,0.028204072,0.06783532,0.021507286,0.03752947,0.09288085,0.006603123,0.121393636,0.095411256,0.028341789,0.031093223,0.39726424,0.03321472,0.06500966
1772,0.032783955,0.034020234,0.027428847,0.121314235,0.33307645,0.05266681,0.71668416,0.28878275,0.017059967,0.014514938,0.007281098,0.0676091,0.06319147,0.09688707,0.019721434,0.039765257,0.0032451425,0.047541708,0.07069051,0.022307903,0.01643153,0.14707242,0.031281732,0.022764642
1774,0.10050289,0.10424066,0.08392173,0.14093004,0.45763585,0.317507,0.2515757,0.4646661,0.1510148,0.13763478,0.11941499,0.107473806,0.26559284,0.19369784,0.09001796,0.24135318,0.04243123,0.20016196,0.121551216,0.13878833,0.18713893,0.25428766,0.06347227,0.13365561
1778,0.040266123,0.18228202,0.08736006,0.06100947,0.62430793,0.017941568,0.015580874,0.5803691,0.43753773,0.28042445,0.023129245,0.052401163,0.0114702955,0.156354,0.1761778,0.03253554,0.0032869717,0.6757643,0.031133235,0.031167801,0.28191423,0.031235095,0.034766484,0.053845808
1787,0.28314918,0.058294065,0.0014400898,0.01987281,0.442105,0.849899,0.0028820923,0.83527994,0.0059829247,0.004339014,0.08402321,0.025117142,0.010596324,0.005510954,0.0046650404,0.035533756,0.0006868224,0.10743028,0.006278554,0.005957843,0.012091389,0.590054,0.03763997,0.07760322
1792,0.06269901,0.6066895,0.2433123,0.0061226333,0.58035505,0.0068435343,0.0030629332,0.1160738,0.6192447,0.5506383,0.000679452,0.011497177,0.1141607,0.04661965,0.080773816,0.00989756,0.00022510492,0.09054939,0.038251814,0.012457089,0.014663993,0.037573263,0.006075538,0.050962374
1796,0.108927526,0.021914892,0.0055220462,0.010262073,0.41846907,0.40114927,0.011649377,0.2703616,0.0136045525,0.027585568,0.021837652,0.0054715103,0.41520774,0.010183934,0.0067622587,0.18165676,0.0016435884,0.05907326,0.051994756,0.021741545,0.005823722,0.6009872,0.005805435,0.01917476
1798,0.24018024,0.004621268,0.00016262848,0.003945184,0.33955252,0.9241506,0.012127759,0.52847695,0.00035966194,0.00010747513,0.005194521,0.0027894394,0.004048045,0.00062962,0.00031699432,0.02312123,0.00010495161,0.008164724,0.002458233,0.0007417399,0.0027978616,0.56546795,0.0016775705,0.015111072
1800,0.071601026,0.017204227,0.0018818008,0.0025482632,0.4162768,0.3061221,0.0015862527,0.7838361,0.013923947,0.009880303,0.003808418,0.0010038352,0.009849875,0.0016158627,0.0011800139,0.020783545,7.1238275e-05,0.034822404,0.0044443333,0.0010772747,0.008270495,0.20740674,0.0015241696,0.0075553465
1802,0.00876618,0.050225787,0.011071252,0.0061572073,0.07908508,0.008954662,0.0054492904,0.3216757,0.025838766,0.14410582,0.006233377,0.0052131754,0.96393263,0.019176716,0.002562283,0.1740411,0.00018452894,0.03697606,0.09211797,0.0149722975,0.002245223,0.4964154,0.0008892476,0.011616427
1804,0.4585721,0.15771984,0.0014687687,0.011704897,0.16011561,0.031363502,0.0005973262,0.80522823,0.0008851653,0.0026517517,0.0019469553,0.19999006,0.00049146084,0.00020030832,0.0012106668,0.005464789,2.3778826e-05,0.08980158,0.022181341,0.00048477674,0.0010893807,0.574325,0.8604579,0.027067868
1809,0.08696366,0.02525937,0.0065370128,0.018654581,0.2534767,0.46243787,0.014980437,0.46869582,0.009246334,0.021372158,0.06913373,0.015274018,0.43334624,0.014719573,0.0066462983,0.45772693,0.0021245778,0.053745188,0.14527199,0.02371378,0.0070780967,0.846043,0.012148057,0.013527113
1810,0.15018927,0.68684363,0.43206105,0.016526967,0.8253165,0.010044106,0.041476056,0.09317478,0.7054316,0.32966188,0.001171857,0.026419468,0.044163376,0.05653974,0.08904064,0.007397592,0.0011891309,0.12242016,0.15956031,0.020490667,0.03252177,0.020760853,0.010540509,0.030624207
1815,0.0007004541,0.00071666396,0.00013272351,0.0037105763,0.90906805,0.02512942,0.0034229152,0.54823554,0.0010570597,0.0022535063,0.0016767865,0.00043450043,0.010010797,0.018498758,0.004818948,0.018406196,3.6162204e-05,0.6556219,0.0028677043,0.004133738,0.0008743314,0.03971353,0.0010751018,0.0010092782
1816,0.0007777317,0.006406779,0.00044865313,0.009797001,0.6808344,0.0018697513,0.00047287988,0.9109654,0.009318182,0.008016262,0.0009126511,0.0043522785,0.00016946375,0.01660413,0.012768405,0.0011485217,6.958851e-06,0.91206884,0.0016485557,0.00060318,0.0041003963,0.0067019667,0.009100319,0.0015468547
1819,0.2278368,0.18441103,0.007760624,0.01725503,0.34621772,0.27389875,0.023514327,0.32841069,0.013534262,0.013244347,0.0065801954,0.02678415,0.06762601,0.007704147,0.0070888055,0.020832635,0.000787717,0.05421282,0.06325097,0.007540212,0.006743459,0.33436176,0.050185017,0.04609866
1823,0.026813256,0.045093164,0.028334266,0.098299265,0.47570524,0.061569866,0.09406597,0.6264107,0.06163626,0.05893621,0.02717279,0.033537146,0.057750765,0.09789782,0.04168923,0.050895695,0.0044988813,0.34241855,0.034042336,0.04204258,0.05567562,0.09335712,0.030977232,0.03009374
1826,0.3374856,0.087994985,0.0030256193,0.0020537649,0.90165544,0.88772786,0.0004463681,0.11504426,0.018312033,0.0071109612,0.01880575,0.00076606974,0.01045859,0.0018845919,0.007367513,0.13270292,0.00033056314,0.09522012,0.0051775686,0.0063739717,0.0025720508,0.6239587,0.003256691,0.016499978
1827,0.32241073,0.26450244,0.08393999,0.06896908,0.5244154,0.27080712,0.045211345,0.3271057,0.1855651,0.18898457,0.047967006,0.080273435,0.10110875,0.08191362,0.09314204,0.039786734,0.010962977,0.2031686,0.026400859,0.05641409,0.14600636,0.14921796,0.055966448,0.2885826
1828,0.0025849068,0.01802918,0.0023934084,0.029844327,0.30825797,0.013937526,0.0054894798,0.9653493,0.06603868,0.007073671,0.0030105382,0.012905898,0.0010320864,0.023271585,0.0029686394,0.0018567428,4.4389693e-05,0.27452445,0.0005918304,0.0018427217,0.08963521,0.011827932,0.02786799,0.00970838
1829,0.26667243,0.050392658,0.0074757147,0.015360834,0.6023133,0.8349469,0.008246746,0.40075845,0.041621573,0.024394259,0.05578121,0.010640176,0.06123794,0.0053126463,0.009319531,0.08889206,0.0021344046,0.059554685,0.008343148,0.015819238,0.04043498,0.3883772,0.013634963,0.058505725
1838,0.009752366,0.051502697,0.009814854,0.0069376454,0.24009684,0.009408766,0.0030691673,0.7211995,0.09593921,0.10201683,0.0072411606,0.0053346744,0.25377864,0.03152062,0.016658422,0.050927375,0.00020686636,0.33429646,0.011938753,0.005900476,0.010007035,0.16888908,0.004781406,0.012709998
1841,0.18307601,0.07377255,0.0021656444,0.0050981594,0.6412133,0.8295022,0.0039852858,0.57074213,0.007765756,0.0049195644,0.042940967,0.00498705,0.007524869,0.0055867713,0.008343425,0.20696075,0.00095415564,0.06538144,0.0045666555,0.00607392,0.01042429,0.7771967,0.0067369854,0.03828786
1842,0.3596877,0.120842636,0.0141762635,0.0090051005,0.73498124,0.56716436,0.003808854,0.29174548,0.045498572,0.041002806,0.038975317,0.00974431,0.1466286,0.013230377,0.031465467,0.11905308,0.003122691,0.25307178,0.08560617,0.022583429,0.017179873,0.5973524,0.021479212,0.030974224
1843,0.12439547,0.09145704,0.006524774,0.0042047626,0.63662857,0.124359444,0.0023506854,0.26409233,0.017373528,0.03355099,0.009515377,0.0056736064,0.25969866,0.009915168,0.010722218,0.09337135,0.00067313766,0.15546954,0.10786611,0.013300968,0.003306098,0.4869785,0.009547438,0.023770994
1846,3.6355457e-05,9.079998e-05,4.489586e-06,0.0013756674,0.17922084,0.010425145,0.00050824805,0.9611207,0.00015366332,0.0002378504,0.00014852177,5.1344286e-05,0.009813069,0.0054439097,7.6580334e-05,0.0016909528,2.6098866e-07,0.026465103,1.4215542e-05,0.00011828432,0.00023102644,0.033751614,2.8464658e-05,0.00033586737
1847,0.0063592275,0.00949784,0.0006584433,0.016107235,0.6833331,0.16741493,0.0023481234,0.8902581,0.011566777,0.006254709,0.0126443645,0.0029458408,0.0013636916,0.016362835,0.0076869605,0.004705468,7.3954776e-05,0.2969733,0.0007844667,0.0019203925,0.035791393,0.026355157,0.010483685,0.006969294
1852,0.15252681,0.019202225,0.00095257704,0.0027501865,0.3256176,0.9732252,0.0032638607,0.11407704,0.0037569732,0.011615507,0.05050209,0.0013340979,0.27575776,0.0016929253,0.0013295006,0.70102346,0.00053153856,0.017915666,0.010074406,0.0060684704,0.0016773567,0.8689636,0.0014161068,0.003279943
1853,0.04001133,0.00872768,0.0018504049,0.011365138,0.8088829,0.3936406,0.07603088,0.4171608,0.0068692435,0.0018731796,0.0052333386,0.0033309238,0.020165198,0.006094988,0.0050197495,0.025254846,0.0006461692,0.04699476,0.01948188,0.007524464,0.010892211,0.20414434,0.0032272832,0.008244128
1854,0.011010013,0.029834604,0.0014387682,0.00072491984,0.070247166,0.012679528,0.0009482255,0.48823217,0.0057809846,0.05024274,0.00096070935,0.0009906315,0.7199061,0.0015052052,0.00032064263,0.061425593,1.0337266e-05,0.022158818,0.0255487,0.001770051,0.00018480237,0.52331614,0.0009603648,0.0018920394
1856,0.08547969,0.060964957,0.009034206,0.016890056,0.44014245,0.1195354,0.013854178,0.61708,0.02580314,0.024292858,0.014606394,0.013350844,0.07217513,0.021767084,0.012967279,0.100762315,0.0012806491,0.1507583,0.053050227,0.017262567,0.010795036,0.38152885,0.021499647,0.024215948
1863,0.054457873,0.13427466,0.060713977,0.048600912,0.8314426,0.08361205,0.025652213,0.515201,0.25470093,0.11621449,0.016677445,0.02528561,0.032042235,0.11893902,0.12220062,0.037791748,0.0056662317,0.4287966,0.038511794,0.041911613,0.161355,0.05210549,0.023725992,0.037845954
1865,0.039744966,0.00037531104,3.358148e-05,0.00058746344,0.88609594,0.9199986,0.005520786,0.1342206,0.00025003674,0.0002966133,0.0009117681,7.468637e-05,0.038381286,0.00046883145,8.122897e-05,0.054069176,1.6054122e-05,0.008284292,0.001518388,0.0004896582,0.00017545407,0.50896394,7.7425946e-05,0.00033117636
1868,0.024130894,0.28751928,0.13252254,0.021389775,0.8056219,0.07241703,0.010640251,0.38804132,0.5163037,0.3328334,0.0063747056,0.020460041,0.09080463,0.09622611,0.054679167,0.03226386,0.0015856653,0.15493356,0.016870378,0.030053563,0.0926548,0.051561963,0.011076417,0.03923031
1875,0.039782017,0.07090725,0.045979053,0.08311322,0.77058184,0.10447962,0.10992125,0.47888142,0.12511934,0.070791654,0.02484617,0.04307527,0.059962794,0.124245636,0.074331366,0.04074974,0.007485497,0.32690713,0.05351391,0.058621176,0.099258095,0.088982165,0.038177982,0.04827107
1878,0.0013255267,0.0035058998,0.00043024562,0.001203627,0.96857554,0.03633545,0.0006904671,0.31718925,0.01846882,0.011004252,0.0015840869,0.00016698937,0.012634325,0.0074607003,0.005107145,0.05391336,2.665579e-05,0.17683144,0.0033988466,0.0024819605,0.001201347,0.15554069,0.00020705601,0.00046843014
1884,0.04314744,0.044821933,0.022044197,0.01171679,0.409268,0.046318054,0.021955105,0.24828704,0.07143432,0.13262057,0.008874009,0.007937566,0.8159408,0.029447956,0.009050447,0.18935981,0.0016867105,0.07994836,0.27052534,0.025712635,0.008572649,0.29552725,0.004310834,0.008453006
1887,0.20447163,0.23580039,0.1004763,0.012604185,0.89277494,0.18041413,0.037828065,0.04499041,0.3322191,0.1546938,0.007630163,0.014157977,0.19378552,0.04082397,0.059538968,0.109408975,0.0060806973,0.09569251,0.2114967,0.038398765,0.036695197,0.12084192,0.007713853,0.033834755
1895,0.22246681,0.04296582,0.0038018206,0.010879829,0.22476186,0.8316587,0.008128313,0.6987909,0.009615644,0.016786763,0.09594635,0.012754508,0.09651314,0.005886611,0.0037587385,0.25462493,0.0018468582,0.027331172,0.014300755,0.011958935,0.018914524,0.84277314,0.01717212,0.03344238
1898,0.108137965,0.0714115,0.052869063,0.07689424,0.5242945,0.20855977,0.25289014,0.24327408,0.09709081,0.1053267,0.035953466,0.052312564,0.24545448,0.0892962,0.04491478,0.13223279,0.013164303,0.16016908,0.10566321,0.058824163,0.05849921,0.23501846,0.026636891,0.06436242
1899,0.00038990093,0.0007761928,0.0004901045,0.020973459,0.64429015,0.013294387,0.024510788,0.8216993,0.013069431,0.007322321,0.0012746176,0.0010842589,0.0012634607,0.49916118,0.0071153757,0.0017942626,2.2538376e-05,0.22551122,4.4686534e-05,0.001000065,0.0216616,0.004406411,0.00055801054,0.0045744176
1900,0.10715647,0.010410663,0.0021526865,0.0060302466,0.3815132,0.8207199,0.0034435436,0.39645678,0.0072887666,0.023938397,0.035825744,0.0021855005,0.621434,0.0049655237,0.0026430027,0.27314413,0.0009643377,0.029690836,0.020607462,0.010033009,0.0047053564,0.84498274,0.002240157,0.009195505
1906,0.007920724,0.023725139,0.009420893,0.0606625,0.6253034,0.047581647,0.014834296,0.7554716,0.05417947,0.05526763,0.029135173,0.02363292,0.01648475,0.53861463,0.11407042,0.023803545,0.0015610697,0.5969985,0.0037960873,0.023398323,0.067858346,0.05222904,0.01858892,0.034405626
1908,0.009988909,0.010062268,0.0035091864,0.014521794,0.9353083,0.06180376,0.0050964975,0.4326729,0.048163068,0.04976577,0.0064688968,0.0022411633,0.02112266,0.07445349,0.023608059,0.011679017,0.00036223888,0.38775328,0.0079021305,0.011083173,0.046255708,0.02835104,0.0017149516,0.0059365793
1913,0.016353423,0.1750884,0.009101952,0.00079656445,0.08658886,0.0054878374,0.00070755737,0.30816922,0.046559215,0.14010209,0.001338395,0.0029071416,0.9591787,0.004389082,0.0011077641,0.05106451,4.1985473e-05,0.008797717,0.07257548,0.0044112504,0.0016922741,0.31316784,0.00087603007,0.0058987984
1917,0.0042874017,0.022033324,0.037981823,0.078060515,0.31271702,0.012170772,0.9299764,0.08351308,0.025307992,0.023305174,0.0018917172,0.029785944,0.08772561,0.28921276,0.014679447,0.011085869,0.0009650606,0.029329276,0.016794391,0.009680794,0.011404951,0.017742146,0.005154706,0.011650585
1925,0.03721673,0.045601185,0.027332485,0.21623251,0.37891185,0.15451866,0.74723756,0.34601787,0.026439585,0.018180931,0.01599314,0.13709171,0.0369871,0.096701555,0.023166094,0.025063511,0.0058894497,0.064336896,0.027640926,0.02888708,0.042722784,0.092612416,0.04587087,0.07051773
1927,0.00051574863,0.00058596785,0.0011553515,0.10783613,0.2508371,0.004718376,0.98468536,0.11153636,0.0009994773,0.0024808557,0.00047146148,0.019404635,0.0103618195,0.26219627,0.0024017238,0.003228147,7.274354e-05,0.017013354,0.0022701444,0.0020702248,0.00583845,0.0063231816,0.001370557,0.0013808424
1929,0.23497166,0.0486963,0.0068063545,0.0059797154,0.31422392,0.41391093,0.0025808443,0.3833467,0.015084887,0.03948404,0.04099153,0.007238635,0.44031763,0.0064231064,0.007192154,0.38765976,0.0021132373,0.053563222,0.07017253,0.019800175,0.0077488795,0.84236383,0.009078437,0.031691644
1930,0.025714051,0.020622123,0.0046723904,0.01016027,0.55655,0.33309093,0.0052035972,0.49523932,0.037857525,0.05754014,0.07712023,0.0045902194,0.2581519,0.02418923,0.016934229,0.2007583,0.0013037784,0.16987535,0.036736786,0.023705397,0.03673116,0.5029151,0.009366654,0.031212535
1931,0.041724656,0.0067055137,7.761512e-05,0.0006023142,0.20101506,0.9408171,0.0001889693,0.28120407,0.0010350829,0.007944902,0.032457624,0.0005100687,0.050099343,0.00039655683,0.00022335097,0.5278504,2.502129e-05,0.012685453,0.00048246994,0.0019480176,0.00018172541,0.8939538,0.0007459441,0.0058374424
1932,2.3973435e-05,1.2958877e-05,1.3370744e-06,0.00018829768,0.9855761,0.0043898113,6.229096e-05,0.878247,0.00026919512,8.174399e-05,3.486453e-05,3.0081142e-06,0.00018647985,0.0007469122,5.546364e-05,0.00020322979,7.6056416e-08,0.3123692,6.743451e-05,5.283818e-05,0.000336085,0.003291995,1.8650127e-05,1.318394e-05
1933,0.38802665,0.3166183,0.011252942,0.029490475,0.13329497,0.029206948,0.0019014748,0.8252351,0.008954286,0.00948505,0.008567413,0.22263283,0.004004644,0.0016278612,0.014081119,0.008861286,0.00017350492,0.3075082,0.054129917,0.0029332892,0.004325573,0.4468486,0.84269625,0.0858263
1936,0.05004389,0.08988806,0.037841097,0.05190263,0.71371293,0.17056492,0.05269565,0.52132595,0.13712208,0.08722345,0.03674278,0.026924614,0.10755587,0.09378503,0.055685483,0.042118367,0.006776025,0.23997906,0.026421433,0.039687656,0.13010514,0.110169575,0.01723095,0.13546413
1938,0.14194304,0.049973935,0.015073804,0.04384531,0.4544635,0.48750985,0.04742419,0.294849,0.016707836,0.022280656,0.047463495,0.03381872,0.14543734,0.050348032,0.02753594,0.21474032,0.0056859534,0.074284315,0.04784999,0.04291001,0.015744293,0.56542516,0.037191574,0.042537358
1939,0.43133476,0.10770436,0.00095972506,0.0036524814,0.060011923,0.16536476,0.0012813489,0.44773713,0.0013566035,0.0033113002,0.003156793,0.0076418486,0.1452753,0.0005430168,0.00024725267,0.041674018,0.0001199578,0.0064387177,0.13195191,0.0019688602,0.0006716362,0.8793453,0.015114047,0.01592584
1946,0.014279383,0.015887937,0.005470403,0.009988936,0.9087445,0.018415337,0.0020466342,0.22928746,0.032585338,0.0260518,0.0035464712,0.0020807108,0.021115964,0.039396662,0.05171727,0.009357791,0.00033690708,0.64002335,0.010355622,0.010586965,0.012439727,0.023451569,0.0042107985,0.0054124105
1948,0.0002234577,0.00035262952,4.6097448e-05,0.0027022965,0.96312064,0.061506342,0.00036270643,0.74737614,0.0049385363,0.013068207,0.002671799,7.50797e-05,0.0009808602,0.0023286305,0.0008628901,0.007949568,2.2462618e-06,0.27849674,7.770725e-05,0.0005252393,0.013741306,0.017777864,0.00014543744,0.0004190594
1949,0.0012347337,0.0059203203,0.001723877,0.02028456,0.40389198,0.038764335,0.0021466026,0.8790922,0.03796998,0.069495,0.03625421,0.0023420292,0.07959704,0.05825945,0.018002057,0.11523188,0.00020864599,0.7231561,0.0021816187,0.007123681,0.0076096784,0.094876744,0.0018896017,0.0022435095
1958,0.10060396,0.26754376,0.0908751,0.041480053,0.72629046,0.08483874,0.04790514,0.28117603,0.26637334,0.17525546,0.015454647,0.0476801,0.10571541,0.077709526,0.07606274,0.055454902,0.006203061,0.18032697,0.19676971,0.054588076,0.058541626,0.12898795,0.03267531,0.082327835
1959,0.05696614,0.029976036,0.0038436265,0.01564323,0.37966654,0.22113974,0.0075530186,0.67149985,0.0151084615,0.02592566,0.029416358,0.0082637705,0.10369937,0.01742213,0.0077042165,0.1531244,0.0010595209,0.1223098,0.017600603,0.014205916,0.009179153,0.5217024,0.010880989,0.018620389
1960,0.00021259421,0.000910645,0.00081814633,0.042164218,0.792669,0.0043308437,0.9163539,0.0622055,0.002798479,0.00082333037,0.00010171118,0.0024642143,0.0023333558,0.04778192,0.0028509153,0.00092019176,3.4736928e-05,0.0671598,0.0015958999,0.0013617201,0.0019680136,0.0014920692,0.00023320298,0.00046587517
1967,0.024883877,0.06088513,0.014140463,0.0131514855,0.60474205,0.02138918,0.0044302996,0.54563236,0.12040231,0.13059933,0.018406058,0.0069096955,0.08205114,0.049491577,0.041398074,0.047508966,0.0007136373,0.508932,0.013239942,0.01487194,0.032553382,0.1172449,0.006400587,0.025882965
1968,0.052847877,0.038288265,0.014131166,0.1316671,0.1786794,0.06602006,0.14526127,0.770134,0.019690603,0.033181038,0.027408699,0.08635067,0.06490678,0.07402112,0.01574727,0.039411772,0.0038708136,0.17749874,0.059646517,0.026319364,0.042926386,0.17750785,0.063991666,0.048522476
1969,0.18982072,0.25909793,0.050331175,0.02146459,0.117208615,0.0018849362,0.12650676,0.21416867,0.08119697,0.08676819,0.00081379176,0.03402658,0.070265196,0.0047981213,0.0049599246,0.010268744,0.00034857585,0.038464114,0.89046156,0.002384897,0.0067296885,0.09236003,0.018181723,0.007912586
1970,0.29358864,0.11232931,0.032175437,0.082274236,0.30813986,0.72089267,0.069506496,0.500209,0.044113077,0.056240264,0.16780199,0.07590466,0.23725384,0.030539297,0.026412258,0.2609602,0.018046336,0.1364167,0.14377615,0.07108958,0.05076769,0.6349524,0.07363204,0.09554999
1974,0.09642682,0.047415406,0.02113435,0.0636812,0.684216,0.4527249,0.023747306,0.54782534,0.08029341,0.058109798,0.09990127,0.02374697,0.029513,0.0488068,0.057923056,0.07204405,0.007697191,0.27267858,0.0134479655,0.043934662,0.2030184,0.1720357,0.04284052,0.06441354
1976,0.01793682,0.0032572031,0.0001700035,0.0040116175,0.08873956,0.8549972,0.0005963811,0.81685716,0.00053299457,0.0021325904,0.089322485,0.001478359,0.04138805,0.0005778163,0.0003072746,0.5177261,4.4991884e-05,0.04883137,0.0023023314,0.0018030951,0.0011316921,0.9416768,0.0016566401,0.003455242
1980,0.11625066,0.17239419,0.037477557,0.09095485,0.16833565,0.13566309,0.053656694,0.8220192,0.036602248,0.0468215,0.047168136,0.17602216,0.018776407,0.03621265,0.019056479,0.023929052,0.0026781429,0.13963841,0.017145822,0.021810211,0.078809254,0.17539918,0.15900858,0.171679
1986,0.026344417,0.03735311,0.011491597,0.015603989,0.29868102,0.12393038,0.008654464,0.5595318,0.034665924,0.08556607,0.035954036,0.012470928,0.51848364,0.02305599,0.02147769,0.0997603,0.0015218137,0.15330762,0.036822375,0.017667511,0.01742632,0.3602072,0.0054947697,0.076922946
1990,0.0024199768,0.0016326155,0.000100966994,0.0014846376,0.9065239,0.03326174,0.00026534311,0.7055291,0.002054205,0.0011344516,0.00041545925,0.00021325993,0.0037788583,0.0043910644,0.0016840403,0.0014906042,8.125058e-06,0.3307439,0.0011492681,0.00064254715,0.0014841987,0.022598468,0.0009054172,0.0009526623
1994,0.014664632,0.0019852407,0.0003252907,0.009467065,0.8874751,0.7252087,0.017409882,0.20218068,0.003872736,0.008283368,0.024317866,0.0022921215,0.019209951,0.0093631055,0.0058129043,0.10847686,0.00043516795,0.16601636,0.0011747786,0.004352528,0.008160642,0.23345703,0.00084633287,0.008424525
1997,0.51987994,0.7542135,0.1820713,0.011893584,0.461833,0.03250935,0.006789562,0.17247616,0.2546337,0.13447027,0.003927063,0.04036942,0.09700578,0.019120786,0.037525922,0.017766422,0.0011688103,0.06494221,0.29283693,0.01703166,0.017494984,0.21626556,0.06504154,0.09487993
1998,0.010810778,0.010934299,0.003374129,0.0013343509,0.9696958,0.1617881,0.002304806,0.03597109,0.045158874,0.036786173,0.0034406614,0.00031672578,0.4614351,0.008782955,0.0077437884,0.041455682,0.00019304706,0.0605899,0.071002066,0.009385517,0.00851645,0.16001634,0.0002467294,0.002880106
1999,0.0045055086,0.0008515874,0.0006485838,0.00018912087,0.16023973,0.26991004,0.002169517,0.04164189,0.003227328,0.010833547,0.0027816484,0.00022236227,0.97119766,0.00092026935,7.903412e-05,0.19992174,2.117602e-05,0.002336914,0.02718074,0.00345834,0.00064003275,0.7209485,3.8479513e-05,0.00077253423
2000,0.0112399515,0.05106153,0.011147157,0.029731682,0.77509755,0.058933634,0.024090081,0.6425228,0.10775592,0.098194264,0.008126749,0.008016683,0.02322808,0.06527365,0.0121716885,0.03092234,0.0005585161,0.0917176,0.009167551,0.0134161115,0.04282165,0.03846069,0.0075991494,0.011303028
2005,0.024571761,0.028625809,0.007985785,0.014264356,0.8006923,0.049122453,0.006942046,0.5719625,0.08544501,0.047277313,0.010191748,0.005667079,0.05103558,0.0647674,0.034024607,0.033731446,0.0010228676,0.3132155,0.006130708,0.018689867,0.040309343,0.06723037,0.004177764,0.023098862
2007,0.00045721896,0.0041447887,0.0026384739,0.006293891,0.9100367,0.0029826078,0.0016153866,0.5476935,0.1027099,0.09031163,0.0018459372,0.00077752315,0.005767163,0.045252632,0.026416013,0.0031277924,1.5893744e-05,0.7457919,0.0011331257,0.0017580997,0.02680383,0.004253195,0.0012605422,0.0008462967
2010,0.87535435,0.42180428,0.0033908223,0.002707402,0.051170245,0.5258578,0.00025257753,0.6708782,0.0053087175,0.008344592,0.01406089,0.019674843,0.01570785,0.00033807222,0.001257976,0.10628444,0.00018390852,0.024731604,0.07971108,0.0022886533,0.0026063581,0.96824664,0.044936042,0.034517437
2011,0.20205244,0.08044873,0.008925819,0.105397075,0.08091363,0.04585454,0.009021349,0.9454828,0.0050936434,0.0059650284,0.010431164,0.25099912,0.0008817708,0.008416339,0.009744227,0.0044681504,0.000142785,0.34299076,0.004489218,0.003974665,0.024590151,0.1316047,0.9192818,0.0452176
2014,0.047253393,0.019499496,0.0039472925,0.010645503,0.85549676,0.8797688,0.0036875464,0.20517768,0.037479844,0.01495857,0.085663766,0.002638966,0.027981283,0.014913998,0.020505272,0.39001822,0.0024126961,0.29124543,0.0063157016,0.020032087,0.019194057,0.4546213,0.004885255,0.010562159
2016,0.055190053,0.0566648,0.01378821,0.008631947,0.6641654,0.030721033,0.01878926,0.18918116,0.0748497,0.087059245,0.0018356686,0.0045794183,0.17997938,0.041550238,0.007987152,0.021454891,0.00042820288,0.04729116,0.044096455,0.008776506,0.009253038,0.08479356,0.0015109438,0.005796492
2023,0.037591964,0.009448581,0.0026493403,0.0034151878,0.7326392,0.6279415,0.0033090268,0.16317473,0.017881926,0.028269647,0.04031371,0.0012523833,0.3814817,0.002833481,0.0041014305,0.30657852,0.00080162473,0.05099353,0.044210833,0.010884535,0.016664414,0.69779885,0.0010169409,0.008933115
2026,0.001496213,0.009685907,0.0029673271,0.017127512,0.8735403,0.013612996,0.030018983,0.33804005,0.038968943,0.021348566,0.004396688,0.0021517987,0.0036252527,0.5390961,0.055245686,0.034127418,0.00028630026,0.45718467,0.0018340879,0.008183357,0.010361564,0.020371957,0.0010894814,0.0030430807
2027,0.036705863,0.13191184,0.02657575,0.0074531618,0.28680038,0.016439576,0.0037210493,0.25806478,0.090739146,0.42798296,0.015068863,0.01597799,0.8675058,0.039041325,0.025780497,0.11919718,0.00068486447,0.23494384,0.07703797,0.022362228,0.006083263,0.21708408,0.04453969,0.01212117
2032,0.47163892,0.5373286,0.09422219,0.023077141,0.50744545,0.08829869,0.012755494,0.23579101,0.13357899,0.13563466,0.009521352,0.08080493,0.051730353,0.014601414,0.03784234,0.022341488,0.0018642579,0.1588176,0.11834053,0.021686818,0.022355095,0.22463688,0.17528756,0.17004743
2033,0.003914063,0.0017461518,0.0010130419,0.0033010787,0.96541494,0.090346515,0.0029926538,0.31079915,0.017450806,0.009626072,0.0022891369,0.00068376685,0.04644288,0.01136307,0.009787952,0.02248542,0.00012721033,0.18031995,0.007962571,0.010835694,0.00907408,0.09071786,0.0010345313,0.0021403958
2043,0.102852985,0.020228248,0.0015031649,0.004403425,0.28644738,0.77874994,0.0016175306,0.5065013,0.0043305084,0.016564257,0.0614804,0.002663678,0.2510672,0.00213157,0.00159131,0.6550589,0.0006438952,0.01947118,0.037605625,0.007280416,0.0019589674,0.9408634,0.003937868,0.005855288
2044,0.102832355,0.011329058,0.0009423323,0.0083730845,0.21617432,0.94382435,0.0019047335,0.71763134,0.0032906858,0.0057491157,0.25597596,0.0036257005,0.06085258,0.002550197,0.002141138,0.66962624,0.0010087524,0.05015801,0.0073175016,0.0064969677,0.009086183,0.916157,0.0073043196,0.009170315
2047,0.0825986,0.07170406,0.03940784,0.3202568,0.16815287,0.5322647,0.5315494,0.544101,0.04204678,0.03514557,0.112295896,0.14602998,0.06178229,0.13256118,0.032920677,0.13021034,0.017021932,0.08335659,0.03156969,0.049118698,0.12977026,0.25433043,0.06489103,0.12380846
2048,0.16501333,0.32744265,0.07748473,0.017775243,0.4184167,0.09612518,0.02568295,0.17034249,0.14365648,0.20203085,0.022656059,0.026276898,0.49321225,0.0468033,0.03282435,0.1452314,0.004309989,0.16757198,0.43609822,0.05545504,0.0144305555,0.40477607,0.020996196,0.037379045
2049,0.03919169,0.0001474018,9.545533e-07,5.7641424e-05,0.26532525,0.9896492,2.9296593e-06,0.95871353,1.7285904e-05,2.0248797e-05,0.009261234,1.3499313e-05,0.00032006143,3.1888846e-06,6.1532687e-06,0.0242646,2.5124132e-07,0.010767386,3.6526682e-05,1.877714e-05,9.775856e-05,0.94810617,4.362794e-05,0.00031516398
2050,0.036946196,0.09261073,0.017930051,0.08153352,0.18340568,0.020924842,0.0065542934,0.90494907,0.040800303,0.05523918,0.021807313,0.06855964,0.008945814,0.032908797,0.03153428,0.017629012,0.0005810193,0.5562602,0.024252322,0.011079875,0.03621879,0.16360119,0.23775485,0.040848877
2051,0.0014684952,0.00566911,0.000963284,0.0115568545,0.7936059,0.004026882,0.0020170067,0.8461265,0.0068339026,0.00906867,0.0020996772,0.0017628822,0.0010639764,0.0406027,0.015722169,0.0023741133,2.3972772e-05,0.7662826,0.0031841295,0.0017893517,0.009711435,0.010010546,0.004224332,0.0024131
2056,8.602755e-05,0.00015095425,1.4571592e-05,0.00036579274,0.99217176,0.0021948728,8.668438e-06,0.6668417,0.00093717984,0.002689209,0.0002967765,1.5062006e-05,0.0003733184,0.0064133364,0.0053063785,0.0022677244,3.1238068e-07,0.928934,8.764405e-05,0.00026021124,0.00040123996,0.005023271,0.00015908126,1.7932485e-05
2060,0.085788675,0.042770006,0.0010825491,0.016546175,0.19661954,0.59369814,0.0011327307,0.9102217,0.0030164437,0.0035106204,0.0921918,0.025343591,0.0020304644,0.0044047856,0.0036206944,0.049527336,0.00014604238,0.18076192,0.00079588534,0.003588414,0.0059666694,0.6555401,0.17650388,0.051112626
2062,0.47363225,0.61905205,0.123103485,0.015375127,0.834466,0.11881139,0.0055919057,0.13463235,0.47405517,0.282517,0.00732654,0.025427217,0.017632622,0.02988937,0.101372175,0.011300689,0.0019516106,0.35424885,0.045562837,0.01649973,0.073225975,0.036396243,0.022261389,0.10095465
2064,0.047063578,0.1472912,0.07618312,0.10152576,0.7720455,0.04806511,0.04208945,0.45012462,0.22116758,0.10867202,0.02900022,0.09058325,0.012146284,0.12714289,0.187955,0.028033676,0.005386805,0.46879575,0.02818184,0.048150614,0.11583766,0.048932947,0.0730591,0.07178634
2065,0.08831703,0.023772828,0.0030692462,0.0036249545,0.33626634,0.16281274,0.005502775,0.14762752,0.007857858,0.014119062,0.0069888216,0.0024894802,0.78911626,0.0077399644,0.002351362,0.049189314,0.00048510014,0.032419614,0.12461376,0.010425431,0.0031294865,0.6258569,0.0020705971,0.014158456
2066,0.021761907,0.015150487,0.011460509,0.060265876,0.30030712,0.049286928,0.22426827,0.5560361,0.020767083,0.044723395,0.015883874,0.017316923,0.21906123,0.080238424,0.018111462,0.07502976,0.0025026954,0.14455406,0.04144293,0.023719162,0.02425129,0.17627709,0.016329309,0.018280812
2070,0.014702259,0.019569516,0.008070282,0.015162894,0.73191255,0.03435815,0.02029809,0.46886727,0.035301294,0.041075755,0.0048392657,0.008962278,0.070799746,0.03932784,0.012125411,0.017791692,0.0005949339,0.11850067,0.013037265,0.011017554,0.051944144,0.055958536,0.009052641,0.011720225
2071,0.42796463,0.056264877,0.0022219392,0.039575785,0.123254046,0.03600299,0.019833563,0.74301255,0.0009714799,0.0014728886,0.004189771,0.17494363,0.0030444944,0.001897963,0.0013199328,0.005807279,0.00016451709,0.051296845,0.043595415,0.0021612584,0.003241939,0.3016251,0.8048075,0.028945975
2074,0.19167322,0.027623838,0.0024821586,0.010522387,0.23796433,0.23296471,0.016788257,0.6147561,0.004913349,0.0048898514,0.004061816,0.0109653305,0.047983505,0.0031856769,0.0017229714,0.013385724,0.00052983593,0.029435132,0.03315811,0.0058051464,0.008589257,0.39302635,0.020742346,0.024734676
2078,0.36961386,0.032841824,0.0014667197,0.015139663,0.49144587,0.92728436,0.013848342,0.4410577,0.0039977846,0.0037643085,0.04167394,0.008235077,0.034750424,0.0038082353,0.0023503094,0.07166092,0.0010123714,0.031994164,0.020934774,0.0060500107,0.010931551,0.5546607,0.007030748,0.037416294
2079,0.14442763,0.15878202,0.035993725,0.079923235,0.604528,0.22327745,0.07528693,0.44688502,0.061191745,0.036272738,0.03482151,0.058492314,0.013650541,0.06937307,0.08748422,0.027211383,0.005234917,0.4991738,0.023984065,0.03171971,0.063315585,0.09663691,0.073276475,0.11385041
2082,0.078592494,0.4886694,0.10988198,0.04011048,0.5360981,0.031703882,0.017981248,0.55271435,0.3877323,0.27528772,0.015464423,0.07656692,0.04422783,0.06338524,0.066583335,0.016783569,0.0019100097,0.3310125,0.027394878,0.022140894,0.14375596,0.03740287,0.0880026,0.086012416
2090,0.032245602,0.045348566,0.046592467,0.066332035,0.6645781,0.09616791,0.25443998,0.29037097,0.0949036,0.062184658,0.025298566,0.04046626,0.34941584,0.14988653,0.04791273,0.11405583,0.010536522,0.11490939,0.14767884,0.05843384,0.046560813,0.21410792,0.022439225,0.04916595
2092,0.031918447,0.026697539,0.03264832,0.033063363,0.3285351,0.0431248,0.25999615,0.21703073,0.04199927,0.058263376,0.008715857,0.038351797,0.48284674,0.041920412,0.010209104,0.08190281,0.0021668526,0.04898539,0.16831574,0.02579885,0.016608614,0.21760611,0.013162159,0.017026551
2096,0.0019194239,0.0033495158,0.0005291669,0.004521228,0.088917874,0.06466161,0.0006315128,0.91776013,0.0023120134,0.011695347,0.01665461,0.0017352698,0.50341153,0.0069872392,0.0008570537,0.18150526,5.6682602e-05,0.05824451,0.0062516723,0.0047253873,0.0019493642,0.61138594,0.0016831734,0.0027691543
2097,0.057234075,0.18630163,0.022511842,0.005528012,0.67285764,0.045489844,0.0011419349,0.60202056,0.2476386,0.090366796,0.008989446,0.010112856,0.014896355,0.02925657,0.02918662,0.011223757,0.00039078694,0.13410771,0.0077410676,0.006970047,0.10620842,0.04230576,0.012697223,0.032998748
2100,0.054042555,0.24262422,0.059497666,0.025402267,0.84995294,0.04926242,0.01185272,0.36046973,0.22904095,0.08097713,0.0055133873,0.021792034,0.009580406,0.053421665,0.059100382,0.016659906,0.001415624,0.24644703,0.02390706,0.027881278,0.06370304,0.048113056,0.028233428,0.02741258
2101,0.01617913,0.02347547,0.005413964,0.0017047409,0.1678165,0.058868147,0.003032537,0.31687862,0.020256361,0.03761311,0.0043503153,0.0015496049,0.8862635,0.009308509,0.001266603,0.32535616,0.00019578218,0.010862256,0.1251548,0.007574962,0.00094650924,0.7719794,0.0016287566,0.0015974521
2105,0.22322844,0.002814399,6.594205e-06,0.00033242113,0.5537468,0.99203336,4.600255e-05,0.8350545,0.00022550879,6.909553e-05,0.004028022,8.518843e-05,0.00013195109,0.00012898425,3.0603827e-05,0.00078454375,1.8881708e-06,0.0045162058,6.869781e-06,6.063371e-05,0.0034240426,0.20128246,0.00014108325,0.0032725031
2106,0.13743111,0.045323543,0.015180186,0.046429276,0.43019363,0.67361534,0.036206786,0.5176711,0.03618647,0.020141447,0.11871919,0.023717433,0.0619862,0.03070674,0.027451754,0.19995083,0.0071031167,0.2629305,0.032521725,0.032180782,0.03224754,0.5252555,0.024363218,0.055343747
2113,0.07652189,0.052923024,0.0052263993,0.010149821,0.47344476,0.06702716,0.0029118035,0.6384413,0.020263907,0.021017589,0.0041936226,0.0070443437,0.058904234,0.008424444,0.006744219,0.026654806,0.00046270393,0.112333156,0.050903387,0.008460405,0.0102329375,0.36015382,0.011482131,0.019541685
2116,0.0012522391,0.02938062,0.0100735985,0.00260211,0.9948505,0.0017000489,0.001241179,0.043606643,0.26296154,0.03141646,9.0589994e-05,0.00034548566,0.00061384303,0.31750378,0.3762691,0.0013202634,2.9418457e-05,0.6391405,0.0010774579,0.003987389,0.0049546137,0.0011756233,0.00020451607,0.00079779956
2120,0.017290311,0.040026005,0.03594741,0.25084373,0.4232723,0.014910139,0.8585881,0.3075736,0.048450883,0.024649486,0.0036545228,0.09236038,0.014622648,0.23825331,0.035935383,0.007389988,0.0023513383,0.11687133,0.0291788,0.015131255,0.04878884,0.01336504,0.02876687,0.020056497
2125,0.0049197134,0.012742489,0.0075780237,0.01020173,0.9440304,0.06154969,0.0059299422,0.29101428,0.09299876,0.03532637,0.004348053,0.0017802665,0.028764611,0.040497772,0.0651585,0.014812717,0.00064820464,0.3975748,0.007094268,0.020399434,0.037681397,0.029961135,0.0020959065,0.007736585
2130,0.0020782591,0.013972335,0.0019985095,0.007265054,0.65034604,0.03445688,0.0023807234,0.887202,0.1082973,0.010822343,0.0010641204,0.0038327929,0.00035902642,0.0070210746,0.0025315364,0.001962504,1.9973504e-05,0.104538076,0.00028283568,0.000914622,0.057732895,0.016268734,0.0013764623,0.007983006
2136,0.003156949,0.0030744255,0.0005165635,0.022530396,0.7102482,0.11373924,0.0071748192,0.6946887,0.008132624,0.0066292635,0.0097892415,0.0015788819,0.005773507,0.056043725,0.007992242,0.02065458,9.1079826e-05,0.5239372,0.00043372405,0.0030824377,0.0054537626,0.026205048,0.0009288587,0.0021134603
2137,0.00021505498,0.008785641,0.001221634,0.011561538,0.8205308,0.00086312444,0.0014804179,0.6423316,0.045422696,0.01344527,0.00051307713,0.0010721352,0.00014745553,0.050436787,0.038304485,0.0013023275,6.532059e-06,0.90520936,0.0008123236,0.001019062,0.0070120115,0.0014729938,0.00076338067,0.0015698965
2139,0.02915504,0.073014356,0.059649017,0.015359197,0.42657596,0.031775597,0.017978445,0.17430376,0.21216042,0.21330962,0.014600748,0.010985948,0.72560036,0.046732344,0.026181635,0.09064212,0.0025772895,0.15823723,0.15424275,0.0411369,0.018442323,0.14297102,0.005896503,0.019495903
2141,0.018325338,0.044563416,0.035449117,0.12531424,0.58969665,0.017969728,0.51592696,0.44816768,0.08435867,0.03362582,0.0046781017,0.046411496,0.010722901,0.21654096,0.0672687,0.0085497815,0.0020409916,0.31013346,0.026944501,0.017439444,0.10907188,0.014776755,0.021242281,0.018837808
2143,0.2672321,0.054830775,0.0032503863,0.015773186,0.5169275,0.8714379,0.006714686,0.43126905,0.012677363,0.010295039,0.06597422,0.011103327,0.030880475,0.011886979,0.010536829,0.045662362,0.0015473424,0.16316123,0.006663961,0.014106243,0.01813272,0.55579007,0.012772509,0.10321359
2151,0.06474413,0.12304864,0.013646794,0.0120703215,0.57329106,0.23209967,0.005475321,0.40817162,0.031012936,0.0241153,0.027892483,0.011449207,0.028254744,0.02180718,0.019881766,0.03612882,0.0006677312,0.17639387,0.017295895,0.011598035,0.015045279,0.30431604,0.025599528,0.04081061
2156,0.006726384,0.0040315166,0.0027003353,0.033462558,0.39240685,0.07657771,0.06786589,0.703337,0.01088088,0.023434557,0.008475509,0.00737976,0.073050454,0.099659435,0.0124974,0.042618148,0.0008497911,0.15034036,0.004358186,0.014060507,0.021390896,0.10128251,0.006958653,0.008168138
2158,0.17338812,0.2905779,0.0802794,0.06000778,0.4671743,0.11541272,0.049337946,0.49847063,0.18618606,0.117651835,0.027483953,0.07729545,0.0949363,0.101357535,0.0872434,0.03370169,0.008315782,0.25210643,0.0494518,0.053637546,0.0940516,0.13062352,0.055568054,0.35705066
2159,0.0023031004,0.010793478,0.004344958,0.0063410876,0.7680675,0.0061915847,0.0014609577,0.44533175,0.07850547,0.120267875,0.0016246598,0.0015233431,0.3183179,0.023753649,0.019226093,0.01559701,9.3995644e-05,0.25573766,0.004167552,0.005707704,0.010389085,0.035116058,0.0010364614,0.0028678786
2160,0.038230672,0.019746393,0.005259221,0.016482066,0.88777554,0.05922958,0.00440915,0.40463376,0.033165384,0.018132752,0.005077507,0.00469522,0.00760171,0.07898857,0.07983648,0.007750515,0.0006713732,0.59948903,0.013226448,0.00812746,0.04587885,0.04101716,0.008199616,0.014521447
2162,0.14408834,0.19698279,0.06605756,0.039715026,0.38807175,0.20966907,0.07622126,0.2729748,0.096894585,0.15684657,0.060896214,0.05166318,0.7021704,0.07670158,0.037907414,0.4821022,0.015553274,0.09512919,0.37612107,0.079694726,0.03235856,0.59607214,0.022245059,0.053380292
2169,0.14546241,0.16231647,0.06495292,0.035464723,0.5842366,0.024891285,0.02437472,0.42364377,0.27843216,0.07409994,0.010227314,0.019403843,0.019608842,0.04412606,0.041336257,0.0070907855,0.0018250393,0.15387492,0.032348942,0.011575924,0.5020354,0.033012137,0.015198175,0.05979622
2171,0.13384354,0.19237424,0.028716473,0.013620784,0.24394013,0.044717383,0.011625837,0.31153846,0.07897877,0.16013652,0.0077516846,0.028533796,0.6350192,0.028526986,0.010211942,0.04736032,0.0016002974,0.06642577,0.20609128,0.030951042,0.009153183,0.22067189,0.043152127,0.028348753
2172,0.035693187,0.03906503,0.004360295,0.0017779522,0.9819368,0.04738293,0.00048923114,0.20778039,0.06959179,0.011277441,0.0011172581,0.0013364219,0.00039462376,0.0018158193,0.006827235,0.003828797,8.693221e-05,0.14755604,0.0063984045,0.0018220077,0.0850213,0.04004068,0.0056330427,0.0047272965
2179,0.113061644,0.08802093,0.015050622,0.01779846,0.6386801,0.054594267,0.009152682,0.5561601,0.03681104,0.018317062,0.005726219,0.019638762,0.011027432,0.013645995,0.019052744,0.013404383,0.00087133655,0.25220543,0.047924235,0.009906095,0.01855982,0.15377277,0.044224545,0.023569122
2180,0.036984432,0.013307604,0.0023403317,0.0031312986,0.92414844,0.11147457,0.0030489988,0.2990152,0.018196521,0.012081727,0.0026822356,0.0009932583,0.037406094,0.0058543445,0.0059945965,0.035065427,0.00025301665,0.11195446,0.04965496,0.007226049,0.011190218,0.19128664,0.0019259693,0.0026915797
2188,0.004324885,0.011572078,0.0010071343,0.0008737209,0.99858946,0.041812483,0.00013948663,0.0791876,0.052415088,0.009734455,0.00029804796,0.00012288462,0.00039092606,0.028494965,0.09516894,0.0039501265,2.4228717e-05,0.8962484,0.00067917426,0.003110905,0.0022994175,0.005174381,0.0003198473,0.0003194493
2190,0.0008467334,0.019214364,0.0055729477,0.012933073,0.85485303,0.00433316,0.0038361938,0.5206336,0.11177644,0.013946421,0.0020814866,0.013604265,0.00021175243,0.043781668,0.066009216,0.0029138129,3.3125434e-05,0.8462429,0.00044399506,0.0015395478,0.030694218,0.0062898602,0.007713317,0.0029367735
2192,0.50309277,0.72278106,0.078644015,0.0010171284,0.253276,0.0045087067,0.00085953745,0.03452625,0.13800389,0.44174623,0.00076176453,0.006749159,0.42242584,0.0016711064,0.008390576,0.056454167,0.00013073937,0.054846007,0.7610029,0.0057946867,0.0011851653,0.43693766,0.010320879,0.01262134
2193,0.22625086,0.029215047,0.004070056,0.0017348222,0.7579142,0.19808704,0.004165937,0.050773967,0.013357975,0.040769707,0.0024571656,0.0012213355,0.24458697,0.0048121405,0.008510795,0.011923625,0.00030215393,0.059015058,0.11575607,0.0036384317,0.008997219,0.19478278,0.0025462823,0.008917799
2196,0.0010481088,0.008111939,0.0062828246,0.112377144,0.5208894,0.008571262,0.6426001,0.16188402,0.009122438,0.016890088,0.0022470986,0.017813329,0.03858006,0.73218,0.02209807,0.0074694403,0.00049784617,0.0490828,0.005989933,0.0068113143,0.00936814,0.0132647585,0.0022800406,0.0052725915
2198,0.7017472,0.0014201015,3.331332e-06,4.424131e-05,0.03611058,0.9935371,6.0340476e-06,0.42169428,1.5251602e-05,7.627306e-05,0.01208984,1.80347e-05,0.036873978,3.984078e-06,3.6929937e-06,0.30051094,2.0897369e-06,0.0006389637,0.0012249402,0.00010696148,2.7980079e-05,0.9977396,0.00013998376,0.00037494986
2200,0.13721812,0.27062765,0.039466616,0.012250203,0.50836027,0.15646122,0.00719389,0.26331788,0.081410475,0.024104778,0.006225911,0.017491382,0.07236728,0.008406635,0.011998761,0.050731555,0.0014411729,0.033379678,0.1795799,0.021229072,0.014084435,0.44107306,0.011404746,0.06955126
2203,0.0019350335,0.0026694036,0.00040228115,0.011344728,0.9258966,0.019125195,0.0027354367,0.76153356,0.011623081,0.004631665,0.0023773995,0.0007903113,0.00054930086,0.03791005,0.0094851265,0.0036584751,4.1200925e-05,0.79083705,0.0010246749,0.0018161607,0.031206977,0.008007212,0.0016222007,0.0012510761
2204,1.7617016e-05,5.7635378e-05,6.585796e-06,0.0029389556,0.9412174,0.0024978588,0.0013985705,0.91739964,0.0004133951,0.0003302277,0.000113236965,7.6245e-05,0.0001278145,0.017104369,0.00048468457,0.00013397598,3.5762062e-07,0.18123601,1.572883e-05,9.319676e-05,0.0032135884,0.0010969181,7.384525e-05,0.00014519053
2205,0.003245655,0.024080813,0.0013574408,0.008390389,0.72280884,0.010711717,0.013026257,0.59446645,0.025143495,0.011775667,0.0008300267,0.007481105,0.0028069336,0.02460645,0.0036179896,0.0012115408,3.2041644e-05,0.043431852,0.0009854753,0.0011968765,0.029786224,0.0029531242,0.0023387724,0.0089664385
2207,0.045701217,0.06623865,0.012231028,0.0022136096,0.11410969,0.016419718,0.0033291022,0.18947531,0.019103732,0.052534826,0.0071182125,0.0057925503,0.8959795,0.002721093,0.0033454574,0.16479291,0.00026230182,0.057800274,0.6142245,0.012590668,0.0012715299,0.5896814,0.002462774,0.008095219
2219,0.05579788,0.33895975,0.175436,0.025242481,0.82392156,0.021234654,0.037980128,0.14990461,0.4679656,0.16689453,0.006898981,0.0364105,0.047261477,0.17934741,0.16225603,0.035253756,0.0033447165,0.39089942,0.07370583,0.042629253,0.037643626,0.05293003,0.017121766,0.06877401
2222,0.011441864,0.058583993,0.017026097,0.004669506,0.85601884,0.010176621,0.0009278217,0.43643653,0.2274931,0.09119803,0.0018445626,0.0016064659,0.0060251122,0.016129192,0.037624314,0.0015137655,7.4783806e-05,0.34938955,0.0019904247,0.004018281,0.09785453,0.0065382635,0.004540711,0.008339803
2224,0.28900084,0.33469036,0.016671902,0.00783132,0.4456697,0.11000765,0.006240144,0.32018328,0.0709341,0.02252956,0.0057037654,0.019543977,0.04626593,0.008089413,0.010494121,0.008395004,0.00058837206,0.060294237,0.048726726,0.0074874065,0.021060599,0.23481433,0.017018117,0.19862232
2235,0.04869711,0.025473746,0.019167269,0.042234104,0.24138394,0.06963506,0.053434514,0.52578646,0.047856335,0.0961038,0.028931197,0.028784212,0.45603123,0.04786517,0.014074467,0.11303529,0.003397537,0.12747453,0.08579559,0.03257424,0.02838316,0.24726956,0.013973799,0.020032989
2242,0.038461708,0.11350279,0.049668264,0.020789668,0.87589276,0.049044248,0.036430072,0.11262016,0.278846,0.14917995,0.0041313167,0.0095197195,0.11508753,0.26303652,0.13334142,0.027796723,0.0025432215,0.18619458,0.04170581,0.027844908,0.037562322,0.05277043,0.0034261195,0.024594279
2243,0.343943,0.16780786,0.006575456,0.011115266,0.22157541,0.5264667,0.02201333,0.5078951,0.011538964,0.0021477144,0.013220495,0.025103562,0.0030410995,0.0025367688,0.0024650572,0.011823151,0.00022701414,0.04055957,0.010609644,0.0024087457,0.01601251,0.37272856,0.017205745,0.11962919
2247,0.03925263,0.008470665,0.00017982282,0.006003531,0.47174996,0.5927517,0.0009773114,0.9432012,0.0021058416,0.00048191674,0.008281437,0.0030103507,0.00044679825,0.0011635442,0.00088793645,0.0024137627,3.4920933e-05,0.14678341,0.00032396946,0.00034443114,0.026356427,0.0819509,0.0049060597,0.01819479
2255,0.39534464,0.021106813,0.0003224956,0.01049444,0.33928287,0.9684685,0.003906788,0.70002854,0.00068694906,0.0018816342,0.02735835,0.0077864174,0.003635652,0.0013773448,0.00051346974,0.10495399,0.000167252,0.045359198,0.0017480412,0.001776926,0.0017388576,0.7315986,0.010667362,0.014111039
2257,0.12354941,0.025359502,0.0036663013,0.0053577744,0.42202827,0.37216878,0.004885035,0.6553112,0.018972935,0.022156995,0.036764603,0.010162998,0.019898733,0.00491376,0.0040676505,0.12594332,0.0005018198,0.08821034,0.0031315591,0.006053312,0.013418895,0.5279503,0.01817455,0.02562989
2261,0.043006413,0.057788577,0.04459218,0.09341102,0.6424818,0.09755913,0.4858557,0.19998373,0.065442555,0.03623082,0.010849281,0.043156266,0.14704658,0.10245526,0.04103114,0.045634557,0.008101444,0.09111237,0.07374645,0.04409476,0.042591672,0.10514452,0.024274882,0.039970614
2265,0.04352819,0.027422221,0.010057904,0.070189595,0.4827909,0.08658502,0.04333218,0.61220324,0.033642318,0.034140848,0.024671726,0.031667877,0.031253982,0.054737173,0.01834118,0.01524271,0.0013982541,0.121494375,0.0073015615,0.018015958,0.30787006,0.07503596,0.03507695,0.037720185
2274,0.36199805,0.29564735,0.050615966,0.082030855,0.14303394,0.07576652,0.037929144,0.7150891,0.072337374,0.10979316,0.035756543,0.09790068,0.13810016,0.05571215,0.03620957,0.0520527,0.006638329,0.19438463,0.20894825,0.022650847,0.100048386,0.2979374,0.087807976,0.19005865
2277,0.12930608,0.06705511,0.0075517073,0.0005490266,0.641132,0.034576923,0.0031522554,0.054669395,0.022899836,0.027003255,0.0017204307,0.0009975549,0.8732935,0.0012817879,0.002846998,0.06460499,0.00034551448,0.019729141,0.7531684,0.0048324573,0.004496964,0.5859189,0.00065379724,0.006787321
2278,0.008279981,0.0023974366,0.00019244518,0.004430434,0.8659339,0.5814009,0.00095426926,0.52168655,0.0050266446,0.0074276803,0.02714194,0.0006786625,0.0014789961,0.0021199277,0.0021282681,0.08699452,9.3501825e-05,0.15771048,0.00026735917,0.00225929,0.017623778,0.16571444,0.0021058773,0.002633536
2279,0.055743918,0.06194583,0.06638311,0.1835511,0.44237563,0.091982685,0.7809,0.24567387,0.07083955,0.048169073,0.023562757,0.086505726,0.100711234,0.15902089,0.05235828,0.045876898,0.014156945,0.12343339,0.09288449,0.05079939,0.114111155,0.07744749,0.034745816,0.05704156
2282,0.079196036,0.2089171,0.14393368,0.082158,0.55056536,0.06914444,0.20076586,0.35171878,0.23037042,0.12675767,0.032079037,0.0822771,0.044203073,0.08306602,0.07939687,0.048042133,0.010859957,0.1569708,0.18685165,0.05249567,0.10275827,0.1052254,0.05995182,0.08905405
2285,0.38522473,0.18290779,0.02628487,0.07821411,0.26062372,0.1042389,0.036168016,0.5778588,0.024249705,0.032464392,0.019983808,0.15038016,0.0087612085,0.02548191,0.03992937,0.012997426,0.0022091672,0.3064444,0.027027097,0.016445745,0.04592127,0.14543635,0.49949676,0.23105146
2289,0.042751674,0.066198446,0.005157536,0.09843672,0.13363747,0.077911936,0.026894033,0.8284432,0.007640955,0.014250585,0.012910801,0.13872975,0.0071541364,0.024372121,0.0095783705,0.02027185,0.00043238717,0.14871138,0.0046287426,0.0052746353,0.011492511,0.1731447,0.14817965,0.050670728
2293,0.28496242,0.47321898,0.010455763,0.046662312,0.077686615,0.09199809,0.008445807,0.8544785,0.014375146,0.0180186,0.014525058,0.24023055,0.013871258,0.017002355,0.007396794,0.018892653,0.00068781344,0.09650878,0.021116864,0.007387288,0.008936873,0.34126312,0.43806145,0.12670551
2297,0.025810909,0.04630828,0.0045594233,0.0154225025,0.5520388,0.10162531,0.0053980886,0.6754478,0.01470248,0.02156235,0.019105421,0.010146842,0.10107021,0.021833643,0.014234932,0.08989233,0.0007472821,0.31338066,0.04185356,0.010572653,0.007132742,0.39381626,0.01479996,0.018826215
2307,0.05582278,0.062171035,0.043281283,0.14170979,0.284831,0.08879037,0.4852275,0.51139474,0.04115143,0.040241208,0.020370202,0.0865525,0.10153236,0.09446789,0.025787886,0.052407775,0.007601998,0.100086406,0.07073139,0.043001916,0.06453253,0.14786641,0.04863847,0.05332702
2309,0.003667883,0.016579412,0.004132378,0.17841363,0.19898804,0.010618638,0.025079397,0.8671923,0.013679527,0.046850283,0.011080987,0.05954408,0.0052800444,0.11987568,0.023715181,0.016163196,0.00023255909,0.66822803,0.0044116457,0.005080315,0.011511725,0.043660168,0.01973035,0.010866638
2322,0.44040865,0.08189214,0.0029101977,0.012432933,0.035085756,0.28807917,0.0067695933,0.72591686,0.0025240944,0.0042468305,0.013260096,0.06728814,0.057464246,0.0012541453,0.00062382466,0.021940313,0.00020105111,0.008264868,0.06279956,0.0027814484,0.0043592225,0.6599258,0.056070354,0.044060677
2324,0.0016787593,0.011066637,0.002496671,0.0075674155,0.82489246,0.0018629612,0.00027009365,0.70770305,0.0903618,0.1214031,0.003003102,0.0013166012,0.001807167,0.021635246,0.029221855,0.004572147,1.9176883e-05,0.91362673,0.0017747442,0.0011928123,0.028366886,0.0075934953,0.0015792144,0.0020023012
2326,0.021039002,0.09721584,0.047800627,0.0041935733,0.5405321,0.01686223,0.13136898,0.034303546,0.050503705,0.038791098,0.0013775337,0.008781191,0.885247,0.023464443,0.0075125615,0.050536364,0.0006797564,0.023918211,0.47425118,0.016176062,0.0033435468,0.20473464,0.001749019,0.008843939
2327,0.24585155,0.43474406,0.07043653,0.04764788,0.07644843,0.028787024,0.052617945,0.5443126,0.043925293,0.064994715,0.012254335,0.13934243,0.133877,0.018632656,0.015222902,0.05794099,0.0019276747,0.06258185,0.3397695,0.020974329,0.012232232,0.50281465,0.32219055,0.05803817
2336,0.009333717,0.022288313,0.008522754,0.089503005,0.43211654,0.010450781,0.05842749,0.83812976,0.028651223,0.040409926,0.0075192912,0.026325125,0.017942784,0.07745124,0.019813323,0.009019461,0.00056518754,0.49838835,0.024624944,0.0095933825,0.0417448,0.021762587,0.028544012,0.010770247
2341,0.1002777,0.020225484,0.0035907642,0.013546821,0.5528792,0.6298692,0.0037704902,0.61316323,0.010903879,0.023343364,0.07442551,0.0044324496,0.047269672,0.016317504,0.01803319,0.3222023,0.0019667672,0.2507001,0.00998318,0.025158634,0.010420811,0.62515604,0.012694833,0.019717958
2343,0.027557807,0.010272408,0.0019027042,0.025506278,0.808505,0.06298274,0.007804106,0.38520652,0.0074152425,0.031930674,0.007072583,0.0068390733,0.019483339,0.024788087,0.0120592145,0.03601848,0.00042504683,0.42543486,0.012211256,0.010504743,0.008901756,0.090578906,0.0072871386,0.0073608807
2349,0.035839807,0.061322626,0.027182965,0.0079601575,0.93241286,0.15857221,0.009518129,0.12954436,0.19704464,0.06521228,0.0067141135,0.0038543073,0.19783923,0.04085098,0.051778838,0.05109412,0.0020028986,0.108997524,0.04448071,0.03043888,0.055566866,0.13346489,0.003211889,0.01704856
2352,0.008437189,0.009911757,0.0033605236,0.015098467,0.23516758,0.0777646,0.005947296,0.79488057,0.013788975,0.067739,0.02528325,0.0036635015,0.44059712,0.041185673,0.009215227,0.19756141,0.00067664526,0.2531123,0.014541735,0.015200409,0.0077231256,0.27766037,0.004955105,0.006187824
2353,0.02384142,0.062297568,0.052248046,0.25140122,0.3732424,0.060469095,0.3965286,0.5328432,0.090680696,0.09600313,0.03401436,0.099360414,0.062275313,0.586159,0.09803972,0.064782284,0.010374495,0.24070424,0.03256369,0.059372645,0.087234646,0.07620016,0.03370675,0.050543744
2355,0.32229808,0.5594481,0.04496831,0.01260853,0.6407573,0.20381455,0.011122444,0.27700314,0.10842423,0.051069256,0.021555725,0.04866002,0.027712516,0.020333596,0.034346666,0.022964144,0.0025148978,0.22275604,0.037777755,0.014778644,0.03042797,0.20716473,0.034906697,0.2838101
2356,0.14306718,0.25658482,0.024429044,0.029541852,0.24691513,0.09923385,0.0064676795,0.7765799,0.106206134,0.088379905,0.024364674,0.03781544,0.084599234,0.034843806,0.04102765,0.039821383,0.0013738078,0.26905817,0.022674311,0.020201836,0.038774125,0.2309182,0.07463084,0.07726301
2359,0.5063554,0.24202366,0.032916773,0.014443677,0.6574758,0.50343233,0.010042343,0.2664019,0.16154438,0.05336633,0.01894083,0.01353603,0.077820115,0.01639638,0.03382402,0.03733659,0.0035221227,0.1106622,0.048838697,0.01885753,0.044948142,0.298552,0.015003765,0.0829874
2361,0.02099977,0.050772652,0.013580917,0.010953892,0.4299561,0.03909737,0.0057212645,0.71296513,0.08003908,0.074881814,0.012453142,0.0058642016,0.0580703,0.016397562,0.025017895,0.039635256,0.00047118182,0.43748823,0.013444036,0.0092569515,0.0152238095,0.18152408,0.012336344,0.013632198
2365,0.00704775,0.0051040207,0.0003187581,0.0010440407,0.9717609,0.31321225,0.003590899,0.33737332,0.006636241,0.000601663,0.00080969447,0.0003330336,0.00077166525,0.0027307174,0.0014115693,0.0006336292,1.7531725e-05,0.04304402,0.0004222234,0.00071826385,0.0053362995,0.029800028,0.0005267868,0.0047644186
2368,0.12320423,0.26349226,0.050900158,0.22182405,0.086614475,0.014406663,0.15371409,0.7005202,0.035343774,0.049086694,0.009775136,0.4314214,0.0070034405,0.048123244,0.03458409,0.012908127,0.0010928784,0.18639706,0.023323096,0.010374745,0.038901664,0.07661058,0.711318,0.09132257
2371,0.008192392,0.117228545,0.02830265,0.009928931,0.07599031,0.0039209886,0.015320628,0.33369178,0.20438084,0.3446568,0.003804632,0.024939608,0.7397102,0.04899701,0.0050289007,0.040494174,0.00015762585,0.036314804,0.036165927,0.007612545,0.0061599826,0.12411328,0.0045063323,0.014033747
2376,0.012249142,0.0006028992,3.8542057e-05,2.9594354e-05,0.107006446,0.377318,2.746255e-05,0.24742402,0.00020710495,0.0058819447,0.0012286579,1.3614353e-05,0.9541022,0.00011381103,1.5874628e-05,0.51276153,3.6964927e-06,0.0015942635,0.026950013,0.00047916366,4.8579954e-05,0.9537531,1.1128346e-05,5.9222944e-05
2382,0.14927799,0.12755649,0.10583221,0.16749585,0.607929,0.28137928,0.12787709,0.4993283,0.19968042,0.11126007,0.112700745,0.09002297,0.06674111,0.11917617,0.15812765,0.078699104,0.032982007,0.3291587,0.06315419,0.092302985,0.5633802,0.15943731,0.080485776,0.18031505
2383,0.00019806536,0.00052399485,8.3726554e-05,0.0025295615,0.63774586,0.0033025164,0.00015742156,0.95209646,0.0025183454,0.0040305783,0.0011026284,0.00018366931,0.0017917576,0.008863426,0.003747708,0.0013256386,1.7366567e-06,0.7667508,0.00020206778,0.00029277627,0.008070453,0.008547062,0.0006717086,0.0006190874
2384,0.03768207,0.15514451,0.107745506,0.09813137,0.66541255,0.07002522,0.18927316,0.23160394,0.16876154,0.09702012,0.020043105,0.040017154,0.11879756,0.16147982,0.099139795,0.11511888,0.0089763375,0.23835723,0.107529715,0.07299627,0.03844669,0.11604578,0.028284159,0.035121925
2385,0.4659365,0.13037163,0.00928078,0.009757634,0.53567076,0.6727656,0.008721565,0.37840903,0.025217833,0.020711668,0.04024721,0.016359929,0.05359623,0.0039179954,0.00801534,0.07650607,0.0017564913,0.082967155,0.06232618,0.009071778,0.010882044,0.73964894,0.015858127,0.081240386
2393,0.1293312,0.13121936,0.04519357,0.038025793,0.56271887,0.11359177,0.054615058,0.261461,0.11744752,0.047651716,0.012641823,0.026966145,0.11594051,0.036588423,0.04150412,0.045030694,0.004453909,0.12612781,0.07275281,0.026778653,0.055189338,0.2244396,0.05059338,0.07252083
2394,0.00030048483,0.00010457339,7.066354e-06,9.372437e-05,0.99798733,0.056279663,1.952542e-05,0.34243473,0.0008306016,0.002139185,0.00015630471,3.068315e-06,0.0059159524,0.0050874194,0.0014273532,0.004281232,7.9231984e-07,0.48653522,6.137098e-05,0.0003329755,0.0004245042,0.011495204,1.2268993e-05,3.2058393e-05
2396,0.18322517,0.07676694,0.0077111055,0.030849198,0.3320765,0.16406788,0.008754987,0.529266,0.0172735,0.06334358,0.023440104,0.014415109,0.112907015,0.012383096,0.009578307,0.11035863,0.0016554181,0.23635823,0.19231345,0.013183978,0.013373098,0.5002022,0.019771717,0.023043234
2403,0.04803724,0.16102049,0.113586456,0.051892824,0.31852695,0.011930431,0.35520503,0.28325427,0.17093508,0.1320909,0.004660439,0.044076893,0.069398254,0.050147165,0.021080723,0.023356887,0.0020248205,0.06424405,0.097457685,0.018466339,0.040169157,0.05373533,0.024346575,0.038676195
2408,0.002344477,0.0005119482,1.8745615e-05,0.002819616,0.9884873,0.30341357,0.0002324684,0.21509118,0.0011418842,0.0018412145,0.0042171017,5.735685e-05,2.6912261e-05,0.0024828943,0.004305604,0.008647484,5.493029e-06,0.6393604,2.8726121e-05,0.0004392067,0.0019912887,0.016324462,9.808752e-05,0.001270095
2409,0.000899197,0.027689602,0.0016952356,0.039440863,0.09686656,0.0037809326,0.038144477,0.890116,0.01062782,0.002427414,0.0006346358,0.040259156,0.00039301562,0.041977048,0.0023462141,0.00049915764,7.621835e-06,0.23781924,0.00016068858,0.00040832345,0.020196231,0.0028398663,0.024733603,0.027943317
2416,0.10147332,0.0073431153,0.0017363002,0.013295682,0.25679028,0.58005404,0.011914315,0.63736194,0.0046864823,0.013063761,0.032779276,0.0047891024,0.38516548,0.004533574,0.0015632303,0.15942995,0.001374208,0.023006655,0.048818495,0.009800932,0.009147217,0.7586169,0.0070456974,0.009681928
2419,0.0008253121,0.0017788063,0.0010240405,0.0045099827,0.9049037,0.01635989,0.000639242,0.6790871,0.015518234,0.01646952,0.0036517961,0.0007233568,0.01554076,0.020786176,0.024169661,0.017361917,5.7389294e-05,0.6099618,0.003417339,0.0060728984,0.009388065,0.04472231,0.0012736997,0.0011271094
2421,0.16325733,0.052960455,0.016894046,0.033481084,0.31516665,0.2351243,0.07246535,0.19682463,0.04197216,0.05568506,0.026770968,0.025644533,0.6708527,0.04318988,0.010827592,0.10317734,0.004140673,0.04432105,0.17312847,0.02831149,0.022168357,0.3832214,0.00996588,0.03159483
2426,0.9020826,0.9208387,0.03602808,0.0016980608,0.022948226,0.009197924,0.000387173,0.19804433,0.050625455,0.27132234,0.00043943408,0.039752387,0.023455216,0.000536328,0.0030870829,0.0042785336,2.4170973e-05,0.04561747,0.22637138,0.0011886882,0.0012118783,0.19732459,0.06925533,0.049778633
2427,0.016590199,0.026614688,0.0056715035,0.0077845645,0.92816883,0.065847374,0.014603815,0.23496121,0.040403888,0.013344452,0.0024571854,0.0030796768,0.022488993,0.018607289,0.014681626,0.022802776,0.00040090046,0.29927197,0.03354329,0.008689726,0.007488048,0.055520274,0.0021195072,0.00453053
2428,0.06679919,0.050058637,0.010460071,0.008297257,0.07741462,0.21937935,0.014114356,0.3837047,0.018077403,0.13209762,0.038319763,0.0054269433,0.8899167,0.018514458,0.004274584,0.27267757,0.001399447,0.022364622,0.03797566,0.022132767,0.0053181876,0.64878774,0.004216703,0.027440745
2430,0.6307745,0.8667843,0.4825968,0.011746871,0.4712202,0.030762592,0.016980698,0.070246555,0.5615072,0.5312024,0.004033489,0.03998399,0.15472393,0.028017784,0.05262943,0.033801153,0.0018461945,0.054528855,0.52420866,0.022588491,0.023464793,0.12954275,0.020212965,0.08143844
2433,0.080203734,0.022595823,0.0011741683,0.0010569104,0.978357,0.7913892,0.00022923533,0.17452489,0.062844425,0.008877524,0.007177296,0.000354508,0.010219782,0.005169004,0.0052386853,0.043492652,0.00015070487,0.077402145,0.0030336513,0.0038996467,0.011609931,0.18702272,0.00039255247,0.004831443
2437,0.33150104,0.001706186,4.23809e-05,0.00034886855,0.8009162,0.9608133,0.00014490355,0.20081404,0.00021982989,0.0005126055,0.00898998,0.00011092815,0.043260712,7.1441355e-05,0.00011582884,0.06809828,2.6628353e-05,0.010868416,0.0067323064,0.0007965974,0.0007060004,0.87732595,0.0003481836,0.001523504
2443,0.26962855,0.5987551,0.28660014,0.023096984,0.50227916,0.03775004,0.014146254,0.12492296,0.4595424,0.68186486,0.011343796,0.042120054,0.25997707,0.072963275,0.14310123,0.06302707,0.003865135,0.31899193,0.2061267,0.044339035,0.035315994,0.11650612,0.03857622,0.088523135
2448,0.0023677545,0.0026185405,0.00015941776,0.0011689216,0.55535096,0.09480122,0.00044538267,0.67152894,0.0023971414,0.002606776,0.0017167771,0.00018102258,0.0145963365,0.00221505,0.0020518494,0.019915778,8.364509e-06,0.12954344,0.00058679556,0.00089879753,0.0005716507,0.23257641,0.00022468185,0.0026268961
2454,0.042869158,0.008520482,0.00078104227,0.009647059,0.22491015,0.5913274,0.002498795,0.76550066,0.003191753,0.0041265367,0.032379754,0.0036333462,0.09252491,0.0048223888,0.0020956893,0.08293966,0.00032382653,0.08154388,0.0047800085,0.0048714103,0.00692784,0.6650293,0.0050667445,0.01292133
2460,0.0010803676,0.00532766,0.003572389,0.0050627864,0.9779643,0.0094656665,0.003459451,0.12148479,0.07659088,0.03218149,0.0020213115,0.0006796078,0.036759637,0.09195317,0.04452828,0.027096013,0.00012488596,0.6700707,0.0039296173,0.00990705,0.005024956,0.01685041,0.0005769572,0.00062733394
2461,0.023387948,0.016950248,0.0056398734,0.022808189,0.7520294,0.088540696,0.068732634,0.37632215,0.015255612,0.008575275,0.0039001226,0.0074421465,0.037443362,0.036749523,0.010548226,0.02021894,0.0010414151,0.07372912,0.014947809,0.013536789,0.016483296,0.08808447,0.0044406,0.013590265
2466,0.0037524623,0.0021790545,0.0032529952,0.027359955,0.610157,0.017179098,0.57749146,0.099489495,0.0041752113,0.006329806,0.0010091172,0.0067063654,0.19427285,0.030643582,0.005380246,0.0073990976,0.00037168193,0.053917356,0.032342974,0.0072312714,0.0052081724,0.025350723,0.0017683518,0.003362979
2469,0.021590007,0.13044427,0.05695726,0.08613287,0.1968767,0.0042797783,0.72363245,0.2633268,0.05113555,0.058117747,0.0019587826,0.08427015,0.031411745,0.0969698,0.017843556,0.014070332,0.00081190077,0.13699567,0.16169558,0.009692719,0.010386589,0.022460546,0.018202009,0.01672823
2472,0.107537314,0.39862147,0.15842046,0.04401056,0.5304742,0.03513067,0.06716489,0.2990328,0.3379885,0.3013178,0.010292065,0.06673545,0.1732048,0.12198277,0.06903451,0.07273407,0.0042608473,0.12335874,0.14663206,0.043267433,0.03267158,0.15173131,0.03977691,0.048805222
2475,0.016098464,0.009919476,0.0010244274,0.011684538,0.08421195,0.13941792,0.009601341,0.8105688,0.0018501909,0.004951176,0.018243013,0.016335776,0.18265389,0.005476471,0.001241804,0.06753112,0.00010852899,0.057453644,0.022939187,0.0040183044,0.0028797009,0.57350326,0.014249017,0.008917753
2479,0.1038051,0.111893736,0.043126214,0.053613815,0.35259363,0.24958552,0.031063158,0.5986625,0.120272346,0.092179656,0.08579148,0.053809814,0.23800594,0.06310267,0.03788789,0.16578083,0.008856411,0.18161134,0.073814034,0.06673075,0.071559034,0.36793157,0.021176746,0.10092335
2482,0.004095646,0.055891663,0.020098584,0.038703587,0.85674316,0.005456065,0.060953893,0.20444877,0.07427729,0.033722393,0.0011570216,0.0136295175,0.006881772,0.820555,0.17553514,0.008659704,0.0006319114,0.27487978,0.007778994,0.012636437,0.013098469,0.010417627,0.003830711,0.008833491
2489,0.048010007,0.036697853,0.009843646,0.20566802,0.10122694,0.21362266,0.03978825,0.9227413,0.016474957,0.030712744,0.08063661,0.0983838,0.023697766,0.07716243,0.023026537,0.0297869,0.0024034064,0.3316841,0.00959935,0.016679203,0.08157074,0.15133366,0.09368434,0.072749875
2490,0.03187752,0.061849084,0.024496026,0.013314951,0.92956525,0.030541742,0.019231124,0.11182642,0.13786002,0.042857908,0.0027229954,0.0055341227,0.027387856,0.03567564,0.042275976,0.016642885,0.0011450975,0.23868921,0.03627786,0.027812408,0.022475936,0.026454927,0.0058836257,0.0139456745
2491,0.037914764,0.014374248,0.0033260945,0.026919529,0.27812892,0.44789448,0.016734483,0.92784256,0.0070191226,0.0107292645,0.031834975,0.011333262,0.012516763,0.010938256,0.0027734188,0.03560065,0.0005840426,0.069052696,0.005590177,0.009909706,0.026095696,0.28951156,0.01977673,0.025155846
2493,0.9896418,0.88075054,0.005104306,6.489393e-05,0.120726064,0.08542935,1.5548065e-05,0.10878855,0.01452131,0.033347934,0.00023492743,0.0005444791,0.010907059,1.9180285e-05,0.00040070596,0.014092179,7.1138534e-06,0.0121960165,0.36763835,0.00017359645,0.00016110587,0.86032856,0.0028380153,0.014128589
2494,0.26149002,0.03821805,0.008785774,0.06281167,0.16540736,0.6030196,0.13216142,0.5346928,0.00897713,0.0072139427,0.027289875,0.061062813,0.060983445,0.01413419,0.0035596767,0.031462215,0.0022641032,0.024882142,0.025797177,0.012295846,0.032420088,0.40079936,0.02838077,0.04977516
2496,0.057176404,0.06897754,0.020479677,0.06894596,0.45196015,0.18592617,0.044463985,0.7918464,0.05676537,0.02382748,0.032625485,0.035390694,0.018503046,0.04542167,0.020166827,0.050067697,0.0029452918,0.18711174,0.021431599,0.031158142,0.06484177,0.15109962,0.035354678,0.036030095
2497,0.006070884,0.027502242,0.0029599906,0.0050412724,0.25242916,0.012920904,0.0012573483,0.87036836,0.022616487,0.055765618,0.010875298,0.0021386144,0.03687801,0.014595822,0.0075898343,0.06952772,5.1262978e-05,0.477039,0.01050573,0.0027930404,0.0031424356,0.17044157,0.0034125613,0.0053729555
2502,0.07013937,0.89591765,0.4137546,6.6621683e-06,0.66284955,0.00012591324,1.693927e-05,0.005563759,0.8412106,0.8017322,5.5159276e-06,7.810799e-05,0.38912314,0.00041385798,0.006985152,0.0016129345,3.1417926e-07,0.014864746,0.36241314,0.00074777286,0.0003239167,0.02116917,3.8544447e-05,0.0022409873
2504,0.004525026,0.00343861,0.0016212728,0.0174362,0.90728337,0.084798485,0.010029713,0.5150522,0.01557942,0.012333596,0.007560339,0.002454975,0.018093945,0.03252531,0.017117191,0.045696363,0.00042185365,0.5997323,0.0049661673,0.009205936,0.009972331,0.05943137,0.0056385417,0.0027189895
2511,0.32773235,0.020786632,0.00092192274,0.0053728386,0.41999137,0.91739637,0.0021958295,0.5332172,0.001632339,0.0034892175,0.0719463,0.003316543,0.017731495,0.0015754678,0.0020150268,0.3443734,0.0004982402,0.043677438,0.0048310305,0.004415034,0.0035657147,0.8888762,0.010084611,0.019562175
2512,0.011756483,0.07301612,0.054810315,0.0041676946,0.54891956,0.017240304,0.010435693,0.107062794,0.2796572,0.27018073,0.0027021978,0.004374317,0.8026791,0.06467026,0.016166966,0.07748912,0.0003162117,0.05018603,0.05482179,0.015330068,0.00968233,0.106631726,0.0012987166,0.0061235824
2520,0.25006342,0.112836584,0.035958868,0.022641001,0.6529653,0.42884186,0.03455319,0.1724585,0.078776814,0.056144666,0.026656687,0.020239156,0.27768892,0.02519351,0.020086229,0.27980492,0.009117452,0.07893104,0.14219359,0.051388506,0.018092366,0.5419278,0.02403708,0.034645777
2524,0.82756907,0.68536496,0.008982698,0.0021187165,0.22493775,0.15582432,0.00053038914,0.532571,0.021612326,0.026941886,0.0038088576,0.01913609,0.011168532,0.0015013317,0.0034352539,0.0143492585,0.0002055606,0.048847605,0.056945536,0.0023183664,0.0022373162,0.52297103,0.042314675,0.10629529
2529,0.024151394,0.079395585,0.062279087,0.0063942405,0.58037806,0.013908106,0.020602668,0.105533175,0.1746867,0.24379143,0.002799416,0.004634502,0.6907784,0.02748435,0.015970495,0.0355186,0.00083217525,0.06487647,0.09343683,0.021614125,0.017569333,0.06336539,0.0026784868,0.009482591
2530,0.09123965,0.21136256,0.04925516,0.018010711,0.26375303,0.1574111,0.018331705,0.39720336,0.10405062,0.11142728,0.022979693,0.029470284,0.52261186,0.017610442,0.013485569,0.27315417,0.0034385612,0.038378414,0.21484658,0.038804643,0.010264907,0.570842,0.0134777045,0.042841587
2538,0.11121425,0.03929084,0.011371687,0.08073016,0.43008593,0.7589121,0.12147332,0.49676523,0.017478118,0.00935361,0.055971067,0.03943822,0.051561307,0.04474906,0.016472152,0.10969474,0.006249797,0.06435885,0.032673992,0.023145458,0.046027936,0.37360972,0.012506648,0.055410873
2539,0.002837264,0.0063916324,0.0024017938,0.0019731666,0.20326853,0.03325412,0.010985138,0.27120075,0.016171131,0.023799922,0.003340518,0.0013281218,0.9326168,0.007911565,0.0009998849,0.13567059,0.00011338392,0.009490177,0.040877506,0.0054439465,0.0016601074,0.45186695,0.0005243699,0.0044292603
2541,0.044024024,0.0035909317,0.00060132885,0.00017040451,0.100413896,0.048615366,0.0008182426,0.049356557,0.0015704519,0.012061619,0.00065876875,0.00030099234,0.9856541,0.00033404,7.625175e-05,0.043528717,1.6167092e-05,0.0016174427,0.09492042,0.0012305141,0.00038699163,0.6495235,0.00023697078,0.00043008677
2547,0.004742165,0.003597446,0.0006717691,0.005626714,0.98253644,0.23213011,0.0019676886,0.18810575,0.019270435,0.0132788215,0.0034237122,0.0007372853,0.003566533,0.015790824,0.03327963,0.050551258,0.0003509309,0.4698902,0.0010919819,0.008018288,0.014499927,0.039529808,0.0014305866,0.0025144075
2551,0.030514942,0.07309942,0.024235126,0.05553402,0.6269599,0.05563498,0.009662776,0.75673455,0.09432946,0.066814594,0.029305683,0.025776029,0.028368616,0.059276275,0.048346773,0.05043233,0.0021737814,0.42950147,0.031157156,0.024671918,0.06718392,0.1348915,0.051514745,0.029905833
2555,0.19889498,0.009061889,0.0004949704,0.0033299665,0.27135703,0.85367966,0.0003432303,0.8915896,0.003639279,0.008568094,0.035499018,0.0011691237,0.08056707,0.00077401125,0.00051570666,0.10135246,0.00024052338,0.028427353,0.0064804084,0.0030215126,0.00859695,0.86578435,0.003351928,0.0072772657
2557,0.0022210914,0.008240567,0.0061258376,0.018051146,0.9659375,0.02131841,0.019707946,0.2070431,0.078290686,0.043424413,0.0031110442,0.0015286555,0.012134377,0.2145381,0.12735297,0.022048188,0.00050675037,0.63647854,0.01032886,0.018515337,0.013257839,0.015241048,0.0028750314,0.003180256
2558,0.26861793,0.47145253,0.08283342,0.007932919,0.2178458,0.01323095,0.007843597,0.17809877,0.122047804,0.1167956,0.0033420695,0.051219292,0.6942014,0.01452761,0.0118952505,0.015393749,0.00086371886,0.038173653,0.34550655,0.016243786,0.019794062,0.21810567,0.018346934,0.09552647
2560,0.03446462,0.0060513755,0.00048000613,0.0011536985,0.9217422,0.44100553,0.00026195744,0.23104934,0.0070515815,0.009111522,0.011259182,0.00050765637,0.14583768,0.0036252388,0.0035627205,0.26971692,0.00016716494,0.21734193,0.022364298,0.005081491,0.0018320045,0.6083442,0.0006499228,0.0020213383
2563,0.0051635075,0.0029326675,0.0013612289,0.008652915,0.24527957,0.12722088,0.0045501767,0.66472685,0.0042458684,0.04793245,0.028583039,0.0022648305,0.39640197,0.008578778,0.0026566759,0.536625,0.00022228321,0.15438133,0.01742818,0.011440731,0.0012642203,0.6636354,0.0024208794,0.0011791252
2566,0.00080599677,0.010109844,0.005785807,0.2838478,0.2864746,0.008042518,0.59281766,0.6182053,0.010154612,0.008094285,0.0027900538,0.068719655,0.0029390138,0.49778837,0.017997878,0.0029768609,0.00023930577,0.17627443,0.002513396,0.003156601,0.04983511,0.0077231918,0.0065723415,0.009956108
2567,0.12277434,0.0064662034,0.00022816294,0.0019645737,0.25936276,0.97418994,0.0007814097,0.56222296,0.0010437468,0.00062173913,0.038095187,0.0005691131,0.03804889,0.0002640658,0.0004125984,0.4153647,0.00016215464,0.024030505,0.0044812993,0.0022880414,0.0008529806,0.93525213,0.0018221535,0.003332219
2568,0.24756503,0.011605953,0.001129465,0.0081789335,0.502095,0.70182186,0.0037215955,0.65488917,0.0040664473,0.0068303794,0.04555806,0.0050541805,0.018587459,0.0032683515,0.0025734608,0.046518702,0.00061626633,0.067852676,0.012180155,0.006509312,0.021745265,0.5314483,0.020352624,0.026054317
2573,0.0057986416,0.0041963537,0.0003441889,0.0029721179,0.9000309,0.7926397,0.004719543,0.28066698,0.007823747,0.0007600356,0.011598822,0.00093126146,0.002605737,0.0032782243,0.0031182012,0.01776886,0.00010126841,0.062341556,0.00047375815,0.00211245,0.009884209,0.17335382,0.0008089449,0.012198113
2587,0.0007680364,0.0038251576,0.0011032878,0.015863396,0.4631004,0.010819448,0.0048730057,0.9194127,0.011780541,0.08496946,0.0054086493,0.0054157493,0.080132194,0.044157356,0.003194939,0.03806143,7.624906e-05,0.16597931,0.004346307,0.0041302065,0.004608898,0.06834255,0.0017205618,0.0015290828
2590,0.0074171377,0.027274754,0.027515931,0.062349863,0.9099502,0.016542561,0.17656554,0.13529634,0.09773851,0.02445575,0.0024895703,0.0151207205,0.007466119,0.29173708,0.17852323,0.012924967,0.0021174566,0.40579334,0.013927037,0.028413747,0.042528056,0.014504874,0.00548186,0.012926135
2591,0.0011368456,0.0051336247,0.005310694,0.073775694,0.6476549,0.011984479,0.9219124,0.13753858,0.0058875233,0.0027055037,0.00046527982,0.016502803,0.009617692,0.046784155,0.0047687683,0.003329892,0.00021850983,0.024076186,0.006615514,0.0031621454,0.004829992,0.009940286,0.0028061233,0.0034461839
2593,0.014684366,0.009678408,0.007060869,0.038039904,0.49163815,0.17682216,0.04597366,0.4455581,0.012406145,0.019035853,0.02620573,0.011848247,0.24762739,0.04883488,0.025294434,0.13640384,0.0031107676,0.17549828,0.056852806,0.025502969,0.019126317,0.31366518,0.007148219,0.018329423
2597,0.4060029,0.23064762,0.011179577,0.0031362902,0.17394154,0.027974343,0.010220168,0.33295548,0.010298581,0.009233418,0.0015494499,0.023175344,0.030475136,0.0011950822,0.0012923615,0.024677599,0.00018989117,0.011650403,0.36505762,0.002622828,0.0015189261,0.69550025,0.038285296,0.028905205
2599,0.13133441,0.076502964,0.004469457,0.0068732463,0.047233548,0.172318,0.01761597,0.39680353,0.0043918863,0.0064003235,0.015072586,0.019837534,0.33474046,0.0039065136,0.0011829444,0.15494885,0.00031900586,0.019273248,0.05385832,0.004876843,0.0009783038,0.72144693,0.024647212,0.020702343
2604,0.025104983,0.0035847006,0.00022337504,0.00047128668,0.47481254,0.594169,0.0003596722,0.27101842,0.0013724595,0.006460018,0.005502796,0.0001890859,0.8475508,0.0036267028,0.00051694066,0.12621783,7.5308504e-05,0.016243137,0.015033767,0.0044693514,0.00046993504,0.7356907,0.00021642163,0.0015913228
2606,0.040156532,0.043701544,0.012046009,0.010696796,0.24183933,0.24722162,0.015672605,0.26096192,0.03554585,0.07481481,0.035778493,0.008133189,0.7067165,0.034838136,0.0102824615,0.26879254,0.0018675579,0.04677081,0.059361465,0.022928026,0.008546201,0.61544245,0.0044873934,0.04519728
2610,0.014462172,0.010309703,0.0011766303,0.026183749,0.60465324,0.18041539,0.0200808,0.8352679,0.0047376393,0.003661111,0.0052821613,0.0060966755,0.00897966,0.025098793,0.0050890106,0.014628477,0.00028160412,0.18227793,0.003707727,0.0045480584,0.008771987,0.10341682,0.009753677,0.0058927024
2612,0.019410634,0.049619984,0.0014250247,0.008021439,0.61722195,0.01973753,0.004156534,0.7467334,0.015893066,0.003989502,0.0005337539,0.0049427697,0.002015464,0.019836323,0.0060763876,0.0010210911,3.064843e-05,0.12910746,0.0019617614,0.0007477158,0.0094689755,0.017822934,0.0025308442,0.011196214
2624,0.053165544,0.026471734,0.0031838953,0.04463564,0.34836662,0.29129955,0.0039936546,0.8578608,0.006552055,0.0048834337,0.03056571,0.02899047,0.0011778667,0.009335851,0.023029463,0.007156105,0.00028063954,0.62872636,0.0012898769,0.0039451034,0.027038224,0.14272283,0.052081287,0.0665315
2632,0.06469899,0.016724924,0.00242438,0.0035607237,0.084903665,0.15933475,0.008623293,0.19777346,0.0038283714,0.025282968,0.0057237605,0.002999581,0.9188883,0.0025576951,0.0007583809,0.26135218,0.00024471837,0.013096151,0.12863852,0.0060176067,0.0019561222,0.770601,0.0019241826,0.0042419215
2634,0.06260731,0.014060599,0.0018467333,0.08078774,0.05083799,0.56949806,0.055165567,0.92232394,0.0018507094,0.003972246,0.050883066,0.07775721,0.094927736,0.012708335,0.0012635818,0.035871424,0.000637622,0.018601516,0.010773706,0.0057205297,0.019584693,0.48644224,0.052172206,0.036023967
2635,0.6353841,0.5063255,0.040141515,0.008562717,0.20897646,0.033707302,0.008660816,0.23854145,0.044715274,0.029205758,0.004183964,0.025341807,0.15551585,0.0040724594,0.0048732157,0.05403503,0.0012254022,0.02419572,0.74637735,0.010977619,0.004082945,0.67806065,0.0568178,0.034356266
2643,0.41223705,0.667905,0.15995616,0.004506163,0.57583505,0.035088167,0.010070816,0.038774833,0.24137565,0.33743528,0.002278283,0.011645868,0.38615784,0.022150472,0.016829126,0.056534145,0.0010066988,0.030362014,0.37446734,0.01446296,0.0063492795,0.17139862,0.0059647406,0.02425897
2645,2.9972418e-05,6.977495e-05,5.222815e-06,0.00033350856,0.9855676,0.00462653,0.00016287784,0.923582,0.0022477712,0.00026730893,4.0314615e-05,2.2403969e-05,3.2631207e-05,0.008959738,0.00027828154,0.000115137955,2.2090667e-07,0.068733335,1.1396254e-05,5.5152082e-05,0.011795921,0.0005675101,2.9063895e-05,5.3658292e-05
2649,0.00050296367,0.0018760356,0.0005124285,0.0036971625,0.8862619,0.004186514,0.00055815745,0.5492439,0.0055228183,0.0064430665,0.0014740034,0.00018882322,0.0010059059,0.0071363705,0.018402383,0.0035972274,6.639234e-06,0.9323537,0.0029808274,0.001027125,0.0030873958,0.005023331,0.0011153282,0.0005583032
2655,0.07228587,0.0287551,0.012141678,0.020180011,0.33494517,0.13711691,0.036011286,0.24327801,0.020373179,0.053954363,0.018590773,0.009303589,0.3700625,0.045882203,0.016953586,0.13831274,0.0020336446,0.08458899,0.065247774,0.029027853,0.011001528,0.4228527,0.007868499,0.021026148
2657,0.033935115,0.0016258669,9.849581e-05,0.0051063383,0.00889951,0.6183568,0.0005681674,0.96748585,0.00025672797,0.003220411,0.08498005,0.0026082217,0.18223056,0.0007092756,6.231794e-05,0.18944533,3.603655e-05,0.018244196,0.0028901803,0.0015343159,0.0016414982,0.91868377,0.0028437104,0.003655212
2658,0.2322878,0.30690837,0.052515984,0.021463605,0.33545715,0.13113156,0.048002243,0.13489811,0.085452735,0.107385315,0.010416874,0.033106178,0.38684404,0.04413271,0.014828151,0.09088928,0.00404381,0.051188063,0.15737137,0.036293324,0.010744363,0.35793108,0.02753308,0.045523833
2659,0.0001872453,0.0007877766,5.453599e-05,0.0057169013,0.7713114,0.0037726904,0.00035547186,0.8582244,0.0010256979,0.0035159911,0.0011442804,0.0005365696,0.00097216555,0.023152815,0.005506737,0.0032805947,2.9739135e-06,0.9568819,0.00042687164,0.00032700552,0.00060519803,0.009968807,0.0015797535,0.00035476766
2660,0.0151457,0.00028215614,4.449863e-06,0.00019726813,0.78779364,0.992432,2.7713171e-05,0.38554382,7.803882e-05,0.00015226878,0.010558995,3.098755e-05,0.0067111566,0.00015036954,0.00010064862,0.37250102,1.0136206e-05,0.02164769,0.00016884455,0.00031540173,0.00021904841,0.83520913,7.128878e-05,0.00028044215
2661,0.02933601,0.013676381,0.0003057941,0.0028225326,0.9315523,0.8189379,0.0015237095,0.29388878,0.002554493,0.00039190985,0.0029934596,0.0013259057,0.0016403852,0.0023793844,0.0024193507,0.0043179416,5.45747e-05,0.14109741,0.0004694683,0.001675348,0.0011382417,0.09334221,0.0019807855,0.007021154
2665,0.076663285,0.24398251,0.07626938,0.0021572062,0.2777055,0.008902202,0.010399827,0.07055022,0.11491369,0.24140991,0.0029619392,0.007386144,0.92621416,0.012502786,0.016166974,0.1015314,0.00062966626,0.05625243,0.6944034,0.023297053,0.0035754188,0.2816972,0.0075264256,0.013236315
2667,0.13584167,0.064360514,0.006347842,0.0036321848,0.38377547,0.3153143,0.00049172045,0.52802324,0.044868473,0.099912286,0.04514252,0.0035818745,0.035244513,0.0014437189,0.011953697,0.14396684,0.000343527,0.31782854,0.011100998,0.007151712,0.010134166,0.6034624,0.0077684163,0.017168194
2668,0.5517914,0.21997622,0.018722896,0.11438896,0.123899326,0.09150937,0.02939582,0.8364758,0.009023732,0.01550567,0.015821436,0.28473514,0.009302824,0.009969657,0.013039229,0.014471757,0.001240451,0.19953696,0.058135305,0.010775923,0.017116984,0.32614863,0.86515373,0.09272745
2671,0.00034302488,0.0046608043,5.6715475e-05,0.0037103242,0.7125422,0.0007681323,3.10225e-05,0.95822537,0.0030298913,0.0034804295,0.00033290818,0.0006675111,3.0375551e-05,0.006662565,0.009992879,0.00022899655,3.6361413e-07,0.9848523,8.442366e-05,7.24163e-05,0.0009899612,0.0022989963,0.005339755,0.00090377615
2672,0.10513214,0.17293385,0.13021609,0.15436478,0.53153384,0.10800808,0.19431512,0.51396805,0.19780119,0.121757805,0.05116462,0.1328462,0.077016585,0.15348352,0.16040637,0.082481444,0.019931694,0.31886062,0.09143507,0.092098445,0.12965444,0.15533692,0.0916283,0.1617093
2674,0.057645533,0.08982685,0.01139733,0.04876831,0.07732373,0.044008993,0.02048495,0.8610901,0.014688761,0.02643392,0.006957065,0.11144614,0.038043667,0.018182615,0.0054245526,0.0108396355,0.00028698426,0.08390644,0.031918224,0.007929272,0.008717534,0.17386444,0.16093151,0.035634063
2679,0.20872638,0.012719917,0.0009850219,0.011695264,0.5582643,0.9623371,0.009892215,0.4446102,0.0033807708,0.0036441272,0.074262306,0.005065006,0.02110983,0.0046746684,0.0026963712,0.10341198,0.00072065194,0.048288528,0.004493714,0.0076487507,0.0138518065,0.6228414,0.0044332785,0.025045555
2681,0.10438275,0.6782172,0.0043603526,9.518935e-05,0.18684952,0.0048656855,6.922922e-05,0.04466723,0.023361942,0.060467217,8.991834e-05,0.00066735776,0.82387304,0.00026724066,0.00037325834,0.055315632,7.960675e-06,0.0075691273,0.4296756,0.0010666486,4.2373347e-05,0.684481,0.0013053974,0.0020323773
2693,0.017761039,0.060910042,0.009486009,0.04282717,0.38674253,0.0465868,0.007157775,0.6940122,0.042323295,0.051929325,0.014681331,0.03141964,0.024791645,0.06387563,0.025484858,0.03497237,0.0011843261,0.20462216,0.012773086,0.016530447,0.031842917,0.11160492,0.012909634,0.059847206
2695,0.01628544,0.017912267,0.005129907,0.03883849,0.693784,0.07374619,0.011233863,0.81582934,0.016490996,0.018876838,0.026122563,0.015136535,0.00699866,0.042666655,0.026392242,0.025731381,0.0009379342,0.53054327,0.008782006,0.013187751,0.03910504,0.0800232,0.03589094,0.017515168
2702,0.22417876,0.3080535,0.14828697,0.18241274,0.3223739,0.11972115,0.12849516,0.4877997,0.19446285,0.26306766,0.08023503,0.20498165,0.11363454,0.16506702,0.17134602,0.12040857,0.026752785,0.450123,0.10704094,0.09151071,0.13096735,0.276433,0.19708356,0.19647214
2703,0.12930451,0.009260139,0.00024459005,0.0014778642,0.9464778,0.9753794,0.0014544846,0.14214928,0.0056139645,0.00042082602,0.007049372,0.00038537913,0.004613376,0.0012181997,0.0015409413,0.024161479,0.0001312027,0.07290347,0.0022957188,0.001970968,0.0019040357,0.35891148,0.00096778094,0.0059356
2708,0.00011028374,6.4405474e-05,4.2974602e-06,9.2710485e-05,0.9996168,0.1556625,6.8073095e-06,0.08080354,0.0012838679,0.0002748089,5.7151286e-05,1.0156563e-06,5.0684914e-05,0.0005077982,0.0016413735,0.00122966,3.5705426e-07,0.3397872,8.357979e-06,0.00010072437,0.0012344157,0.009010276,6.412619e-06,2.2496864e-05
2711,0.18084244,0.46483508,0.19551703,0.074222416,0.523406,0.059557837,0.05656339,0.3209092,0.38106588,0.20939693,0.021755146,0.052194174,0.085354455,0.06157697,0.07478249,0.07393889,0.008308444,0.19211316,0.19000818,0.057819467,0.084788196,0.13982959,0.045287535,0.07846005
2712,0.030302979,0.10542438,0.040817894,0.10855735,0.32796323,0.02100954,0.06164352,0.7197533,0.14409414,0.12109178,0.01620833,0.04409404,0.025752947,0.08815324,0.04009193,0.012189366,0.0016411497,0.31422365,0.02364793,0.016804393,0.15176883,0.026395421,0.029360747,0.05862869
2713,0.41590542,0.025847526,0.0018180496,0.0044693025,0.18384953,0.7524929,0.0032566956,0.49531075,0.0054928544,0.0073416,0.04534779,0.006279247,0.2414829,0.0013232034,0.0014688289,0.08721302,0.00054006145,0.031314675,0.029902996,0.004937168,0.006921269,0.7543096,0.005386575,0.03782111
2717,0.023208907,0.052931312,0.044454146,0.04013136,0.8667048,0.060891144,0.029333282,0.19186135,0.11987054,0.1108802,0.017153805,0.017916217,0.13825119,0.052978564,0.09200533,0.08378381,0.004044776,0.3603476,0.064247936,0.049139462,0.03775298,0.09748693,0.016522184,0.02323619
2719,0.10306599,0.21226625,0.06332289,0.025083633,0.88525665,0.09210614,0.026420388,0.35196397,0.26079497,0.06670397,0.008113665,0.016031781,0.030670231,0.049860742,0.07896525,0.02053494,0.0033034908,0.17345788,0.06850372,0.022734402,0.14723246,0.07151004,0.01256156,0.03870292
2720,0.7876414,0.20643297,0.007635096,0.020501481,0.13034664,0.56003875,0.001530165,0.77104354,0.014381694,0.02222357,0.047322806,0.031421103,0.0052511715,0.0018793662,0.004908228,0.06787837,0.0008590168,0.13124129,0.022454616,0.0062302607,0.027234655,0.7039218,0.1128346,0.07491941
2723,0.25502452,0.024619058,0.0009222526,0.008659891,0.37856823,0.980333,0.0025782606,0.50058675,0.0038558817,0.0030984154,0.059947435,0.0044165766,0.060293976,0.001275548,0.0014665046,0.090549774,0.00039345497,0.039492,0.0027717627,0.0043208255,0.0051451055,0.7256622,0.0059724837,0.020401152
2731,0.17513438,0.5139818,0.123327605,0.087040566,0.26313278,0.016223261,0.058079574,0.35934708,0.1948969,0.21845347,0.0046176435,0.14788331,0.016186113,0.09769086,0.07835656,0.009948577,0.0013904354,0.21482532,0.02529131,0.019394271,0.03502292,0.03249645,0.1990992,0.07276357
2733,0.0012291606,0.001949646,0.0008320992,0.0027848035,0.72471946,0.06782769,0.00066650735,0.56472456,0.019387767,0.0374548,0.009921583,0.0003722656,0.0983794,0.015116779,0.01043297,0.14924628,5.5439843e-05,0.39916962,0.002967251,0.004934456,0.0015157309,0.2166631,0.0002527081,0.0011142582
2734,0.42683324,0.23523337,0.0071945274,0.028521335,0.27144617,0.27809897,0.0037900188,0.6902878,0.018780563,0.020479053,0.024975091,0.060157586,0.009653718,0.0064767096,0.00997487,0.070531435,0.0008877871,0.23658362,0.043518912,0.0095558325,0.007180522,0.5961435,0.34661064,0.04368421
2736,0.014698005,0.05237872,0.021277193,0.0018442546,0.8265539,0.012948952,0.004918901,0.093268625,0.14357325,0.056486633,0.000693941,0.0011096632,0.19777672,0.0030819876,0.0059896917,0.013150662,0.00011211953,0.04058448,0.17803718,0.0053942883,0.010675687,0.067385405,0.00047239917,0.0024314472
2738,0.2895159,0.2270596,0.009838515,0.05914771,0.034995385,0.016321214,0.008972338,0.9209054,0.0049318876,0.0066604577,0.0025213151,0.18781623,0.00089707907,0.0054360623,0.003933488,0.0013739275,7.333298e-05,0.1378029,0.010142953,0.0018592825,0.008910385,0.12340631,0.83857596,0.060771376
2739,0.193965,0.18854159,0.059358694,0.038805217,0.3494135,0.20228785,0.046877377,0.31651863,0.111077935,0.16956194,0.03269398,0.043252457,0.61453724,0.060100976,0.028131917,0.12828736,0.01079578,0.086358994,0.29768035,0.05515798,0.034495067,0.4120985,0.031503096,0.08959209
2740,0.6692402,0.82809085,0.3420154,0.0073576793,0.5503132,0.035215404,0.009746394,0.08119505,0.5832058,0.545251,0.0038749215,0.034799848,0.07795716,0.018380832,0.067267805,0.021410674,0.0016316964,0.1335816,0.15069754,0.019006105,0.023369387,0.08256305,0.029624317,0.094176374
2744,0.020959716,0.039311882,0.007892119,0.04313108,0.1495514,0.05044986,0.006724193,0.92687386,0.02884724,0.055432905,0.033829097,0.034111477,0.06395604,0.059373867,0.022294095,0.031905167,0.00069582864,0.4105203,0.0069847526,0.007115379,0.029364457,0.14221893,0.021908136,0.051958516
2745,0.695398,0.08622875,0.0010986206,0.027877105,0.035485245,0.40010864,0.002640568,0.9568869,0.0006092216,0.002732966,0.043439142,0.15870598,0.0014788695,0.0010874708,0.00075242406,0.013581147,0.00010180229,0.085526794,0.0037056014,0.0012410212,0.0060574133,0.6417256,0.666751,0.1053416
2747,0.045188513,0.046941906,0.010050343,0.0012373887,0.07350034,0.026840635,0.002366098,0.26841643,0.029042002,0.12641789,0.00937451,0.004329483,0.926267,0.0024121946,0.0024456857,0.23976393,0.00026903863,0.026484603,0.20451689,0.013850941,0.0017356739,0.7276878,0.0014057679,0.006626485
2752,0.0004526756,0.005047598,0.0034249688,0.07162507,0.7523543,0.0026861813,0.53811234,0.089411594,0.011894196,0.010408419,0.0003500009,0.0068967235,0.0037995223,0.9282578,0.045966495,0.004503255,0.00016012907,0.08910792,0.0016709483,0.005052282,0.0038397722,0.0026081128,0.00078477105,0.0020445317
2757,0.09574263,0.0023398174,0.000109055065,0.0011290249,0.4569159,0.8912143,0.0019903858,0.5234859,0.0005698592,0.00031657395,0.006838331,0.00033558923,0.028377099,0.0005097662,0.0002483141,0.02585334,6.6046414e-05,0.0057037114,0.0022644203,0.00054736057,0.0039343536,0.68213063,0.0011260111,0.0042041535
2767,0.09172712,0.076976076,0.04484916,0.05340083,0.7675898,0.12381738,0.01880417,0.33737126,0.18217747,0.104766235,0.03260682,0.030716807,0.031995144,0.046677023,0.076799504,0.031841718,0.005382403,0.48540923,0.03391953,0.039074615,0.26656112,0.07383943,0.031886358,0.05726649
2768,0.006314598,0.009960936,0.0056331092,0.05828581,0.7813302,0.0621831,0.031765383,0.5960301,0.051289212,0.027208762,0.017003726,0.011585131,0.005084047,0.07896196,0.0695511,0.0165649,0.0012345732,0.6375209,0.0032812746,0.013915963,0.1274448,0.017658742,0.015011428,0.018157216
2772,0.39633274,0.33342323,0.024910076,0.008876655,0.24346721,0.33760595,0.001677878,0.27170962,0.06544918,0.11246367,0.027944056,0.013364978,0.23377316,0.0070246556,0.016886707,0.2041375,0.0016789503,0.14433838,0.09264974,0.020771762,0.01047346,0.7552943,0.016884286,0.058176666
2779,0.09392039,0.117890835,0.02833838,0.022918696,0.60921454,0.17225967,0.05546403,0.20940456,0.10531356,0.15845653,0.013379528,0.011375296,0.39798167,0.15161955,0.029895347,0.093117654,0.0032737802,0.14517836,0.12849633,0.03198976,0.0149755245,0.19879706,0.0058628563,0.024988014
2780,0.03644955,0.030150082,0.010964586,0.008031482,0.94444734,0.10128839,0.013368443,0.19282429,0.079000175,0.026943784,0.004975368,0.0032049667,0.040375963,0.037724745,0.040632818,0.033996448,0.0012563278,0.18597345,0.024601642,0.018003445,0.03425324,0.08517031,0.004569828,0.010788744
2782,0.005075082,0.054858144,0.008866333,0.012307896,0.85663587,0.013801625,0.0017954098,0.40212277,0.14263767,0.04674955,0.006337447,0.009382099,0.0035156186,0.044022255,0.12811835,0.012498682,0.00020521555,0.8076895,0.0021263417,0.0071513085,0.019109646,0.01384111,0.010894586,0.013666929
2785,0.059447996,0.04677881,0.022641262,0.046163477,0.44598365,0.09689105,0.12296183,0.54600996,0.056572795,0.05318062,0.009511279,0.02048337,0.09561867,0.048786793,0.015254516,0.046035327,0.0023570803,0.10004757,0.06368533,0.021874376,0.030048594,0.17371345,0.014172639,0.013878571
2786,0.031307418,0.064941,0.032238223,0.13807839,0.3502771,0.05730694,0.23794052,0.5560297,0.057802264,0.07144384,0.016138716,0.07352759,0.057271164,0.12670566,0.029166596,0.021383446,0.0032994398,0.17967495,0.0292731,0.02698468,0.04558319,0.06156103,0.030319218,0.03367858
2788,0.013681181,0.0011501969,9.1033886e-05,0.003953045,0.20726839,0.8727065,0.0008847332,0.7637261,0.00047303928,0.0009323304,0.0828259,0.0009188894,0.0392152,0.0030121475,0.0009766198,0.033162527,2.0914595e-05,0.11819137,0.00026309027,0.00036448077,0.0009953134,0.5548104,0.0009626284,0.005997396
2790,0.25316486,0.21939717,0.043142542,0.014090018,0.18903792,0.023185698,0.015422026,0.4668804,0.08100457,0.12625217,0.0064452738,0.01871233,0.26555672,0.0067888796,0.0107050035,0.0835982,0.0015902087,0.091428556,0.65153325,0.016048651,0.00879407,0.41640428,0.017252654,0.015669553
2792,0.17529494,0.015455686,0.0051562297,0.005136996,0.33294967,0.21021065,0.0048560183,0.1613477,0.007580892,0.05105921,0.012489835,0.00474839,0.7027389,0.0017213261,0.0033002268,0.096821874,0.00047995467,0.09437656,0.5160003,0.0070973085,0.0027312213,0.62002456,0.00707352,0.0056762914
2797,0.092989706,0.05691877,0.012448579,0.025327709,0.72146404,0.3063295,0.019828908,0.41789132,0.044073366,0.031069111,0.025311086,0.009902336,0.039187565,0.017960867,0.022950053,0.06878384,0.003471352,0.24066213,0.037063356,0.022841105,0.031075913,0.24055605,0.015861014,0.045629717
2800,0.05433003,0.023890043,0.007523,0.020618156,0.7721775,0.09097983,0.03812232,0.33657566,0.017155075,0.014698191,0.0060161804,0.010969303,0.06592101,0.030534828,0.015502055,0.026301352,0.0017463595,0.15194523,0.066317596,0.019263277,0.014221918,0.15206534,0.01392127,0.016820837
2803,0.78519917,0.67872995,0.022519618,0.0005442986,0.13468215,0.04449509,0.0010385845,0.07888867,0.043747324,0.059012912,0.0016634569,0.0045770607,0.31947076,0.00042671987,0.0018139612,0.113971926,0.00018261424,0.012398944,0.83855164,0.0035050418,0.0005988223,0.80575323,0.005310369,0.014136123
2806,0.0095309615,0.024150135,0.011110135,0.023585958,0.7977943,0.042603124,0.021228362,0.34209317,0.059052486,0.022399459,0.0033398292,0.0066119023,0.047576085,0.06477252,0.05222449,0.013025244,0.0007664283,0.37067664,0.012890004,0.0140860975,0.016053382,0.036082447,0.0060311323,0.011336024
2808,0.00035863472,0.0010834318,0.00023717692,0.0050828503,0.966276,0.012187478,0.00017901295,0.6182281,0.010067232,0.010809921,0.003083207,0.000317925,0.00026340454,0.060697127,0.058668375,0.0013848302,5.0278854e-06,0.97129273,2.6387243e-05,0.00083608786,0.003966859,0.0024022611,0.00084018847,0.0005916319
2810,0.015700923,0.025787752,0.0077950982,0.13253793,0.12191465,0.107357636,0.060264904,0.91880494,0.013875634,0.027337434,0.070883796,0.17050345,0.028223895,0.15842041,0.023165895,0.039172437,0.0015931404,0.22437657,0.00607392,0.01561253,0.055907417,0.19102804,0.14099635,0.07822513
2811,4.5735116e-05,5.428702e-06,1.0909399e-06,0.0001726094,0.8969546,0.022150453,0.00026083319,0.7546539,0.000102181686,0.0001619842,0.00010796746,7.5786434e-06,0.04158915,0.00066714955,3.0543943e-05,0.0028342097,3.9760351e-07,0.0123315165,6.112217e-05,0.00015405123,0.001766362,0.02970468,2.1129026e-06,6.0144615e-05
2814,0.014338863,0.028053937,0.019234281,0.010686628,0.8654821,0.031649332,0.034259107,0.14716437,0.07217607,0.054898586,0.0045384355,0.004309889,0.16230813,0.057682376,0.030550854,0.040721204,0.0012125868,0.17424098,0.0475146,0.025506746,0.013404794,0.065737605,0.0039598714,0.008960736
2817,0.2312636,0.034220647,0.003061156,0.038565647,0.25552857,0.6947502,0.009572831,0.8332321,0.010699466,0.01484981,0.075841755,0.017760547,0.027546175,0.0043232054,0.0037592317,0.07372712,0.0017472708,0.10147472,0.01285934,0.00763879,0.04225325,0.6045252,0.030738981,0.050200906
2819,1.6904252e-05,0.00025195625,4.0452567e-05,0.0005091335,0.8926395,0.00071982964,0.00012555116,0.9554715,0.00958033,0.008041662,0.00013439283,6.305644e-05,0.0040937187,0.02055651,0.00057958293,0.0004871167,1.6779929e-07,0.26813003,1.2478039e-05,0.00012065839,0.0039285948,0.0009882344,7.093784e-05,0.000111345704
2822,0.007732234,0.019944169,0.0041388785,0.012632963,0.8128891,0.016956655,0.001240044,0.54280275,0.03824167,0.0825636,0.011114674,0.0024344341,0.006906055,0.05971415,0.08889445,0.05761162,0.00019249436,0.9486475,0.013431931,0.008279718,0.007315136,0.05072647,0.009260585,0.0027923048
2824,0.05194031,0.176464,0.06326712,0.21328484,0.15483865,0.09295485,0.3951516,0.64517546,0.058915783,0.06877266,0.031955108,0.2433017,0.059699185,0.14264356,0.032625325,0.04487778,0.004358213,0.102477506,0.035846207,0.032859594,0.051873997,0.13261783,0.13054219,0.08303764
2828,0.03636823,0.022140007,0.0030414897,0.0012316072,0.26780075,0.08308005,0.002264702,0.10496725,0.008803911,0.036196478,0.00746756,0.0014898452,0.97400796,0.0108564645,0.0026285572,0.100656964,0.00032253185,0.04283334,0.06342953,0.013163862,0.0015639308,0.44866797,0.001391745,0.006979631
2831,0.39712095,0.40454996,0.043643095,0.02670965,0.5314135,0.066550694,0.036781676,0.21226254,0.08779222,0.10038662,0.0066399453,0.04709723,0.042221066,0.03758014,0.036098562,0.028927788,0.0029472585,0.23531358,0.16630611,0.017624767,0.027069772,0.17136517,0.027427956,0.13375469
2832,0.024049243,0.047990244,0.0076027573,0.012724595,0.89959997,0.0448471,0.006850648,0.42603955,0.05682745,0.020624882,0.0024911112,0.0062384265,0.01071447,0.029766697,0.033032544,0.008080089,0.00044970622,0.22072943,0.016046844,0.008261132,0.039265938,0.0449592,0.010070793,0.011593194
2834,0.79911953,0.9607254,0.13716447,0.00065522763,0.18383645,0.0021658165,0.00031317427,0.08376819,0.3927694,0.28038722,0.00023833915,0.022404252,0.03670753,0.0004528806,0.0038917232,0.004882423,3.600474e-05,0.033827946,0.7510875,0.0011125475,0.00091185846,0.093341306,0.012239085,0.02782477
2838,0.023398088,0.018163806,0.0060221353,0.03573257,0.78831315,0.25425446,0.010312694,0.38628703,0.045070637,0.079079404,0.0344323,0.0053940173,0.1019038,0.0985715,0.04448449,0.114814706,0.001866936,0.27478433,0.01004294,0.03240845,0.035393175,0.15642862,0.0054739118,0.01303915
2839,0.07327365,0.036472674,0.00934569,0.024076741,0.45771614,0.23204795,0.010484342,0.74201405,0.034180287,0.024087302,0.023138287,0.014828144,0.049105152,0.01649957,0.010584583,0.025490783,0.0014494262,0.08956658,0.018483825,0.016708784,0.09633645,0.22236094,0.016196063,0.035750624
2841,0.00010215353,0.00011975172,1.418863e-06,0.0027674916,0.5811456,0.076952286,3.49483e-06,0.99584746,0.0002043391,0.00018296734,0.0008479619,5.817826e-05,1.8479952e-05,0.00089038315,9.275771e-05,0.00027286622,3.993539e-08,0.5193312,3.359651e-06,1.3488144e-05,0.0011206415,0.012954804,8.344694e-05,0.00014278281
2844,0.36921763,0.6625628,0.07247869,0.042846162,0.20589924,0.13016023,0.011292914,0.6367342,0.086779565,0.067146845,0.030943813,0.272538,0.02508456,0.012975538,0.023457672,0.05182743,0.0016592866,0.20273092,0.05841569,0.017133107,0.027674612,0.34440333,0.18387915,0.15455036
2849,0.011305282,0.012231483,0.0025797866,0.029336594,0.2993245,0.119119406,0.010326837,0.87619394,0.0108135855,0.012921183,0.010338418,0.008216055,0.014858462,0.031559814,0.0068791104,0.011131169,0.00026326167,0.23588234,0.002192543,0.007683687,0.010307435,0.099321306,0.010865715,0.011559409
2852,0.1807614,0.025364695,0.0050819707,0.014047945,0.23042603,0.5292592,0.030158749,0.5769422,0.01203429,0.023360532,0.031885866,0.009636274,0.31831533,0.012767875,0.0031670579,0.23999715,0.002052541,0.027981011,0.05256874,0.016549744,0.019143416,0.68449044,0.005701594,0.020516602
2857,0.0073367883,0.105791785,0.06791989,0.08252463,0.6338215,0.009342225,0.013355153,0.48731193,0.24700218,0.24756926,0.011979511,0.025969295,0.020707795,0.6496441,0.36298978,0.022998918,0.0012241767,0.7981375,0.031097641,0.04297532,0.038467713,0.029767102,0.026347576,0.013426839
2863,0.44104278,0.9542619,0.4960826,0.00041550086,0.40822816,0.001098438,0.00022487881,0.032402664,0.7915056,0.894315,0.0001476211,0.004938801,0.119788185,0.0025858437,0.02263686,0.0059579783,1.8847502e-05,0.04487353,0.24985842,0.0023457296,0.0018482016,0.030508824,0.0027998257,0.022337798
2866,0.23864004,0.083782025,0.018640194,0.05025299,0.26800933,0.7441484,0.046089396,0.6012903,0.025006318,0.022539562,0.101654634,0.043704893,0.057810478,0.020447325,0.022390425,0.15252821,0.005303301,0.15023515,0.029020807,0.032353666,0.027254079,0.58623195,0.057564788,0.102305494
2869,0.13778323,0.047216672,0.005193711,0.0084353695,0.14884692,0.12630132,0.03579244,0.17989469,0.0070640254,0.014126989,0.0070323893,0.006996814,0.47199523,0.0035736621,0.001665334,0.10258189,0.00071275,0.007041445,0.27562475,0.0077643124,0.004071907,0.7113546,0.0044211266,0.01434613
2871,0.0023065116,0.0067003323,0.00034761213,0.0015293139,0.63156474,0.27134457,0.00023517507,0.9064889,0.008552397,0.004937407,0.016734703,0.00039624376,0.00043752682,0.0016335096,0.0015322407,0.003399257,6.7787214e-06,0.08368915,2.275523e-05,0.0002441492,0.020347062,0.063459575,0.0015356921,0.014864843
2872,0.025113849,0.015249954,0.004996599,0.021622356,0.6972222,0.09038335,0.007830479,0.6722144,0.024975603,0.029723002,0.01630393,0.010067089,0.018547893,0.041221965,0.020559296,0.01614401,0.0007998831,0.27327648,0.006921131,0.02076828,0.03564413,0.09714411,0.050623015,0.023352956
2875,0.3572426,0.05641239,0.013001445,0.023525275,0.46680975,0.43578145,0.011978496,0.46967357,0.03376477,0.05214276,0.07548341,0.014638791,0.18214443,0.012939851,0.025011934,0.15785657,0.0068384316,0.150566,0.056625962,0.030788464,0.088894784,0.57201684,0.028506914,0.06757361
2878,0.041337106,0.043029495,0.0178111,0.031148393,0.5602609,0.09399693,0.07936682,0.4261246,0.03571981,0.020882696,0.010381253,0.01740622,0.15518443,0.056416173,0.01517494,0.03979789,0.0033709155,0.06297802,0.04971054,0.029356778,0.042740367,0.2097708,0.016497131,0.028798612
2891,0.3336945,0.39024213,0.023388393,0.0031137543,0.26839885,0.021047708,0.0031962208,0.19032887,0.10023219,0.02875602,0.0019517759,0.020077068,0.2700046,0.004519938,0.0032904558,0.013122858,0.00032309812,0.04419262,0.3164556,0.009520052,0.004515505,0.28587258,0.006432017,0.051283203
2896,0.00034840257,0.0026876684,0.0013990639,0.0002549415,0.97332084,0.0014056982,6.319333e-05,0.5481085,0.2079821,0.017092917,4.701328e-05,1.9072158e-05,0.0037122194,0.007993925,0.0024313927,0.00036867612,7.812727e-07,0.2892185,0.00018870209,0.0006291971,0.023155095,0.0007394198,4.668642e-05,8.0731814e-05
2898,0.018006066,0.012056284,0.0024976437,0.0015353368,0.9636299,0.03077847,0.0004027652,0.21673808,0.049894918,0.02803886,0.0004483917,0.00023389288,0.008908566,0.00859261,0.017777184,0.009052099,5.0104907e-05,0.49270588,0.0064844554,0.0026701374,0.0037818216,0.034114648,0.00042837232,0.0013435738
2911,0.03784059,0.023440702,0.006891987,0.0076224254,0.5286554,0.04059609,0.0054593724,0.31892335,0.054007605,0.058737367,0.0040814197,0.0017092662,0.25992358,0.02316146,0.00953668,0.012402513,0.0003189387,0.085737824,0.048048165,0.0069650915,0.013720436,0.106930286,0.0009812802,0.018041687
2914,0.027216528,0.060296223,0.03770621,0.03593467,0.77761024,0.047852393,0.17865227,0.2433255,0.08528334,0.023682337,0.0033934836,0.014609278,0.05429836,0.03396775,0.03405402,0.018651344,0.0021168482,0.19351001,0.16790625,0.02123714,0.017054938,0.061393093,0.008413347,0.012092534
2920,0.2943195,0.013530823,4.2606862e-05,0.00021745771,0.55920136,0.97604346,4.444497e-05,0.17794886,0.00062495796,0.00025705103,0.0039328956,0.00012310217,0.009729795,5.6383396e-05,0.00012704037,0.007937953,7.77641e-06,0.028167361,0.0007678099,0.00025912072,0.00037010407,0.7204106,0.00043604043,0.00923156
2923,0.726888,0.4418568,0.02246566,0.010620562,0.13518341,0.11608345,0.011032638,0.21676995,0.035916533,0.043273542,0.008487297,0.03824479,0.38802502,0.005994722,0.005206029,0.03390269,0.0018032256,0.056253344,0.5448891,0.011865699,0.0078022373,0.48126167,0.04670433,0.07458352
2931,0.028319241,0.08829033,0.020159153,0.031591237,0.7490536,0.029387986,0.01977772,0.5080529,0.101443835,0.057773087,0.008311242,0.02151032,0.023557436,0.21274276,0.094796084,0.024396615,0.0014459975,0.6106551,0.017642405,0.026598148,0.026136525,0.038083863,0.03261041,0.027067455
2946,0.55343276,0.007354141,3.0910724e-05,0.00024802404,0.44236007,0.9861022,6.220359e-05,0.8145751,0.00042086173,0.00026527353,0.009575775,0.00014692023,0.0009556496,0.00012099712,9.707791e-05,0.01473748,9.771231e-06,0.021733461,0.0002110673,0.00016854184,0.001482134,0.6480119,0.0007330243,0.0032896895
2950,0.07298414,0.039448734,0.008111194,0.00930021,0.8965207,0.62163305,0.0075995806,0.19473371,0.055612504,0.02643475,0.023100996,0.004163782,0.05783556,0.008842592,0.01215776,0.06657779,0.0012666888,0.08979026,0.014209195,0.01604844,0.029622706,0.18061571,0.0056196293,0.015520389
2951,0.36065996,0.049994495,0.0034142989,0.08534719,0.095034815,0.019402115,0.018298304,0.8716291,0.0017269119,0.0038105045,0.0030807515,0.27224758,0.0014718666,0.0027682777,0.0018433927,0.0020859314,9.269492e-05,0.1383336,0.030936439,0.00219691,0.0067948145,0.14302906,0.9085071,0.020128766
2953,0.00059106044,0.0014570495,0.00030618996,0.023670664,0.41078433,0.072422385,0.0023461306,0.9734152,0.0065337676,0.0044439514,0.010844611,0.0035428335,0.0025020647,0.044117253,0.0065297023,0.0059347646,2.6589172e-05,0.5319748,0.00013788676,0.000934058,0.009969634,0.035454836,0.002691361,0.004371915
2958,0.0019694348,0.009528037,0.0028851829,0.016071023,0.8540735,0.006939643,0.06641812,0.52367675,0.020920388,0.003126542,0.0003212399,0.0036353336,0.0008891806,0.05557152,0.0099633625,0.0010259247,6.958285e-05,0.12493594,0.001982515,0.0016592304,0.025984742,0.004703769,0.0029086373,0.003625134
2961,0.0037810116,0.011909932,0.0029226816,0.027995199,0.32471308,0.11638749,0.020679975,0.60157347,0.016248884,0.027289212,0.020274747,0.017510401,0.078313634,0.088842966,0.017648604,0.023727188,0.00033673973,0.1158626,0.0016288846,0.0055888067,0.026134301,0.11037961,0.0041706446,0.024471683
2964,0.09704007,0.66672117,0.03107844,0.0005097565,0.35420865,0.0031263626,0.0007020958,0.1132438,0.17707689,0.13567413,0.0003706408,0.0020312956,0.46852285,0.0028313221,0.003154402,0.014093762,3.8740527e-05,0.04732466,0.261897,0.0022297555,0.0012405951,0.14772914,0.001192843,0.019028973
2967,0.16786331,0.3882325,0.08432234,0.03277473,0.35519114,0.071642764,0.012654519,0.288575,0.11864293,0.21735734,0.024496097,0.08302502,0.3237178,0.042730987,0.043088708,0.18692626,0.0067772954,0.14986047,0.28626987,0.062346336,0.016551469,0.46088803,0.0726167,0.067572124
2969,0.30159986,0.28516734,0.098502554,0.09073153,0.36385375,0.19158004,0.02995528,0.43386197,0.15348391,0.13161018,0.081986316,0.14292732,0.15467943,0.06671512,0.14209509,0.097786725,0.016646707,0.27391693,0.10434036,0.090585105,0.08544836,0.4163184,0.29443094,0.32079798
2975,0.3776198,0.034892533,0.005487359,0.03391169,0.41762227,0.8887821,0.019351965,0.5910113,0.01627311,0.011541802,0.15265617,0.020059096,0.05252188,0.013812287,0.0100252535,0.20829059,0.0060844678,0.09353559,0.022975001,0.019595053,0.053745724,0.71794426,0.021886116,0.041448064
2976,0.18645707,0.11066388,0.0021761751,0.00039350244,0.9835725,0.41757154,0.00021723309,0.08569344,0.058173537,0.0048908824,0.00030615463,0.00031463263,0.0028966959,0.0021763728,0.0066546556,0.00052097137,2.1736398e-05,0.09832883,0.001270155,0.00089583965,0.0070654475,0.022023482,0.0004978926,0.006693221
2978,0.26958248,0.009379679,0.0002546415,0.0139295915,0.2193472,0.95073783,0.004380599,0.9082954,0.0011321811,0.0008276834,0.052029986,0.0070334985,0.015083485,0.0022874733,0.00078149413,0.022412933,0.00030414292,0.059035134,0.0026311837,0.002737986,0.013386058,0.60890216,0.0086749075,0.029180575
2979,0.12238002,0.026941886,0.010992587,0.031012781,0.7814385,0.42952195,0.05036704,0.2017188,0.023153545,0.01926666,0.026396127,0.010453429,0.08708324,0.023903262,0.0249929,0.13011527,0.005421526,0.17084312,0.066110745,0.038477667,0.026400398,0.3822118,0.013070015,0.021993872
2983,0.5633201,0.3546688,0.0048293434,0.05038611,0.020657655,0.044596706,0.008451358,0.9049567,0.003487011,0.0027168132,0.0077407444,0.16209881,0.0045451834,0.0015066758,0.0007069676,0.017469736,0.00014872031,0.034904573,0.113434836,0.0011608385,0.0030694942,0.6095449,0.24584955,0.048754197
2989,0.28282422,0.61279464,0.0042058593,0.02409655,0.097751975,0.17564096,0.0020839612,0.88375634,0.008220054,0.0034251753,0.003974882,0.16476241,0.00056657323,0.0030147964,0.0025736515,0.0015043385,7.4468895e-05,0.08999493,0.0010048293,0.0010522536,0.008989407,0.12127923,0.19853938,0.42774382
2990,0.5783096,0.41078678,0.0036790264,0.0085930005,0.24963835,0.073992066,0.0010930732,0.6143824,0.008303295,0.0069322963,0.0050418996,0.04430671,0.0015039237,0.00097354053,0.0040029846,0.0012804474,9.36921e-05,0.21912748,0.015270533,0.0007159854,0.007614224,0.17073081,0.17980926,0.26197085
3004,0.04031853,0.00932881,0.0038500985,0.0117591,0.3153692,0.56560904,0.015933493,0.58342063,0.014656298,0.014903962,0.07952272,0.0053521716,0.19964148,0.018960595,0.0073833936,0.2996518,0.002708785,0.076435596,0.012552932,0.018233681,0.05213628,0.5125382,0.0057196724,0.0149419885
3005,0.1672376,0.07942031,0.031553395,0.06347615,0.34457678,0.36482686,0.06345858,0.41229165,0.04701338,0.12537453,0.120830745,0.0588814,0.4316769,0.039268415,0.02310632,0.46132666,0.012614693,0.12830918,0.28711635,0.06156343,0.039093286,0.6626601,0.03578472,0.051050752
3009,0.008749253,0.007935099,0.002347375,0.0024952095,0.851984,0.011161314,0.00059838494,0.6418677,0.10069869,0.07104482,0.0011616838,0.000505334,0.013786122,0.010587319,0.006938428,0.0027471907,5.4443964e-05,0.103576474,0.002382789,0.002574201,0.21510123,0.024645653,0.00046124388,0.003259365
3020,0.12141472,0.32338014,0.07631301,0.017038886,0.6166832,0.05696565,0.014389779,0.1927215,0.18743427,0.17045286,0.004531945,0.016142933,0.053875193,0.024698975,0.022096727,0.025449673,0.00095354987,0.11699426,0.26950148,0.0139990505,0.017347239,0.08407368,0.0057699634,0.027569592
3028,0.7535408,0.5584539,0.015110555,0.003928264,0.23750299,0.07188102,0.0005209823,0.48585135,0.04819191,0.03990222,0.0052712336,0.012209358,0.007893306,0.0013051361,0.009750132,0.041049615,0.00020221135,0.15279002,0.12234772,0.002593449,0.005866334,0.57332766,0.025766829,0.046216026
3030,0.20652905,0.21913338,0.16970861,0.10373379,0.3919027,0.1286792,0.13168448,0.2905491,0.20168172,0.20517977,0.034954984,0.07984013,0.30094957,0.09838054,0.07141865,0.09891971,0.017744606,0.13437337,0.34065825,0.1066046,0.077170946,0.24219175,0.043818753,0.09072357
3036,0.008958933,0.017909123,0.014600898,0.13623236,0.4656637,0.0427794,0.324516,0.41428277,0.031017398,0.05977407,0.015508371,0.036608588,0.1915482,0.23952657,0.025995096,0.04417549,0.0028475204,0.17560023,0.0481222,0.026719725,0.026606416,0.061893918,0.015678734,0.01581935
3040,0.13019028,0.23597462,0.030977963,0.0031931049,0.12665983,0.010171334,0.023982598,0.11746047,0.07644842,0.0695553,0.0007049809,0.010344152,0.103914976,0.0007784769,0.005073357,0.013442873,7.246714e-05,0.0735864,0.5062251,0.0024154051,0.0009770753,0.16465743,0.006502781,0.01894812
3041,0.14816575,0.06435277,0.019723056,0.02249487,0.523962,0.46886423,0.022135427,0.5056632,0.055468965,0.04711403,0.04310136,0.014354966,0.124771886,0.02127054,0.030290276,0.14065385,0.0062103816,0.16539551,0.06665137,0.027769906,0.093651526,0.4918888,0.025358696,0.05381558
3042,0.9097834,0.017771006,2.8949318e-05,0.00084432523,0.51711935,0.8174501,9.474264e-05,0.55669916,5.7404177e-05,6.990436e-05,0.0020616169,0.004081075,0.00019906371,1.5572472e-05,8.584603e-05,0.014000525,7.025539e-06,0.018295739,0.004351047,9.158768e-05,0.00011574406,0.95975614,0.028918024,0.009274132
3051,0.001979682,0.0009987155,0.0003390218,0.0009037007,0.61159605,0.631372,0.0017999044,0.106332645,0.0037651402,0.012297218,0.015061554,0.00013355761,0.74247736,0.006500575,0.0006195044,0.3637075,6.2570005e-05,0.03180451,0.0038571607,0.003942327,0.0011952035,0.4654424,7.4761694e-05,0.0004757072
3052,0.075185165,0.038386934,0.018539565,0.021747947,0.40959752,0.18507208,0.12346076,0.15491481,0.028540326,0.07866072,0.014991479,0.019539688,0.7300191,0.08703007,0.010854847,0.13392743,0.004436828,0.034078114,0.097376764,0.03803689,0.015295592,0.34938335,0.012472673,0.024731997
3054,0.032607984,0.044541832,0.05136101,0.13841242,0.3639736,0.03657923,0.7821795,0.13514668,0.05261989,0.058202576,0.008389355,0.052361246,0.09715275,0.15904267,0.033885863,0.03870531,0.0052817105,0.0996651,0.09379077,0.032341678,0.028529445,0.060546305,0.014676937,0.028818993
3056,0.07451307,0.10169226,0.030664412,0.010372543,0.8161114,0.11286235,0.013569072,0.41786903,0.26646668,0.055983443,0.0047348766,0.0058654197,0.04369704,0.021681223,0.015883842,0.017311359,0.000906554,0.10287422,0.02598278,0.016405756,0.049384262,0.068195224,0.005619304,0.01744174
3062,0.018100675,0.05604158,0.0119343605,0.0018902429,0.9808732,0.040237986,0.0013444858,0.12376464,0.52658975,0.12213087,0.0010395783,0.0006709354,0.013128293,0.0070304624,0.02419202,0.0027004392,0.00019578685,0.07447794,0.004348187,0.0031295398,0.3680705,0.0070274333,0.00062726525,0.004545867
3067,0.12256528,0.05625788,0.01181914,0.00925877,0.28053406,0.34850293,0.013870227,0.33486262,0.023830898,0.06343,0.028961105,0.013398974,0.42212194,0.0077829002,0.0047525554,0.39579904,0.0019728998,0.033711176,0.07487191,0.013032537,0.011644008,0.7449059,0.009794003,0.024710152
3072,0.12784703,0.1232897,0.015974721,0.0023789667,0.6197474,0.52100176,0.0031279945,0.105119914,0.057149556,0.086642094,0.020808965,0.0063596065,0.64001244,0.00678832,0.008363272,0.10509233,0.0012758931,0.0367871,0.05799747,0.020364318,0.010822752,0.43591484,0.0029392557,0.05043409
3073,0.020782297,0.032633092,0.009020577,0.01499386,0.58058405,0.053055044,0.0037300847,0.80811584,0.062584326,0.024294434,0.011861205,0.010127936,0.011872986,0.040957157,0.015707219,0.0036284644,0.00019846918,0.38522723,0.002940339,0.0063628014,0.066372894,0.02785586,0.016815193,0.03293877
3081,0.019201763,0.03314589,0.007458755,0.0010495101,0.90051585,0.069857284,0.0019798449,0.014363604,0.0650619,0.15926981,0.0016016184,0.0004274527,0.8834857,0.020417748,0.011894297,0.07966039,0.00023794136,0.04257687,0.035144795,0.018984683,0.0035817504,0.1505726,0.0004396528,0.0028325946
3083,0.023987845,0.008046908,7.8780395e-05,6.123489e-05,0.9865116,0.2763186,0.000772189,0.0297203,0.0038393766,0.0006531626,7.368706e-05,4.429129e-05,0.0071879663,0.002699435,0.00015996821,0.0015542804,3.3422216e-06,0.0026525073,0.00063562975,0.00018849153,0.0014649378,0.022065908,2.4330828e-05,0.0009677625
3086,0.0020428116,0.0025877173,0.0005176838,0.0058913706,0.10606888,0.05780339,0.0010454691,0.91584796,0.006821331,0.03706829,0.01232682,0.0013159042,0.108727284,0.011834153,0.0011563991,0.11760848,5.4135875e-05,0.14782806,0.0015697828,0.002770943,0.0014463301,0.30586419,0.00035231133,0.0019191104
3093,0.0050344635,0.01652813,0.0048941695,0.11467654,0.5257367,0.017171236,0.029887255,0.80823934,0.026576607,0.026749242,0.010372063,0.023977563,0.0022208027,0.17161986,0.0396054,0.00534225,0.00035107145,0.5987823,0.0021495179,0.0060171043,0.081037335,0.011416865,0.017540285,0.012937211
3097,0.095512606,0.030425917,0.00647125,0.018980756,0.6082814,0.6635444,0.018180896,0.42547363,0.022926241,0.032057576,0.089739375,0.008224822,0.28046224,0.036148213,0.019416489,0.2567269,0.003731231,0.14449899,0.038990114,0.030366613,0.025169173,0.5166193,0.011150032,0.03235829
3099,0.7512329,0.024558222,4.6929872e-05,0.00015504638,0.17710571,0.90683436,0.00012184651,0.2515102,0.00023019289,0.0006191647,0.002020998,0.00016951935,0.023483688,4.472294e-05,3.000107e-05,0.022082401,7.834874e-06,0.0020943545,0.012829285,0.00018237741,0.0002200509,0.8817176,0.00031101587,0.0076402323
3104,0.0034625726,0.0077656894,0.0017792874,0.0018919198,0.9918507,0.03467856,0.00023858402,0.06097648,0.043793466,0.090218425,0.0015327471,0.00018587842,0.06400197,0.012843104,0.024288977,0.06439878,8.592712e-05,0.2621045,0.0068176133,0.006332908,0.0088328775,0.06231675,0.00022345726,0.0008363344
3108,0.84244525,0.8533226,0.04954501,0.0012990031,0.2892352,0.04500243,0.0023434868,0.048439518,0.10399094,0.14522356,0.0013891818,0.0086000115,0.20213565,0.0014226083,0.0045792926,0.07477919,0.00044177187,0.02821875,0.81885815,0.005699654,0.00087237585,0.57973963,0.011837421,0.030901657
3112,0.002695525,0.0014464548,2.752713e-05,9.385575e-05,0.98626643,0.16187742,7.695756e-05,0.055109628,0.0011086793,0.00088281743,0.00037999466,4.5238317e-05,0.087951995,0.0029265112,0.0009975444,0.008698431,2.3041755e-06,0.21605599,0.0013102713,0.00048577107,6.575368e-05,0.090119086,7.682624e-05,0.00046437795
3116,0.51553303,0.22909081,0.03402632,0.031706065,0.46178985,0.22663811,0.03707167,0.272483,0.0661947,0.03864899,0.0112965135,0.022600755,0.029321127,0.0136537645,0.01396377,0.028180288,0.0022570845,0.086465694,0.0991993,0.012917797,0.037150137,0.1833982,0.023132445,0.04137918
3117,0.0014695872,0.012355189,0.013681329,0.21459585,0.08585655,0.004329302,0.8955771,0.4443012,0.0103860665,0.015715912,0.0018693313,0.07117863,0.043332994,0.7994594,0.01068385,0.009276638,0.00042559637,0.02666463,0.019178191,0.0067396145,0.010033084,0.023110645,0.0061425706,0.007683506
3119,0.09901778,0.10219477,0.030094618,0.086612135,0.3248044,0.024316298,0.08698234,0.7175617,0.057408564,0.06600982,0.0069406587,0.050213277,0.011431303,0.04422607,0.012654447,0.013697785,0.00078940624,0.16195907,0.080219194,0.011435291,0.07647101,0.05751402,0.13853024,0.019944914
3124,0.02474008,0.28843954,0.090459555,0.026055938,0.7579951,0.01649382,0.09938092,0.08273957,0.24799433,0.113580264,0.004377101,0.02432947,0.14206634,0.5368774,0.09575019,0.043539103,0.0024619119,0.19472663,0.09009225,0.039506752,0.019900091,0.047617983,0.010292425,0.03943246
3134,0.5704777,0.84211105,0.017252345,0.010285636,0.02242063,0.0034361728,0.0003374617,0.7496916,0.042519394,0.19241963,0.0008936363,0.22037885,0.0030243464,0.006380864,0.011406418,0.0011959267,2.3899182e-05,0.18885824,0.0075785033,0.0014695061,0.0033995076,0.060808547,0.12211322,0.12364912
3137,0.2899749,0.27381632,0.036551915,0.008080422,0.25607327,0.2279111,0.008115665,0.17722842,0.07929674,0.18207772,0.015822446,0.015533509,0.7853409,0.018012742,0.0075151073,0.13822596,0.0024147332,0.029748451,0.12661666,0.02896549,0.007946353,0.5098984,0.015958177,0.039014958
3138,0.049930125,0.35720065,0.015531889,0.0014668629,0.8047812,0.025868246,0.004734382,0.12236102,0.12930346,0.014475954,0.00040862116,0.0026607825,0.11038237,0.010355073,0.007136688,0.009089348,0.00013830603,0.027717499,0.05887152,0.0034055177,0.0050210096,0.09014191,0.0034174982,0.019960765
3141,0.056678757,0.00011484004,1.2144929e-07,3.0302037e-05,0.24507168,0.99812305,2.0769914e-06,0.96786046,1.1300658e-06,1.6884072e-06,0.011004661,1.2736138e-05,0.00036739357,7.380922e-06,6.2235426e-07,0.040258814,9.0524466e-08,0.0016824146,9.148717e-06,1.3860325e-05,1.7479439e-05,0.9633133,6.623677e-05,0.00021268203
3144,0.009948068,0.008624444,0.008246843,0.010964477,0.9606289,0.042820234,0.004919676,0.377091,0.24714032,0.06343637,0.005346699,0.0027237975,0.0075290683,0.032704614,0.041327666,0.007681346,0.0007433061,0.22230674,0.0027052127,0.008707152,0.4328464,0.013447529,0.0020393885,0.0054676486
3147,0.3313982,0.075571805,0.012563174,0.01322961,0.81201065,0.6385939,0.019706782,0.23969674,0.05895984,0.024045423,0.022756238,0.0053765904,0.07728173,0.018779522,0.011773095,0.10607699,0.0032911235,0.05739285,0.041784592,0.019223616,0.025700837,0.40870935,0.006692521,0.032848846
3152,0.009387546,0.0045182477,0.003799598,0.0076106363,0.55826324,0.034550477,0.026726233,0.30519152,0.0119058015,0.01801898,0.0027022338,0.0028846094,0.5060275,0.019978594,0.0033653644,0.052399684,0.000537893,0.038258474,0.055775505,0.0097359205,0.0056115505,0.24681887,0.0015506698,0.003691841
3155,0.022457406,0.014722519,0.0040311697,0.003451789,0.4211361,0.05299396,0.012715588,0.0772803,0.009667962,0.024112003,0.002748065,0.0023407436,0.82510245,0.0063726436,0.002416482,0.06850072,0.00023344236,0.026662711,0.1341271,0.009435693,0.0009352063,0.41156167,0.0015629096,0.003540664
3157,0.010078982,0.047614723,0.0045323046,0.0074364105,0.65010697,0.016266301,0.0035813726,0.7777816,0.03515136,0.04099324,0.0020974192,0.0065991986,0.013766214,0.016503112,0.011727773,0.019026352,0.00010505704,0.24384913,0.0036551899,0.0026626673,0.008816141,0.08040264,0.0044501177,0.013872608
3162,0.08161713,0.06452596,0.019405136,0.05370931,0.4477816,0.057528973,0.023247443,0.7586649,0.09867176,0.055257134,0.016293203,0.033705253,0.021143164,0.056696072,0.028456978,0.009565225,0.0019250638,0.14307101,0.012859019,0.014974421,0.56791466,0.05632501,0.03708984,0.075671196
3167,0.13038951,0.355444,0.02337982,0.0021363117,0.07630713,0.02378474,0.0020620653,0.19547728,0.06648973,0.16304146,0.00218249,0.006577736,0.3491914,0.00314049,0.0040830737,0.021978784,9.033551e-05,0.027402256,0.024246274,0.0038349095,0.0016832276,0.19155633,0.0028918672,0.04540504
3170,0.014081409,0.03354891,0.014818035,0.073313415,0.69317853,0.07141343,0.06503322,0.61083066,0.033500046,0.03090618,0.017138867,0.024927817,0.014544203,0.07737649,0.051603753,0.036365744,0.002183783,0.5539147,0.014020379,0.0265738,0.026932629,0.070859306,0.036988217,0.019616721
3171,0.07732737,0.27122062,0.04562866,0.015544049,0.5992322,0.13185015,0.008105112,0.5028187,0.21425895,0.050489906,0.007971374,0.019909287,0.02874481,0.02588457,0.04691589,0.026108403,0.0008046895,0.19117074,0.012615845,0.020553036,0.021691196,0.097023316,0.04096008,0.029929167
3173,0.090745874,0.05941366,0.0115180155,0.08225252,0.45033097,0.19338185,0.016200393,0.81477237,0.058501903,0.026788214,0.06086257,0.050793063,0.009898265,0.049670998,0.043719124,0.022872277,0.0035207672,0.5656102,0.010475402,0.018568339,0.16237512,0.11105433,0.09281822,0.09469266
3174,0.59429455,0.15201706,0.009328365,0.016570378,0.26815745,0.28958935,0.012454198,0.2814453,0.0129875075,0.029156053,0.022101369,0.028083118,0.1839901,0.013556868,0.005444811,0.14984429,0.002834075,0.031863365,0.1612553,0.019977456,0.005371427,0.74616605,0.09313705,0.047467764
3175,0.057687756,0.13579571,0.022725541,0.04343826,0.26240888,0.06978033,0.09420326,0.5387613,0.03647514,0.01099871,0.0045800074,0.077972054,0.013119306,0.027341263,0.015590634,0.0030755498,0.00066541537,0.07903544,0.012767868,0.008053622,0.037907816,0.06003402,0.011091104,0.3134307
3177,5.0373103e-05,5.2272797e-05,7.654388e-06,0.0004977268,0.9909887,0.006374057,0.0001354656,0.6944719,0.0006476763,0.00012275473,3.734307e-05,8.2610395e-06,6.455606e-05,0.002404083,0.0020228047,0.00013438002,3.6207635e-07,0.8732976,5.702205e-05,0.0001347741,0.0017073617,0.0007141656,3.421944e-05,2.4537721e-05
3178,0.04957456,0.0072340923,0.0002053794,0.006285945,0.20994577,0.8896214,0.0017906219,0.86082965,0.0010939715,0.0019114756,0.028841488,0.0019923057,0.0127694085,0.0006745434,0.000595805,0.098698005,8.715632e-05,0.076129496,0.0021477605,0.0012021031,0.0018453196,0.6711344,0.0019252324,0.007491444
3179,0.07786918,0.028908102,0.019872623,0.030428259,0.8130958,0.23553161,0.09827711,0.2575782,0.043096486,0.024103241,0.0115975,0.01810644,0.06342988,0.04232549,0.030875098,0.03653386,0.004724699,0.18641806,0.04750812,0.031942606,0.06814275,0.09847981,0.018746506,0.023491671
3186,0.00017430085,0.001295878,9.7862554e-05,0.0016235358,0.905722,0.002484878,0.0001806016,0.7421831,0.004412079,0.0030475743,0.0004762373,0.00015173007,0.00050385256,0.0105159795,0.013271077,0.0024198329,2.1864046e-06,0.9581275,0.0004902138,0.00037739752,0.0012169426,0.0047008186,0.0010820332,0.0003578281
3191,0.01845769,0.07274699,0.016806677,0.09341445,0.26955688,0.023767259,0.021543955,0.7957394,0.051264126,0.064833656,0.015322843,0.051699687,0.015099395,0.16116542,0.050248414,0.0146490075,0.0008222993,0.43235865,0.012952274,0.020483635,0.026916185,0.06499495,0.05665508,0.036508925
3192,0.41324583,0.11139769,0.016144592,0.032414734,0.3701576,0.50299495,0.008892817,0.6456274,0.031003151,0.017083323,0.035417333,0.04766986,0.017629277,0.011945601,0.0106242215,0.050791603,0.0023221602,0.07281752,0.024269765,0.015174947,0.053974845,0.55100405,0.06026787,0.06007705
3198,0.00028073907,0.0015315798,0.0002456916,0.0056722937,0.9158612,0.004731687,0.0012647057,0.93026006,0.04132348,0.009776432,0.0013507716,0.0006201678,0.002945583,0.05227552,0.0036800592,0.0017274651,1.400466e-05,0.42470434,0.00021011714,0.0008322491,0.044133704,0.0026113933,0.0012006412,0.000833079
3200,0.017100088,0.02626215,0.00711481,0.31567997,0.051090766,0.027918596,0.36979637,0.88072556,0.0038669144,0.0038607826,0.003334459,0.38414645,0.0016624134,0.030912165,0.0045819054,0.0014617132,0.00016051567,0.052164845,0.0018272706,0.0021121989,0.041068133,0.023322253,0.3895556,0.043402795
3211,0.0026998266,0.0034396707,0.00014724841,5.4896806e-05,0.027312176,0.007285269,0.000100382254,0.07438657,0.0008977307,0.029717574,0.00048025328,4.691743e-05,0.998417,0.0005404039,3.5283294e-05,0.44613677,2.3056416e-06,0.0019516875,0.08983202,0.0013697088,1.4556327e-05,0.8976421,3.889612e-05,9.805039e-05
3216,0.00091880397,0.0029052873,0.0008316609,0.00066919014,0.099822976,0.045361545,0.00015227386,0.44654268,0.005629174,0.038482554,0.005891166,0.0003267182,0.9359962,0.0032770012,0.0012061122,0.4185706,1.4866923e-05,0.08097754,0.011331269,0.0027833355,0.00036794596,0.65747136,0.00013372327,0.00034940097
3220,0.043469734,0.017339326,0.0019309676,0.017787686,0.48722526,0.1718184,0.0065947515,0.8111979,0.013371614,0.010050139,0.0130784875,0.007251877,0.007727819,0.022967707,0.009000485,0.024301354,0.00035029463,0.1619066,0.0040898095,0.0032194683,0.025216226,0.22105937,0.0131439185,0.02310978
3223,0.42614534,0.5939779,0.043299835,0.0106526725,0.43585756,0.092075534,0.009663113,0.3940057,0.1466804,0.049070764,0.002200765,0.023446145,0.013864358,0.013057603,0.011449482,0.005861667,0.00047422733,0.043337416,0.045883007,0.004976931,0.04426249,0.08383615,0.019404659,0.08535835
3224,0.0028377955,0.015361555,0.01582534,0.0036409653,0.9654845,0.007604952,0.004184047,0.09263273,0.18562731,0.046286546,0.0008485532,0.0009473361,0.037840806,0.057805166,0.035234477,0.005983815,0.0001124356,0.2544108,0.0060210875,0.0069731795,0.04018637,0.009079312,0.00055539195,0.0014577988
3225,0.017377853,0.039327323,0.016065355,0.04018569,0.7150667,0.062250026,0.0096580535,0.7085479,0.06371772,0.10719662,0.028327871,0.016378079,0.0296547,0.09647799,0.08649217,0.07156973,0.0019927914,0.74427956,0.019378323,0.0271385,0.037986815,0.092858,0.03845785,0.014865625
3227,0.58649945,0.022212816,0.0010065803,0.041104376,0.06329528,0.92823434,0.010924845,0.8485842,0.0010712974,0.0031213036,0.16417675,0.060427908,0.007490589,0.0025729798,0.00092282495,0.29147717,0.00061865855,0.07089246,0.0062039723,0.0045319167,0.007195753,0.84548163,0.08670511,0.02163306
3228,0.006397386,0.0021090617,0.00046685498,0.011730983,0.83558095,0.39487895,0.0023185592,0.6430403,0.0026261967,0.005293432,0.051263854,0.003073702,0.010433752,0.01092023,0.014114615,0.16523202,0.00034745142,0.5036472,0.0036030929,0.011212849,0.0039720847,0.35158533,0.007392223,0.0066499324
3230,0.30909216,0.10360882,0.009232152,0.029858498,0.18194617,0.23193327,0.023226652,0.578737,0.0113084335,0.026286237,0.0210792,0.04272227,0.09683079,0.01041122,0.0059560807,0.12298771,0.002629046,0.04717286,0.102674335,0.01893544,0.011982831,0.6419799,0.14148857,0.03571911
3236,0.0034455338,0.005851573,0.0018321536,0.00042948738,0.9838674,0.023594763,0.00091694255,0.021712838,0.044095118,0.038720664,0.00073660613,8.2887665e-05,0.4154016,0.024075434,0.015191232,0.087997064,4.744846e-05,0.180415,0.011704517,0.006741237,0.002210837,0.079726666,8.71766e-05,0.00061971793
3237,0.078400455,0.029119816,0.002987548,0.0056723286,0.88460624,0.2105935,0.013420322,0.17805322,0.02154857,0.015602186,0.004089427,0.0016076067,0.012670669,0.008739384,0.008383648,0.056460395,0.00037504622,0.24000676,0.06890855,0.008040695,0.0019310061,0.17150696,0.0032698025,0.005337281
3239,0.024262667,0.036689315,0.005145623,0.008375319,0.8357667,0.055528224,0.01202157,0.43769997,0.020759715,0.01110437,0.0032249035,0.0043926407,0.030438121,0.016392825,0.017839344,0.011447733,0.00051077304,0.22092852,0.041721404,0.0080636,0.022561837,0.1036282,0.010281779,0.017470093
3241,0.05084056,0.015586771,0.00057240686,0.019122383,0.3431056,0.35426036,0.002140618,0.9215548,0.0059364727,0.028335394,0.051522754,0.009005995,0.008775332,0.006482468,0.002371112,0.010309295,0.00013022973,0.14863688,0.0018384528,0.0019481874,0.044662498,0.2094444,0.032768168,0.022330128
3242,0.004587344,0.0010702055,0.00013572769,0.0043616155,0.42981532,0.9271499,0.0026125298,0.72992027,0.0013206608,0.002095483,0.13479356,0.0006978116,0.023031628,0.0036451763,0.00042386292,0.4887374,8.943579e-05,0.028998071,0.00077694387,0.002133784,0.0042121923,0.605019,0.0009778184,0.0014072091
3243,0.0051783985,0.021915281,0.01842492,0.20746039,0.48617867,0.035262935,0.5582461,0.5603967,0.026918003,0.01981029,0.010374795,0.12446632,0.027940642,0.42561948,0.05684448,0.021606963,0.0047112266,0.15763566,0.014783068,0.032476388,0.045061454,0.03248169,0.04438777,0.032474436
3249,0.0353656,0.031414494,0.0046797674,0.016145151,0.86807007,0.12946716,0.008625907,0.3636365,0.047480166,0.01904335,0.004677769,0.0042388146,0.021995697,0.0387721,0.022842145,0.008300742,0.0004915871,0.21018954,0.009475374,0.00816589,0.013626326,0.06454643,0.004275358,0.017443137
3253,0.19865379,0.2887549,0.05604876,0.041479345,0.5570053,0.046773855,0.068942405,0.21864046,0.08880971,0.053543057,0.004498437,0.05834343,0.04278036,0.04587092,0.028552404,0.009359086,0.0023981004,0.07095716,0.08361191,0.018869145,0.081305034,0.0708747,0.025107333,0.1235128
3259,0.02769541,0.03638728,0.045553304,0.14745322,0.3437781,0.071220286,0.55197465,0.23762979,0.05702293,0.05921692,0.016206626,0.050804034,0.15594931,0.17412421,0.040216453,0.047850545,0.006887103,0.13080901,0.053308338,0.0469271,0.052099556,0.09543653,0.020248426,0.031021945
3266,0.44376186,0.4043588,0.11912854,0.024497502,0.10561539,0.03034292,0.17677078,0.20042315,0.13721535,0.14591235,0.0070843124,0.04896516,0.19334976,0.016593559,0.011269846,0.04330949,0.002283018,0.03274223,0.4349387,0.018028086,0.015661076,0.24340114,0.039122652,0.05494274
3267,0.007856867,0.032999314,0.012626096,0.050086208,0.7479065,0.04600872,0.030642528,0.68528163,0.08768759,0.04756192,0.014693233,0.014395198,0.036527555,0.06689203,0.019561011,0.043134984,0.001654097,0.2846575,0.028583057,0.017729713,0.051859833,0.08303225,0.013993128,0.01165216
3270,0.00040131592,0.0010574869,6.9662e-05,0.0038044364,0.99095976,0.032455545,0.00024011481,0.35824162,0.008910844,0.0047914227,0.0006315901,0.00012488061,7.292704e-05,0.019379033,0.07278035,0.00079131016,8.318029e-06,0.7022795,7.140852e-05,0.00073683745,0.015107404,0.0026602615,0.000598826,0.001073451
3271,0.06787884,0.12114256,0.017041402,0.0042397324,0.29838774,0.16199186,0.0029908135,0.17040499,0.034971815,0.1745112,0.017987227,0.0049607926,0.84967303,0.0071882047,0.0023469252,0.110791154,0.0005004367,0.020936232,0.15454096,0.01611902,0.0054739993,0.36249632,0.0018009868,0.016165433
3273,0.0041657435,0.006552254,0.0017514768,0.025422735,0.69377613,0.026652383,0.01059795,0.78999454,0.010658665,0.0074123684,0.003992993,0.0061524054,0.0039467807,0.05626124,0.02019165,0.007902213,0.00013018864,0.5851412,0.0031326294,0.0045737945,0.0066788024,0.023653496,0.0055393158,0.0045589413
3276,0.28873378,0.15519814,0.005684872,0.028705709,0.13741928,0.1320649,0.006323916,0.7306678,0.01155546,0.02197777,0.022165412,0.08237263,0.052454248,0.011898159,0.010112306,0.013163931,0.0005459644,0.20976456,0.015330904,0.0069556916,0.009418001,0.3467294,0.10948789,0.19910665
3285,0.014507173,0.099749446,0.010833328,0.023989936,0.42325473,0.09081967,0.041941848,0.7094531,0.056682225,0.014011239,0.0076789116,0.017050702,0.016846975,0.05671021,0.0047069644,0.018733423,0.0006793996,0.051119287,0.01184799,0.011430839,0.07134053,0.08956685,0.006532029,0.04545455
3291,0.14250946,0.177916,0.014125036,0.13351768,0.013933103,0.067545414,0.010663071,0.9554124,0.013354141,0.070898324,0.06878593,0.2624818,0.017251248,0.047162972,0.0126864975,0.044643298,0.0005334093,0.3032047,0.011711844,0.00933661,0.021961514,0.35083526,0.6044693,0.078441545
3292,0.024880378,0.027399763,0.007998577,0.0049348418,0.9376501,0.058708217,0.003038767,0.2922354,0.05070153,0.019371523,0.0055178944,0.0024039324,0.0120470645,0.007929865,0.023201406,0.009948713,0.0005650389,0.24174555,0.010764031,0.011085095,0.04578817,0.04485122,0.0035674023,0.012740094
3294,0.014672283,0.07830273,0.020553408,0.02332336,0.6770776,0.00884164,0.008320805,0.7431423,0.28522626,0.033371028,0.0011871753,0.007959596,0.00090178003,0.04519268,0.034434903,0.0008007331,0.00012322655,0.36398616,0.0011729201,0.0030153221,0.31120953,0.0027725142,0.004522842,0.019105174
3300,0.61918974,0.16575134,0.023303716,0.04732562,0.46873808,0.6225896,0.019431734,0.53798807,0.04014756,0.026814455,0.077083975,0.05289268,0.056162067,0.019470494,0.024524905,0.068344295,0.008793049,0.13456386,0.06762649,0.030968426,0.064301774,0.46758467,0.07837472,0.13520804
3302,0.040213186,0.016091695,0.0011896634,0.0012399514,0.95122135,0.43601176,0.00037394356,0.09508378,0.0066989334,0.0022124648,0.001350335,0.0006647523,0.026548553,0.0031843008,0.003493119,0.008457754,6.8978945e-05,0.02084628,0.005965611,0.002338177,0.003365651,0.3125516,0.0010399985,0.007859224
3304,0.94229627,0.14683847,0.00034392992,0.0006767542,0.22055471,0.9292352,0.00011445588,0.48964837,0.0020249605,0.0009282327,0.006106967,0.0012172202,0.0006405633,5.885833e-05,0.00019614393,0.0392364,2.7047987e-05,0.006575116,0.004466613,0.00031446826,0.0006662946,0.90615267,0.0040387088,0.011434025
3310,0.00054187886,0.005551117,0.00047407908,0.0004313232,0.9168951,0.003888383,0.0026544558,0.29901075,0.013691525,0.0018623681,5.920058e-05,0.00017364394,0.03017658,0.01796561,0.0002874528,0.003166417,1.7635307e-06,0.006710401,0.007821204,0.00035841344,0.0009982665,0.021542514,0.00017365337,0.000504987
3311,0.0012338156,0.0033861138,0.0034550908,0.09002587,0.7817434,0.005329283,0.7323799,0.14907525,0.0056869513,0.0031656225,0.00041070418,0.010890373,0.0034970453,0.29143158,0.021061255,0.0035850585,0.00027087762,0.10989727,0.006971324,0.0064429413,0.0043151486,0.005121445,0.0021727174,0.00211736
3321,0.13510284,0.01817629,0.0035932765,0.031323787,0.23565978,0.24609391,0.008578887,0.8776054,0.009726671,0.037853394,0.06309675,0.01233664,0.08796732,0.019169375,0.008882635,0.05158486,0.0010646315,0.2911009,0.026754254,0.0086370995,0.035609446,0.4034556,0.03099536,0.027542617
3323,0.017509103,0.027202124,0.014432685,0.0050072805,0.771269,0.08565204,0.013314073,0.14241654,0.071148366,0.05690556,0.0070146606,0.0050415793,0.58361197,0.009334563,0.005879268,0.08898682,0.00086918386,0.038735792,0.24700248,0.013323592,0.03169826,0.21878806,0.0020777439,0.00706801
3324,0.20849614,0.7509015,0.30358517,0.013967086,0.4867975,0.011522886,0.0052636685,0.2238382,0.5491736,0.45124188,0.004344479,0.047871046,0.07888577,0.035378776,0.08643762,0.017420907,0.0006751377,0.24183272,0.11387404,0.01597627,0.03478117,0.07584555,0.026321216,0.08113686
3327,0.47005346,0.04960761,0.0014297109,0.004261627,0.24565856,0.60597914,0.004075189,0.5423051,0.004019049,0.0022720613,0.0063041137,0.0024984838,0.015188321,0.0008079982,0.0010304069,0.0062672826,0.00015302873,0.011986203,0.009941496,0.0008045825,0.014595445,0.4512668,0.005585286,0.056298435
3330,0.053421978,0.0651517,0.016653916,0.038144372,0.27974454,0.2398503,0.05279797,0.6022998,0.051364474,0.044449426,0.0359808,0.036793124,0.14683098,0.04602305,0.014505679,0.037040483,0.002740733,0.050658617,0.0140596265,0.02616986,0.061694827,0.26169285,0.02245373,0.1521339
3331,0.15013084,0.48775837,0.25526157,0.06876916,0.7362983,0.057054147,0.04644313,0.27037492,0.43204594,0.26681766,0.01571963,0.064048894,0.032389097,0.11126109,0.16577378,0.05517189,0.009018728,0.29800507,0.14369436,0.06991429,0.08381182,0.06625494,0.05499176,0.05933641
3335,0.102770336,0.31326848,0.17039646,0.005660813,0.80723584,0.055316716,0.011789032,0.08767109,0.43797728,0.10440424,0.0028063292,0.0076283435,0.27918878,0.028970635,0.031982873,0.018691558,0.0011125564,0.04251068,0.14726292,0.018183114,0.041518323,0.1381424,0.004820455,0.030034881
3342,0.0608773,0.11450266,0.03984457,0.017649032,0.6001339,0.08720386,0.021488355,0.5158514,0.16493121,0.13512109,0.045726802,0.017133325,0.18524547,0.06541926,0.053447828,0.2213673,0.0058425306,0.23580784,0.076747134,0.04208891,0.085198134,0.35749015,0.0111620305,0.07396043
3343,0.02389428,0.0046572317,0.00067875464,0.045582443,0.49122345,0.8903608,0.018522037,0.66809094,0.0018595781,0.0071456567,0.19668527,0.007957428,0.007362124,0.008222795,0.0039056358,0.62363076,0.00072619936,0.24582693,0.0040930426,0.00842833,0.0054324255,0.6027411,0.009759446,0.0051323897
3345,0.00034504654,0.002847575,0.0003322823,0.013117435,0.86520594,0.008985458,0.004868815,0.6572404,0.00938025,0.012999739,0.0036747237,0.002084488,0.0008302115,0.038870633,0.007470296,0.0064091086,1.9176681e-05,0.71739006,0.00023913379,0.0011693396,0.005829807,0.010993934,0.005916067,0.0034207313
3348,0.0028290935,0.015202265,0.012667018,0.18536216,0.221322,0.014622965,0.8871929,0.17386553,0.011942168,0.01790442,0.003405639,0.061270274,0.05492407,0.8316198,0.029044423,0.01561311,0.0014510088,0.04956617,0.008186322,0.014817672,0.015658356,0.019621497,0.009907971,0.014661092
3354,0.010181954,0.0032803875,0.00042089145,0.0019000418,0.96347225,0.10653141,0.0010322359,0.5195961,0.010959887,0.0057827556,0.0009539916,0.00044367817,0.014473078,0.005640147,0.004095302,0.010039007,8.586855e-05,0.2348782,0.0018274576,0.0032329746,0.01503671,0.030095648,0.0025761866,0.0009570441
3356,0.051060773,0.026574412,0.0029581268,0.012723864,0.9013041,0.7311201,0.006314484,0.44313902,0.015014205,0.011418528,0.022944484,0.0053608473,0.0033411104,0.008516301,0.008375885,0.06859725,0.0009014291,0.16726942,0.004341867,0.008789385,0.021206591,0.27575335,0.015156067,0.012128686
3361,0.0004443111,0.0071704932,0.0010454531,0.0016246213,0.9949997,0.006563341,0.00069121865,0.34752688,0.21599784,0.020568375,0.00038927287,0.00018039161,0.0009773849,0.011341557,0.0065733,0.0007832085,7.0554183e-06,0.28568888,0.00045810387,0.0010123103,0.02656808,0.0019396888,0.00037745346,0.00037833772
3363,0.60142505,0.4991459,0.09897804,0.06006724,0.23712987,0.09190375,0.045057945,0.3540777,0.1116431,0.16989353,0.02261438,0.11057555,0.095702045,0.051192507,0.043830656,0.043213602,0.006919968,0.13344067,0.14886856,0.042678118,0.0378978,0.2671943,0.14798738,0.16362287
3368,0.014723293,0.014984701,0.0030038075,0.0051116757,0.0895891,0.05389729,0.0038367934,0.49987066,0.007957405,0.09111926,0.013856028,0.0030496179,0.9042812,0.007562089,0.0012847101,0.18693908,0.00020095413,0.04675144,0.06824986,0.009520874,0.00094409095,0.67679095,0.0013005809,0.0034258005
3373,0.049653377,0.12104442,0.081405364,0.24785271,0.68567973,0.073015906,0.17138752,0.44452536,0.123986885,0.074328445,0.028354745,0.15904403,0.014929593,0.39793083,0.29441896,0.037724383,0.013805358,0.53758013,0.025804011,0.071249425,0.15718205,0.053354077,0.21014701,0.07623299
3374,0.0018656825,0.004083458,0.0015064183,0.015240534,0.32608518,0.012033411,0.055143833,0.7163784,0.0033793366,0.003934923,0.00090933405,0.0047717313,0.027413325,0.031124828,0.001653018,0.00500084,7.398502e-05,0.03420395,0.0068321903,0.0040460476,0.0030757352,0.050720304,0.0027618427,0.0036716387
3376,0.0106675215,0.018822541,0.0042730295,0.039928034,0.8664342,0.04692465,0.010907824,0.691025,0.040027034,0.053823773,0.014407821,0.011625584,0.0047831484,0.039576683,0.03778292,0.017523319,0.00038736183,0.7470223,0.010214232,0.006141401,0.055651356,0.02468021,0.022383213,0.00857592
3380,0.0006682224,0.007663601,0.0022705463,0.006567284,0.97677416,0.0012508258,0.0026250654,0.2698637,0.06838469,0.019855158,0.0010213432,0.0009969253,0.00048361806,0.4708159,0.1360494,0.0066290526,5.2528747e-05,0.8092061,0.002369574,0.003335521,0.011305529,0.005324397,0.00090235507,0.0012189883
3384,0.008766792,0.005079625,0.0027771615,0.016674137,0.17829946,0.034164913,0.27894557,0.40043455,0.008090063,0.022174988,0.003078863,0.007660446,0.32446426,0.03600872,0.0015000063,0.03478455,0.0002845722,0.014895179,0.015650356,0.00850239,0.0071186814,0.13637213,0.0033391435,0.005109695
3385,0.038014296,0.12745407,0.02382775,0.0037592961,0.9731369,0.023805972,0.0014299076,0.077394016,0.41517392,0.09275895,0.001323509,0.0015490478,0.009946702,0.038257305,0.09534202,0.006528941,0.00032629518,0.5283346,0.014892961,0.0056191497,0.0702459,0.021511521,0.0010381339,0.011848553
3389,0.21808633,0.10941468,0.009705251,0.00050411944,0.34656218,0.046314273,0.001036653,0.0959797,0.031164892,0.08415404,0.0023111326,0.0013673218,0.7976159,0.0020716516,0.002108981,0.11374746,0.00021479759,0.010152911,0.29963312,0.0070622265,0.0012441031,0.75176084,0.0014258194,0.0055296444
3390,0.25832734,0.05327016,0.0054553277,0.026610717,0.4859441,0.6731872,0.010086064,0.5273969,0.014850946,0.018095363,0.09641876,0.030344307,0.02379602,0.018338986,0.018566288,0.29655662,0.0032398615,0.18215877,0.028312461,0.01999009,0.013958577,0.731094,0.110364266,0.044186972
3391,0.014648898,0.00076242717,3.4362936e-05,8.402278e-06,0.58310103,0.17266157,6.8719232e-06,0.03513356,0.0009345271,0.0023181313,0.00068908563,6.425683e-06,0.34953466,1.6954204e-05,5.4834283e-05,0.013605685,2.8247524e-07,0.0059016617,0.00045615263,7.218863e-05,0.00046993012,0.69054097,5.4601664e-06,0.0016177947
3394,0.0031271814,0.0046274397,0.0011625068,0.0009086836,0.9928188,0.22273238,0.0006431791,0.1351358,0.04910319,0.0056696855,0.00086512533,0.00038407932,0.0799487,0.0074807154,0.0063695973,0.010988042,8.001931e-05,0.06320749,0.0038281463,0.003650058,0.008036582,0.071543045,0.00048505227,0.0012715209
3402,0.589599,0.3558758,0.025721539,0.020043548,0.28086922,0.11188414,0.0032694377,0.6760151,0.05106661,0.032174397,0.005860006,0.03752992,0.005870969,0.006695466,0.009580066,0.0074351295,0.00051494775,0.073959775,0.0218955,0.007073497,0.050958406,0.14225556,0.11060247,0.073195964
3414,0.034212064,0.107536554,0.029827384,0.0053028036,0.9197519,0.042985406,0.008812724,0.21164735,0.19175214,0.029323583,0.002375713,0.004784343,0.031118533,0.026961861,0.031214487,0.012954231,0.00060422084,0.11905431,0.027020212,0.012389746,0.035653833,0.056713693,0.008092766,0.015537747
3415,2.6803127e-05,0.0009812929,0.00019212508,0.034478314,0.83892477,0.00024950097,0.013002466,0.5030508,0.0046484335,0.0028412477,0.00028325772,0.0025009164,3.9928487e-05,0.9118485,0.06891615,0.00049831806,7.1502354e-06,0.77826464,3.6191937e-05,0.0011247225,0.0055619595,0.0002524386,0.0013662779,0.0010135358
3417,0.048873898,0.13868657,0.0140609015,0.0009198744,0.24215251,0.044496316,0.0014789264,0.09337942,0.055834025,0.3350987,0.009446996,0.0018562258,0.967952,0.005457372,0.0033016277,0.14053728,0.00021857086,0.040842146,0.06591536,0.012575062,0.0024748154,0.46424276,0.00076899386,0.009258495
3419,0.2571161,0.24787512,0.010262184,0.011078364,0.31952444,0.1768449,0.0063322545,0.65445375,0.017385917,0.018611787,0.012282823,0.034750666,0.0032188715,0.0049760067,0.004009932,0.013041733,0.00025813805,0.054078605,0.008199848,0.0037217583,0.015591154,0.38321137,0.08374832,0.07764877
3420,0.08739357,0.04274624,0.016477183,0.041466784,0.35500255,0.5321007,0.033449918,0.6003442,0.029865554,0.058246672,0.12475849,0.026730878,0.42300054,0.049032852,0.022507168,0.3953076,0.010165268,0.104151085,0.06493621,0.055953134,0.028297247,0.72278666,0.029686138,0.043621387
3426,0.03620206,0.05267484,0.009256141,0.06670448,0.32044184,0.047620766,0.015037077,0.8473805,0.016234262,0.022053218,0.012288772,0.05738812,0.016071415,0.04392464,0.030613782,0.01828557,0.0006993869,0.5905175,0.02278679,0.011604087,0.020692475,0.13247669,0.08205718,0.028351657
3427,0.59391975,0.8432979,0.058238782,0.00014203026,0.5340041,0.00969525,6.5458706e-05,0.052813314,0.3526397,0.430504,0.00017646898,0.0014635617,0.15367559,0.0008092634,0.0034806097,0.0028077958,3.1745403e-05,0.03994723,0.06542354,0.0012939455,0.002252984,0.09924761,0.0020181655,0.027901234
3430,0.18729085,0.048086073,0.019859431,0.021450007,0.35803866,0.26627627,0.045943186,0.43941912,0.039693225,0.060018007,0.024924811,0.017682869,0.34792984,0.025711933,0.009270237,0.13541,0.0043034744,0.05169274,0.15333809,0.022542348,0.03915861,0.54879594,0.015593876,0.026934588
3431,0.12970959,0.028949449,0.0062949643,0.011943911,0.51383317,0.48730528,0.01442511,0.37942842,0.012679416,0.022317562,0.020289246,0.0062120273,0.19454098,0.008319586,0.0054644546,0.1334573,0.0015249221,0.03573606,0.047362667,0.014635358,0.012067967,0.5383243,0.008081214,0.01795853
3432,0.012393983,0.08027772,0.055794585,0.006492657,0.9093566,0.034407776,0.013811962,0.21758665,0.3307774,0.043277327,0.0014334115,0.0048796628,0.029692125,0.0397927,0.04510143,0.009399633,0.00035730656,0.13159975,0.020956859,0.012410506,0.034471206,0.029213715,0.0026530018,0.014994282
3436,0.028149746,0.086273514,0.093203865,0.049903736,0.2243732,0.032218676,0.43719572,0.17435136,0.09861865,0.15018342,0.018164348,0.044307128,0.72298956,0.1772087,0.038946513,0.12182936,0.0055280975,0.08868239,0.26671574,0.052967884,0.03292747,0.2154471,0.01434692,0.038702648
3440,0.058789354,0.051636145,0.008804603,0.004202326,0.9858351,0.24395646,0.0022815412,0.105728395,0.17772032,0.088517405,0.0050175516,0.0012738556,0.013527482,0.014089555,0.02237192,0.020092692,0.0004218762,0.24556716,0.013287408,0.0068979226,0.041524783,0.040594064,0.0020891589,0.0095459735
3444,0.0003712628,0.00054876675,9.77031e-05,0.012277849,0.83340627,0.018776271,0.0026917038,0.82221055,0.0006912628,0.0018045608,0.0017100646,0.0007695958,0.0007151153,0.0324258,0.0031887293,0.0058798348,1.0500253e-05,0.65858227,0.00045438675,0.0008781323,0.002754415,0.015649216,0.0013461643,0.00060738897
3446,0.16785477,0.29302165,0.048918363,0.018064266,0.113685735,0.048667617,0.031850982,0.5405882,0.064764306,0.08082112,0.009206428,0.03392437,0.18213584,0.02257762,0.008254998,0.14302298,0.0016297384,0.024776097,0.42603958,0.018399898,0.0083834855,0.50237626,0.017057696,0.034505006
3451,0.6186275,0.10833585,0.0042009405,0.0038540217,0.66555214,0.8305992,0.0017213571,0.2688953,0.02181156,0.010742413,0.015991414,0.003428732,0.010150031,0.002195045,0.006724772,0.07573861,0.0009977882,0.07825719,0.022314943,0.0052294424,0.011533656,0.63835263,0.011359546,0.030845128
3452,0.001743855,0.009160451,0.005553318,0.0023508226,0.9137432,0.0070007183,0.0020985792,0.09512753,0.14155209,0.052466046,0.00077631377,0.00049745076,0.2726611,0.02995438,0.01502639,0.023537753,0.00010008643,0.22088103,0.014525022,0.0077807433,0.0053336625,0.03414433,0.00027165868,0.0010977496
3453,0.18190171,0.08934791,0.022935849,0.07734675,0.1570512,0.12100207,0.31999478,0.29872304,0.013436759,0.022057794,0.013094031,0.08771305,0.0914678,0.042734865,0.0068540424,0.043837126,0.0030528118,0.025444765,0.12339189,0.019180156,0.012704219,0.33608454,0.0637159,0.04519826
3456,0.057569034,0.027032435,0.017723823,0.020603769,0.66603523,0.08971745,0.07995809,0.23920009,0.067302056,0.051334355,0.009242793,0.008639361,0.17897928,0.06043136,0.022883976,0.052609216,0.0035196317,0.10026683,0.058533493,0.041899893,0.038027555,0.10477508,0.007127463,0.017826056
3462,0.71265316,0.748224,0.06510744,0.0022030303,0.3705527,0.024573145,0.0016417032,0.10146926,0.12655887,0.14229766,0.0014449388,0.013186801,0.074946314,0.0025549317,0.007422163,0.013595194,0.0002897945,0.03030499,0.45822874,0.004389641,0.0040069674,0.25234827,0.015179743,0.056845903
3466,0.38433942,0.5642747,0.11742389,0.0417268,0.24058317,0.022707481,0.012748013,0.30306384,0.23990425,0.5583536,0.010661801,0.095451616,0.20468977,0.06822585,0.061347876,0.023746379,0.0027648045,0.21585153,0.16193363,0.030089224,0.06578647,0.11706318,0.054262023,0.078512475
3471,0.0042191125,0.007065778,0.00327332,0.017985206,0.12717818,0.039539635,0.0966382,0.23937039,0.005874479,0.02587628,0.008842949,0.0053085256,0.82580924,0.04243525,0.002375563,0.17878816,0.0002529479,0.031768367,0.035579793,0.0091459025,0.0017271388,0.43909195,0.0015793459,0.003056558
3472,0.05354796,0.0034521911,0.0002441448,0.0019301121,0.30331072,0.9402367,0.00033100622,0.34690824,0.00074773014,0.006700707,0.039413314,0.00032313753,0.24481343,0.0002574933,0.00051584287,0.6894802,9.466516e-05,0.05509425,0.007477059,0.0025321436,0.00049274706,0.93574136,0.00083127664,0.0010105926
3476,0.005239401,0.013244839,0.0038671992,0.025894098,0.12993595,0.0067163687,0.50046414,0.21515474,0.005028538,0.0069005266,0.00039128886,0.016915975,0.06019508,0.020652847,0.001606723,0.0024242178,5.9139646e-05,0.01473474,0.06964097,0.0024059333,0.0020147439,0.036374357,0.0027805427,0.007352029
3483,0.2181149,0.2310957,0.11830239,0.025838867,0.63858205,0.14751513,0.042198803,0.113254,0.19433506,0.22051479,0.029541153,0.035871424,0.52494854,0.042067725,0.0422623,0.20233122,0.010951306,0.14437145,0.2663778,0.06874348,0.046877425,0.28634498,0.023639686,0.061427973
3486,0.10853442,0.07861306,0.015759,0.025707584,0.3625559,0.6299755,0.01684204,0.5909251,0.043547176,0.06307828,0.1613969,0.024177745,0.12683219,0.02647411,0.015320412,0.29849193,0.0064020646,0.0953696,0.018143576,0.03865514,0.04661411,0.51658547,0.041489873,0.082035735
3489,0.16708076,0.58359396,0.12534103,0.07044518,0.35798004,0.04148469,0.015915418,0.49039018,0.24619003,0.21536188,0.019674052,0.14354044,0.02150948,0.082764626,0.16077569,0.027729467,0.0028308346,0.5814297,0.048996054,0.032583185,0.062039215,0.10274227,0.1467861,0.14968316
3490,0.06233747,0.12590016,0.06822371,0.06650888,0.25009146,0.10012443,0.11066161,0.5635653,0.12661333,0.15102641,0.040813368,0.052965015,0.44282004,0.13696942,0.031214772,0.17478858,0.008890616,0.07506268,0.11350681,0.063540824,0.06955202,0.2673968,0.034716282,0.058463857
3492,0.029526222,0.061252307,0.0070486204,0.01104782,0.9591633,0.10043179,0.017224073,0.16544205,0.030433852,0.006500188,0.0015381384,0.009704132,0.009856518,0.04830756,0.033691566,0.006014724,0.000563947,0.15726712,0.012830263,0.0056682285,0.01357548,0.043602113,0.011136813,0.018304378
3493,0.00077381654,0.0057427627,0.0025010211,0.105866514,0.7381784,0.0015310104,0.65118474,0.24376276,0.0030630585,0.004359591,0.00016517914,0.010624693,0.00026257057,0.72164935,0.032678254,0.0008070677,6.0507267e-05,0.1861664,0.0017632574,0.0022192819,0.0036632302,0.0011052417,0.0066121905,0.0016577707
3496,0.04303285,0.00055717217,1.1806614e-05,0.00028803328,0.8308428,0.9532027,0.00011298253,0.68668133,0.00018810926,0.00012556206,0.012417006,3.4248857e-05,0.002025346,0.000111225054,0.00017231586,0.089190036,6.0785787e-06,0.03861288,0.00030695778,0.0002062798,0.00073496153,0.6274646,0.000121878686,0.0008900006
3500,0.06911379,0.08744429,0.025531078,0.009139237,0.83927304,0.02514193,0.006565993,0.3047123,0.14946908,0.054248232,0.0017307805,0.0062352284,0.022898631,0.017067788,0.032115214,0.007956776,0.0005523383,0.16593696,0.029869996,0.011413573,0.037422355,0.05480128,0.009792985,0.017963719
3506,0.07345885,0.032824986,0.0074330824,0.021028955,0.74340045,0.119930275,0.023033991,0.51390207,0.035225682,0.013328469,0.007354827,0.009805405,0.0085140355,0.03863051,0.023992606,0.01127483,0.00076043763,0.25951168,0.0059218807,0.0072739944,0.057326406,0.048402607,0.007394914,0.03210533
3507,0.9053272,0.4637671,0.026956394,0.0004739978,0.10471222,0.037887413,0.00032645484,0.034012362,0.08225681,0.43270758,0.0006436952,0.0030059132,0.7795933,0.0009548355,0.0014305694,0.0088044265,8.5599415e-05,0.007395229,0.21039173,0.0030410604,0.0038999207,0.28281334,0.0035549286,0.011831494
3510,0.061028212,0.019197706,0.0037710487,0.08627845,0.060905702,0.22715212,0.38369578,0.41607317,0.001942845,0.0052085407,0.0119847795,0.15971132,0.079079695,0.018842772,0.0019138086,0.105703905,0.00093399436,0.010633036,0.026598359,0.0074991095,0.004548557,0.6223734,0.06456337,0.019304201
3511,0.007368876,0.004716032,0.00406711,0.027117377,0.8573253,0.085276626,0.08386073,0.2607398,0.016558237,0.012415041,0.0040849606,0.0042014355,0.05695994,0.049236804,0.010740613,0.024406927,0.0009940403,0.11313056,0.015830906,0.019653352,0.013768176,0.057841368,0.0022335893,0.0047124163
3512,0.027488735,0.034601644,0.018587645,0.041006315,0.53760016,0.03218965,0.18788466,0.22221021,0.04304447,0.028086552,0.0035877307,0.01479141,0.069872886,0.059768047,0.017174583,0.015603742,0.0014600856,0.09506423,0.035274934,0.018768564,0.024798358,0.048721205,0.007292684,0.0154670095
3516,0.22838266,0.23309956,0.06041803,0.009289549,0.7439699,0.14786237,0.01854879,0.056190204,0.16616596,0.14896984,0.013412313,0.01878625,0.7085216,0.03947708,0.027015774,0.049828336,0.0039779865,0.09830327,0.16067281,0.033805143,0.021042917,0.20044091,0.0089916,0.04814642
3517,0.03519281,0.01921967,0.011974738,0.019790938,0.9124155,0.18080652,0.011366713,0.35332954,0.07197138,0.03956309,0.017052548,0.01071302,0.040176082,0.05746209,0.05201894,0.12271236,0.003383516,0.37686333,0.038250413,0.03834466,0.037183903,0.15559414,0.011962356,0.011093437
3523,0.015452747,0.017439075,0.012386007,0.062450867,0.7595223,0.20379302,0.096291706,0.35145774,0.046252385,0.027730329,0.030189775,0.01532334,0.10426889,0.14528242,0.041522555,0.04735205,0.0036522213,0.30957282,0.020851705,0.043512132,0.038865086,0.07872025,0.011897435,0.021742687
3525,0.2055903,0.052360903,0.030258162,0.038819753,0.20682748,0.15491983,0.1034183,0.3913473,0.034206714,0.037700176,0.025849322,0.03275755,0.37002924,0.02076186,0.017008469,0.14813353,0.0069462187,0.10237352,0.3303729,0.039350033,0.023023544,0.4964494,0.027067939,0.0336298
3530,0.08699859,0.25530985,0.041585296,0.00029555446,0.60864925,0.0008205448,0.010787716,0.006078703,0.05260007,0.031237783,4.4023265e-05,0.0010277183,0.26096863,0.0005803991,0.0028336209,0.0062530204,1.558678e-05,0.016884191,0.98391867,0.0008283873,0.000150133,0.06695883,0.00022153674,0.0015115783
3531,0.0068445974,0.006527534,0.0015272385,0.0048567057,0.2466332,0.21993087,0.0012345026,0.75284624,0.009166725,0.017082714,0.013828912,0.0014546288,0.0923535,0.0052907467,0.0029838418,0.10255481,0.00011155315,0.087593965,0.0069703935,0.004534958,0.006180784,0.5161989,0.0014410638,0.0040485715
3536,0.1820412,0.10212467,0.0048336033,0.00019244115,0.81492305,0.018961336,0.00014244707,0.16488373,0.11449979,0.02583039,0.00027919415,0.0002085364,0.048377857,0.00085002277,0.0019489522,0.0019408412,2.003352e-05,0.009492494,0.030826325,0.00064689224,0.10756522,0.06887232,0.00025308854,0.0053507523
3537,0.032158386,0.09556396,0.004112684,0.0033470048,0.026212057,0.13696052,0.0008302791,0.8920371,0.025393946,0.021253154,0.010498723,0.00968752,0.12240305,0.003114382,0.0015197601,0.022131223,7.1463626e-05,0.033001065,0.0019365336,0.003103753,0.0054385914,0.47679225,0.005485111,0.06493208
3549,0.25665224,0.21424785,0.0665552,0.007464154,0.38060302,0.07661754,0.032544333,0.18549208,0.13523439,0.17419122,0.008286742,0.010167316,0.48974487,0.009673514,0.012207989,0.072158,0.0018209326,0.071989305,0.5805095,0.018015545,0.013467248,0.35949272,0.0071557355,0.023231579
3553,0.028093673,0.018311834,0.0035960532,0.005716284,0.5869084,0.37310973,0.0025502576,0.4646218,0.012818751,0.009680794,0.015153591,0.001823032,0.053082522,0.005337038,0.009092289,0.12705411,0.00035533955,0.106337905,0.0061848867,0.007207989,0.0062054577,0.5520439,0.0027654239,0.0117064025
3556,0.40513316,0.037542146,0.0050413664,0.002975419,0.53685987,0.70512116,0.013739024,0.07016413,0.01133425,0.0059585213,0.010475185,0.003003992,0.18489373,0.0027721794,0.0023447613,0.11199449,0.00065917044,0.0065296744,0.04388613,0.006540243,0.007053368,0.8238493,0.0039469716,0.020214124
3561,0.010701241,0.0026664664,0.00037502655,0.013085211,0.9172164,0.34131026,0.0022659472,0.55163074,0.0029870495,0.004350159,0.008228222,0.0013858882,0.006984785,0.018496657,0.008524563,0.011681775,0.00014469837,0.36052403,0.0012707805,0.00491916,0.008211258,0.08810334,0.0033744148,0.0042532315
3564,0.082458526,0.054817278,0.014027012,0.07313938,0.109304264,0.36550808,0.22384012,0.5274503,0.023731025,0.06233983,0.10314739,0.03145677,0.36355618,0.058449622,0.0070350035,0.2960378,0.004367216,0.04442401,0.09727039,0.023262864,0.025879055,0.5999388,0.009960396,0.041344393
3568,0.0005601819,0.0095791435,0.00032609928,0.00050357124,0.6118123,0.0052678343,7.509681e-05,0.95530933,0.010336871,0.006669256,0.00010597253,0.00025582657,0.0033676922,0.00076690025,0.0011540415,0.0006666188,1.3179956e-06,0.49440596,0.00033412725,0.00013191071,0.002502781,0.013494022,0.0007190584,0.0011305801
3572,0.0063620512,0.06340173,0.05050152,0.050619796,0.7698661,0.012691791,0.06282688,0.2908023,0.23616709,0.04855465,0.003019059,0.012490393,0.034799624,0.35348094,0.13981272,0.008362134,0.0009040401,0.25091502,0.016626148,0.022663403,0.06271197,0.017071765,0.008690347,0.017502347
3575,0.90298146,0.8421285,0.007365798,0.00031294266,0.041699763,0.0014349972,0.00013083428,0.063982114,0.009690449,0.031153362,2.8992557e-05,0.0042129285,0.043329626,4.262161e-05,0.00042951395,0.00063274096,3.0744134e-06,0.019262541,0.8824304,0.0001782594,5.7466565e-05,0.2684345,0.0075686118,0.026639191
3579,0.01710219,0.015809322,0.004277329,0.0057369526,0.8177029,0.074868694,0.00028959263,0.48532686,0.02784295,0.07754757,0.008563045,0.00084412855,0.032470234,0.012023495,0.020715768,0.056732308,0.00013061351,0.39940563,0.010659403,0.007573076,0.011066335,0.20597011,0.004149637,0.0033032978
3581,0.066135414,0.02001638,0.00088093773,0.0041345335,0.3166687,0.8386537,0.0016880414,0.4713573,0.0038181269,0.0059880223,0.032761656,0.0013663839,0.120669775,0.0036359956,0.0023158698,0.08620451,0.00018251206,0.068507954,0.0027010466,0.0038058881,0.0021594232,0.66261977,0.0022256717,0.0108271465
3584,0.001612794,0.005879795,0.00704838,0.15201265,0.17876251,0.039459355,0.77678496,0.62026745,0.010798545,0.005386093,0.0062337047,0.082653336,0.004799793,0.090868406,0.006124102,0.0050241267,0.000497947,0.05639691,0.001172245,0.005104849,0.06484299,0.015214141,0.015069621,0.039936528
3586,0.221032,0.2373198,0.07202928,0.02413943,0.75025225,0.20880653,0.009848243,0.30683577,0.3576284,0.16102518,0.029260706,0.019203084,0.086634174,0.08436379,0.08037966,0.09674293,0.0076055783,0.1460907,0.054572474,0.04732042,0.13220645,0.25033426,0.017897367,0.09084286
3591,0.044700734,0.044501353,0.03063627,0.06718038,0.76157653,0.1141813,0.18719664,0.27808282,0.07770751,0.04094066,0.011871627,0.027858213,0.039211985,0.087650396,0.043814287,0.039355636,0.005898264,0.154599,0.053650048,0.04260924,0.0364379,0.07354973,0.020031018,0.032488693
3594,0.004457854,0.023865191,0.005247012,0.08130467,0.7377283,0.008416646,0.01376802,0.50791216,0.024912613,0.025421198,0.0034260787,0.0119994,0.0014511823,0.7009457,0.1247996,0.0023164824,0.00025300123,0.6860765,0.0024238937,0.0076780184,0.02589778,0.006291678,0.02435791,0.009540029
3596,0.013890296,0.018266385,0.0027840738,0.03019515,0.07765833,0.16763286,0.02634873,0.8550659,0.007929572,0.03034912,0.034804415,0.022832222,0.049154714,0.019904114,0.0041310494,0.15325922,0.0004150749,0.14266545,0.008508848,0.005027033,0.0060537853,0.39759424,0.007595612,0.020515723
3598,0.015441535,0.00026414363,5.4951724e-06,0.0021374554,0.7579683,0.8137928,0.00010469611,0.903115,3.6769507e-05,4.0698622e-05,0.008628456,0.00035666995,2.3796065e-05,8.957235e-05,9.205796e-05,0.0041675563,2.9325188e-06,0.12742181,4.5392546e-05,0.00012137188,0.0005043723,0.4412719,0.010911035,0.0032168739
3600,0.7222425,0.00066600664,2.1757983e-06,0.00020916927,0.014786393,0.9973727,3.1653926e-05,0.9424488,8.667198e-06,1.9290475e-05,0.03129505,0.00015144906,0.0045350767,3.7625643e-06,1.5512696e-06,0.05829543,1.3921576e-06,0.0018609805,0.00025607453,4.2827407e-05,0.00011901338,0.9869247,0.000636274,0.00068407226
3604,0.2884689,0.03473539,0.0038067524,0.0034932864,0.82469106,0.85566556,0.001750195,0.20826972,0.02832553,0.023371546,0.036673117,0.0017461118,0.04750746,0.0027097499,0.006882606,0.112756625,0.0011554735,0.07167596,0.02097499,0.008821355,0.020108763,0.5280996,0.003878995,0.015731579
3607,0.16733414,0.03619328,0.006773147,0.007943595,0.4992467,0.6265297,0.002776748,0.35018066,0.016541189,0.035322078,0.06826432,0.0049300045,0.20173031,0.0060854545,0.008693313,0.48807895,0.0024540855,0.050529454,0.048352193,0.029387604,0.008277167,0.8451344,0.009655117,0.023604514
3610,0.002888271,0.009127814,0.002323378,0.025538895,0.67471695,0.02317735,0.017966503,0.62575734,0.012871111,0.0051423926,0.0017484864,0.0050390726,0.0076445392,0.025162857,0.0069652526,0.00377888,0.00013517102,0.20707923,0.002946754,0.0051662046,0.008650546,0.018671136,0.003611796,0.0070016263
3627,0.41554698,0.81246793,0.29529268,0.030564327,0.45711306,0.027220914,0.022131212,0.18161857,0.45660752,0.4111557,0.007182337,0.12980153,0.18289904,0.048398793,0.0552376,0.033288736,0.0033312482,0.16942568,0.34237403,0.030813541,0.031846836,0.11571803,0.03741571,0.1485701
3628,0.016721096,0.002596501,0.00090978516,0.023001464,0.17076668,0.68250966,0.016991297,0.7402818,0.0020300276,0.0055048917,0.05417515,0.006424223,0.09773006,0.009028393,0.0025731656,0.16315001,0.0005335787,0.0940639,0.0050257216,0.0082553765,0.0052033397,0.50707865,0.005795992,0.006195221
3629,0.00010264224,0.0012828889,0.0001091335,0.0006440127,0.9653525,0.0011688314,4.0421943e-05,0.76375735,0.04315384,0.00893697,7.3915355e-05,3.704325e-05,0.00018820113,0.0038863185,0.0029134885,0.00018583343,1.7379911e-07,0.6438718,8.452886e-05,0.0001431745,0.00703212,0.0009145937,5.895776e-05,0.00016162208
3630,0.7045283,0.035039347,0.0009147,0.004697498,0.37071666,0.96400696,0.0027335435,0.37201574,0.0028974023,0.0019370764,0.030072885,0.002531191,0.033478588,0.0014063664,0.0008278116,0.10425996,0.00055347744,0.015155164,0.019953389,0.0038088777,0.0037963074,0.85989547,0.0066549326,0.015107085
3631,0.0033667258,0.0071244705,0.0013099901,0.04263439,0.89479727,0.024710678,0.0072214496,0.80835205,0.016022306,0.014199553,0.005937069,0.0058705597,0.003324669,0.10589841,0.02970345,0.0060018944,0.00018228996,0.6922591,0.0017807835,0.005719797,0.012689287,0.011629186,0.012841901,0.005489014
3633,0.026484648,0.027272983,0.0069985073,0.00092813815,0.23683293,0.11530103,0.0015114697,0.24717651,0.016719433,0.093538865,0.0114859305,0.00093444076,0.8918141,0.008115407,0.0027592068,0.60174805,0.0003318644,0.029665845,0.20688947,0.016537,0.0017714553,0.8244189,0.0011245366,0.002834055
3636,0.041865807,0.017268708,0.0018609397,0.036551774,0.4631007,0.61803496,0.0029484078,0.7235391,0.004348255,0.010706413,0.095874004,0.01093824,0.026173197,0.0116993375,0.010096229,0.2677306,0.0010248218,0.4259735,0.010082517,0.015145052,0.0054778894,0.6901665,0.022156881,0.014163927
3637,0.04113116,0.0378157,0.015160523,0.03886411,0.7595647,0.18515858,0.010302105,0.4694115,0.05520136,0.049704023,0.042685844,0.011684699,0.036323164,0.06067044,0.07418174,0.07805933,0.0033418075,0.6010759,0.030612817,0.032009717,0.0332208,0.16698948,0.023684235,0.02202488
3638,0.62690616,0.29795903,0.02167367,0.010446403,0.48844638,0.26182866,0.007077497,0.19121026,0.04965393,0.065275386,0.014135803,0.016323796,0.06535602,0.015189613,0.016976425,0.03698615,0.0020388907,0.096987374,0.05625085,0.018065697,0.018506935,0.3950505,0.027937662,0.15071145
3640,0.1863372,0.037245918,0.0038385468,0.011179375,0.5357682,0.49619636,0.0044589206,0.49194866,0.014010198,0.010489354,0.019785251,0.009305773,0.07621366,0.005601799,0.0064584394,0.05232043,0.0016472182,0.04782448,0.016643548,0.0126753505,0.024527434,0.56838226,0.01705477,0.06647641
3644,0.3361221,0.26690832,0.082794756,0.05371583,0.5346111,0.08469226,0.06529829,0.3017667,0.12888977,0.10782333,0.019451581,0.040630396,0.056561086,0.04428745,0.05260899,0.049143404,0.0071767936,0.22525352,0.2524869,0.04245603,0.038393736,0.18246953,0.06946358,0.067776754
3648,0.022578346,0.034463268,0.005128326,0.16133416,0.06844449,0.06530765,0.038733426,0.9409294,0.0075218533,0.024648713,0.024005745,0.20916241,0.009970891,0.067445196,0.006512539,0.017024891,0.0003819859,0.1427001,0.00415851,0.007944358,0.030184926,0.116061494,0.2322938,0.048858397
3654,0.04389334,0.040083043,0.02550274,0.027529484,0.22672765,0.09411765,0.037080377,0.5005958,0.04691062,0.076150954,0.023867603,0.018884504,0.5468137,0.043106593,0.01628347,0.1704903,0.0036450068,0.11639933,0.0951899,0.034969237,0.015087267,0.43849394,0.015946366,0.018632235
3655,0.30085292,0.35729277,0.055473883,0.025739893,0.24159174,0.05347758,0.0108562745,0.46960536,0.09895752,0.200979,0.025824873,0.06406072,0.54944,0.018837985,0.03250427,0.17284167,0.0052643996,0.22674845,0.5560849,0.043581445,0.015471802,0.54555196,0.13175984,0.045986727
3657,0.106195755,0.030201629,0.007207013,0.0020582157,0.4813456,0.16989295,0.0030468788,0.11028213,0.019981077,0.03732162,0.015509157,0.0017914157,0.8591856,0.0047386466,0.007805309,0.17459466,0.00080574834,0.07072838,0.2406347,0.018533155,0.004157503,0.6873102,0.0017038963,0.0146543095
3665,0.35171035,0.43951854,0.15199432,0.033591997,0.34476712,0.042992026,0.031054432,0.25590378,0.21636064,0.31515425,0.018182289,0.04617916,0.44761774,0.041533448,0.054642353,0.10313332,0.007264947,0.1674305,0.6360158,0.06263479,0.03616552,0.35438937,0.03819984,0.077633984
3670,0.07697018,0.07393482,0.016853997,0.011024951,0.17816919,0.16642149,0.009982491,0.24200793,0.041041967,0.109957725,0.018491592,0.012402029,0.7129,0.012014821,0.011644821,0.19640817,0.0016037006,0.07182698,0.127765,0.024249246,0.0049509737,0.7000593,0.0102773635,0.026800103
3672,0.15017332,0.6496563,0.23561864,0.06459238,0.6946437,0.034490835,0.018444095,0.31242067,0.64409745,0.40575516,0.016323144,0.08518143,0.021116361,0.10286407,0.22570552,0.023820234,0.00400138,0.5632665,0.040235832,0.032487363,0.19372384,0.03488901,0.07337776,0.11597702
3674,0.20812792,0.2780416,0.06584932,0.008278301,0.090723746,0.026909806,0.022185713,0.18746516,0.07740838,0.14438061,0.0074279755,0.021338426,0.8239007,0.012775716,0.010267019,0.15864049,0.0021010833,0.048688337,0.45101693,0.03272388,0.006492229,0.5847374,0.020683274,0.029105514
3675,0.05210821,0.028044363,0.0050835377,0.030434279,0.5304966,0.40375105,0.03624786,0.6123426,0.024912298,0.028559268,0.088434584,0.010789747,0.06296772,0.038568653,0.021867014,0.21912287,0.0025203896,0.33465955,0.011419352,0.016064707,0.016824521,0.322418,0.014236083,0.035163525
3676,0.0025589499,0.0023985396,0.00035634846,7.337298e-05,0.99960405,0.0060046115,0.00086062046,0.0055198176,0.06285493,0.0003287836,1.7009811e-06,5.4133475e-06,0.00037619975,0.0021265165,0.0021159751,2.7724853e-05,8.530423e-07,0.05402257,0.00031631326,0.00010366334,0.013441987,0.00020710575,4.3684586e-06,0.0001872212
3683,0.0013050623,0.0026171112,0.0017701901,0.1927923,0.06642645,0.020168882,0.64207536,0.7978049,0.0029116538,0.005445994,0.0035075243,0.038500875,0.048672494,0.05820805,0.00073024275,0.011735932,0.00014622755,0.020104337,0.0036362184,0.003206454,0.007921024,0.041411992,0.0035048637,0.0038787648
3687,0.02946251,0.05622664,0.0065514776,0.03212786,0.12491511,0.050822854,0.01293924,0.8150327,0.015098751,0.028894367,0.010731882,0.029422889,0.013630429,0.028946238,0.011372647,0.019360678,0.00025073742,0.2194784,0.0031241074,0.006665324,0.01588084,0.11888746,0.022193821,0.023684554
3690,0.002338998,0.020955563,0.0050865295,0.017323505,0.7921217,0.014652491,0.0011174439,0.69814104,0.057743326,0.04219636,0.006574783,0.002211599,0.0036422438,0.08824734,0.0806734,0.014485626,0.00013081655,0.87320346,0.002875193,0.008168935,0.0138725545,0.021385027,0.0052623977,0.0049217003
3695,0.3738118,0.3270176,0.056375068,0.12281555,0.17526561,0.17926626,0.03357599,0.66598517,0.069706716,0.07888671,0.105945796,0.18386072,0.021322927,0.038716592,0.048948344,0.0629831,0.0072321575,0.37708372,0.044879448,0.03344704,0.08862635,0.36359856,0.37851033,0.32879758
3696,0.006316124,0.011298319,0.005802582,0.035958394,0.87636936,0.027561843,0.021737948,0.41790265,0.03593835,0.027302532,0.0071171005,0.0071950136,0.014800975,0.12679031,0.059620388,0.016723488,0.0009057485,0.5608332,0.01199098,0.018897409,0.027597357,0.027340794,0.005278194,0.009607161
3699,0.025799328,0.06801743,0.02703667,0.012676748,0.9138354,0.079099804,0.026902473,0.12453369,0.20851387,0.051564053,0.0049425303,0.0040030815,0.1043331,0.065696664,0.042432934,0.014134435,0.0012946525,0.2539423,0.030847317,0.016007546,0.039267477,0.02642245,0.0035342302,0.020909254
3701,0.022173602,0.055071082,0.018423796,0.06976148,0.47386867,0.080141015,0.031263083,0.80946803,0.02650557,0.021435902,0.032648016,0.063974656,0.0055189827,0.05142584,0.024318792,0.032429755,0.0014378177,0.09021561,0.0069172974,0.016694665,0.08649167,0.16417709,0.14532058,0.044374023
3709,0.1489865,0.24602321,0.030932669,0.0049740695,0.5241618,0.10924279,0.0035479376,0.20509332,0.13449466,0.12862305,0.011363381,0.009986334,0.43129402,0.022261694,0.03196023,0.11002257,0.0012344592,0.11415847,0.1166494,0.027147088,0.0077983406,0.5780854,0.011143346,0.052801616
3711,0.001686292,0.0013067514,0.00061836827,0.00046677803,0.13422729,0.15426852,0.00012661504,0.2356277,0.0026544302,0.03761856,0.00854036,0.00011470335,0.92999023,0.00066409254,0.00056080025,0.48600838,9.950513e-06,0.021440808,0.0024904418,0.0021355068,0.00016204659,0.79892194,5.0603336e-05,0.00037077224
3712,0.0016391057,0.01137003,0.0031101704,0.055279627,0.5899383,0.00073026714,0.017905425,0.72033715,0.05421131,0.02636076,0.0012242544,0.007814617,0.00066744204,0.12491269,0.032364,0.00056759204,4.399032e-05,0.83428097,0.0018197803,0.0019540733,0.09817308,0.0010047073,0.009456242,0.003929354
3713,0.073194124,0.22944745,0.028103486,0.036145084,0.26803026,0.03439583,0.009698524,0.63862854,0.10774469,0.109320514,0.008475304,0.058145408,0.0069073597,0.01885692,0.050031506,0.0077335145,0.00042571934,0.4331095,0.004516097,0.0073129553,0.050880633,0.036233332,0.077441595,0.10479257
3714,0.0015191872,0.0024045557,0.0011777108,0.015460867,0.36561152,0.068445325,0.0028174305,0.9531157,0.010375147,0.019667473,0.021238817,0.0024226557,0.017122336,0.040293116,0.008812995,0.06449617,0.0001253405,0.4065451,0.0014216624,0.00451082,0.019554509,0.13473353,0.0035885673,0.003424352
3716,0.2209006,0.4167172,0.05988603,0.15817131,0.12887886,0.03721685,0.022744363,0.77341956,0.06961413,0.097228296,0.015045745,0.40947306,0.006696246,0.03518046,0.03614736,0.0063408655,0.0009034812,0.36524191,0.015101056,0.011528673,0.07592587,0.06789269,0.43632406,0.23373099
3718,0.14583604,0.029008158,0.006953452,0.0165155,0.7845637,0.5314262,0.008294963,0.48681912,0.03348321,0.0314132,0.06651224,0.0080348635,0.014384566,0.017680742,0.029308122,0.07117344,0.002965353,0.2767779,0.007493472,0.02187814,0.115944944,0.19503492,0.013824048,0.037241865
3719,0.13635759,0.5894028,0.18196931,0.018731961,0.53646904,0.016390841,0.008068535,0.34237453,0.5336243,0.2095771,0.0034100325,0.027747013,0.017540706,0.057035446,0.065040864,0.006606061,0.0007522954,0.17853574,0.02269449,0.017405095,0.10994266,0.029283658,0.015004419,0.10440108
3725,0.00032154113,0.00047856386,0.00022977909,0.001629225,0.9772813,0.002711253,0.0004480285,0.33340997,0.012970373,0.0031378877,0.0003978473,7.037772e-05,0.00014970916,0.005297494,0.00896216,0.0017992279,3.6040315e-06,0.82541907,0.0008287299,0.00045305528,0.0073307552,0.0043822885,0.00023480898,0.00029586512
3726,0.024597207,0.029887373,0.0068931486,0.0059387605,0.16028012,0.048817534,0.011611468,0.22943641,0.015332617,0.07064166,0.008888368,0.0050460873,0.870266,0.009928125,0.004117636,0.25859872,0.0006526443,0.05198148,0.12108997,0.01939262,0.002465322,0.635708,0.0028824282,0.00823491
3727,0.33913144,0.13951908,0.04275702,0.042526636,0.50446975,0.22761631,0.03133691,0.31865484,0.124866664,0.09823754,0.026813716,0.027979186,0.15431428,0.051775176,0.040275116,0.046687536,0.008671873,0.18875523,0.04951224,0.03369637,0.17388952,0.17136247,0.031819697,0.092397675
3730,0.17385827,0.2831058,0.0028514564,0.0032668991,0.05939719,0.018339178,0.00018751563,0.82512784,0.014104021,0.035288524,0.0018874859,0.017346093,0.005502122,0.0006082333,0.0010901791,0.0020726998,1.0889123e-05,0.13219321,0.0017386969,0.00044271426,0.0036946605,0.10473483,0.041266166,0.07118734
3735,0.016912146,0.021552827,0.010357238,0.002158006,0.42360896,0.057051875,0.013287565,0.047499396,0.051034298,0.058410715,0.0033328098,0.0025210816,0.83831215,0.01000059,0.0039476035,0.046676975,0.0003421336,0.019154543,0.17272808,0.007829815,0.011392008,0.31311017,0.0007649631,0.010337457
3736,0.57293093,0.08950008,0.0031427655,0.014173958,0.12677357,0.85408753,0.008644068,0.62802875,0.008656109,0.019384477,0.05243418,0.010962823,0.050156206,0.0019944354,0.0012572424,0.09633348,0.000825711,0.018815242,0.026278922,0.004025339,0.014671463,0.74035203,0.015180286,0.035380233
3738,0.013566506,0.03581165,0.009904594,0.0043242835,0.9330586,0.07250186,0.0008705282,0.3371801,0.22495164,0.07650875,0.0036191845,0.001265034,0.016753081,0.018342268,0.059014257,0.018796332,0.00021579955,0.40609315,0.00460496,0.0058619613,0.018738652,0.06482314,0.0015557441,0.0061565097
3740,0.06785722,0.04751476,0.0039744005,0.007524093,0.7665836,0.096345484,0.002644211,0.7152505,0.04320195,0.0064414944,0.0022810888,0.007338337,0.0032818343,0.0071012243,0.008290999,0.0016125668,0.00013109391,0.18289694,0.0027149634,0.0030302084,0.053072467,0.027701043,0.012617622,0.023902422
3741,0.012946075,0.05110488,0.003824255,0.0033596023,0.32942063,0.015074214,0.0017029542,0.39741102,0.043793734,0.064475864,0.0019443164,0.0021072498,0.09857551,0.014086734,0.0057049985,0.020673849,0.0001131176,0.17934097,0.018974015,0.0038341498,0.005486846,0.050374623,0.0009058469,0.0052283313
3744,0.49233556,0.14660938,0.014839866,0.008001976,0.46881038,0.6301248,0.009846429,0.38685417,0.050709315,0.043571007,0.038038775,0.008715255,0.09572183,0.008734935,0.0119726565,0.069915056,0.0024367233,0.05410829,0.058282502,0.0093276035,0.040499464,0.5538235,0.012479088,0.065855384
3747,0.07977514,0.05552013,0.020980963,0.0034515397,0.5562078,0.21538651,0.010780153,0.08225964,0.05229071,0.09273183,0.010463393,0.0036401073,0.6721297,0.016094029,0.010804476,0.15862924,0.0010044967,0.040768333,0.0617542,0.019707192,0.004869735,0.42952278,0.0026275285,0.010316316
3748,0.014871122,0.00938134,0.0038260533,0.06989631,0.27482903,0.15650928,0.10350475,0.7602109,0.008986727,0.0057161455,0.010930277,0.019758267,0.054449786,0.043815337,0.0077967723,0.029659137,0.0009743747,0.065447986,0.013324821,0.009727236,0.023231078,0.18724762,0.011020293,0.02037466
3750,0.26204035,0.27518234,0.045814574,0.05036265,0.41691864,0.08481629,0.006109593,0.60462594,0.08053271,0.107949115,0.025124216,0.105609745,0.015441456,0.050724335,0.11323653,0.040886987,0.0031630953,0.48335636,0.036016077,0.03322522,0.046207123,0.19886716,0.32474676,0.0834099
3754,0.01957477,0.0010897958,6.394447e-05,0.0044166227,0.8790374,0.58068,0.0016321477,0.866949,0.0010963822,0.00031565473,0.005070142,0.0007419604,0.0014859255,0.0024282155,0.0007117114,0.0060703005,6.954757e-05,0.10203218,0.001113977,0.0013029858,0.0056032287,0.16371083,0.0014236899,0.0023221015
3756,0.0452537,0.04392559,0.03436964,0.20120977,0.38367826,0.07085725,0.7912274,0.20968443,0.042284094,0.04410014,0.010717458,0.07237119,0.05969133,0.20198981,0.030731937,0.020639919,0.0056358636,0.09154412,0.045387052,0.025992746,0.054302398,0.03956038,0.01839495,0.033306777
3758,0.04117416,0.05432242,0.036893338,0.1543656,0.443366,0.08519367,0.23741451,0.5231365,0.053650133,0.055299237,0.024368325,0.07988815,0.05879319,0.13123451,0.05125705,0.0387503,0.00603737,0.23690172,0.029244592,0.04274754,0.059368763,0.096572064,0.061471943,0.04749792
3760,0.23451698,0.033697944,0.0032689401,0.024356067,0.8094298,0.863994,0.021143636,0.25169256,0.0149203455,0.011318321,0.059249204,0.010954832,0.07419661,0.015615134,0.013806462,0.05648832,0.0032179598,0.194702,0.02269261,0.019864293,0.022073688,0.335009,0.012665127,0.06073737
3762,0.7498654,0.9710731,0.22299238,0.0030541415,0.15533578,0.00083562505,0.0020567214,0.07106712,0.4089756,0.65562814,8.245839e-05,0.030688275,0.017729478,0.0026310927,0.0065170354,0.0011528338,2.1327656e-05,0.0322162,0.2191352,0.0009708373,0.00149234,0.015690094,0.030603072,0.046826143
3763,0.097831644,0.012763896,0.0022687807,0.023637122,0.2581654,0.046322215,0.024783863,0.43969658,0.002419368,0.0053765224,0.0068822256,0.042772084,0.026191495,0.0063935225,0.0054522473,0.026542328,0.00030756474,0.10354754,0.03464779,0.005055917,0.0030827073,0.3873601,0.18130146,0.024580466
3764,0.012963319,0.020817861,0.017160537,0.01440732,0.70323193,0.050148204,0.009425696,0.5175691,0.09423934,0.02994259,0.014262539,0.0036904889,0.098283514,0.045812394,0.029127441,0.021618579,0.0009982972,0.13665654,0.016657164,0.016328543,0.0820229,0.09027645,0.003902941,0.020096598
3766,0.00023655969,0.0012244905,0.00021563769,0.05618885,0.258483,0.0020652744,0.007964712,0.981791,0.0061957934,0.0029888847,0.0010859465,0.00953514,0.00043109915,0.070526145,0.003726969,0.00018674214,5.933914e-06,0.5488304,0.00015770853,0.00051591685,0.04213081,0.0012033862,0.01055648,0.004084949
3769,0.022558456,0.07389593,0.011474373,0.0026959458,0.18931383,0.07321848,0.0014008364,0.2394907,0.06427042,0.14900006,0.021636048,0.0041626827,0.93653893,0.008982894,0.003884185,0.1758365,0.0002646874,0.061387863,0.0342067,0.014050185,0.0028817048,0.43938884,0.0025830055,0.012546225
3775,0.0074061365,0.00282147,0.00032347694,0.00417431,0.40711582,0.31540853,0.0003635402,0.77209103,0.003136693,0.01376903,0.024705304,0.0006106779,0.07868685,0.0027730258,0.0012182153,0.09223611,5.9600898e-05,0.102413386,0.0013198177,0.0035098537,0.004038643,0.46183032,0.0007528659,0.0059257755
3778,0.109465346,0.059488285,0.011401801,0.03199376,0.09655818,0.30378094,0.029153962,0.45493498,0.016865538,0.067713045,0.062127773,0.027386038,0.69385695,0.02776403,0.00609723,0.21173455,0.003247048,0.03126915,0.0862176,0.029270845,0.018305201,0.6226395,0.016115677,0.04798458
3788,0.016751494,0.0022106636,0.00059174217,0.0018312513,0.18880443,0.4436986,0.00025964496,0.36178485,0.000901918,0.010349865,0.013944848,0.00038621307,0.68981266,0.0012996399,0.0019847497,0.34656247,8.396522e-05,0.123127885,0.032748103,0.004629461,0.0004731342,0.88594115,0.0005642534,0.0011730895
3796,0.00965557,0.019014781,0.0032443977,0.0026709961,0.9877193,0.064552054,0.0054253787,0.072322294,0.023725033,0.0075997,0.0008402033,0.0012432283,0.018021528,0.058215655,0.033154614,0.0072986656,0.00022844241,0.1944883,0.006237729,0.005826143,0.0068117557,0.030259136,0.0010504653,0.0048003215
3797,0.8965226,0.048593145,0.0003047208,0.001724129,0.21580385,0.9443103,0.00033868532,0.5837099,0.0008224446,0.0010703956,0.034099504,0.0024913198,0.006543075,0.00026256306,0.0004324352,0.12484559,0.00011476614,0.027271282,0.013359012,0.0010295233,0.0009984042,0.96102464,0.0071060443,0.017294468
3800,0.23997645,0.31587008,0.019396793,0.0025550253,0.5428914,0.14075899,0.0025821223,0.05724169,0.10009322,0.105805665,0.0020976458,0.004535935,0.20401247,0.009187424,0.0059579113,0.039099563,0.00036601964,0.049184833,0.14926524,0.009383171,0.0035558697,0.21679083,0.0017424849,0.021475544
3802,0.37621832,0.5599234,0.0581027,0.014640641,0.2151979,0.0037425961,0.010342283,0.48499873,0.058571648,0.02930007,0.0010561162,0.049236853,0.014467039,0.0034073242,0.00938619,0.005434165,0.00022025894,0.19584091,0.82696235,0.0045118136,0.0037398557,0.144759,0.08582916,0.033337697
3807,0.019186072,0.014456824,0.0022155135,0.002547822,0.19305697,0.07577434,0.008036521,0.26622406,0.0049613323,0.02621062,0.007944834,0.0023817683,0.90077716,0.0062342384,0.0015831264,0.19769374,0.0003139147,0.014104188,0.03254796,0.0060220314,0.0027999696,0.60075426,0.0010157827,0.0170911
3808,0.023095032,0.09908403,0.007465585,0.002079268,0.9730226,0.065237164,0.00048848597,0.10544688,0.23073608,0.05801481,0.0022828171,0.0015329521,0.014980113,0.034869514,0.03584389,0.02040497,0.0001745104,0.21610866,0.002490251,0.0067089256,0.024440365,0.034505066,0.0011254476,0.007902706
3810,0.047884274,0.13210455,0.027848065,0.0009583338,0.15746935,0.0018540315,0.006165736,0.09715252,0.043815177,0.15222608,0.0010813371,0.003164843,0.9664245,0.003061603,0.003321921,0.067912444,0.00010323719,0.044103317,0.8886755,0.0080002155,0.0012630889,0.31654426,0.0009872448,0.0034668301
3812,0.004872573,0.06158198,0.009956079,0.00010513591,0.9968982,0.0035758603,7.8408135e-05,0.02294228,0.56345886,0.04193437,3.342027e-05,4.8628575e-05,0.026569417,0.0045457683,0.02006292,0.0014832572,4.8271754e-06,0.16066864,0.0057547907,0.0014444176,0.0040200395,0.004794509,4.7450085e-05,0.0005610261
3814,0.0016675916,0.0003021271,7.948345e-05,0.00036732547,0.79750776,0.45165783,7.859453e-05,0.33348602,0.0016666465,0.0103705805,0.0078107063,2.4472825e-05,0.386466,0.0013598624,0.0014409334,0.12289364,1.2951687e-05,0.14144075,0.0006782622,0.002727513,0.0008146562,0.4641697,6.282441e-05,0.00046751273
3818,0.048796628,0.11019167,0.09679829,0.22171307,0.5062705,0.06790216,0.16900678,0.540421,0.19154483,0.15359183,0.041384395,0.14050585,0.05738866,0.2957389,0.19504961,0.05783482,0.012839186,0.39503217,0.045979008,0.08343216,0.11125276,0.08758278,0.101407856,0.08188284
3825,0.30922213,0.14568649,0.022295326,0.011270393,0.4589554,0.40932196,0.0068018367,0.3421494,0.053967107,0.04606896,0.033675026,0.012157565,0.24246691,0.013984453,0.020283516,0.1192793,0.0034384322,0.086646795,0.047784884,0.025353605,0.029009856,0.64441824,0.018972693,0.051793277
3828,0.008046536,0.011294325,0.0061886683,0.08841141,0.7302929,0.04708965,0.040742237,0.6259437,0.068903595,0.016732993,0.006652881,0.0152506195,0.002495365,0.039928116,0.023259083,0.0017688383,0.00053040736,0.27723315,0.0025910572,0.00786209,0.5284367,0.008876093,0.010478743,0.020009937
3830,0.018369276,0.0087608,0.0019985267,0.0005749267,0.10846798,0.023566283,0.0006377876,0.16820084,0.005612921,0.045726456,0.003364199,0.0004292704,0.94350654,0.0027926818,0.0014652999,0.23831625,7.044902e-05,0.028883183,0.051272225,0.007240732,0.0004026078,0.7574775,0.0003959953,0.0019123036
3831,0.48169488,0.056027167,0.0016543632,0.009028065,0.12332449,0.2513943,0.004396404,0.6598681,0.002813715,0.003322006,0.008423776,0.018989181,0.10089545,0.0015165603,0.0011148438,0.03855604,0.00041372012,0.025556995,0.09377952,0.004283267,0.0029346577,0.7404926,0.048546303,0.03547892
3835,0.0020083294,0.0024888609,0.0016864768,0.0071057985,0.7507944,0.053164355,0.037306193,0.4026886,0.00936525,0.0071618226,0.0020501376,0.0025611098,0.27305204,0.025433915,0.0034115252,0.018752322,0.00021954521,0.052316047,0.015899615,0.007389292,0.0113581475,0.073121406,0.001428088,0.0027752814
3839,0.007773807,3.0712414e-05,2.57402e-07,0.00026701804,0.044312503,0.9462341,2.5432499e-05,0.96368486,2.8204588e-06,3.400318e-05,0.024462601,5.587762e-05,0.0029291126,9.772572e-06,1.2392032e-06,0.12242245,2.501716e-07,0.0026394455,4.29769e-05,1.8435805e-05,0.00013925327,0.9795719,6.379391e-05,0.00026506672
3840,0.02696764,0.048944924,0.024428623,0.07860914,0.43292844,0.057318732,0.33046496,0.40810576,0.03369166,0.017111985,0.005578753,0.036823653,0.04471492,0.06272892,0.013839151,0.013867156,0.0019992942,0.048141293,0.024849214,0.018786455,0.039481584,0.061213102,0.017116342,0.03208259
3841,0.0060547497,0.0072886804,0.0023261658,0.032144137,0.8052015,0.39235842,0.026627759,0.6786661,0.04230055,0.046170652,0.025676442,0.0064552175,0.00418055,0.047257148,0.008818178,0.048542887,0.000766951,0.36849487,0.0014410905,0.01011023,0.06954669,0.05510859,0.0070608524,0.0077272276
3843,0.05177615,0.0064820447,0.00063274516,0.051961474,0.015869172,0.86385524,0.101072416,0.80173194,0.00084391265,0.002460109,0.03975287,0.024408823,0.05545203,0.009105124,0.00038435552,0.048634216,0.0001979585,0.009741908,0.0015268082,0.0024851004,0.004737167,0.47021112,0.0051457915,0.017590027
3845,0.01322763,0.046446014,0.0446789,0.31101158,0.23899284,0.02423534,0.8931046,0.26774055,0.032264337,0.03881954,0.009758805,0.13847175,0.043522056,0.5673826,0.071349114,0.025940122,0.005146936,0.13705774,0.033172995,0.029997056,0.03546743,0.036792837,0.034520295,0.040080663
3850,0.009264033,0.0015259797,0.00038133137,0.0051598125,0.9142009,0.5916141,0.0025787696,0.51276195,0.004705015,0.0053171134,0.008063937,0.00051956926,0.017556638,0.008750986,0.0056180973,0.08586081,0.00024786516,0.117439784,0.0018110331,0.003979372,0.004163853,0.1965077,0.00047699557,0.001620208
3851,0.0032033706,0.01932998,0.0029392557,0.0083567025,0.78244936,0.18786456,0.0033923858,0.58644986,0.022855686,0.0058496944,0.012645597,0.006037367,0.0028905557,0.08884121,0.096434735,0.016669706,0.00023329465,0.6777928,0.00035604637,0.0078927465,0.009766692,0.033419278,0.0037462679,0.0159427
3854,0.022549372,0.04087349,0.016902223,0.07037876,0.5345732,0.03878718,0.12575503,0.29742807,0.036171082,0.098863326,0.014019384,0.023742285,0.2108805,0.57024205,0.04375691,0.0889702,0.0030580696,0.1609486,0.04829326,0.03613271,0.019882886,0.10985052,0.006883158,0.016637484
3863,0.00070370384,0.0020344597,0.0005396406,0.004426469,0.9338351,0.0028634951,0.0007684577,0.48064694,0.018980118,0.03328728,0.0011132344,0.00018129326,0.0007009703,0.08743434,0.0968976,0.010733339,1.7272456e-05,0.9761358,0.00082662806,0.001682884,0.002907158,0.005076322,0.00031303996,0.0005137814
3864,0.037520766,0.008837938,0.00055919075,0.0036993974,0.9486968,0.69402725,0.006763751,0.181726,0.0052510495,0.0033133212,0.0038116192,0.0010449686,0.006849974,0.0034118122,0.003272088,0.03620386,0.00030546452,0.05324019,0.0030939763,0.00304176,0.006430606,0.22135536,0.001253011,0.010636613
3866,0.21480429,0.0144318035,0.00045292938,0.0007132861,0.3585135,0.81752306,0.0002728496,0.5776037,0.0019385832,0.0057153055,0.020135367,0.00051941525,0.10116553,0.00027324999,0.00025855706,0.14860474,0.00015532147,0.004447089,0.019411078,0.0015162152,0.005224746,0.9322585,0.0009769758,0.004810474
3867,0.17883107,0.25922054,0.10636538,0.10313439,0.2941055,0.09791466,0.1612117,0.5102775,0.15079314,0.14096534,0.034727797,0.1045445,0.11369796,0.08804349,0.058748413,0.07187202,0.011497382,0.19772877,0.13047995,0.06299862,0.074839815,0.17620964,0.07615682,0.10380561
3868,0.0015683852,0.0011735365,7.852433e-05,9.830477e-07,0.9995412,0.0005890159,4.5769903e-07,0.01075633,0.034709737,0.00032765776,3.149001e-07,1.3145925e-06,0.00022776517,9.9244135e-06,0.00018127286,3.8322582e-07,9.990714e-09,0.00095722196,0.0010075038,4.457776e-06,0.5651777,0.00010121589,4.3259544e-07,0.00024427986
3871,0.006265534,0.075508654,0.012065834,0.0077323257,0.8060089,0.004184077,0.001019449,0.42108113,0.18348466,0.050822295,0.00044840432,0.003564756,0.00043611543,0.029931173,0.0485746,0.00095346774,3.4009245e-05,0.7461269,0.0004965332,0.0009976517,0.015785702,0.003110985,0.0027001067,0.0074170954
3874,0.8951935,0.02446452,0.00029462407,0.0032897273,0.09925075,0.9497178,0.0007499919,0.68715364,0.00079494505,0.00096753985,0.028271979,0.0031399883,0.02953576,0.0002410592,0.00013847018,0.04864411,0.00020140743,0.010099608,0.015176771,0.0013178445,0.0032190564,0.9242048,0.004752066,0.017392922
3876,0.03777761,0.14439964,0.023643887,0.035619855,0.39057836,0.018364182,0.0085682,0.6006924,0.089624405,0.18710889,0.007820768,0.021590343,0.03296224,0.06438024,0.093512274,0.013153533,0.0006402963,0.63497686,0.020650243,0.011030375,0.029859249,0.06429797,0.02786915,0.048381694
3890,0.17539299,0.3113099,0.09868683,0.0075957947,0.34257203,0.008742172,0.029659377,0.09061225,0.14564548,0.15498646,0.0021361106,0.012938059,0.50589156,0.011680036,0.026349485,0.026505327,0.0010507231,0.08514917,0.9053142,0.012693906,0.012050708,0.14239976,0.0052957125,0.017967446
3893,0.0009548437,0.004419922,0.000102337115,0.0037613038,0.6532971,0.030548811,0.0038842922,0.89473796,0.0051702424,0.0005244211,0.000102422455,0.001467009,0.00011217665,0.0045563034,0.0004219528,0.00014534402,8.9102207e-07,0.015491187,3.9368486e-05,9.7963486e-05,0.0046827444,0.0042223707,0.0002970542,0.0026246672
3896,0.064416744,0.17670514,0.055305853,0.003034517,0.9872658,0.04489949,0.0038637382,0.04229129,0.40925083,0.19791998,0.0015491033,0.0017639676,0.05594925,0.028500829,0.06389647,0.019119717,0.00072832423,0.13468419,0.035004556,0.012003459,0.051280905,0.04164078,0.0016013257,0.010583779
3897,0.011871756,0.0056962366,0.003768388,0.040009335,0.5933983,0.02676707,0.18076806,0.2398787,0.008080289,0.010065494,0.0026731333,0.008136926,0.03263149,0.044838034,0.010070707,0.022936212,0.00081985234,0.114434324,0.01847063,0.013428974,0.012083029,0.065787,0.0040761204,0.006706785
3899,0.55154586,0.31562376,0.029055584,0.0069310847,0.09184217,0.030140506,0.006748418,0.20275103,0.045510415,0.22028717,0.007655457,0.016467895,0.5447994,0.003384381,0.007854084,0.08819645,0.0009355877,0.09272399,0.6877433,0.011672556,0.0054303138,0.6452587,0.019230688,0.03171979
3900,0.35400972,0.03729787,0.0017969684,0.003160644,0.057124536,0.35071522,0.004747504,0.31067133,0.0039264904,0.024281435,0.006849,0.0042623556,0.43209317,0.0009928402,0.00036842664,0.0983746,0.00018224964,0.008613005,0.07358299,0.0025618335,0.0011929503,0.81640714,0.003360514,0.0063722413
3904,0.034918316,0.03491653,0.00940539,0.050535545,0.38136858,0.10095892,0.030070916,0.7486219,0.015512014,0.029376112,0.02321514,0.021671385,0.020131925,0.08420505,0.031203585,0.03649538,0.0013275065,0.35977378,0.011286823,0.01955646,0.03274738,0.15855747,0.06262402,0.051620457
3906,0.0024905426,0.005494199,0.0012823147,0.041098755,0.6676427,0.0427083,0.013976349,0.8441179,0.00795861,0.010035793,0.0052607656,0.0075213946,0.012005264,0.04286103,0.008852375,0.0085058715,0.00022674073,0.2952436,0.004509581,0.0058503384,0.020671701,0.03598064,0.0070173447,0.0047116806
3911,0.038141996,0.05533941,0.028377008,0.02448369,0.94793326,0.077823,0.06509651,0.118658066,0.12967739,0.034974627,0.0033276298,0.0078039286,0.025522584,0.051506564,0.04569267,0.01101021,0.0012857604,0.24493848,0.027356884,0.018221721,0.052967038,0.021381337,0.0058365683,0.014052292
3913,0.019207675,0.30827615,0.040158458,0.007754961,0.9667279,0.010017397,0.004721384,0.099125214,0.39994034,0.22257683,0.0012925313,0.00603418,0.013802625,0.26606095,0.08044436,0.008904715,0.00022560211,0.28201705,0.029915,0.009073411,0.011865527,0.013310378,0.0022824304,0.010735775
3920,0.05233616,0.045573127,0.01990491,0.0022857557,0.8646463,0.017774977,0.016054595,0.060461,0.15105948,0.11413018,0.0014077064,0.0017846749,0.39769232,0.029745752,0.009863875,0.019656422,0.0005423258,0.037225727,0.11772503,0.011635095,0.017884683,0.09052892,0.00063143333,0.007274483
3923,0.087866105,0.14285447,0.10694356,0.04955368,0.83938915,0.107751705,0.059284505,0.24798156,0.24816856,0.09839095,0.022937559,0.036142424,0.0388856,0.13152543,0.15594777,0.034886092,0.009313012,0.389913,0.05784658,0.05357998,0.08873169,0.071121566,0.050887544,0.074283555
3925,0.11052927,0.12250635,0.015236618,0.1593639,0.104691036,0.008133089,0.041060597,0.88208,0.011261502,0.02386875,0.0043199616,0.47274697,0.0028769225,0.01872864,0.013744827,0.002682076,0.00019982684,0.27827248,0.020550728,0.0038756086,0.027097125,0.044270903,0.94159436,0.04438149
3926,0.08066115,0.15335007,0.1324367,0.09457622,0.44843704,0.06656034,0.15303972,0.31563663,0.20373361,0.16451244,0.020528475,0.06894529,0.13578326,0.1412718,0.09264601,0.04698951,0.008186303,0.182911,0.08452347,0.07001726,0.07128188,0.100471504,0.037527658,0.06970311
3930,0.02219594,0.057114817,0.031155929,0.05713431,0.8333462,0.049031317,0.033278555,0.5104743,0.18199651,0.081161134,0.01029705,0.014662168,0.00722011,0.115204364,0.07792524,0.013857136,0.0013830139,0.58834505,0.015286467,0.020265184,0.077526376,0.018147245,0.024411764,0.012325525
3935,0.17094737,0.26914656,0.07230838,0.076223865,0.42516047,0.0989127,0.10500135,0.36014444,0.13259853,0.11773469,0.020274052,0.103411585,0.12090557,0.07509847,0.04889142,0.035189167,0.008273526,0.14231431,0.07836953,0.037351184,0.076974735,0.1320772,0.06033605,0.26883572
3943,0.056886718,0.000968942,3.0288023e-05,0.009929854,0.06331309,0.8888805,0.0036273769,0.9595422,0.00010784543,0.00018044253,0.021258477,0.0031213185,0.0030597101,0.0009230294,8.006312e-05,0.0072033335,2.344087e-05,0.019526398,0.00030070837,0.0007171282,0.0022309045,0.6006037,0.008023196,0.0057067005
3953,0.066381656,0.07958413,0.0065987706,0.028536139,0.13775471,0.2521137,0.014462606,0.8333591,0.010114116,0.0103041185,0.014946495,0.029387292,0.011127821,0.0063024107,0.0027464463,0.02785322,0.00023487971,0.07597182,0.013670047,0.002640594,0.0063370564,0.43180513,0.027503176,0.038137738
3959,0.036156323,0.1488949,0.08204515,0.1261753,0.38392842,0.008062463,0.22878031,0.47840646,0.22435537,0.19028509,0.007248881,0.0817211,0.025888236,0.1329218,0.04810478,0.019409738,0.002306864,0.2562453,0.09681966,0.022369811,0.06668733,0.026199229,0.030295432,0.04269236
3965,0.08177036,0.009071014,0.0003677722,0.002154198,0.7417215,0.8968297,0.0007704246,0.73478436,0.00557636,0.0014440482,0.015629878,0.0009933804,0.003801205,0.00070353114,0.0005800101,0.023091681,0.000100175326,0.020142708,0.0010140472,0.0016182776,0.018918213,0.47828597,0.001627277,0.008337871
3967,0.0086198,0.010492404,0.002050119,0.009182953,0.52322364,0.05751077,0.0020135094,0.5937289,0.007228273,0.023904346,0.0182022,0.0022653262,0.10727316,0.029812397,0.01103421,0.108791485,0.00022034062,0.5893996,0.029596651,0.008416008,0.0019518797,0.30354428,0.0029283578,0.0033863937
3970,0.036756277,0.016877424,0.0013278371,0.0014347977,0.27509153,0.13175336,0.0010667843,0.8984913,0.021903954,0.014202117,0.001755123,0.0011205396,0.04781427,0.0019145127,0.0003076803,0.0101285055,4.5441884e-05,0.0046104644,0.009268069,0.0012798988,0.014132415,0.16656978,0.0009369177,0.0050407685
3972,0.5289877,0.7825978,0.17838782,0.012931301,0.11175818,0.024269467,0.005816105,0.38883945,0.27744418,0.48828962,0.0036149928,0.03161771,0.057626117,0.0144747775,0.024348453,0.020632444,0.00046150712,0.11439215,0.081805944,0.0070103146,0.014810002,0.15524158,0.03526348,0.06443744
3974,0.49976033,0.14994982,0.00524221,0.01664931,0.5168061,0.3414313,0.004071928,0.57125914,0.014901534,0.0067061973,0.026299147,0.01727095,0.0020259935,0.007829076,0.013282445,0.008496535,0.00077091705,0.22238703,0.012411429,0.0045109894,0.055749726,0.19274642,0.03735614,0.13414139
3976,0.24293415,0.2661813,0.087701686,0.023106443,0.85230905,0.2665051,0.018095428,0.12340521,0.34308702,0.2896845,0.023652697,0.019214462,0.07316207,0.104169376,0.15242079,0.12513286,0.008691904,0.37490273,0.03862949,0.059080653,0.047169577,0.17173092,0.026499,0.061040986
3983,0.030594604,0.05665988,0.023253463,0.24248855,0.26048884,0.061013624,0.2194401,0.7257414,0.042859115,0.084684856,0.02993627,0.09305685,0.04309662,0.20623368,0.035133522,0.0571521,0.003709471,0.23443715,0.022010315,0.02426852,0.07979172,0.07812933,0.073411256,0.040656433
3987,0.23644865,0.62186384,0.06433367,0.013897699,0.35302466,0.0074278107,0.006519932,0.40763292,0.16608086,0.14725542,0.0010715821,0.02812594,0.022850726,0.027310662,0.028317891,0.0035384104,0.0003552584,0.19636995,0.11864507,0.0051083565,0.007701851,0.057886306,0.017754033,0.03919606
3988,0.2788779,0.0126119135,0.00070322683,0.0043356023,0.44747752,0.9648853,0.0014185127,0.63926136,0.0038499103,0.0037754294,0.073414974,0.0019364671,0.039574895,0.0012262955,0.0015352695,0.22450253,0.00044881587,0.0550276,0.0026786218,0.0037961686,0.0062905396,0.7481966,0.0049258918,0.012362195
3993,0.015799554,0.006617304,0.0013484933,0.021377878,0.27328846,0.31239846,0.00323804,0.9007306,0.0062440904,0.0026599602,0.07684518,0.00612116,0.0046394803,0.009242246,0.008619055,0.017584927,0.00033877237,0.17256622,0.003635194,0.006693668,0.058250763,0.2677274,0.010669255,0.07362109
3996,0.05743206,0.04059616,0.037797764,0.047858562,0.6748068,0.057755172,0.20482367,0.16426997,0.06103171,0.048022706,0.007915993,0.020277468,0.28375405,0.05468931,0.028084189,0.040275216,0.005621399,0.09892939,0.16917811,0.038886473,0.031664323,0.10664538,0.012717311,0.025016317
3998,0.03283111,0.013856674,0.00297029,0.040252883,0.6981952,0.3123997,0.020797465,0.6469811,0.008650927,0.010307201,0.021380123,0.014333721,0.00810714,0.023709338,0.017419096,0.04418068,0.0012006745,0.19078967,0.01111548,0.016032007,0.015102695,0.2111877,0.019140914,0.018557634
4000,0.4473862,0.00044946602,9.314758e-07,1.1848868e-05,0.05181246,0.99863064,4.7192098e-06,0.6996988,1.7361403e-05,2.177322e-05,0.0064049466,8.180095e-06,0.043574125,2.8884705e-07,6.988787e-07,0.19313619,5.739008e-07,0.00017851472,0.00014639177,2.5641473e-05,5.7885558e-05,0.99650764,4.274498e-05,9.962783e-05
4005,0.0019631304,0.017584383,0.0148521755,0.058837272,0.24922003,0.007991793,0.7764877,0.21131653,0.026047084,0.012637924,0.0005453109,0.018805565,0.08143983,0.06379997,0.002446904,0.0036746277,0.00015398659,0.010211927,0.0395994,0.00307423,0.00682083,0.024696345,0.0012595246,0.0066702985
4008,0.36992857,0.49574897,0.017912831,0.008932583,0.83500826,0.2019885,0.001759554,0.43638504,0.06099443,0.024998577,0.0063969553,0.018201614,0.0028428277,0.0055112173,0.019255538,0.0039240704,0.00032817043,0.2751363,0.023849478,0.0025991464,0.027548563,0.120675,0.115561426,0.05407074
4009,0.015521605,0.0025146815,0.00016239061,0.0027218172,0.94437814,0.1914711,0.005755874,0.44934103,0.001162206,0.0004227423,0.00056675036,0.00066323107,0.0028807279,0.0033125498,0.001670786,0.0036443693,5.078085e-05,0.11683493,0.002183937,0.0015535334,0.0017411816,0.061334644,0.0009724254,0.0028480892
4014,0.23408268,0.04094949,0.005464136,0.014299277,0.120018534,0.30993733,0.0056639863,0.4730487,0.009095612,0.02374209,0.045509722,0.014333554,0.29223347,0.011480298,0.0067688907,0.119577,0.001134566,0.085117914,0.036778588,0.009315581,0.0068200543,0.6577767,0.012607788,0.04407437
4018,0.20723543,0.09455492,0.016951956,0.12795225,0.23678799,0.51458716,0.059031982,0.8030488,0.0247013,0.017147858,0.08761896,0.09485545,0.017808149,0.03242872,0.023750938,0.04775952,0.0071370895,0.18382022,0.02548481,0.025314527,0.08403386,0.34541297,0.09455458,0.20035128
4020,0.029283727,0.06973871,0.03008114,0.016987387,0.87442887,0.1847924,0.022380074,0.29656225,0.19112365,0.053608127,0.0073283995,0.009558691,0.07461525,0.078254536,0.03125698,0.0430215,0.0021027755,0.063164,0.019729907,0.019705744,0.0783758,0.11159407,0.005883743,0.017581197
4021,0.00060463796,0.00423936,0.0017314372,0.0045105824,0.9478441,0.0005541953,0.0012711533,0.58561724,0.037837148,0.002839808,0.000120447556,0.000882001,0.0004169893,0.03662798,0.032504905,0.00069392147,1.0139764e-05,0.4744999,0.0011457828,0.00086844503,0.026758526,0.002204344,0.0018311127,0.0009483186
4025,0.019535575,0.037186798,0.036429346,0.067716815,0.6348419,0.04276002,0.1169809,0.45268506,0.14117137,0.03947466,0.015831178,0.024844691,0.034304447,0.15881388,0.1024303,0.023843894,0.004327415,0.38251585,0.023688655,0.03611403,0.07223893,0.04229224,0.025665851,0.039469033
4033,0.14729299,0.010671987,0.00010465439,0.0025829969,0.3229709,0.89664346,0.00028311086,0.9079581,0.0011939802,0.0031192359,0.01895409,0.0021815232,0.0014437649,0.0005915508,0.00027685016,0.058920514,2.840541e-05,0.04287319,0.00038766235,0.00055670505,0.004663011,0.7308421,0.005991071,0.0080002695
4036,0.116626196,0.16626431,0.038349684,0.0049835206,0.2786931,0.03601848,0.006796041,0.11809821,0.06742588,0.23861746,0.013346963,0.0085782865,0.88814944,0.013957928,0.017498503,0.34806526,0.001760644,0.12678605,0.64728916,0.03550862,0.0042963945,0.52309084,0.0063645346,0.01746912
4037,0.33603504,0.0047034854,0.00027762935,0.003286411,0.27767774,0.93378526,0.004736922,0.6948645,0.00086660415,0.0013138367,0.045055125,0.0015610682,0.031213732,0.00066435017,0.00032617728,0.111704245,0.00022979597,0.018692367,0.0028509886,0.0011572536,0.0055599343,0.8065193,0.0037073763,0.0058642635
4061,0.14004701,0.07096222,0.0063302354,0.14259592,0.08534892,0.073479466,0.01212468,0.8992476,0.0059592808,0.010806311,0.023874035,0.14234552,0.0046904585,0.024798648,0.0123041235,0.010767427,0.00053843163,0.3660741,0.010245397,0.0050170617,0.015288182,0.26562932,0.25427073,0.05446773
4063,0.1172848,0.0053476146,0.0005284998,0.008687636,0.3064167,0.93558985,0.0031316483,0.73348236,0.0018691212,0.001685334,0.10354188,0.0032183437,0.012692568,0.0019269483,0.002213816,0.122261606,0.00047750055,0.11009713,0.0027226717,0.005854164,0.009612838,0.737571,0.009616575,0.02097035
4070,0.013755912,0.024930514,0.006492417,0.03422885,0.34377265,0.037028424,0.012563309,0.8209372,0.018361364,0.032413706,0.013870097,0.014879599,0.03696596,0.045400687,0.016541211,0.031779103,0.00073545513,0.3548453,0.013226572,0.016310502,0.017883,0.101474084,0.017423376,0.022595394
4072,0.00028327474,0.000827745,0.0002518765,0.0013960447,0.89904165,0.017554402,0.00024517492,0.95465636,0.007923427,0.0023995452,0.0008100302,0.00014096397,0.00026780867,0.0034477366,0.0009981476,0.0017598036,2.3483194e-06,0.20322496,0.00020433072,0.00076831423,0.011946687,0.008259188,0.0005071235,0.00029222356
4079,0.25473455,0.14913273,0.01354484,0.014676433,0.8706293,0.57321197,0.01617534,0.31117046,0.062454443,0.025091857,0.013100829,0.008560811,0.015411717,0.013137785,0.017489027,0.10920308,0.003203275,0.13186848,0.04112449,0.014413571,0.016015405,0.2880453,0.014863295,0.027447868
4082,0.037886284,0.016445298,0.0062307185,0.021701375,0.91377836,0.24169084,0.013565849,0.24595262,0.053025607,0.03597523,0.018571317,0.0057519292,0.036297,0.07096059,0.053356286,0.06544018,0.002695861,0.2887311,0.011082885,0.034788683,0.033639826,0.17348787,0.008576468,0.025464518
4088,0.0058621564,0.014149832,0.01043784,0.0075474842,0.9802955,0.008120813,0.0044846935,0.16671261,0.121627405,0.042444043,0.00070028915,0.0007602489,0.0018959452,0.035743594,0.07545204,0.0040932214,0.00013319032,0.63540137,0.0051158695,0.0056179,0.017513297,0.0065360125,0.0012807566,0.0025298705
4090,0.756698,0.4635036,0.037258852,0.019518554,0.31623173,0.19234914,0.0036491894,0.30467924,0.041336298,0.07234679,0.014733831,0.062973246,0.022478912,0.0034284713,0.01829612,0.063602895,0.0015486713,0.14054285,0.16863346,0.011514368,0.010421226,0.5671268,0.45266098,0.07570209
4107,0.05345608,0.07686046,0.071326494,0.26386502,0.3964873,0.08540242,0.70806515,0.32107946,0.06313712,0.058907576,0.030547477,0.15280546,0.097096406,0.32066992,0.07169705,0.06263208,0.01599468,0.18299913,0.08121679,0.06861755,0.06656616,0.098648794,0.06910498,0.06302271
4109,0.0043292483,0.014943808,0.003505045,0.029421374,0.6369241,0.04823388,0.0037294643,0.7220335,0.020188887,0.034335952,0.03497237,0.008143602,0.010951454,0.06717336,0.048893332,0.0761516,0.00039647313,0.8529765,0.0033045998,0.007470374,0.010945624,0.077872545,0.016281636,0.011652903
4114,0.21627137,0.37290236,0.088605955,0.0030126027,0.83511215,0.024063276,0.0042513073,0.052440006,0.19352199,0.1461559,0.0013837696,0.0067320606,0.3347052,0.009272055,0.023495609,0.018332014,0.00062342815,0.060999237,0.5287665,0.010220085,0.017028548,0.09445073,0.0034778106,0.020849416
4116,0.06756913,0.052166313,0.024477711,0.004829612,0.51205385,0.09595998,0.008881326,0.24096555,0.0915152,0.14274187,0.0110765835,0.0055010505,0.7346189,0.016430365,0.016179498,0.20182003,0.0014390651,0.07877139,0.11136823,0.025575476,0.0109075,0.44778463,0.0035341291,0.010920369
4117,0.062402416,0.029587327,0.01129736,0.047473364,0.610573,0.11695369,0.017432809,0.60457957,0.025653113,0.0399466,0.023271991,0.017928675,0.04516343,0.033670973,0.058040507,0.04108205,0.0027054213,0.608374,0.027933806,0.0243302,0.025401276,0.13306645,0.025806192,0.02686711
4118,0.039153866,0.0078163,0.00090319075,0.015604603,0.40502027,0.7162627,0.0034111799,0.68698335,0.0025247186,0.0031445574,0.07004714,0.004432757,0.026700247,0.008310054,0.004822446,0.21286331,0.0005658592,0.21999441,0.006156965,0.0084118,0.002930617,0.6897795,0.006495506,0.01251915
4124,0.011003452,0.05200329,0.02158885,0.09117277,0.3137637,0.02166258,0.013582654,0.79976356,0.07547394,0.13726072,0.030604867,0.05000837,0.016831076,0.13266662,0.09476661,0.014265851,0.0008953664,0.77984774,0.013257272,0.015014777,0.05846723,0.03791418,0.03909742,0.03984652
4133,0.14640707,0.28541806,0.082521416,0.033627074,0.8429054,0.08502394,0.037425578,0.17295474,0.22008617,0.100784674,0.012981972,0.04238516,0.09567371,0.12956949,0.1608103,0.043725062,0.007849562,0.37217078,0.13873537,0.042479213,0.04605116,0.10823917,0.042690538,0.078704886
4135,0.10061618,0.029400248,0.00096820516,0.014446156,0.11644801,0.33994293,0.013146244,0.6113144,0.00213304,0.0047387946,0.021016883,0.008913451,0.11895899,0.005071092,0.0016040136,0.06784861,0.00028306822,0.06248318,0.13004082,0.0046091517,0.0013029684,0.6976727,0.009166507,0.021689009
4142,9.5184725e-05,0.00067536486,0.0002432839,0.00047708722,0.9951878,6.047543e-05,6.3386826e-05,0.23828785,0.17676984,0.007767166,4.4760036e-06,1.6322523e-05,0.00050342845,0.0033215212,0.004250736,8.090735e-06,2.2759863e-07,0.07757759,3.152358e-05,0.00010193566,0.79241836,1.8646802e-05,1.2179114e-05,7.651668e-05
4143,0.048281286,0.0067586345,0.0008281429,0.0024718423,0.9703624,0.49185243,0.0023730565,0.09321533,0.008852055,0.0015948351,0.0009585279,0.00096298615,0.00449072,0.004578558,0.005192597,0.0020192473,6.9154994e-05,0.22481704,0.0022833645,0.0016462211,0.0032112964,0.031680334,0.0010874849,0.0066366936
4146,0.00028814506,0.0016666924,0.00088561536,0.12696087,0.4215337,0.006419763,0.39464223,0.8005233,0.004072719,0.0038030054,0.0010807834,0.011509695,0.0016902509,0.33189648,0.0068336595,0.002096144,6.496724e-05,0.2648203,0.00056674227,0.002792217,0.011751643,0.0031054795,0.0047977166,0.0015533047
4150,0.1823048,0.31459498,0.037075058,0.014111385,0.21661058,0.1302112,0.009224122,0.40039176,0.07703372,0.10637613,0.023280893,0.034872234,0.25805035,0.0139420545,0.008784076,0.1439576,0.0019315749,0.035726488,0.13773839,0.01858328,0.013727793,0.47676218,0.020848142,0.049524367
4152,0.034987845,0.45801154,0.0388382,0.0035901484,0.21693149,0.014446971,0.0023850664,0.38995948,0.11882832,0.15178613,0.0054722684,0.0101802815,0.34432784,0.006175234,0.008943096,0.05773087,0.00017860276,0.13468447,0.11493216,0.0071901586,0.0029896037,0.36978284,0.012094032,0.023488862
4154,0.41924292,0.11441476,0.0008799792,3.8515856e-05,0.6022613,0.14256261,6.9845846e-05,0.07411027,0.010972858,0.0077828527,0.00055116555,0.00025643467,0.23298739,0.00013635229,0.00056827895,0.034329746,1.8573557e-05,0.00965014,0.13456567,0.0011740926,0.00029200327,0.8537396,0.00023538752,0.004939314
4158,0.01961175,0.07075825,0.04413143,0.09301941,0.27179495,0.12956339,0.41404724,0.316072,0.08139868,0.09191613,0.03424956,0.08567232,0.2686182,0.12538394,0.019592892,0.14657044,0.004961565,0.06075617,0.061491657,0.032764502,0.049515855,0.14241153,0.013727108,0.045542955
4164,0.0014724806,0.029049046,0.008266948,0.0425325,0.46135414,0.006072204,0.013509081,0.88923043,0.077444315,0.041967787,0.0034057407,0.010889746,0.0037196053,0.09608517,0.024386069,0.006036274,9.560208e-05,0.6813577,0.0031783702,0.0053786086,0.013595564,0.009418976,0.008324745,0.0066120145
4167,0.017379783,0.00017905564,5.725944e-06,0.0002299494,0.6896707,0.9419698,0.00013012657,0.7018967,6.979957e-05,0.00020508,0.0059095784,5.8265086e-05,0.0025934838,7.689103e-05,1.098855e-05,0.040893685,4.087641e-06,0.0017699887,0.00014738367,0.00021220601,0.0004846543,0.7990347,6.200395e-05,0.00047224478
4171,0.0004903533,0.0038396376,0.0008850392,0.019542083,0.6496477,0.0036567457,0.0039631603,0.79327035,0.017962895,0.016302148,0.0021358877,0.004655861,0.00068111526,0.04424538,0.02177465,0.0013791595,1.3768908e-05,0.9110287,0.00033225442,0.0010574663,0.0092549175,0.0028561947,0.008799385,0.0010794983
4175,0.06689628,0.011690822,0.002231857,0.048954792,0.19906844,0.8565508,0.019687966,0.67077845,0.003999801,0.020527877,0.27578798,0.020886645,0.064551,0.011311915,0.004572088,0.63599324,0.002109162,0.0705689,0.012999016,0.01482604,0.010432945,0.81693,0.021746071,0.016776182
4177,0.16130517,0.17399883,0.026522925,0.01696183,0.1726437,0.08660762,0.03467029,0.52939117,0.050780743,0.088867754,0.018491624,0.024098312,0.6802073,0.014617518,0.009274981,0.16304265,0.0026308757,0.05489524,0.42231113,0.02136105,0.012009829,0.58942723,0.017567407,0.03548225
4178,0.09136244,0.19362494,0.061268255,0.02735868,0.68211216,0.12929857,0.015382484,0.5921262,0.17950995,0.10521173,0.026052268,0.01971351,0.05444109,0.034277413,0.04265511,0.059868693,0.003232346,0.22819844,0.06878938,0.0314045,0.064229295,0.15436545,0.032335073,0.032206275
4179,0.03994977,0.07237793,0.058687013,0.07535142,0.5413564,0.017604716,0.053160045,0.57358456,0.21128818,0.039900713,0.0056896396,0.063189,0.0040848306,0.031160621,0.02921116,0.003174547,0.0011548523,0.10245987,0.01508802,0.011324619,0.70940506,0.02184344,0.072914295,0.026339388
4183,0.0022041972,0.0017971249,0.0008601229,0.0043915273,0.9254772,0.061708085,0.012162858,0.4434152,0.009065384,0.0040598293,0.002222679,0.0012795422,0.007973566,0.006399411,0.0032714847,0.022151817,7.2194205e-05,0.09174941,0.0013314368,0.0050053736,0.014133546,0.09772422,0.0014060236,0.004014339
4186,0.010730035,0.026203025,0.0053621614,0.0061966507,0.602269,0.12527332,0.0019744076,0.43799102,0.05741012,0.07434564,0.019453902,0.0048387507,0.31137186,0.023234379,0.013021065,0.13327146,0.00035701678,0.1657531,0.01017142,0.014322879,0.008833103,0.2987295,0.0055196793,0.012593639
4188,0.031145938,0.0051687616,0.0009611946,0.010502955,0.34635124,0.5209105,0.009700916,0.5942989,0.002830066,0.008598353,0.019680452,0.0039942223,0.22909859,0.0108677605,0.0019129425,0.25873297,0.00062905264,0.025999753,0.010239689,0.0110101905,0.0044334005,0.6577805,0.004060533,0.0074929255
4197,0.00041981714,0.0006189305,0.0005090551,0.0063028615,0.9611552,0.003354288,0.015820865,0.07210284,0.023410875,0.023666432,0.0008362436,0.00016579786,0.004745042,0.098085456,0.03499411,0.0059549916,3.1168336e-05,0.57714856,0.0028162785,0.0039427374,0.006943038,0.0029961017,0.000114126204,0.00044587883
4199,0.11193518,0.20057943,0.21848634,0.15083727,0.40603295,0.08097449,0.25803417,0.32262906,0.26108518,0.22540861,0.049029097,0.11554857,0.24493013,0.3220524,0.17099808,0.07320635,0.02588017,0.23049973,0.10155937,0.11797377,0.14807221,0.1294747,0.050499268,0.20038994
4200,0.04373018,0.09081713,0.028818859,0.029488927,0.68852067,0.026372446,0.06112781,0.49136278,0.09073494,0.04927604,0.004518531,0.031967267,0.07175462,0.049360737,0.033323247,0.010473133,0.0020034697,0.24055722,0.07652764,0.018157452,0.042178944,0.04964285,0.054413166,0.033385675
4203,0.013223126,0.020628035,0.0063210963,0.1391345,0.23016015,0.10618195,0.07214649,0.880843,0.020696318,0.019965071,0.036769852,0.038555093,0.012959426,0.06438942,0.011054438,0.025601376,0.0009927276,0.27579516,0.007842958,0.011538682,0.049376562,0.09067547,0.034731984,0.022286937
4206,0.28913194,0.08847763,0.00763995,0.041386798,0.26820433,0.46412,0.012198452,0.73841065,0.015274656,0.025165927,0.107472695,0.045664802,0.012928392,0.022902409,0.01721205,0.25951922,0.0029820066,0.16827682,0.014600371,0.020255048,0.018780163,0.58905584,0.08680559,0.07590689
4208,0.3653538,0.31137425,0.049502775,0.090062045,0.2870315,0.092586614,0.03809667,0.66789085,0.048382327,0.04128701,0.026986176,0.14516304,0.028182173,0.029334178,0.042957533,0.02994942,0.0050510713,0.27277142,0.09391342,0.030162534,0.06039806,0.29187956,0.27632052,0.16748606
4211,0.90972245,0.80449796,0.013868689,3.569037e-05,0.120762266,0.011115742,8.088777e-05,0.03457909,0.05067747,0.055731155,5.27708e-05,0.0006649105,0.21149008,3.2527623e-05,0.00013288305,0.0038792235,3.106059e-06,0.0013211168,0.7394258,0.00020990509,0.000115397466,0.45980614,0.0004139217,0.0049846843
4212,0.00039806296,0.0012047569,0.00048640446,0.0026538698,0.9829698,0.018832337,0.00080067426,0.25695044,0.018174803,0.013402089,0.0016903885,0.00012701433,0.0075972294,0.030665342,0.05261782,0.01767329,3.4312634e-05,0.7590703,0.0015791421,0.003949258,0.0076720477,0.023485491,0.0004932393,0.00042060122
4213,0.080940604,0.7024828,0.14924201,0.00045853818,0.7996353,0.0008814599,0.0012223178,0.014350609,0.6468327,0.56476855,5.4940956e-05,0.0022450872,0.27418315,0.0074930005,0.017254569,0.0032083353,2.1189395e-05,0.033188775,0.30222288,0.002150871,0.0016320063,0.013133434,0.001201164,0.010703937
4214,0.06944112,0.11867565,0.08805243,0.09924469,0.5776796,0.09376209,0.30320942,0.28403497,0.122461855,0.07851936,0.013141075,0.056766547,0.038481038,0.08159265,0.04261138,0.053004745,0.0062415753,0.11807299,0.087325126,0.038437255,0.061704427,0.13393338,0.04081524,0.036144726
4218,0.019838616,0.031926755,0.0046209036,0.0031036143,0.32581532,0.011763799,0.00045050879,0.5897816,0.031157661,0.26119152,0.008165133,0.0016858194,0.3210969,0.011333642,0.011011136,0.06671887,0.00012747626,0.56862617,0.04267688,0.007321773,0.0041621947,0.20414664,0.0024251924,0.0033221038
4223,0.00937432,0.030662794,0.017540054,0.22771451,0.27566212,0.054412674,0.24172409,0.7790286,0.060626708,0.05099609,0.022727422,0.056783978,0.027464358,0.22281387,0.025281165,0.012734135,0.0023175625,0.16469987,0.010513202,0.015822161,0.31132612,0.034546096,0.027069552,0.039423928
4225,0.18781914,0.07794025,0.011246237,0.011371435,0.38540196,0.46098092,0.015989644,0.25987938,0.025307521,0.018847926,0.026905797,0.014843826,0.4381049,0.0069526425,0.008438624,0.09949755,0.0023421927,0.043891322,0.13468312,0.017325096,0.0076653566,0.6335889,0.009959041,0.051441815
4227,0.0060805012,0.0020249526,0.00025684206,0.0042805835,0.924132,0.2906384,0.004595028,0.46622807,0.003448135,0.003703294,0.0048236223,0.0008092614,0.0023644047,0.0048093875,0.0012491948,0.055445496,9.678074e-05,0.05269064,0.000983797,0.002508806,0.024307529,0.13325435,0.00045464624,0.004679363
4232,0.110217184,0.09950235,0.015723392,0.0562232,0.1607069,0.123308145,0.054514296,0.68827736,0.02402762,0.03231797,0.022372106,0.03554196,0.039795626,0.026939757,0.009971296,0.019474342,0.0012974953,0.11150574,0.018933136,0.011296981,0.035978623,0.16523294,0.03542547,0.10703881
4234,0.01182801,0.037317086,0.0057048067,0.009742299,0.911937,0.036594793,0.0048629595,0.27962634,0.051791098,0.03382594,0.0029853843,0.004809732,0.013788113,0.052321065,0.0494794,0.012713145,0.00037880812,0.47525734,0.011420718,0.011956271,0.020466166,0.034935385,0.006834271,0.009045859
4236,0.12346479,0.17678295,0.06146065,0.048193455,0.7891171,0.1819773,0.07715525,0.20394526,0.13470371,0.09321133,0.024765812,0.04723032,0.15087642,0.11028646,0.11454225,0.084282435,0.012020958,0.24717009,0.12333359,0.06226495,0.04949648,0.18359683,0.05680312,0.05756205
4242,0.019919774,0.01683346,0.011489419,0.046596356,0.5809647,0.054415144,0.09128655,0.5860628,0.07667688,0.026601303,0.012377143,0.010430636,0.02181709,0.07635918,0.022803502,0.019836523,0.002493202,0.09445797,0.012523072,0.015917309,0.6583816,0.037702132,0.006445228,0.019462554
4243,0.11251836,0.61344755,0.25526458,0.0010448575,0.9084959,0.017170679,0.0022347916,0.03727777,0.65682864,0.11927293,0.0003237009,0.0031179623,0.11394162,0.008455887,0.022065315,0.00519173,0.0001498074,0.016025456,0.11816472,0.006804953,0.03023747,0.049871422,0.0016375997,0.025796639
4249,0.0007847587,0.0031909521,0.00045990196,0.0100567555,0.9564946,0.03412094,0.0041200146,0.55120695,0.006894735,0.0045644706,0.0032532874,0.0013862626,0.0072123725,0.023089997,0.00485385,0.026741384,7.762585e-05,0.21098581,0.010818321,0.0052445084,0.0047101737,0.049902342,0.0014219589,0.0010322694
4255,0.055851962,0.45562464,0.05112759,0.0014069686,0.98691255,0.0034023807,0.004577671,0.009191952,0.31542572,0.037493855,2.4929925e-05,0.0029086226,0.0015796203,0.023512403,0.03486364,9.956269e-05,1.6475378e-05,0.101174615,0.010803727,0.00069813227,0.0066572535,0.00074681436,0.00059699354,0.008935791
4258,0.20274208,0.10216866,0.010959447,0.02225548,0.6778635,0.22323439,0.010119258,0.6118952,0.039483614,0.034571957,0.02723333,0.016015975,0.035267897,0.020670176,0.031777784,0.06363171,0.0030603937,0.2985507,0.07270994,0.019523283,0.025311368,0.41707763,0.029645385,0.065031104
4259,0.0052141445,0.0041817357,0.00022870918,0.15423529,0.014847885,0.008129675,0.93906856,0.4184885,3.0636154e-05,9.805628e-05,9.1018e-05,0.20995352,4.170486e-05,0.0026166048,0.00010136232,0.0003327778,1.208331e-06,0.0035379028,0.0025732645,4.0230396e-05,0.00040768384,0.029030992,0.1961288,0.0032253356
4260,0.16237819,0.06243231,0.006335904,0.009959789,0.49479887,0.18993194,0.0020885943,0.74720824,0.045036744,0.04085552,0.013800159,0.015393363,0.006431029,0.0020616641,0.00666852,0.021481479,0.00023213994,0.12691039,0.0077302554,0.0036786909,0.07424412,0.1207619,0.031565335,0.033742607
4261,0.09621962,0.039142396,0.009857514,0.018301982,0.42365274,0.7975962,0.012751705,0.47687578,0.025294323,0.028335964,0.12195333,0.014868356,0.22393689,0.013185933,0.017444804,0.46439135,0.0054609682,0.09040691,0.044772554,0.039867107,0.019903773,0.68622404,0.016307686,0.02851415
4263,0.007798285,0.0036381453,0.0017989049,0.04794949,0.41719103,0.11771409,0.08606436,0.8969475,0.0028705853,0.0047535165,0.008779319,0.016347388,0.0036543475,0.014156046,0.0015351111,0.008820404,0.00019595551,0.0872653,0.002694851,0.0045798207,0.020085908,0.056822743,0.024697952,0.009089687
4266,0.005492433,0.051923607,0.020421358,0.1357306,0.29754668,0.0047554797,0.42829302,0.26734725,0.031248538,0.033857945,0.0012103493,0.058389883,0.009042808,0.89250624,0.066939086,0.0031046267,0.00056987396,0.10575584,0.005310633,0.010715513,0.019635808,0.007896716,0.011541998,0.019265758
4268,0.0010661605,0.00014694994,1.9772728e-05,0.00029044924,0.028530087,0.49646914,5.1255352e-05,0.62925804,9.8068165e-05,0.0019666117,0.009879987,4.519589e-05,0.9155274,0.000102616,2.1667704e-05,0.4472743,1.6106515e-06,0.0036261533,0.0015739833,0.00083961664,3.0242796e-05,0.94343984,2.6820873e-05,7.0690476e-05
4278,0.12031673,0.013297609,0.0006673336,0.0028867992,0.6913034,0.7819909,0.006208266,0.19551581,0.0014526389,0.0020299018,0.0063702613,0.0012812898,0.08723378,0.0027887286,0.0014442201,0.06462589,0.00036707745,0.023852156,0.010916702,0.005793811,0.002770686,0.6120714,0.0023944187,0.009830265
4282,0.0062491456,0.006565878,0.0008748251,0.015997207,0.18701169,0.0033846998,0.0068361615,0.9379007,0.010678465,0.005922125,0.00071721425,0.0047497964,0.0016532099,0.0057289456,0.00083897,0.00033971723,1.2086446e-05,0.025075201,0.0012222572,0.00033330833,0.66822886,0.008371569,0.0050799046,0.004696522
4283,0.008693083,0.016437702,0.004642513,0.026187537,0.4646799,0.25133732,0.024891187,0.6865815,0.029989226,0.02710897,0.058322847,0.014780569,0.13160288,0.040230427,0.008905649,0.09274808,0.0017292331,0.09842388,0.007839839,0.019232217,0.038623523,0.3641719,0.012460879,0.046467274
4285,0.00929666,0.037171073,0.00053653895,4.307217e-05,0.9917257,0.00058033003,5.8862265e-06,0.16462183,0.025144253,0.00049207377,1.1377718e-05,7.5539305e-05,0.00010805315,9.976274e-05,0.0048950985,3.5603545e-05,9.107607e-08,0.39815256,0.005227887,3.240727e-05,0.00093401485,0.002108647,0.00011199718,0.0007226825
4286,0.044900965,0.00954761,0.0010437324,0.008260887,0.77783877,0.71976674,0.0043851915,0.25155714,0.009779636,0.004631467,0.038034454,0.0036895003,0.07615341,0.011480621,0.008223453,0.048712187,0.00064598204,0.23987018,0.0053182635,0.010403291,0.007770776,0.23044153,0.003044166,0.029188681
4289,0.021174196,0.108970925,0.038943116,0.16310318,0.31875265,0.0272446,0.36052403,0.63543427,0.06335253,0.09513766,0.012706383,0.12381114,0.03892637,0.22297987,0.042439625,0.027045107,0.0036802692,0.2115486,0.037823405,0.02691066,0.052774362,0.049004044,0.069387555,0.041851424
4293,0.0014601442,0.031405278,0.0052645975,0.0004063346,0.9858953,0.004685457,0.0005291112,0.101768345,0.31710395,0.024309998,0.000121013516,0.00023318276,0.025503615,0.0034208482,0.0038334103,0.00084702554,9.76947e-06,0.039262205,0.006954449,0.0018511467,0.009259465,0.0047364566,0.0006272156,0.0014977219
4297,0.12572484,0.25021064,0.11532875,0.032619946,0.76103425,0.2873447,0.030034076,0.24428956,0.4502792,0.25200796,0.03601059,0.02767941,0.1399106,0.07426505,0.06833555,0.1123781,0.009110756,0.1347913,0.06907667,0.05164692,0.12684268,0.16836153,0.023890888,0.07525873
4300,0.47126603,0.009072438,0.00031978026,0.0029964463,0.49159727,0.9939871,0.001892978,0.4291639,0.0013150108,0.0009212953,0.051619004,0.001562804,0.0125022745,0.00044352614,0.00054500153,0.17547862,0.00026882245,0.024899364,0.002036705,0.0022514176,0.003903841,0.8351452,0.0028433478,0.008797264
4311,0.024366392,0.09801303,0.016537983,0.095575176,0.14906447,0.02591669,0.35579032,0.3479498,0.022116203,0.018041115,0.003354848,0.10797674,0.054190647,0.09222094,0.015836567,0.007973035,0.00072542805,0.05416436,0.022262812,0.0070123267,0.01594234,0.054165203,0.029283807,0.07740092
4312,0.44083452,0.1986583,0.010459834,0.039119285,0.18957214,0.100706846,0.01757461,0.65231085,0.01043808,0.011583367,0.009229061,0.119315915,0.009841452,0.009244722,0.008215204,0.011751804,0.000878905,0.11914409,0.034184877,0.009317341,0.011049117,0.2531558,0.52657557,0.0876167
4318,0.055072818,0.014062694,0.0053309184,0.017112186,0.6649358,0.39172977,0.0027902725,0.6381508,0.024322286,0.055188406,0.07223096,0.0042589344,0.06612028,0.012880821,0.020217188,0.23728824,0.001742524,0.47568226,0.028064447,0.020602442,0.027780809,0.54404086,0.010657448,0.011813783
4320,0.13970041,0.4993557,0.03538926,0.0005165388,0.20933446,0.0023913463,0.0033673723,0.084571764,0.07142146,0.039769545,0.0002603862,0.0054341597,0.46476507,0.00044719223,0.0012532008,0.024600001,4.6035646e-05,0.010280993,0.9735704,0.0018051346,0.0006474076,0.3283673,0.0014457338,0.0053315405
4324,0.118600346,0.0063713333,0.0006171092,0.0023260466,0.17808293,0.5845713,0.0014806428,0.53061366,0.0019100287,0.009006662,0.0130967125,0.0011839889,0.32095626,0.0013208243,0.0008260549,0.13711719,0.00013697548,0.014659935,0.008548957,0.0042077824,0.0014876968,0.84776425,0.0011057951,0.004250135
4330,0.06897797,0.10945407,0.044218794,0.011737336,0.12628193,0.080918744,0.012239758,0.31080693,0.064982615,0.27757603,0.020590493,0.013392257,0.9015267,0.030274851,0.009949755,0.21937624,0.0020394633,0.055157747,0.14696203,0.059493117,0.007047046,0.4678508,0.009206441,0.017757354
4340,0.005106806,0.007203002,0.0012960897,0.008005895,0.8947321,0.079855636,0.00058122183,0.40851724,0.025897983,0.016212665,0.008139689,0.0008041345,0.002042713,0.02225866,0.06335836,0.022094505,0.000107938744,0.9121941,0.0008959208,0.0040716147,0.00966771,0.038851667,0.0014740147,0.005653394
4346,0.35800216,0.0834012,0.014261648,0.036336694,0.25685573,0.68119764,0.026719125,0.6548287,0.0300797,0.04233842,0.104,0.028518863,0.1262081,0.025708629,0.013967934,0.12663503,0.005790516,0.06288378,0.030988365,0.022134846,0.07149171,0.6424468,0.026056925,0.08860742
4349,0.021201238,0.015340127,0.007661204,0.05684816,0.6717525,0.08497583,0.04276799,0.54486305,0.018764399,0.018604238,0.013536916,0.017364716,0.017836612,0.051177006,0.03901609,0.028156346,0.0016262121,0.59705925,0.014271848,0.021212239,0.022698656,0.07114997,0.028156705,0.013786408
4356,0.0002509881,7.273369e-05,1.302504e-05,0.0011053196,0.5846979,0.17185132,0.00048470934,0.78416204,0.00034533103,0.003125783,0.002719314,0.00014862746,0.14206098,0.0038573954,0.00013200873,0.046198435,3.4718985e-06,0.062343255,0.00019516898,0.00043983493,0.00039141532,0.14736165,7.0462935e-05,0.00017297683
4358,0.008674492,0.01178827,0.009757183,0.12816904,0.26660097,0.03258114,0.17087373,0.7789391,0.020435471,0.03271533,0.020438243,0.04127232,0.038706392,0.12838873,0.029719155,0.026172385,0.0017503767,0.41805252,0.01191824,0.020152668,0.031182947,0.0638826,0.04215946,0.020635383
4360,0.03070535,0.025067952,0.010010381,0.022744209,0.35216096,0.2939595,0.008051824,0.53908616,0.025817756,0.091852576,0.08822077,0.010842785,0.42750245,0.025650594,0.0180517,0.16880396,0.0014633186,0.28671893,0.032001827,0.022377184,0.014776443,0.45747373,0.0066668554,0.027410068
4361,0.059263222,0.59042394,0.042199925,0.0007180035,0.94676,0.015549881,0.002857541,0.034426376,0.41279122,0.06273911,0.00036941157,0.0023985533,0.14294475,0.012750641,0.009231154,0.007073417,7.7191144e-05,0.06501913,0.101103656,0.0035273999,0.002069248,0.017860183,0.0009675653,0.009539046
4363,0.19478957,0.16513602,0.015703356,0.04294502,0.2289687,0.35044423,0.021673463,0.7445173,0.034679387,0.059387248,0.06384813,0.058197163,0.08765092,0.01736069,0.013073614,0.039944585,0.0028654772,0.11241474,0.021963485,0.016616847,0.028691169,0.2964609,0.026796252,0.28093272
4364,0.6970738,0.56699663,0.04729309,0.0054075923,0.44291857,0.17427292,0.006387334,0.17785232,0.1113316,0.13018191,0.01263899,0.014190004,0.06371893,0.0049211513,0.014097917,0.13369949,0.0017455518,0.062057946,0.30247885,0.007333014,0.015650412,0.5780567,0.016902776,0.08303387
4378,0.00548302,0.010997061,0.009123455,0.0138508305,0.9033869,0.09946254,0.005367045,0.43898347,0.09728841,0.028195256,0.0066760513,0.003198624,0.008292931,0.04750468,0.056617726,0.010906987,0.00045102788,0.42434567,0.0022785855,0.014852071,0.046807114,0.019533174,0.0020090234,0.007654193
4380,0.01842932,0.023304762,0.006945771,0.02883072,0.8210857,0.15151371,0.0069395513,0.6170132,0.06235261,0.07007011,0.03938812,0.007825402,0.021590004,0.02261068,0.016516421,0.09779513,0.0010375436,0.3587229,0.018730165,0.016655007,0.024325697,0.16427113,0.028145198,0.009968937
4388,0.058701813,0.059374016,0.017734062,0.02218808,0.55019283,0.06496772,0.035224177,0.49683478,0.03990485,0.029336318,0.007014524,0.017430378,0.061592124,0.023387102,0.0130100325,0.026580919,0.0014707821,0.103906915,0.047649357,0.021322116,0.020566551,0.15644053,0.018213576,0.022479577
4389,0.016508918,0.002200256,0.000109482266,0.0002072715,0.030706083,0.14147824,4.994662e-05,0.71747637,0.00047736857,0.029201303,0.008479244,8.713463e-05,0.82233405,0.0004747986,0.00012796193,0.5821094,1.147865e-05,0.0075717573,0.0076830587,0.0010655167,0.00013609341,0.9259677,0.00016112567,0.00030619552
4399,0.057466377,0.022830296,0.0023716695,0.0008024074,0.9295442,0.19280991,0.0010188579,0.07255696,0.019391201,0.02015531,0.0013108313,0.0005157642,0.38806558,0.0033826139,0.0023328697,0.014072709,0.0001381866,0.008698242,0.011094732,0.0042722323,0.005449859,0.21658629,0.0012038649,0.0071938457
4402,0.058187895,0.029730957,0.031678952,0.08089357,0.65254843,0.11626741,0.1768043,0.40671006,0.087381124,0.037087165,0.01703914,0.028151512,0.04786215,0.102267876,0.0548075,0.028758483,0.0070859264,0.21937008,0.029734246,0.03804943,0.20222473,0.08133379,0.017056547,0.037580878
4406,0.067279585,0.06862852,0.018187685,0.009306507,0.23250744,0.09092827,0.005646536,0.40943792,0.047880176,0.23483774,0.040843137,0.012678664,0.7564264,0.015030744,0.007653827,0.30358484,0.0010929763,0.11348854,0.15830684,0.026602322,0.00947464,0.64627886,0.010201421,0.014699115
4413,0.17795601,0.06246961,0.009571022,0.028155401,0.26375666,0.2250064,0.030157432,0.4806749,0.017225994,0.022208178,0.01386458,0.015674857,0.09809847,0.017110117,0.007895289,0.04896566,0.0018662057,0.056471664,0.04978107,0.014200908,0.016441135,0.37070882,0.01452028,0.033055935
4422,0.10965514,0.07053328,0.016554495,0.03322575,0.43953988,0.083777554,0.04968821,0.36942956,0.030102251,0.032368377,0.008580726,0.022514286,0.09869921,0.023651525,0.012310586,0.03142839,0.0018576611,0.08606283,0.08150821,0.019675545,0.01465727,0.15578529,0.019764336,0.036109425
4424,0.348988,0.09748124,0.018390156,0.022031792,0.26472706,0.3484,0.023908352,0.44150075,0.028056147,0.045672067,0.02913085,0.02290346,0.24099797,0.009840411,0.009539177,0.15030852,0.00339875,0.046366185,0.15283483,0.024672497,0.018759537,0.6522169,0.03807566,0.054397184
4425,0.10155887,0.117941245,0.015906153,0.072365105,0.13239071,0.21638256,0.017844751,0.91477334,0.028494906,0.043480784,0.054082617,0.07140625,0.042086795,0.04352361,0.018319858,0.052447677,0.0023714707,0.21678986,0.018125106,0.01889241,0.047599025,0.3940231,0.09177767,0.088576816
4426,0.011511183,0.008038475,0.00174322,0.012763248,0.8599726,0.14387165,0.002891955,0.56672305,0.03133466,0.025601242,0.00780887,0.0017230435,0.010953407,0.027182441,0.009736868,0.036535304,0.00034508947,0.14481425,0.0060196803,0.0073497565,0.05191368,0.11242421,0.0016408452,0.0056379405
4430,0.09787,0.030999934,0.00425303,0.0065281773,0.14524417,0.27702796,0.0010491512,0.6686256,0.01183317,0.10553024,0.04440888,0.0039840085,0.3316632,0.0017815246,0.0030011728,0.3155494,0.00042449412,0.08845117,0.063778624,0.007128587,0.0048400555,0.84475124,0.020529553,0.0048225354
4431,0.02800537,0.06661727,0.014645801,0.0025361043,0.9272011,0.04155372,0.00060225395,0.22118086,0.16570944,0.06962008,0.0017290701,0.0012258313,0.043370374,0.0064048977,0.032763723,0.009652173,0.00015908202,0.33507764,0.012544927,0.0076650153,0.024794746,0.03730169,0.0014079075,0.005920783
4432,0.003663505,0.002893867,0.0008867782,0.024470605,0.3538663,0.050213248,0.010607284,0.9076957,0.003148072,0.0058606393,0.013506373,0.0069121993,0.0055992207,0.0137083735,0.007831016,0.031064963,0.0001697267,0.49608544,0.0029445302,0.0028351736,0.01019247,0.11715331,0.006748741,0.0069810925
4433,0.2256376,0.103606224,0.038490247,0.03852638,0.55187273,0.11599469,0.024065582,0.43678686,0.12959398,0.11794246,0.02611864,0.035326235,0.1708772,0.04993037,0.048454605,0.062005486,0.008047305,0.20608513,0.060685333,0.03850965,0.20162086,0.22084174,0.047771104,0.06585379
4435,0.041061547,0.077142365,0.028028293,0.043421224,0.38603967,0.07467818,0.017289186,0.5851872,0.12800771,0.27609783,0.069536306,0.031363353,0.16681823,0.1251422,0.072245404,0.24546498,0.004069077,0.6032993,0.04749425,0.044418227,0.03988214,0.20720297,0.026298594,0.030126842
4437,0.3653617,0.7895331,0.119148426,0.008428107,0.23206791,0.0049058907,0.0035629168,0.14080168,0.18332095,0.45009273,0.0005285842,0.061483216,0.10134966,0.013094831,0.02460995,0.0022483808,0.00010224572,0.17089102,0.12207262,0.00393273,0.0038365815,0.025835073,0.043479264,0.05520157
4440,0.00084365375,0.004397619,0.0035077843,0.055382904,0.24485716,0.012635206,0.029781725,0.93227136,0.034093656,0.018210743,0.0049574752,0.008309716,0.012147966,0.057725206,0.004312267,0.007188137,0.00014176953,0.10996113,0.0024528112,0.0041173156,0.03894257,0.019931952,0.0035087713,0.0038786395
4443,0.00046713412,0.00035279512,7.223484e-05,0.0024805702,0.68835247,0.013392024,0.0007634963,0.93365,0.0037017427,0.0028725872,0.001273841,0.00015528324,0.0009399551,0.012805447,0.0012644407,0.0041059284,5.5250352e-06,0.28753054,0.00014477676,0.00036200258,0.02879704,0.009493369,0.00013368922,0.00047791537
4445,0.115851775,0.11681567,0.026084565,0.015882576,0.351302,0.06287474,0.011874038,0.5468271,0.08532839,0.18852875,0.008677737,0.01061685,0.056993697,0.036704995,0.029905211,0.07613072,0.00086838333,0.36768997,0.033131022,0.021426104,0.008899351,0.19308026,0.017210178,0.020860564
4451,0.006563527,0.019883899,0.006965177,0.011965308,0.52591515,0.03203695,0.012291619,0.41104004,0.065955855,0.058697373,0.0016056392,0.0029217773,0.18102792,0.041770265,0.011698687,0.022892741,0.00027284725,0.07863487,0.0048537673,0.011114769,0.0053559192,0.08444644,0.001249635,0.007533453
4452,0.17512146,0.7741517,0.052888393,0.002286418,0.4240631,0.023562944,0.00034402634,0.47420657,0.36514887,0.17808755,0.0017426659,0.008775005,0.022982035,0.009570788,0.024704838,0.007069319,8.5008694e-05,0.18728499,0.008551151,0.002652328,0.009251193,0.10217713,0.012740574,0.09086837
4458,0.02479896,0.04350275,0.0014212542,0.0082889,0.3547243,0.038144227,0.008922601,0.3696983,0.006627694,0.0128601575,0.008542609,0.031503852,0.036880504,0.00424774,0.003372194,0.008129575,0.00010412352,0.3423733,0.012292285,0.0021362354,0.003309,0.08105492,0.06684391,0.06498304
4465,0.9206447,0.023494981,0.00033498908,0.0018161123,0.31279564,0.9564814,0.00045536255,0.5197315,0.001771409,0.0013951467,0.016843308,0.002355586,0.004135627,0.00033544176,0.00059503125,0.008208539,7.785077e-05,0.037169468,0.0018269202,0.0007768239,0.005834864,0.7308837,0.004753487,0.033122618
4468,0.037770774,0.12163379,0.083909854,0.076664954,0.7252425,0.04780951,0.03771903,0.5427412,0.2309904,0.13536096,0.02237615,0.042343255,0.021635897,0.15341185,0.27660102,0.03707244,0.0055979146,0.68903977,0.034101885,0.04306716,0.08991448,0.044678148,0.061154146,0.046979398
4470,0.18793666,0.15433693,0.07288555,0.032677155,0.6796199,0.09036772,0.13086985,0.15359247,0.09389658,0.07336914,0.01269671,0.027982578,0.26798365,0.04978053,0.03901933,0.06720852,0.0077831284,0.13790336,0.4278228,0.054074697,0.02182712,0.21118632,0.036864102,0.036262993
4473,0.025940314,0.04669898,0.016064811,0.0028509048,0.39560205,0.036981504,0.003293826,0.09809913,0.085142985,0.27931526,0.00813671,0.0029574025,0.9678784,0.036196068,0.008656289,0.07595666,0.0005750056,0.063136674,0.09298462,0.022367772,0.011140757,0.27469444,0.001618908,0.007991362
4481,0.013393951,0.027199717,0.013827584,0.020422531,0.55303085,0.027762314,0.06876351,0.36326495,0.073787495,0.04332743,0.0028264942,0.005993295,0.15935041,0.039012775,0.009689753,0.023020357,0.0006263423,0.06277474,0.038074315,0.012544755,0.022174414,0.07788002,0.0047875773,0.008484537
4488,0.055083267,0.033158034,0.027712578,0.040548775,0.7800303,0.15228,0.039988343,0.36592653,0.06303096,0.053525034,0.023128733,0.012589707,0.04715609,0.05580551,0.038756073,0.07453818,0.004006981,0.23632321,0.043257605,0.040406764,0.06557304,0.1835842,0.020172184,0.03269333
4491,0.23736216,0.29008213,0.0816204,0.020297583,0.8138665,0.1150089,0.008613397,0.26341617,0.27029604,0.1271729,0.013527711,0.030711478,0.05704291,0.03969956,0.07810656,0.024687972,0.0038932983,0.17870861,0.046463843,0.037209276,0.14365917,0.15285599,0.020396374,0.15348087
4492,0.112942465,0.15053017,0.02076622,0.0010981335,0.23347476,0.035893206,0.009663342,0.10136572,0.050855275,0.04134461,0.0033131796,0.0041164826,0.9048401,0.0098866075,0.0029764788,0.07894828,0.00050934416,0.016317917,0.48493716,0.012072157,0.004185321,0.60969067,0.0029435756,0.011642971
4493,0.01095074,0.011274135,0.0062475554,0.022558214,0.656706,0.070100754,0.013935068,0.66847694,0.03391865,0.045209285,0.009539672,0.0056468816,0.11750863,0.034070753,0.019158361,0.057087142,0.0008584419,0.1819998,0.028723968,0.01657696,0.025710396,0.17373037,0.006816716,0.006619213
4494,0.038819112,0.050010033,0.010128782,0.0068158377,0.96069896,0.052377857,0.0015813155,0.22139406,0.10018195,0.051277567,0.003039917,0.0025637753,0.0065107807,0.04544834,0.08865054,0.0086030075,0.0002979687,0.6615697,0.0062010805,0.010199206,0.019300511,0.018683841,0.005927964,0.007485472
4495,0.0104322955,0.007340547,0.0019896056,0.005850954,0.77968204,0.08909098,0.008714844,0.1906292,0.011657614,0.017163407,0.005961993,0.0019586019,0.2462252,0.03280889,0.01504947,0.18049414,0.0005914329,0.32080373,0.05070645,0.013684585,0.002798165,0.23664401,0.0016144079,0.0036619594
4496,0.012096124,0.0023668061,0.0007851779,0.004993914,0.90732044,0.39227545,0.0014828002,0.6134846,0.009327697,0.0051358775,0.0046097385,0.0010171847,0.0052003223,0.0046505895,0.0037211855,0.006568305,9.914677e-05,0.08082005,0.0014950731,0.004164551,0.02419896,0.07209887,0.0017763601,0.0043522264
4497,0.03386271,0.22569957,0.043172296,0.01824312,0.71560633,0.015862191,0.005230512,0.7488005,0.47044286,0.25724038,0.003852508,0.017156288,0.012364962,0.040907197,0.043984223,0.0056817117,0.00039287476,0.43246225,0.006190294,0.008961152,0.122776955,0.01495857,0.016159263,0.028207703
4499,0.006544335,0.015250991,0.0038731995,0.010540917,0.92120165,0.007169757,0.0012197457,0.70820916,0.06317909,0.05603157,0.0028431194,0.001763415,0.0014854106,0.03756304,0.06016453,0.0060706995,0.000105954045,0.81352216,0.005387993,0.0036212315,0.039342985,0.008579492,0.0047605643,0.004291476
4517,0.9035021,0.38624614,0.015830837,0.0023785988,0.49088532,0.34952492,0.0027649056,0.14066097,0.04305684,0.042341042,0.0031422775,0.0075783813,0.06793131,0.0008929371,0.004115937,0.015410596,0.0005471743,0.03241491,0.35444507,0.0029508518,0.0064511728,0.480768,0.011756169,0.037336156
4523,0.02123559,0.24095125,0.09778394,0.01024355,0.88474846,0.014242168,0.075714976,0.08194527,0.16538915,0.04054807,0.0010154732,0.010233359,0.05672951,0.0407368,0.03833146,0.012504722,0.0008680698,0.0579558,0.07480522,0.01722714,0.014511003,0.030644497,0.0058117337,0.01886394
4524,0.0002779663,0.0090437615,0.00019313012,0.0039073816,0.8296372,0.09184842,0.00085218606,0.9410969,0.0047293724,0.0027229514,0.0007193414,0.0013225785,0.0015180152,0.010915344,0.000474165,0.0014156207,4.0262876e-06,0.071995676,6.9980924e-05,0.000798448,0.0032550213,0.018551188,0.001184232,0.0036152643
4526,0.020634227,0.030963052,0.008407999,0.056492206,0.6513294,0.09651963,0.008971114,0.86019,0.03455906,0.011770354,0.015806096,0.018470345,0.0016800993,0.042884145,0.042048603,0.0061251144,0.0005347326,0.5495732,0.0029743866,0.00948794,0.11360989,0.031991728,0.04851739,0.029899111
4529,0.008890859,0.017006531,0.003490285,0.04494104,0.32936862,0.0504383,0.01754544,0.8931365,0.014438078,0.012939588,0.009142848,0.016262617,0.034583274,0.031854942,0.0062478012,0.01765846,0.0003866903,0.132862,0.016359929,0.008696769,0.022656474,0.13750234,0.007916469,0.021727089
4530,0.44216162,0.08144433,0.0046407687,0.009904885,0.26521948,0.65081304,0.002554403,0.7205579,0.008754831,0.010117214,0.06127206,0.012289772,0.022530006,0.0035911854,0.0030903176,0.24829207,0.0013091357,0.062444028,0.032830704,0.014887253,0.012042883,0.8987397,0.018538076,0.04377416
4531,0.02643245,0.0045071193,0.0009897212,0.008299824,0.15696745,0.15697911,0.013746949,0.28353655,0.0018344187,0.011206037,0.011801611,0.0018135546,0.51322556,0.013009978,0.001014083,0.2015842,0.00027067497,0.0068272417,0.032187607,0.004404834,0.002101683,0.6206015,0.0009392533,0.004292227
4543,0.30213815,0.19363186,0.023196762,0.08077182,0.24980149,0.11818771,0.06336392,0.60067225,0.01647937,0.018609531,0.01955564,0.22463521,0.040001668,0.022653155,0.0155802835,0.03621058,0.00291693,0.13954933,0.07737941,0.019551452,0.017641453,0.30937633,0.7637905,0.08257486
4544,0.019427413,0.026503567,0.015229867,0.06685357,0.56598455,0.0513439,0.013666486,0.65496004,0.05484429,0.084346734,0.032939408,0.015703421,0.013846291,0.1234757,0.14158611,0.039554775,0.002041242,0.85849786,0.012036512,0.029804576,0.04105776,0.05055007,0.031131005,0.019811539
4547,0.0024581393,0.0061500007,0.0019144772,0.0033866114,0.85295373,0.035208605,0.00075785286,0.76223826,0.057452105,0.033306517,0.0032556138,0.00075696356,0.009499487,0.010820658,0.0043319603,0.011901355,4.7910777e-05,0.21195853,0.0034224617,0.004719484,0.031044986,0.043865286,0.0009859862,0.00182058
4548,0.006878114,0.08208398,0.012745506,0.021237927,0.8060048,0.013559852,0.013112109,0.70533335,0.16590136,0.04206067,0.001917458,0.01432508,0.0009503623,0.045375247,0.026466496,0.0036437775,0.00013456377,0.5108072,0.0023336576,0.0035239705,0.03270984,0.0078050033,0.01075387,0.010715709
4552,0.05751773,0.06736821,0.01882974,0.0025314065,0.32577989,0.09241965,0.0012742499,0.09736719,0.06288806,0.3409129,0.025097165,0.0032880765,0.8050346,0.004698551,0.014241974,0.303452,0.0005795636,0.26431078,0.040437043,0.017351247,0.0054551624,0.38550743,0.0014280262,0.009929165
4555,0.0039246893,0.007331199,0.0074551017,0.039986018,0.6389678,0.022629144,0.024343947,0.59504473,0.107590616,0.008500497,0.004917335,0.006897639,0.0053871577,0.034508433,0.01718972,0.0022226728,0.0004781662,0.08271957,0.0019507831,0.0068523358,0.89554274,0.011305923,0.005454037,0.012670222
4558,0.0011440312,0.00037292662,9.871819e-05,0.0024615207,0.8823024,0.14962874,0.00086217956,0.6808035,0.0014123908,0.0033611862,0.0065102526,0.00018034794,0.009563265,0.005454629,0.0019516847,0.055575203,2.680599e-05,0.2804274,0.0012193641,0.0030640096,0.0019332038,0.18868092,0.00041875854,0.000760483
4566,0.05286473,0.029291186,0.009930051,0.029965293,0.48235717,0.45629832,0.013449287,0.64637816,0.021928057,0.06537798,0.14630392,0.013414136,0.11937102,0.040237457,0.019918041,0.64904237,0.005194807,0.24873239,0.06371122,0.04197962,0.017357687,0.70038986,0.020142328,0.013901281
4569,0.14566042,0.20228027,0.067401856,0.03739655,0.7823025,0.044529676,0.047617294,0.2791352,0.12738651,0.15154609,0.0077909944,0.060413737,0.022258507,0.05357354,0.06665965,0.016109735,0.0022050235,0.20697846,0.043360036,0.019974375,0.046269435,0.035609785,0.21967141,0.04740863
4576,0.0067112804,0.010550814,0.0073349653,0.02400216,0.38146192,0.08706069,0.005220852,0.50265217,0.029863032,0.087807074,0.043178912,0.0047039525,0.3098233,0.029011618,0.018619541,0.2828927,0.0008886856,0.46476993,0.05251665,0.024288382,0.009547393,0.47499675,0.0043243486,0.00531948
4577,0.006017521,0.014630464,0.0075885775,0.043110702,0.6553521,0.10355164,0.035522506,0.65951014,0.0611314,0.023313876,0.017771838,0.011690746,0.028129136,0.13947286,0.018599184,0.048371416,0.0012741627,0.21315485,0.015944406,0.01910841,0.044197604,0.07778921,0.005376871,0.010983626
4578,0.0005364085,0.00029534797,5.9674194e-06,3.933541e-07,0.99847424,0.09296869,8.488601e-06,0.002270396,0.0008789963,5.885631e-05,4.2698975e-06,2.0705983e-07,0.5695499,4.2453918e-05,2.5901792e-05,0.0004542834,2.1853424e-08,0.0014518134,0.00029001868,3.295623e-05,9.517686e-06,0.022573227,1.7278488e-07,5.0000715e-05
4579,0.0031181623,0.008683091,0.004699402,0.04074266,0.5801718,0.02263887,0.013831051,0.70126164,0.01995203,0.027561834,0.006554945,0.008326532,0.022478858,0.08242055,0.029952778,0.01666324,0.00034757168,0.6490756,0.008081046,0.013395357,0.009187827,0.0376303,0.007991305,0.0040805326
4583,0.00044365827,0.002635097,0.0003619267,0.0006069613,0.991005,0.017788785,0.0015161653,0.11196896,0.04830191,0.007576506,0.00018100705,0.00015071551,0.023802543,0.010768017,0.002698053,0.00080933113,1.0196004e-05,0.050614502,0.0005161557,0.00085065805,0.01545354,0.0019877004,0.00023166389,0.00043964986
4585,0.053522035,0.21669137,0.21182439,0.08598649,0.5309507,0.046557732,0.05209801,0.4357007,0.445437,0.45970535,0.025951967,0.056786966,0.16740179,0.15391757,0.16609156,0.098126486,0.0065737176,0.3464279,0.073604986,0.061675284,0.070483804,0.11881487,0.03202983,0.039696187
4592,0.0015621686,0.0030864568,0.00090388465,0.016917234,0.5865277,0.036103606,0.0035025396,0.9056802,0.016859299,0.010047279,0.006094107,0.0017465248,0.0010524126,0.07558522,0.0159907,0.003651642,5.7429148e-05,0.5585458,0.00016215294,0.0020217309,0.034877896,0.012712972,0.0017492779,0.006860901
4596,0.10937584,0.09803795,0.00887723,0.004868443,0.14852071,0.023008032,0.001435356,0.45896316,0.020593572,0.0636835,0.018122815,0.011434764,0.5909195,0.005202896,0.006567925,0.19513446,0.00040341503,0.1850533,0.26027632,0.012463372,0.002924112,0.6120167,0.0108019635,0.025190417
4599,0.00477897,0.013070913,0.003392992,0.095067635,0.30657786,0.017775776,0.009086826,0.8964842,0.02874373,0.01622556,0.0070320996,0.033691082,0.001116399,0.022807945,0.008372547,0.0006844631,7.2801966e-05,0.14267094,0.0002340816,0.002353852,0.74685967,0.0059091533,0.018721111,0.025516791
4611,0.33898652,0.097562864,0.009169341,0.058517206,0.50671977,0.6380496,0.046241038,0.49798667,0.02116562,0.015429623,0.05532943,0.06552346,0.028731478,0.02531501,0.020443322,0.03286449,0.004615987,0.13741995,0.018841406,0.019029533,0.03122817,0.36541486,0.050778586,0.30527523
4612,0.22556649,0.060598187,0.0053981296,0.0009868452,0.076494,0.15577115,0.00063563493,0.1793718,0.011073878,0.11284549,0.0070440667,0.0012920194,0.77587885,0.0010263738,0.0017974952,0.32281688,0.00013233202,0.038635526,0.13828792,0.00786679,0.00033496926,0.88412094,0.001955601,0.0041182907
4615,0.6493941,0.5146792,0.050875995,0.010280639,0.76464045,0.26923758,0.009605623,0.1689316,0.13137026,0.04833177,0.0092042675,0.017971056,0.026496423,0.017868157,0.035291683,0.024897171,0.0023464307,0.1455637,0.10135196,0.017812846,0.025136754,0.25054386,0.032422516,0.074587435
4616,0.012426681,0.01546645,0.0006555461,4.7256006e-05,0.99920166,0.0026148742,1.2368143e-05,0.040737573,0.37834677,0.00649686,1.4859425e-05,9.288623e-06,0.00022850929,0.00047689036,0.005244827,4.4232536e-05,2.392244e-06,0.05043424,0.0008047685,0.00014597373,0.7755741,0.00054505444,1.794545e-05,0.00038377222
4621,0.12954961,0.54907274,0.09887178,0.004793372,0.65941733,0.02133365,0.0037945316,0.14927664,0.33939618,0.30041543,0.0030357307,0.013086226,0.4787613,0.025745811,0.0256368,0.06652823,0.0008229907,0.10388598,0.25734428,0.018796751,0.014459719,0.14831004,0.023216274,0.019804144
4624,0.041860327,0.005854278,0.00064660993,0.009839515,0.642853,0.8411347,0.005096196,0.79071,0.0062868893,0.0034585008,0.028604655,0.003577179,0.026053557,0.01134798,0.0014031884,0.062381953,0.00042597833,0.037472922,0.00319479,0.0055187186,0.012116763,0.3733021,0.002181404,0.009406038
4628,0.0012703037,0.009101407,0.0043396447,0.0333972,0.38406143,0.012495304,0.020600645,0.744322,0.025135024,0.020882666,0.0042316834,0.008449233,0.009393184,0.2650568,0.04743315,0.013202728,0.00023167185,0.36890042,0.0018273331,0.007604254,0.01312145,0.033572264,0.005134241,0.008974238
4632,0.08002898,0.039878536,0.013363544,0.034887377,0.22482666,0.59363365,0.032131232,0.54291046,0.017125499,0.042646658,0.14075728,0.0323825,0.36574134,0.034852803,0.014481023,0.70113236,0.0049414258,0.10154501,0.106335856,0.042151887,0.01146416,0.8131652,0.032987952,0.016458228
4636,0.5403115,0.5751051,0.030051269,0.033510134,0.14555144,0.04485608,0.007738899,0.4742339,0.038251452,0.05248089,0.007855528,0.10308357,0.041827414,0.009561995,0.0077856067,0.013621809,0.0012521031,0.07800618,0.20235367,0.0106320875,0.013576612,0.27569008,0.2513024,0.1379677
4637,0.045236718,0.012209023,0.0036591718,0.036114752,0.1989925,0.35779274,0.0752634,0.7327937,0.006099328,0.005619403,0.035062086,0.032096032,0.07155829,0.010867827,0.0018739918,0.055054534,0.000732338,0.020865096,0.016020434,0.007853532,0.014876724,0.48951924,0.022418147,0.027768485
4642,0.021675399,0.9133362,0.11713645,0.016805874,0.20195054,0.0021872208,0.0020176077,0.74829876,0.4736655,0.25638953,0.00050358963,0.17773008,0.0016795963,0.032925144,0.10087462,0.0034616247,3.472447e-05,0.52147424,0.0034947458,0.0019128396,0.0048328442,0.012104058,0.052853007,0.060962513
4644,0.3330599,0.8229735,0.36858514,0.056640588,0.2732737,0.004225024,0.06690553,0.14794661,0.37564805,0.5323696,0.0020419124,0.0990023,0.022186125,0.044008434,0.057605483,0.008757069,0.00076865987,0.116351925,0.4096831,0.010353813,0.019431073,0.033939693,0.1375606,0.058864564
4646,0.33737844,0.04883417,0.0037609646,0.0074685006,0.19121899,0.2731149,0.0027368742,0.5100562,0.008102992,0.016686173,0.013962917,0.0073244805,0.15955001,0.002697142,0.001579928,0.03574183,0.0005558517,0.029605588,0.041017793,0.006717438,0.01048598,0.6449542,0.01211667,0.02798319
4648,0.00035407805,0.0039438517,0.0005484846,0.0038727468,0.5958687,0.017210824,0.0039810007,0.8028455,0.012833345,0.0034421643,0.0009772754,0.0015643924,0.000691079,0.025478736,0.0037316885,0.0006673406,9.295384e-06,0.07697748,2.0135936e-05,0.00060846756,0.010331965,0.005535634,0.0003288516,0.016950527
4650,0.29421762,0.41597235,0.043195847,0.20055404,0.13400947,0.08921849,0.041993655,0.8088118,0.040576693,0.072533265,0.033494603,0.5179695,0.01450915,0.050074138,0.03575755,0.020858858,0.00303855,0.1860632,0.026255129,0.021052727,0.062373772,0.19067979,0.77002835,0.18876383
4652,0.012505295,0.008937996,0.0037787259,0.01077693,0.54882526,0.35872298,0.003966341,0.6700404,0.039902374,0.03121487,0.031670295,0.0030333502,0.20518728,0.026739117,0.010541613,0.11976087,0.00075800274,0.15983808,0.0025787512,0.016794384,0.026623456,0.26271817,0.0019673065,0.010226999
4653,0.022131065,0.090481944,0.12702537,0.08403172,0.643136,0.052736346,0.36860788,0.18338072,0.22289076,0.13093273,0.0121000605,0.040499996,0.19034564,0.24462473,0.07769432,0.045509383,0.0068710037,0.085862935,0.07120708,0.05274399,0.08879189,0.061639346,0.014112279,0.0406286
4654,0.41265175,0.034281977,0.0008419172,0.0038285535,0.5571816,0.9566233,0.0015043385,0.35550192,0.0075899996,0.003671307,0.03905837,0.0024552974,0.05801779,0.0029671525,0.0015230225,0.097933784,0.00046743252,0.032111805,0.0066014277,0.0060404018,0.0037578067,0.66796833,0.0037758404,0.020201337
4658,0.016076846,0.005167783,0.001954514,0.0012331975,0.45773205,0.08889393,0.004260356,0.34996957,0.008885927,0.033121295,0.0077648372,0.0007293248,0.8134496,0.005997399,0.0009390667,0.20360026,0.00019253808,0.010916075,0.033128895,0.00763004,0.0058012097,0.40947464,0.00067534775,0.003039267
4662,0.2958142,0.23116897,0.03181337,0.00546784,0.4601753,0.06765859,0.010641834,0.2868106,0.057789937,0.036012277,0.006229107,0.03667217,0.3127709,0.0046769893,0.011535065,0.029349003,0.001263018,0.059415106,0.37301645,0.0161152,0.008726447,0.41291118,0.0273705,0.04600581
4666,0.0333647,0.20692678,0.028815843,0.0045433673,0.97950685,0.009849238,0.004245228,0.147395,0.24134561,0.049384832,0.0005871097,0.0031382602,0.0013320367,0.012544785,0.06292236,0.0039027466,0.0001079193,0.5114159,0.021671806,0.0044365064,0.01043301,0.010087906,0.00520146,0.008728839
4669,0.0066138096,0.048875492,0.014536638,0.012422873,0.54664886,0.0086449,0.007891761,0.48107997,0.15276071,0.18365842,0.005319348,0.0064557437,0.16348103,0.05997382,0.03840697,0.042888504,0.00033062336,0.31467503,0.017381754,0.013197983,0.017977012,0.07020359,0.0064291987,0.014085264
4670,0.09311468,0.13141651,0.093444966,0.08006516,0.7744522,0.099538885,0.094772905,0.30087444,0.1962099,0.08823628,0.022426832,0.04807157,0.07309496,0.11883419,0.114984535,0.04560047,0.01147546,0.32324746,0.08589835,0.08148948,0.082082696,0.09848064,0.051003974,0.055276927
4673,0.05495222,0.06291421,0.008301175,0.004934374,0.36005035,0.102869086,0.004669444,0.43980846,0.02611522,0.026135469,0.005196515,0.0050973343,0.23208043,0.012885635,0.006914658,0.039123263,0.0002935337,0.074211985,0.025381198,0.0058033606,0.0029268267,0.35174412,0.0045906114,0.016479788
4675,0.007850191,0.039626054,0.026245529,0.1293895,0.5269574,0.009985305,0.109507315,0.6218617,0.0515804,0.067082845,0.007708012,0.040540885,0.009446622,0.5213957,0.13557708,0.01015607,0.0012109495,0.6179932,0.018302793,0.01870302,0.040172074,0.016937185,0.041070446,0.020351114
4697,0.0007064753,0.0015124242,0.0001862755,0.0002975369,0.7186941,0.00445529,6.251275e-05,0.5229939,0.014520002,0.022915244,0.00024932667,4.2082997e-05,0.10427551,0.0016083193,0.0018412715,0.008373055,2.9242747e-06,0.17838372,0.0004414841,0.0004983105,0.0006691729,0.07610304,2.8832746e-05,0.00072053965
4699,0.5862069,0.029153287,0.00024974512,0.003370847,0.6753845,0.9814017,0.0009868903,0.6772611,0.0019273022,0.00068222225,0.02160767,0.0028503125,0.0003891573,0.0013233131,0.0012715063,0.037328556,0.00016887371,0.07693488,0.0011873766,0.0010438527,0.008861516,0.6379988,0.009163109,0.01624047
4703,0.33547047,0.1408664,0.009735897,0.005325389,0.30990186,0.25541574,0.00535274,0.16644947,0.01873639,0.055996157,0.0068545523,0.007773163,0.33342713,0.007563613,0.0046867044,0.07575001,0.0010086284,0.023688734,0.11025072,0.013686399,0.0052045127,0.54936075,0.0097022895,0.030038571
4711,0.22503358,0.034879193,0.003303053,0.00086474826,0.13350658,0.023615662,0.0031913165,0.22938737,0.0041129305,0.012345771,0.0014889672,0.0021515193,0.6571585,0.00042667164,0.00031337465,0.10981849,9.419772e-05,0.005089537,0.7480582,0.0022609138,0.00085362134,0.800305,0.0029712191,0.0026880493
4713,0.0003115367,0.0006839908,0.000102451544,0.003426323,0.4561941,0.008902047,0.0014131727,0.95945287,0.0067101493,0.0049986737,0.00068749365,0.00025126178,0.004484691,0.0130523,0.0008359477,0.0029723325,2.9197104e-06,0.17781697,0.0001337072,0.0004979591,0.002368303,0.013434635,0.00011950521,0.00061375555
4719,0.33268625,0.65927577,0.30281058,0.011720915,0.5704094,0.036943704,0.0059534395,0.0812504,0.5492058,0.55057603,0.004657052,0.0178928,0.23152085,0.048081055,0.12489001,0.06300055,0.0016485794,0.21668291,0.16414788,0.035970427,0.020628309,0.143608,0.011037947,0.05660038
4727,0.01152072,0.00675808,0.0014105311,0.009732266,0.9308243,0.1508109,0.0029059893,0.45149118,0.015135113,0.0130449375,0.008391314,0.0021378144,0.020494673,0.018717978,0.020071415,0.021118745,0.00041889946,0.2899724,0.006306509,0.011030084,0.013848747,0.08304014,0.0036464669,0.010326979
4728,0.005999762,0.009118227,0.0014941188,0.00077968766,0.98826665,0.03482727,0.0013478032,0.03587905,0.018558275,0.013462936,0.00020235968,0.0001410402,0.035125535,0.008227257,0.010631165,0.004107303,3.1446532e-05,0.29662904,0.0074394494,0.0037174642,0.0009578587,0.02368948,0.0008066095,0.0008910927
4729,0.08979384,0.19675732,0.007595044,0.008934292,0.055737413,0.035818417,0.0037258093,0.7036789,0.024841206,0.114905156,0.016698468,0.027881032,0.14464,0.00715028,0.0016846041,0.08200569,0.00019584474,0.05610378,0.0047249007,0.004171248,0.0075662946,0.25940976,0.03518689,0.031635094
4732,0.18641251,0.14947435,0.047049306,0.012479146,0.6297741,0.059123877,0.1011981,0.043897197,0.08756708,0.14264062,0.004680571,0.010899746,0.23306492,0.031758673,0.017126733,0.059785422,0.0019245454,0.04765104,0.1591606,0.02238888,0.016339583,0.15966345,0.004163074,0.026640309
4735,0.016730249,0.036168955,0.004376056,0.056668937,0.75536555,0.09989582,0.020357616,0.752251,0.026766181,0.007849845,0.006598595,0.02470365,0.0005095109,0.069695994,0.02864559,0.0035542918,0.00032122,0.56274784,0.0016671115,0.004731779,0.034931276,0.014863224,0.026977427,0.02429083
4736,0.1744267,0.28043836,0.0041307597,4.9714774e-05,0.9400071,0.018427214,0.00019269068,0.0057474314,0.04340297,0.005538284,1.6756636e-05,0.0002577979,0.01788682,6.43879e-05,0.0019527839,0.0028851896,2.2082102e-06,0.006995751,0.65524054,0.0002297379,0.00015110358,0.2498507,5.4299977e-05,0.0014236493
4737,0.84582525,0.9615038,0.09178345,0.00028026706,0.3198164,0.004417585,3.1175972e-05,0.06647458,0.3126199,0.43830216,7.0753595e-05,0.008557307,0.01614067,0.0011499745,0.0058201505,0.00073317596,5.9512618e-06,0.04465117,0.04683078,0.00091780216,0.0019892391,0.07789292,0.0071642706,0.04849149
4741,0.013439827,0.041963924,0.014210036,0.028540093,0.7399558,0.01164025,0.017618313,0.8001904,0.068228595,0.037340853,0.0034807916,0.012229703,0.009273452,0.039456915,0.023545193,0.014773867,0.0005465736,0.43749255,0.044032622,0.009743407,0.03939346,0.037489545,0.013167314,0.008504959
4744,0.025391279,0.028325956,0.013566314,0.03901573,0.6530241,0.10483891,0.053647727,0.5271949,0.044144906,0.042071708,0.012787918,0.012030164,0.07256387,0.050193828,0.019875295,0.060662284,0.002051088,0.16455689,0.027550932,0.02274963,0.025269464,0.1477575,0.00969319,0.016274612
4748,0.003996023,0.011735213,0.01089322,0.1292048,0.74716294,0.013966935,0.1943587,0.35907176,0.060076937,0.06052398,0.006829202,0.01106115,0.017568262,0.53816897,0.11828164,0.006835326,0.0012283986,0.43938538,0.0062915855,0.02047207,0.08837268,0.008086945,0.006039479,0.012000559
4752,0.27499932,0.5686835,0.18553893,0.020767126,0.65829825,0.07699806,0.027513871,0.20924899,0.30997494,0.25111634,0.0049683326,0.03521154,0.016826767,0.020138003,0.03314267,0.015765652,0.0012793181,0.07953553,0.082475916,0.013669752,0.04187518,0.0670883,0.05587057,0.042376358
4757,0.013035266,0.014272002,0.008381459,0.004958334,0.9520548,0.024508798,0.003870643,0.25435376,0.17970434,0.071438156,0.0047899405,0.00091350114,0.036894362,0.011855445,0.02275349,0.020504147,0.00065490045,0.2093922,0.046401136,0.008112448,0.20814405,0.03889562,0.0013564801,0.0038063726
4760,0.67943084,0.30134812,0.014964128,0.028377218,0.14301902,0.4221713,0.004539067,0.6681452,0.01710865,0.04181866,0.067855515,0.054196235,0.04017954,0.011052671,0.009798559,0.1164324,0.0028095827,0.13180557,0.0580979,0.01950242,0.014998939,0.71930313,0.13433452,0.11018809
4761,0.2024817,0.0013188659,1.9531193e-05,0.0012542396,0.6220523,0.97860515,0.00030269712,0.81350636,0.0002717952,0.00011128764,0.0119163655,0.00036453726,0.0018043469,0.00016726508,0.0001827665,0.020495648,2.6843543e-05,0.029006256,0.0002708949,0.0007544488,0.0008130531,0.7949249,0.0010257517,0.007943152
4777,0.17891692,0.30627233,0.12000129,0.03694751,0.3771635,0.024704717,0.2630295,0.17498562,0.09461173,0.058132287,0.0063171173,0.072696514,0.21709588,0.01915414,0.016243862,0.032441575,0.0036048326,0.052116092,0.73389256,0.01727946,0.01364787,0.15683913,0.038964905,0.053829018
4778,0.35852712,0.06921082,0.0030767166,0.01681244,0.2634189,0.35311165,0.004356971,0.6545229,0.0032095904,0.0052385316,0.031038553,0.029978948,0.026467504,0.003834902,0.0045266952,0.07506117,0.00074242934,0.103633195,0.046316855,0.0070083295,0.0035102286,0.78960705,0.21158889,0.049146738
4780,0.049118835,0.013393543,0.0012287258,0.038332738,0.10910024,0.023932206,0.013517172,0.8871385,0.0020253498,0.0036542607,0.0039828257,0.022391552,0.0038098854,0.0077166646,0.002822566,0.0020511993,5.1235947e-05,0.26869237,0.0028957787,0.00180178,0.0049911826,0.06802282,0.04959097,0.037269115
4784,0.00048441574,0.00043905052,0.0001378615,0.00085383805,0.9734642,0.01414948,0.01948937,0.17439677,0.0016255465,0.00076195074,0.00011250755,0.000107663254,0.012617729,0.003648002,0.0008148281,0.0016853402,6.7907954e-06,0.112193555,0.0059345453,0.0011708535,0.000669871,0.006405062,8.4341256e-05,0.00026077728
4788,0.0067113223,0.010143388,0.001475487,0.03495155,0.6434143,0.09820175,0.01800856,0.8844085,0.013793133,0.012466514,0.009189989,0.008954086,0.017485047,0.04237173,0.005117122,0.03586768,0.0004004677,0.14526504,0.0056893113,0.0072081154,0.013304419,0.102372095,0.00585952,0.008398002
4790,0.2063092,0.31718904,0.102410026,0.076641805,0.77176774,0.11624287,0.14271307,0.20136876,0.19474578,0.11999502,0.0139684,0.089912586,0.07376743,0.107674405,0.08992987,0.03270606,0.009941895,0.18618938,0.14157532,0.043795243,0.049005814,0.07803593,0.064402804,0.09381672
4795,0.0017486204,0.016089855,0.003019904,0.0017872117,0.9712347,0.011001174,0.00079898606,0.31551224,0.40395474,0.03369624,0.0005579644,0.00029992728,0.0010478925,0.0095149465,0.010796345,0.0013749425,2.1720276e-05,0.21405941,0.0005920657,0.0010873699,0.21748419,0.004495903,0.00013264683,0.0027679417
4796,0.096315175,0.13119513,0.028428068,0.0013377118,0.92829806,0.019004643,0.0009267362,0.102331065,0.22198491,0.40203515,0.0015644178,0.00093118026,0.2732975,0.004653442,0.02462728,0.021053568,0.00017233953,0.12283606,0.077044114,0.0045848317,0.018984368,0.105233155,0.0015492768,0.0065284437
4798,0.25253183,0.07634143,0.0030071295,0.0042131245,0.25316095,0.11418828,0.0051908013,0.3800889,0.0046678246,0.005062054,0.007459772,0.0068562543,0.2576602,0.0023748158,0.0010670171,0.052600782,0.0003073915,0.011369715,0.20397145,0.0037222991,0.0066818623,0.77297014,0.004559949,0.022701409
4799,0.001449687,0.0005966753,6.674026e-05,0.0005667249,0.6292906,0.031032719,3.2919605e-05,0.8653585,0.0021028768,0.0058434396,0.0014349882,5.484035e-05,0.015170878,0.001855755,0.0011424125,0.007563077,4.4839335e-06,0.15560883,0.0001399843,0.00040831295,0.0020338926,0.10566312,0.00010883773,0.0007838674
4804,0.05867251,0.21620144,0.06970328,0.010266795,0.47712386,0.035765886,0.014865479,0.18313594,0.20452854,0.35753858,0.016668422,0.017400479,0.7506124,0.051954452,0.03603977,0.18915984,0.0025732645,0.1478419,0.20099834,0.048702467,0.021307705,0.21297295,0.00985798,0.032402407
4805,0.053638883,0.07864627,0.0027485273,0.0021569487,0.62820923,0.078917444,0.00074814307,0.2303939,0.02650025,0.070617564,0.0117959445,0.0049542566,0.08504952,0.002570246,0.0039536944,0.0991052,0.00024677222,0.0843254,0.04895984,0.004761983,0.006427201,0.5182331,0.009083749,0.06488813
4806,0.0031280941,0.08330493,0.013646979,0.0028654812,0.8818991,0.003105158,0.00073348416,0.42691538,0.2520875,0.12749338,0.0007665795,0.0022903318,0.003156787,0.09133351,0.039457306,0.00303143,2.4691191e-05,0.6805204,0.0013382994,0.0025744361,0.009433554,0.0064657466,0.0013357463,0.005039319
4809,0.008903772,0.091581926,0.020713996,0.021095026,0.6421896,0.026814079,0.020612817,0.6356659,0.12264868,0.03433075,0.0042203646,0.011039211,0.0052373465,0.018687835,0.0073832604,0.01154158,0.0002213349,0.07653524,0.014193453,0.00351914,0.034899805,0.073288985,0.050773725,0.009261452
4811,0.011047799,0.015055614,0.008124605,0.014474193,0.8508739,0.09101417,0.0074311197,0.6625724,0.09185301,0.02230937,0.009636687,0.0033826607,0.014192266,0.03260847,0.02719284,0.019280674,0.000733199,0.34996453,0.0095196115,0.014519762,0.076243,0.06328104,0.0026487422,0.008166539
4815,0.008072393,0.023080206,0.007890211,0.07283725,0.7896113,0.026425414,0.0071585784,0.63354325,0.060579285,0.07199124,0.018886287,0.010894781,0.008635666,0.2121036,0.15205556,0.022071084,0.0007759813,0.87084985,0.0051898146,0.01903121,0.035268616,0.022996528,0.022328895,0.013808553
4820,0.015145609,0.14627092,0.017335279,0.023788538,0.29546967,0.0077519193,0.0038462437,0.82021207,0.11321079,0.10748927,0.0050887764,0.018561972,0.006489256,0.078205295,0.06717137,0.0062395176,0.00018644841,0.697435,0.0035655587,0.006062712,0.022522042,0.022113487,0.029035302,0.04168708
4831,0.0032467179,0.018750478,0.011377832,0.18094376,0.057183456,0.008624462,0.89057904,0.39155105,0.008791109,0.016934127,0.002110758,0.18647878,0.01309935,0.43895084,0.008837901,0.0063861357,0.00037970266,0.029068006,0.0038581758,0.0047198515,0.016414369,0.013236228,0.011067885,0.030724559
4835,0.06271136,0.15056704,0.01803022,0.0008858154,0.98731196,0.028054478,0.00047657176,0.09105427,0.30134422,0.041768964,0.00040072296,0.00079455884,0.0036422613,0.00820403,0.021984063,0.0012176916,3.9856888e-05,0.16749255,0.0062525044,0.002573981,0.02947979,0.0075992174,0.0015801325,0.008435311
4837,0.027375463,0.006988427,0.0016439015,0.0009408991,0.20356588,0.022125445,0.0070880437,0.033258468,0.0027692835,0.018931728,0.001780721,0.0010960689,0.99290764,0.004536463,0.0003752164,0.06638035,0.00012146009,0.0061660833,0.16736667,0.0038684981,0.00065759546,0.37989885,0.00040314457,0.0024721045
4839,0.02989096,0.032392446,0.012096938,0.04039721,0.83337975,0.12857006,0.016501106,0.4451822,0.102796346,0.13800468,0.049669325,0.0104747005,0.038527325,0.14122532,0.056900173,0.22422232,0.0026170413,0.5514171,0.01554319,0.027764874,0.04121094,0.11704793,0.014238453,0.009852019
4841,0.057063095,0.0029209424,6.7604815e-05,0.00028863066,0.99950516,0.79695064,4.092404e-05,0.026320128,0.0060066897,0.00092575443,0.0003986497,2.0526752e-05,8.314779e-05,0.00057753327,0.0076815933,0.007978999,9.6919e-06,0.34659296,0.0002683766,0.00030483468,0.002802691,0.03498882,4.7435155e-05,0.00033383275
4846,0.42496088,0.3327359,0.08924011,0.065886565,0.24246578,0.22805674,0.0479744,0.35431406,0.09329402,0.11625495,0.05399079,0.14708987,0.2041512,0.02858764,0.038734484,0.15127237,0.014264148,0.1339022,0.17516193,0.056062646,0.053844564,0.45047465,0.19297461,0.23440447
4849,0.16488229,0.8655077,0.17699176,0.003825576,0.27097654,0.002468709,0.00044907842,0.45055437,0.58125913,0.6494125,0.00059400924,0.017218158,0.027395995,0.036989324,0.0663119,0.006158873,5.5695313e-05,0.41111016,0.04882541,0.004934686,0.0075030066,0.045116838,0.018871484,0.048631366
4853,0.0026952445,0.022713887,0.004313938,0.0031517895,0.9746274,0.014735868,0.07400144,0.21465904,0.038664863,0.0038691226,0.000108100365,0.0017196095,0.004880684,0.023279697,0.005910338,0.0009079476,7.253773e-05,0.020982606,0.0023544251,0.0012560335,0.012203331,0.0037905748,0.0006559586,0.0031199462
4854,0.019149473,0.052842878,0.03271371,0.2011481,0.28797388,0.11196317,0.56804544,0.5966809,0.038177505,0.017911414,0.018623218,0.13063902,0.030644977,0.18510926,0.027141087,0.029713435,0.0046603065,0.10034713,0.02080084,0.031192124,0.06977564,0.09070687,0.06492098,0.049950395
4857,0.9096691,0.8532669,0.004159614,5.577498e-05,0.0701705,0.0012218102,3.476887e-05,0.080753416,0.010324821,0.007813785,2.786332e-05,0.0038405182,0.018150968,8.84865e-06,0.00010128405,0.0047033494,2.8549166e-06,0.009516141,0.8574033,7.7644734e-05,4.5957342e-05,0.36247224,0.005056932,0.0063272067
4858,0.005407162,0.010715513,0.0015119497,0.011786998,0.78803074,0.050280992,0.00398841,0.8704216,0.007757067,0.004401542,0.006414567,0.004391006,0.002743427,0.021717375,0.014279591,0.0065099727,0.00014222189,0.5978005,0.0036737882,0.005032111,0.009990911,0.038496576,0.010737649,0.009189233
4859,0.030765144,0.02620955,0.0006110249,0.007364431,0.78197587,0.15577494,0.004912102,0.47041112,0.0069213836,0.002303589,0.0028554045,0.007137698,0.0014414083,0.013454558,0.005559613,0.0005953548,4.7045658e-05,0.14939721,0.00038882802,0.0011425817,0.011589642,0.011710055,0.005203804,0.18987994
4869,0.1327739,0.8922106,0.3316709,0.004333028,0.25990123,0.002004287,0.0013250939,0.1912689,0.7173736,0.75145066,0.0008166774,0.034055248,0.053246908,0.025677076,0.046410803,0.007908073,9.600231e-05,0.10718488,0.052324265,0.0078271115,0.00878639,0.021007864,0.025384825,0.051177748
4873,0.123880625,0.05669899,0.006250623,0.0006578992,0.31614012,0.09072499,0.0012151003,0.05464362,0.012487494,0.106764376,0.003784785,0.001440676,0.9527196,0.0017368855,0.0011364915,0.15853015,0.000173924,0.01509707,0.51395017,0.005089078,0.0013792363,0.59491664,0.00077742373,0.00250885
4875,0.1719749,0.16690516,0.026589481,0.017046418,0.9025438,0.22024705,0.012354833,0.22652188,0.10923625,0.027318377,0.006868336,0.015907817,0.009512268,0.023858624,0.036361765,0.010706957,0.0014317866,0.13845204,0.023990266,0.014158708,0.02618772,0.07438089,0.011647703,0.04612334
4876,0.2912665,0.40024433,0.08814156,0.017587481,0.76224256,0.11364247,0.005823661,0.22023942,0.3863749,0.1351637,0.011060539,0.021525979,0.018736294,0.038770285,0.11239579,0.028119933,0.0022327797,0.32544538,0.07988458,0.022200745,0.04487449,0.22701718,0.019159686,0.064875565
4882,0.11874562,0.0062811724,0.00036418383,0.005319056,0.40032545,0.9538392,0.0020463276,0.59867024,0.0018661933,0.0031822943,0.06861508,0.0017779241,0.028728317,0.0011528081,0.0009121187,0.2722825,0.00029858435,0.025363257,0.003708343,0.0033977309,0.004173592,0.8505461,0.0058903266,0.008009626
4887,0.0661824,0.029292861,0.007971363,0.011437108,0.32414722,0.46536854,0.01745033,0.2168372,0.01801544,0.028435573,0.03462557,0.0074231992,0.72795486,0.008742871,0.0055616563,0.10880779,0.001963225,0.025626592,0.12080108,0.018127613,0.011892521,0.6407821,0.004299157,0.024093714
4888,0.008642768,0.001073201,4.433626e-05,0.00085073744,0.9834827,0.42904022,0.00022894371,0.46222055,0.0011685798,0.00024355775,0.00090568344,8.426497e-05,0.0010688024,0.0012268026,0.0008573016,0.0045050643,1.1166351e-05,0.19257058,0.0004512078,0.0007931027,0.0014519964,0.059624366,0.00024418486,0.00034644164
4892,0.32660937,0.07706242,0.008840595,0.06285364,0.400513,0.50647545,0.021899618,0.7640171,0.01226038,0.010877971,0.03605836,0.08521514,0.009560866,0.025422959,0.01564868,0.013081257,0.002401644,0.1644011,0.010971606,0.012498859,0.046183918,0.25332928,0.17946526,0.18206908
4893,0.025360858,0.052524116,0.014534288,0.17435952,0.3092566,0.0065904018,0.101658724,0.7780449,0.017384244,0.009053972,0.003845931,0.19296388,0.0004951813,0.04794641,0.025000382,0.0010895976,0.0001797373,0.5727556,0.006988504,0.0040997476,0.0904004,0.011752009,0.45434898,0.03028065
4895,0.13241173,0.06680575,0.022141581,0.042821705,0.1413377,0.13694245,0.09370405,0.4192003,0.022013271,0.045241714,0.025832493,0.049293973,0.41456795,0.019274604,0.007904352,0.13083866,0.003540501,0.046645526,0.21627332,0.031131018,0.018505633,0.5979924,0.03520821,0.05075937
4897,0.054876257,0.019001124,0.00547346,0.20555574,0.15703015,0.3147329,0.6894258,0.5080845,0.004337484,0.0033953728,0.012622791,0.086681716,0.0052013267,0.040012494,0.0056230966,0.017566174,0.0014236282,0.052071646,0.0087324185,0.006852115,0.034503136,0.097445145,0.046064574,0.027682913
4904,0.15704942,0.07312181,0.019447794,0.010308068,0.71177053,0.17712818,0.00831524,0.22893463,0.0718684,0.054639988,0.015893796,0.0064049833,0.34163266,0.016096039,0.016662007,0.09325809,0.0025302751,0.08066307,0.2632044,0.029180055,0.027941562,0.4983467,0.0057191323,0.03321964
4909,0.0003582717,0.0006117944,2.9369518e-05,0.00075122906,0.99731135,0.022253804,9.0766225e-05,0.14426944,0.0023153122,0.0003886907,0.00018998171,2.4597184e-05,3.19041e-05,0.0029342559,0.018767435,0.0022928338,1.419579e-06,0.9723954,0.00012987728,0.00022285746,0.00055356184,0.0039535984,0.00011345399,0.00010077443
4910,0.18139564,0.84914565,0.33573306,0.016852506,0.4834438,0.016377265,0.008430055,0.28726798,0.7142197,0.35525686,0.0037879166,0.06599105,0.05544974,0.048923075,0.107109554,0.01157217,0.00097037584,0.2538507,0.10870428,0.013308849,0.037145223,0.04004309,0.0313662,0.15837842
4911,8.494718e-05,0.0013558381,0.00021922225,0.0013284379,0.98571694,0.0017268988,0.0002510812,0.47061846,0.065879636,0.008058301,0.00013975195,3.1098592e-05,0.0008447639,0.019995192,0.0075678993,0.00052363565,2.2377412e-06,0.60003686,0.00011303383,0.0005909294,0.013139808,0.00043654421,4.7309255e-05,0.0002307825
4912,0.8195609,0.054422256,0.00069409015,0.0032972482,0.1161246,0.59705114,0.000518553,0.8177344,0.0031591798,0.0008658902,0.006069929,0.0064886105,0.0018952831,0.00054968294,0.00073500146,0.00049545,3.254891e-05,0.03168923,0.00071479613,0.00043095165,0.049798146,0.22734441,0.0077421074,0.10953916
4916,0.0077576577,0.009741945,0.0045637083,0.00524368,0.7463644,0.08047098,0.008232639,0.43302575,0.03981635,0.03903603,0.003820217,0.00091852574,0.071196,0.00529288,0.0063699083,0.057886977,0.00019634284,0.043261178,0.010457958,0.004688484,0.02187633,0.1962427,0.00091303425,0.0049453336
4917,0.03362238,0.04264294,0.026741633,0.03625739,0.5573036,0.12274366,0.04105859,0.5418437,0.07224802,0.058190484,0.0249773,0.017459907,0.24740511,0.05696807,0.040180393,0.18257298,0.0056918142,0.17917627,0.08876336,0.050515596,0.02299952,0.35539627,0.012400177,0.028426927
4926,0.1337618,0.01352357,7.077837e-05,5.59185e-07,0.41208786,0.2288954,8.33823e-07,0.011959238,0.0009262983,0.005501614,8.745094e-05,1.0720903e-06,0.97670704,4.4812186e-06,9.239176e-06,0.033284523,5.55669e-07,0.00021278526,0.020095017,0.00018692279,1.5613337e-05,0.9446097,1.5255541e-06,0.0006631998
4928,0.0045313663,0.006908154,0.00087467255,0.0042937063,0.98503673,0.010122282,0.00019391949,0.5300112,0.037683487,0.010398389,0.00062026334,0.00037945277,0.0002158755,0.017703198,0.024038061,0.0013315865,1.717086e-05,0.87519187,0.0015594726,0.0014669306,0.0140736075,0.0030867676,0.0016601058,0.0005871875
4931,0.020087054,0.04649384,0.04198121,0.05497355,0.8003984,0.024202654,0.029628018,0.3336829,0.12192517,0.07235794,0.010097634,0.020296184,0.03646885,0.14385793,0.12866575,0.03129338,0.0025069227,0.40854704,0.043397047,0.048372712,0.051751617,0.051805712,0.018161774,0.02453733
4940,0.010136171,0.011440322,0.007699818,0.2066858,0.06312277,0.022225387,0.92504776,0.52874637,0.002341102,0.0021199519,0.0033679307,0.29200134,0.012965961,0.047856215,0.0037526262,0.006650493,0.0004024384,0.018536724,0.013970009,0.0045269546,0.010898215,0.060118493,0.09491133,0.020883817
4941,0.010113838,0.0340513,0.006584697,0.07269932,0.358672,0.1850633,0.023486486,0.7842219,0.037562475,0.051429465,0.02364052,0.022477722,0.051568475,0.05483486,0.012887868,0.022383885,0.0006724246,0.16093303,0.0025294926,0.009511011,0.06503118,0.085549645,0.013313747,0.056093063
4943,0.00010316201,0.0029528418,0.00090890704,0.012577017,0.7030524,0.00078433997,0.01880631,0.76351607,0.026693853,0.0073525608,0.00015085538,0.0015322005,0.00027177992,0.05729186,0.0064900736,0.00043085802,4.338632e-06,0.44827664,0.00017109192,0.00051104155,0.005417036,0.00089399144,0.00029360256,0.0009287587
4944,0.023267118,0.0489313,0.01546584,0.014942292,0.18202446,0.19115116,0.005719491,0.7650463,0.029099803,0.06268614,0.06308961,0.0124760205,0.4196607,0.021943152,0.009494915,0.41648233,0.0009865011,0.107390225,0.04026394,0.029872548,0.0070721814,0.6548011,0.008371957,0.01164109
4945,0.23998241,0.27573225,0.053439897,0.0729366,0.21284547,0.08868946,0.096577525,0.44715813,0.07003917,0.09310273,0.019205062,0.09349177,0.11240005,0.05160321,0.03767022,0.040454775,0.005465369,0.16717763,0.10618135,0.035575327,0.03216264,0.20560962,0.041700132,0.20705897
4946,0.07984598,0.02535811,0.012173438,0.04220011,0.5478534,0.6969113,0.015828617,0.602541,0.025553368,0.04592048,0.19777171,0.019772476,0.08688178,0.0349709,0.027872026,0.4932867,0.0084125865,0.20949633,0.023224505,0.048755717,0.036465187,0.64452255,0.032049876,0.034072086
4964,0.04052466,0.061636217,0.017182177,0.06597634,0.48089406,0.13718331,0.056447085,0.731012,0.041186392,0.028192135,0.024155784,0.04589838,0.025444191,0.07012279,0.034049306,0.053972367,0.0034790356,0.2711935,0.032201733,0.024939656,0.04861714,0.14720182,0.02791373,0.046285626
4966,0.03724136,0.0075263223,0.0018227615,0.0028007047,0.056919616,0.5055355,0.0009813771,0.51404154,0.0032678808,0.020189825,0.049511004,0.001989877,0.79630494,0.002858258,0.0010994944,0.6625572,0.00030889388,0.02102015,0.02323644,0.011370164,0.00093784835,0.9312635,0.0025751512,0.0032362351
4968,0.0021635354,0.024197029,0.0064370558,0.004024397,0.95958495,0.0022395346,0.00019446552,0.22968133,0.27356562,0.048916575,0.00094410265,0.00049175473,0.0023250838,0.15104355,0.18917443,0.006994297,3.7598315e-05,0.8853543,0.0027022762,0.0046955165,0.020689046,0.0052463897,0.00067615986,0.0010850617
4971,0.11945028,0.060189366,0.031817038,0.17320581,0.07641198,0.07198314,0.74299604,0.53188944,0.010920621,0.009127957,0.006212316,0.16528468,0.009564836,0.036866426,0.00902424,0.008076151,0.0011722903,0.062011242,0.031020317,0.007607284,0.0366419,0.09902966,0.28066835,0.059154518
4973,0.015148425,0.010707549,0.004556412,0.03679251,0.8165587,0.08740464,0.03301704,0.42510223,0.029108016,0.009586317,0.013504468,0.008602036,0.008839142,0.046267606,0.043428373,0.01904584,0.001681983,0.4090451,0.008219468,0.017285313,0.10171356,0.054265592,0.0118946675,0.02482051
4976,0.50443375,0.1028656,0.0044976235,0.099860825,0.056467745,0.24773878,0.025642816,0.86703837,0.0021523936,0.005945783,0.04293663,0.28769866,0.007639166,0.00785709,0.0029374298,0.02838079,0.0008510054,0.11695921,0.01903882,0.0064204293,0.01106345,0.6083704,0.75697875,0.09393492
4979,0.25120988,0.04771862,0.015629126,0.025721444,0.71730006,0.3724402,0.03207616,0.29743996,0.039853957,0.018974464,0.01507692,0.013698365,0.048116684,0.017727012,0.01506921,0.024968673,0.0029363185,0.052178923,0.045233954,0.02005849,0.06335433,0.17787074,0.01247316,0.047999725
4980,0.6394065,0.004741393,6.673882e-06,7.008283e-05,0.029210376,0.8867874,5.0425215e-06,0.82944524,1.7681296e-05,0.00012281013,0.0020588308,7.288227e-05,0.015217414,5.7875855e-06,3.4533564e-06,0.15062013,8.518253e-07,0.0010399915,0.0009213432,0.00013757944,1.1296607e-05,0.99111384,0.00016997318,0.0011248746
4987,0.5295427,0.184214,0.03303001,0.02720673,0.8071425,0.31323677,0.032601073,0.25635478,0.09226696,0.048027404,0.009991525,0.016897626,0.018155377,0.0076914825,0.02205094,0.022847349,0.0026068466,0.22006665,0.25958407,0.011053953,0.027265433,0.16603799,0.030505242,0.032165095
4998,0.0011094798,0.0151481405,0.012721161,0.0104089985,0.87266237,0.00086408516,0.0020458759,0.25160754,0.14947885,0.108989276,0.00095070235,0.0012149632,0.0028047161,0.14203116,0.15110578,0.00613599,2.8953902e-05,0.94956934,0.0049680523,0.0025933578,0.007203718,0.005789566,0.0025757775,0.0011320685
5000,0.01287273,0.054251075,0.018262982,0.01771492,0.5567857,0.0029365628,0.0022934075,0.45385268,0.0892716,0.08025835,0.00244461,0.008693202,0.0039330795,0.046548616,0.15652333,0.0038651994,0.00018173305,0.87380123,0.0054318025,0.0050298865,0.017415494,0.009279536,0.014156819,0.014374227
5001,0.44700918,0.73942435,0.048706032,0.005799714,0.06540106,0.023041178,0.0020157297,0.349125,0.13449024,0.20008,0.0025332603,0.047543146,0.1456392,0.0044363337,0.0084685385,0.009443106,0.00014305947,0.05925478,0.11691822,0.0028401052,0.006276608,0.15881523,0.020072373,0.052445695
5002,0.010276923,0.0030019218,0.00019141927,0.0006671921,0.26483756,0.65740407,0.00043127965,0.42414844,0.0015253085,0.005963553,0.026890993,0.00037925725,0.6931845,0.00082564953,0.00025124932,0.34989563,2.1443577e-05,0.0075937537,0.0061415434,0.0020733047,0.0003084492,0.91109383,0.00024247156,0.0013896074
5004,0.022040872,0.027288686,0.002101951,0.020534119,0.5316552,0.038531724,0.0011277898,0.91238695,0.011755289,0.0037724895,0.004269554,0.012744641,0.00030317597,0.013791226,0.011440592,0.0017671206,4.046086e-05,0.7050971,0.00065310136,0.0016797257,0.021343714,0.018547293,0.12550768,0.013676735
5005,0.0029126867,0.0035036416,0.001003652,0.005841938,0.92087835,0.13326567,0.0052659283,0.4335677,0.010507464,0.005471749,0.0055416725,0.0014933983,0.050628625,0.02601805,0.0153614115,0.015587642,0.00024594614,0.32484502,0.005705535,0.007298876,0.008524861,0.076889634,0.0013805807,0.002086267
5008,0.027045073,0.0008474191,2.1045242e-05,0.0013811719,0.6769451,0.83181685,0.00010082834,0.8961701,0.00023216849,0.00020973664,0.013805384,0.00024781178,0.002947445,0.0004188613,0.00021628445,0.1001934,1.983842e-05,0.047807377,0.0014708241,0.00083456753,0.000460952,0.82433474,0.000729761,0.0010444233
5010,0.011128162,0.0076756314,0.0032069434,0.03294537,0.6005659,0.17960927,0.03041534,0.5964846,0.018416125,0.011595832,0.029090298,0.0066211326,0.024195375,0.03917654,0.030398833,0.06165684,0.0013916615,0.40562052,0.015816193,0.015216113,0.045495722,0.109792665,0.0045303754,0.011577206
5016,0.00012506747,0.0010475751,0.0005466975,0.0005367025,0.98547655,0.00029544684,0.0001867879,0.15861696,0.15681574,0.11854877,0.00014093723,2.7646096e-05,0.0057781697,0.06233644,0.027241988,0.003803401,1.2787372e-06,0.8725507,0.0005286106,0.0014800528,0.0044735535,0.0011358529,4.1685893e-05,5.062501e-05
5017,0.15240167,0.08787313,0.023670983,0.039212193,0.68800956,0.40183192,0.008737103,0.43053293,0.061075527,0.06568942,0.08335869,0.022758191,0.07965295,0.030384144,0.05978845,0.11417554,0.0066089807,0.375346,0.07326099,0.037004303,0.064749226,0.37546527,0.03808889,0.059049334
5024,0.19706176,0.036533993,0.008138253,0.0014448591,0.9218538,0.041060906,0.0085068485,0.05741513,0.033947375,0.0054628123,0.00045791137,0.0027224296,0.053238187,0.0014761273,0.0030017348,0.005486151,0.00015984685,0.018276028,0.29823193,0.0016753257,0.019178519,0.09769093,0.0011591159,0.0069596483
5029,0.012611118,0.13417038,0.062782094,0.06760661,0.57993114,0.030488564,0.019354433,0.44404984,0.24843948,0.12878187,0.01381547,0.028479453,0.023716282,0.70355105,0.20437375,0.04103595,0.0017377208,0.2646913,0.0147744175,0.04153082,0.05366828,0.04997661,0.011480287,0.036834903
5031,0.009511572,0.032338366,0.023860388,0.03747095,0.85050964,0.061765876,0.042972717,0.29723737,0.13339026,0.049415443,0.00969466,0.018500231,0.06396782,0.09896815,0.051974982,0.03675768,0.0022633537,0.29600018,0.014330664,0.053933073,0.03262675,0.04259305,0.01123184,0.013080574
5036,0.5029303,0.6936594,0.430601,0.034405373,0.4108876,0.12683378,0.024365757,0.24198334,0.61807764,0.59561086,0.020785188,0.076706275,0.2154303,0.034821574,0.116994075,0.07250892,0.00764442,0.19546475,0.31290755,0.04940698,0.11079432,0.18261692,0.07195588,0.10670355
5037,0.7131952,0.13555104,0.0007761698,0.0343688,0.015317284,0.017742304,0.0019282346,0.95632803,0.0008543374,0.0022318398,0.0012124002,0.11238666,0.00025054507,0.0007618306,0.00029701483,0.00043363398,7.6174024e-06,0.050316274,0.0024837626,0.000204589,0.003685623,0.099556416,0.7017379,0.027460322
5043,0.012220191,0.007688382,0.00073095155,0.0036848353,0.42056295,0.16299382,0.0013769508,0.58725905,0.003981538,0.013924118,0.015362837,0.0014377638,0.26858407,0.0072873007,0.0030275271,0.36329803,0.00027295237,0.09994608,0.011698556,0.009602869,0.002651382,0.56263113,0.0020371985,0.0039623813
5047,0.08046149,0.0032216252,0.00013333975,0.0017067661,0.24124502,0.9454719,0.00048548178,0.41438904,0.000654376,0.0016216371,0.034889713,0.0005396226,0.256757,0.0005481646,0.00025251947,0.1769203,9.83796e-05,0.013846683,0.003456743,0.0030304187,0.0011398596,0.88220733,0.00057493953,0.006506513
5051,0.03937065,0.02893924,0.0054696114,0.0055435705,0.70239645,0.33019584,0.0037632948,0.21487173,0.028882172,0.024588805,0.018316682,0.0032222727,0.4755941,0.0090184165,0.0107027115,0.09820323,0.00093015435,0.06110891,0.03751343,0.016518071,0.0062336246,0.54674023,0.0033247035,0.016144326
5052,0.001598999,0.0019522728,0.00031285913,0.0016967842,0.9348199,0.0029059434,0.0002184896,0.4852914,0.011497068,0.0045430935,0.00044171352,8.658952e-05,0.00011630365,0.006201727,0.020109048,0.0020598136,4.102043e-06,0.84186924,0.00029482553,0.00033173597,0.009952626,0.0017791957,0.00016831684,0.001169348
5054,0.004026729,0.049191345,0.01409789,0.014091972,0.945421,0.0034880056,0.004352485,0.28044593,0.12918176,0.0391112,0.0011476015,0.0029363113,0.004529229,0.14867626,0.064610735,0.0046966467,0.00016168636,0.42414573,0.010792541,0.006826725,0.060556784,0.0041614296,0.0017582813,0.0022481058
5055,0.5018611,0.43484098,0.024398606,0.016594104,0.15928957,0.11896869,0.014104406,0.29367885,0.02525788,0.04470333,0.0155731095,0.049119,0.052459843,0.003910923,0.003993209,0.020900557,0.0006390682,0.046631403,0.27442563,0.006171483,0.009981309,0.3950257,0.032671407,0.06993972
5056,0.0086868815,0.032801934,0.01510024,0.06827275,0.55448616,0.016797155,0.037572555,0.6664466,0.04810663,0.06929795,0.013843576,0.023916066,0.038054097,0.14389224,0.05513229,0.016230036,0.0011475256,0.51711845,0.02037651,0.017916597,0.05058495,0.047443032,0.019466138,0.021692824
5063,0.0053971466,0.036827125,0.0098888725,0.006051872,0.9874078,0.006197344,0.0015273322,0.09342943,0.3373434,0.18373008,0.0022582982,0.0010663316,0.002040938,0.14103526,0.14119075,0.01059432,0.00012256304,0.8301543,0.002241928,0.008642878,0.039074514,0.005138785,0.0015659528,0.0024151949
5068,0.11772637,0.101317525,0.0012379369,0.002136771,0.93079245,0.5280579,0.0011050828,0.41293257,0.013419141,0.004047393,0.0066848733,0.0028480582,0.0021059175,0.0019855099,0.0029546549,0.011592974,0.0001221704,0.08156624,0.0040743984,0.0017682305,0.0096317455,0.22333823,0.0036345774,0.017884139
5073,0.27885112,0.23116872,0.09540895,0.015369901,0.29030657,0.106800124,0.044162307,0.13428621,0.12483921,0.17320088,0.018651003,0.026615452,0.79666215,0.031331204,0.022043183,0.18682736,0.007701625,0.042958282,0.5343367,0.051284328,0.034083292,0.5356339,0.015744593,0.052088417
5075,0.14439441,0.40323246,0.22277911,0.0077423234,0.79811037,0.044386752,0.0114979725,0.10847204,0.5930698,0.16995555,0.00507127,0.015048587,0.114943735,0.022785384,0.051985484,0.0111218775,0.0016993796,0.10589049,0.19326757,0.013026134,0.23566628,0.03943465,0.00631645,0.06531543
5078,0.20848325,0.07316018,0.012827696,0.014217686,0.66073555,0.465516,0.026590852,0.15393737,0.020509893,0.022002723,0.021399602,0.012982295,0.21699114,0.028903816,0.018056165,0.12745947,0.004054398,0.058796108,0.09072703,0.041119363,0.009331018,0.48290476,0.02867984,0.04504505
5083,0.013924105,0.03379692,0.008785566,0.012115689,0.19424015,0.14685556,0.010558487,0.72295046,0.05717687,0.13722526,0.04025244,0.008524141,0.38771775,0.02239954,0.008398768,0.3128429,0.000990056,0.15968889,0.017231574,0.017922193,0.01691235,0.341808,0.003878308,0.013377099
5084,0.35538936,0.43108854,0.047006972,0.0101425545,0.23927076,0.099870116,0.007684989,0.15567207,0.11690367,0.56174314,0.021908049,0.0226899,0.6580416,0.013326037,0.0130446665,0.27056876,0.002429358,0.06752766,0.30291426,0.027159974,0.00828807,0.5210444,0.016508467,0.04028775
5085,0.92082363,0.028807482,0.00021283253,0.0032684351,0.20309345,0.9683285,0.00074761896,0.71673125,0.00046489897,0.0003843458,0.019469958,0.0038928953,0.0047508464,0.00023174011,0.00018236157,0.05272604,0.00014726512,0.013405524,0.00959374,0.0010981329,0.0017368423,0.95832235,0.010989394,0.012826689
5086,0.005812631,0.015827443,0.0075549455,0.011396249,0.7025452,0.045708682,0.006214639,0.6038258,0.03814836,0.08318939,0.025212394,0.005867886,0.049310096,0.054998968,0.026712077,0.17577015,0.0005368832,0.49351817,0.020890743,0.024071638,0.007769078,0.22522025,0.010517092,0.0056406227
5088,0.005734737,0.0051614824,0.00087145605,0.001637584,0.9926888,0.013137557,0.0011372328,0.09742383,0.021232558,0.004120709,0.0003611932,0.00032821362,0.0024777742,0.009820537,0.038619597,0.0013163058,3.633435e-05,0.59608275,0.004136605,0.001811172,0.0057659545,0.005602891,0.00038114892,0.0029682922
5093,0.035861913,0.007351061,0.0007453017,0.0074032806,0.5258155,0.8914578,0.0015312283,0.612216,0.0079263095,0.008421244,0.12135631,0.002567198,0.082324326,0.0026573327,0.0016995472,0.2322352,0.0006240687,0.054727186,0.0060162805,0.0060626436,0.016999127,0.7312256,0.0026003658,0.020342957
5101,0.20192873,0.15144663,0.023952976,0.24726926,0.03708392,0.031870864,0.17441504,0.8342659,0.011959256,0.02749806,0.014228611,0.46832305,0.008945104,0.035570547,0.014737792,0.012826066,0.00091698056,0.13966331,0.018053018,0.008880197,0.045950487,0.12833148,0.72430897,0.09553215
5102,0.036349062,0.02427882,0.00527873,0.020951,0.4059402,0.33416638,0.0030399675,0.672899,0.022230487,0.055518124,0.14260809,0.0069530634,0.2076218,0.032966193,0.027587673,0.419521,0.0022072971,0.32383195,0.02348126,0.026449068,0.013616101,0.58538735,0.014641081,0.016649706
5104,0.00804421,0.0072715706,0.0019180914,0.04505186,0.22451738,0.052198358,0.04267612,0.90059304,0.0047412603,0.0021643168,0.003920296,0.019614527,0.006097556,0.02175137,0.004528612,0.003075895,0.00017253649,0.15006372,0.0020728784,0.0027170135,0.021255625,0.038099334,0.019110007,0.0124485735
5105,0.088895224,0.2611099,0.09486835,0.03404909,0.3058424,0.03486302,0.03423222,0.36100885,0.19695906,0.32194033,0.013217453,0.04609708,0.2728408,0.06415198,0.027953185,0.0722898,0.0028786154,0.13306502,0.16003409,0.042451806,0.032053906,0.16936538,0.029594043,0.040961634
5108,0.07775615,0.057384014,0.006424525,0.00078210543,0.22539131,0.045323938,0.0022094008,0.04572263,0.01771136,0.1158412,0.0057112803,0.0016955882,0.98043966,0.0030478712,0.0018859145,0.20622008,0.00024585496,0.028031573,0.4096326,0.014171081,0.00218195,0.59575534,0.0011652674,0.0073115947
5109,0.008116366,0.023759311,0.010330659,0.0013078583,0.95875806,0.034188785,0.0015915986,0.13244444,0.35021678,0.043368917,0.0009368745,0.00051416794,0.04283447,0.012204872,0.012914939,0.0043452936,0.00012304785,0.039163966,0.006170103,0.0054062493,0.07465986,0.01945836,0.00026927394,0.014186262
5110,0.024498483,0.00417088,0.00036086727,0.0019306412,0.6782561,0.372529,0.007380015,0.4270181,0.0018300384,0.00040132855,0.0019991351,0.0020515479,0.037373677,0.0024653715,0.0008548745,0.011038123,8.8819856e-05,0.017165659,0.0056144353,0.0018517167,0.003736982,0.43568307,0.001880722,0.010120123
5115,0.11820552,0.044434845,0.010671217,0.02573037,0.3821613,0.5209309,0.030930903,0.5504327,0.02986348,0.018651685,0.061976258,0.013422431,0.05999215,0.009165226,0.012062153,0.07999852,0.002549199,0.11870008,0.034177355,0.017012909,0.03228965,0.43310285,0.017158004,0.080859914
5116,0.09176188,0.11310655,0.019228013,0.035801165,0.2276593,0.09053075,0.042628467,0.53757626,0.035167843,0.022120334,0.0033987435,0.039245717,0.02240245,0.016245127,0.0064083613,0.0023770141,0.00035521746,0.0433948,0.014361046,0.0062954924,0.06554823,0.04478712,0.04982207,0.06189682
5122,0.00010568432,0.00011849576,1.7976669e-06,0.00090783084,0.9738163,0.008349001,3.0243027e-05,0.97464055,5.341273e-05,2.8387643e-05,8.085115e-05,4.002547e-05,1.0518885e-05,0.0018245963,0.00010362372,7.113842e-05,6.7971115e-08,0.4047792,3.8371887e-05,1.8470542e-05,0.0007175578,0.003360781,0.00010691192,4.720254e-05
5124,0.09095931,0.15552607,0.03663181,0.020817911,0.36357749,0.053626556,0.006410931,0.5038147,0.11322577,0.19884351,0.031342678,0.024439108,0.40016028,0.04541887,0.047857367,0.12027896,0.0038162975,0.25908437,0.09647509,0.034211293,0.03444308,0.351927,0.030077958,0.06947751
5126,0.00077075395,0.0019338847,0.0012798213,0.03177501,0.36923486,0.005598249,0.008528357,0.93464106,0.0101505155,0.02513233,0.015492256,0.0075508277,0.008802896,0.06270886,0.010601409,0.047074474,0.00010570085,0.6368226,0.0041367975,0.0041747577,0.013874591,0.053924058,0.008859602,0.0015806291
5132,0.16299172,0.07687549,0.009407038,0.011481281,0.9105617,0.5530743,0.015681509,0.26111758,0.041192885,0.010216058,0.009641745,0.008175339,0.02557155,0.019785069,0.03340026,0.032456007,0.0025037706,0.15370917,0.01850516,0.017089002,0.016165648,0.18949129,0.012924068,0.036933105
5134,0.037224505,0.03476154,0.011981368,0.03305893,0.765975,0.10819577,0.0915986,0.34723896,0.056899257,0.029178968,0.007921361,0.019809537,0.07207484,0.05328578,0.02849888,0.020688891,0.0023864815,0.19213626,0.023650859,0.017669505,0.041161362,0.069801025,0.013592573,0.045959037
5136,3.8532722e-05,0.000288974,6.680164e-05,0.009223769,0.5160498,0.00407275,0.005895623,0.9642605,0.0022821494,0.0033786874,0.0009429501,0.00026080065,0.0027350737,0.014074493,0.00040615664,0.002303715,2.7219135e-06,0.26307568,0.00021310525,0.0003485016,0.0073122075,0.0072048614,0.00026352785,0.0002393473
5142,0.1775775,0.28897277,0.07309257,0.006087453,0.9828085,0.1548331,0.0065660495,0.028356506,0.49497756,0.14627247,0.0025656745,0.0036856008,0.030915486,0.029884474,0.12361654,0.03094744,0.0011697838,0.18659136,0.038307417,0.018127635,0.03665306,0.055168733,0.003849938,0.019054001
5147,0.11154506,0.5503378,0.23029937,0.020737126,0.85916394,0.03515824,0.0076113176,0.18757838,0.5830717,0.25770387,0.005150979,0.023181675,0.052573565,0.09705729,0.12669665,0.01630823,0.002174127,0.22963072,0.07626574,0.025663424,0.12784961,0.037080765,0.0149760945,0.045643404
5150,0.0028344714,0.018692281,0.0034633407,0.011762935,0.7577431,0.0015061309,0.0015393163,0.79021806,0.070102245,0.062113352,0.001589545,0.0034259942,0.006710188,0.22593257,0.025475513,0.0034768803,0.00010643109,0.44282448,0.004257448,0.008527449,0.027324032,0.011152993,0.007738097,0.00481703
5154,0.034485277,0.06794586,0.015060676,0.012271373,0.59189,0.05568673,0.0059927697,0.6441773,0.081864625,0.016223423,0.011827162,0.0066659935,0.008648207,0.01069449,0.010207146,0.0070822095,0.0003484765,0.09493865,0.007281798,0.0062735933,0.05767649,0.06228938,0.0074329907,0.041407485
5160,0.37195438,0.07875565,0.0076748505,0.004259715,0.8185573,0.3391615,0.006153461,0.19539782,0.024346879,0.020130424,0.007171227,0.0062649725,0.21982177,0.0043301983,0.0050747064,0.03823345,0.0013845545,0.047237203,0.1588002,0.009809554,0.022264754,0.35967743,0.020538975,0.028059926
5161,0.7710807,0.82163763,0.2889812,0.007044727,0.46990135,0.043705046,0.0042294622,0.053973168,0.4370721,0.59751534,0.002931432,0.030593432,0.1385421,0.009375524,0.04006647,0.025240147,0.0009413793,0.07640525,0.29326686,0.01437997,0.017001206,0.15284021,0.03950691,0.065605134
5163,0.10072331,0.09495121,0.0042458973,0.02727248,0.16372542,0.08221506,0.004841034,0.92735815,0.014463294,0.012862099,0.011235234,0.039622772,0.01557221,0.020184439,0.007026056,0.009355921,0.0004018379,0.14457987,0.008262364,0.0056681857,0.016320035,0.17208418,0.1103527,0.053867493
5172,0.033269387,0.0799828,0.027374709,0.05791404,0.51571786,0.0431433,0.031324502,0.66232944,0.077450216,0.098602526,0.017750625,0.027646057,0.06487253,0.11426135,0.03859368,0.039238464,0.0024443134,0.25942284,0.0639779,0.027944833,0.0563739,0.10185896,0.02653018,0.03772224
5175,0.0001811381,0.0009889668,0.00010396707,0.00075822126,0.7273798,0.021058654,0.000237515,0.789037,0.0032330588,0.0034224256,0.0010206102,0.00015990401,0.018731734,0.0064199553,0.002150321,0.016533867,4.2175247e-06,0.1476451,0.00019444404,0.00071720505,0.00068444916,0.077993676,0.00012033597,0.0006289983
5177,0.032857105,0.039680734,0.011173078,0.00671857,0.3498053,0.08150617,0.0046967487,0.19309473,0.0444326,0.098404,0.015103764,0.0042669456,0.8120918,0.017919777,0.0060711084,0.11441651,0.000937945,0.061266847,0.04415315,0.021311281,0.00629418,0.3887471,0.001953796,0.013822754
5178,0.20489414,0.14891852,0.00954489,0.21166365,0.024228236,0.013216769,0.04932521,0.89076596,0.003979636,0.018111324,0.008034042,0.38771302,0.0019725892,0.022845551,0.0060851285,0.003084145,0.00016802098,0.16459028,0.012810687,0.0025841407,0.015342123,0.074855596,0.91678876,0.05853753
5179,0.006134384,0.014723709,0.0023123445,0.059154544,0.40832373,0.0075986604,0.6419598,0.27833855,0.0027918709,0.001232813,0.000288966,0.14371832,0.0010695449,0.008604903,0.0016960251,0.0019210185,6.954339e-05,0.016942196,0.007898962,0.0014811907,0.006066575,0.013003839,0.1568766,0.012271829
5182,0.97129214,0.7553665,0.0020675666,2.7943017e-05,0.33047372,0.04944171,9.563023e-06,0.0138603365,0.009753438,0.023439705,7.845353e-05,0.0007242261,0.046897054,2.173248e-05,0.00017386662,0.008492708,4.7296894e-06,0.0075581246,0.45004955,0.00026526136,6.9578e-05,0.81004906,0.0017359803,0.008319164
5184,0.3245337,0.38078848,0.024503691,0.023479424,0.12268441,0.1779751,0.016499467,0.5563499,0.04643327,0.042182516,0.017117538,0.063157074,0.21047276,0.00972741,0.007896047,0.028039778,0.002098677,0.06020838,0.09382526,0.012998031,0.027100721,0.30788335,0.040290564,0.21173427
5185,0.005659815,0.013834252,0.0056807473,0.064168684,0.6407398,0.036236968,0.041170668,0.5829234,0.016701804,0.015694955,0.0069022686,0.011567426,0.0065933745,0.09385054,0.02818933,0.012266694,0.00047418123,0.47528267,0.004344023,0.0114378575,0.019706035,0.024882779,0.019320957,0.0074851215
5187,0.10967044,0.010979913,0.00066034467,0.020391438,0.26767457,0.7448638,0.009654215,0.7631146,0.0015558049,0.0034453864,0.023313716,0.008996908,0.01234201,0.0072762673,0.0021532334,0.11571199,0.00035822214,0.16767141,0.0029636659,0.005062374,0.003097738,0.71472466,0.016132373,0.013042948
5188,0.059410606,0.1251585,0.08096217,0.10375095,0.64765775,0.09562937,0.08269554,0.4928437,0.17396547,0.112760596,0.03832564,0.05320075,0.06571797,0.15115686,0.18139961,0.069762565,0.011123928,0.56376135,0.059235707,0.06678875,0.11732231,0.12940226,0.064703465,0.068692446
5189,0.00028409046,0.008298733,0.00028482408,0.0016166628,0.9181095,0.002771867,0.0020674102,0.8574631,0.013488069,0.0033546835,6.517213e-05,0.00042092192,0.00092713843,0.0033370224,0.00075714034,9.428947e-05,7.47482e-07,0.1483652,0.00014789021,0.0001427402,0.0037664513,0.0011091083,0.0016242833,0.0020988039
5191,0.0019794116,0.0025402135,0.00036232406,0.005255271,0.05044531,0.23249304,0.004773801,0.88474643,0.0015733474,0.0059071085,0.013204411,0.0031784286,0.2682916,0.0021936554,0.0002524309,0.14185946,4.212713e-05,0.008752121,0.0070871245,0.0030458928,0.00089333276,0.7807462,0.0016641476,0.003825881
5203,0.041399572,0.061824203,0.019284887,0.0037716813,0.37412754,0.15716936,0.008926608,0.1024276,0.04198613,0.054881305,0.014347175,0.0056318515,0.935963,0.012953717,0.0092156585,0.071867965,0.00078862347,0.043099847,0.07026847,0.017689621,0.0058877887,0.46085343,0.00212696,0.02007937
5207,0.4286389,0.09604585,0.012864975,0.012923253,0.22527702,0.29135826,0.023420451,0.2033572,0.02093001,0.035670567,0.017928867,0.020029472,0.42862463,0.010025296,0.00504029,0.19054279,0.0023145885,0.023688577,0.3710628,0.015285384,0.007132398,0.6913338,0.023276461,0.030873647
5208,0.05811854,0.1257199,0.03062889,0.0026544353,0.95248246,0.016991297,0.006289794,0.08651948,0.18586479,0.08847242,0.0010204405,0.0027816945,0.11775133,0.010048635,0.024144001,0.024257671,0.00033339733,0.08925497,0.18600999,0.009640584,0.007077386,0.09466863,0.0019276447,0.013703416
5209,0.050829653,0.028492048,0.002989338,0.0038550815,0.11198917,0.5513011,0.0019604121,0.40766835,0.009353292,0.048361912,0.051715408,0.003389578,0.8892768,0.0030318177,0.001336779,0.28660774,0.00060607225,0.020473242,0.046154168,0.010499313,0.004864894,0.7449088,0.0026399263,0.008521332
5219,0.00063575275,0.009909576,0.0024622458,0.05475802,0.23249833,0.0022799755,0.016393134,0.9620175,0.022387521,0.022530274,0.0010251235,0.004833409,0.003123181,0.07124296,0.007857235,0.001634956,4.3600154e-05,0.21749602,0.0023315072,0.002060235,0.057219278,0.00683611,0.004109645,0.004061391
5220,0.0006418996,0.006163221,0.0007105428,0.025263593,0.94758546,0.0019679638,0.0046543367,0.75258315,0.009991256,0.008182455,0.00043107555,0.0039603454,0.0002419734,0.0836575,0.015789319,0.0007088239,1.2546724e-05,0.63135874,0.0012443982,0.00059821596,0.009345254,0.0023974446,0.005628189,0.0010189939
5222,0.04951764,0.005003569,0.00021532745,0.0011109588,0.57320094,0.8219281,0.00014128923,0.859866,0.0018095347,0.0016770435,0.030729515,0.00046564784,0.003800322,0.0003137131,0.00021771062,0.04305835,3.81491e-05,0.026352175,0.0013920062,0.0014588855,0.014400455,0.7402966,0.0014187815,0.005400181
5223,0.0174183,0.0011231669,3.6103625e-05,0.0024225751,0.030108072,0.9455884,0.0004051937,0.7818968,0.00017819145,0.0010936736,0.09855956,0.00062977575,0.5668368,0.00031057766,3.4999244e-05,0.40238684,3.45469e-05,0.0036516315,0.002223885,0.0010256863,0.00039919786,0.95474523,0.00036962313,0.00062055246
5232,0.0055306023,0.005835755,0.0008135767,0.008623041,0.91548115,0.08644572,0.001795979,0.73721504,0.009301141,0.010495746,0.0036973662,0.0013072207,0.005748462,0.023620421,0.009177143,0.010057448,0.00012947666,0.46628174,0.0031853588,0.005145047,0.014145896,0.031095479,0.0029121747,0.0023770514
5233,0.3136674,0.4518411,0.050680943,0.015456267,0.45718598,0.022611342,0.004651823,0.17857406,0.1862152,0.22777228,0.0045922506,0.041990038,0.05396576,0.019924762,0.05425599,0.027602524,0.00070296053,0.32126734,0.11727803,0.011320499,0.011456549,0.13309069,0.05463963,0.07258116
5237,0.063478746,0.047485042,0.016618991,0.19509323,0.17973188,0.4412242,0.13545161,0.6965595,0.025544522,0.044364855,0.1409241,0.13707624,0.086616546,0.107598364,0.027124707,0.17640679,0.009308536,0.1549225,0.013499317,0.034961164,0.05569337,0.31887525,0.056012917,0.17301434
5238,0.015774565,0.023326794,0.015573162,0.013950901,0.37244484,0.06013629,0.019314963,0.5238396,0.056002617,0.08634054,0.019671343,0.011888067,0.6185663,0.040621042,0.01208106,0.2453092,0.0016178363,0.06287922,0.036928326,0.026625263,0.012482561,0.38112733,0.00675282,0.013130955
5240,0.44323245,0.04594985,0.010778952,0.01377184,0.67884666,0.62401855,0.017074581,0.19718379,0.02225813,0.029173085,0.02645328,0.0073921075,0.1817563,0.011665061,0.0111990385,0.072147906,0.0038364253,0.050035357,0.06249597,0.022836754,0.021093834,0.52015936,0.018908232,0.046907943
5242,0.032694608,0.019147951,0.008460586,0.0039981054,0.8433549,0.44999322,0.013766771,0.20564583,0.031735953,0.013041763,0.01615335,0.0038735268,0.117448926,0.011381958,0.007697577,0.28249148,0.0014143372,0.033980995,0.022925789,0.018277923,0.007036616,0.4521494,0.0029755803,0.011843139
5243,0.2972601,0.010905423,0.00052031316,0.0035844625,0.33989877,0.89756775,0.002010649,0.65315986,0.0021122352,0.0027039011,0.030461693,0.0016338846,0.07363853,0.0019968657,0.00043639968,0.20513849,0.0003493152,0.017183252,0.016981369,0.0032044628,0.003907716,0.89821327,0.0024080754,0.0076772766
5248,0.30826706,0.016746847,0.0005771231,0.0012127946,0.9384736,0.907336,0.00035741713,0.30517656,0.008375006,0.002259315,0.008841987,0.0005094847,0.0039711664,0.0016373058,0.0046529956,0.022744957,0.00019497034,0.12095804,0.003414789,0.002455168,0.0080394065,0.39397433,0.0025462494,0.007959822
5249,0.14680237,0.022498697,0.00094566774,0.00080476125,0.18338934,0.6725006,0.00081270107,0.3263797,0.0051255208,0.02033411,0.018966362,0.0012037882,0.54637337,0.0007407636,0.00037035556,0.19713822,0.00013254063,0.014483434,0.008069347,0.0028706961,0.00094086945,0.69073385,0.00087313924,0.0053572003
5251,0.016346045,0.036382046,0.011639839,0.017310075,0.91443974,0.14534809,0.027895957,0.2756249,0.119672954,0.08905122,0.0067034787,0.0065284404,0.049926933,0.04558998,0.0234405,0.052611448,0.0013122746,0.21221621,0.031096967,0.015844984,0.030734014,0.08347837,0.004110554,0.008126585
5252,0.091607176,0.011731967,0.00068575307,0.0057558906,0.7994022,0.74205196,0.004266927,0.2484047,0.0053416174,0.0018257865,0.0061831633,0.0018223599,0.017592128,0.0039091473,0.002943444,0.008401656,0.00026411898,0.053408425,0.0036366466,0.0043475307,0.005489925,0.1719092,0.0029334342,0.023753092
5256,0.010109926,0.03073013,0.0064188573,0.064298846,0.6117069,0.15024495,0.034643963,0.73246664,0.03209458,0.02775602,0.013326514,0.016428063,0.015016348,0.3723425,0.029447187,0.025348162,0.0010530554,0.2757955,0.0033099453,0.016758801,0.023702793,0.051797196,0.02128382,0.011605443
5258,0.12119696,0.5673735,0.109519854,0.0026658652,0.87007475,0.008448586,0.0014138436,0.05736608,0.5216476,0.18298633,0.0005755783,0.004801511,0.01639374,0.035281587,0.09345143,0.006758784,0.00014944829,0.4336649,0.08119781,0.0042824172,0.0100104995,0.029676784,0.0072305626,0.019318474
5276,0.0054562716,0.04241773,0.008590187,0.051525027,0.34826955,0.0066903625,0.018805927,0.70824456,0.048740402,0.022720993,0.004814091,0.013088271,0.0047787023,0.10572861,0.04170574,0.008197026,0.00022968886,0.5167459,0.007069208,0.0050935904,0.038190145,0.015730234,0.021360833,0.014938887
5280,0.015255002,0.012102153,0.0008635605,0.00026130961,0.124634705,0.057941746,0.0003989563,0.045517586,0.0020906567,0.027886812,0.001365279,0.00015553339,0.98576623,0.0013116568,0.00041752585,0.17723465,2.4971827e-05,0.0072131506,0.0780629,0.0040518916,0.0002770952,0.76877487,0.00012418628,0.0019206528
5287,0.59212697,0.38338342,0.080360234,0.027918996,0.4252103,0.10603946,0.020846955,0.30964443,0.1407015,0.10349582,0.017983025,0.064317346,0.08182322,0.00763087,0.021289965,0.094942525,0.0056385254,0.16443591,0.47790283,0.038909327,0.02943817,0.48841324,0.05960291,0.09357412
5291,0.059704553,0.016812876,0.0038073293,0.017797392,0.7160145,0.14635609,0.011444587,0.51089925,0.026139861,0.057248343,0.02626128,0.0059010684,0.04464997,0.018663362,0.01659334,0.07332366,0.0011484622,0.3962292,0.02395004,0.011250523,0.028322157,0.1807373,0.014034946,0.014667149
5293,0.0005978537,0.0002886631,2.8724204e-05,0.0004525127,0.7540609,0.05715166,3.683545e-05,0.5358424,0.0005664396,0.0027095957,0.003268443,2.2277522e-05,0.03767798,0.0035927317,0.0033276642,0.08498952,2.3681646e-06,0.43343654,0.00029120536,0.0003941365,0.00019937882,0.39108503,4.551817e-05,0.00030534342
5295,0.05193792,0.06461651,0.040441196,0.08458524,0.46794036,0.08943641,0.56097186,0.27607682,0.05128037,0.03685996,0.009637429,0.065616906,0.09988801,0.068589106,0.016903719,0.035310447,0.005080093,0.08159011,0.14431301,0.027023485,0.026536256,0.11802704,0.029635524,0.04022244
5299,0.027442304,0.053267073,0.037623405,0.0548854,0.76015985,0.107968345,0.036805883,0.5246234,0.16495162,0.10285698,0.023017678,0.030322932,0.028776411,0.08200546,0.11197699,0.023412777,0.0035986274,0.39902294,0.019315908,0.032479376,0.3418522,0.060343936,0.023367971,0.059682418
5301,0.18000777,0.061723165,0.01183151,0.022997275,0.75691986,0.72936416,0.047135815,0.23697574,0.05275725,0.040184252,0.038209777,0.013100658,0.06200425,0.035097804,0.023324894,0.40340137,0.007837881,0.08429435,0.028766807,0.03614495,0.046321932,0.5287957,0.012602696,0.029863723
5305,0.008957884,0.033210773,0.012413393,0.0118446285,0.9193276,0.014158595,0.04353376,0.25363764,0.119943686,0.029410988,0.0015405716,0.007451479,0.05729875,0.040213168,0.018889707,0.0050776713,0.00040595108,0.24702765,0.033454668,0.011894701,0.01697529,0.018171947,0.0034776472,0.008870248
5311,0.13198411,0.2634791,0.06733521,0.06454428,0.49706936,0.101166144,0.024912577,0.32318118,0.14498301,0.15774126,0.02154629,0.07927877,0.059800077,0.054234877,0.10080629,0.067199446,0.00446182,0.4333698,0.060492527,0.037117243,0.027412761,0.17961466,0.0767033,0.068018444
5315,0.18506704,0.31744683,0.009973376,0.0068373433,0.39074543,0.32984942,0.006178102,0.41665965,0.05876589,0.034971774,0.0062123896,0.007890066,0.013258813,0.012998894,0.012059209,0.017889777,0.00023395485,0.17060879,0.010928793,0.003302549,0.015469123,0.14338975,0.0061181234,0.04342184
5319,0.059623066,0.06846062,0.018483497,0.034110766,0.952822,0.41516045,0.03485269,0.3151907,0.11283534,0.03154766,0.011205318,0.010362802,0.012043302,0.056192327,0.03399652,0.025179245,0.0025887932,0.15677722,0.010666591,0.016331337,0.06907502,0.057725698,0.0074387654,0.017412843
5320,0.0023957677,0.00051539316,0.00041110377,0.003569149,0.9627594,0.023819828,0.073119566,0.1010506,0.0024020679,0.0034431114,0.00020180899,0.0003743907,0.020863315,0.012453476,0.0011012538,0.004460047,2.7534981e-05,0.02328904,0.007700597,0.0010344785,0.0035088195,0.012401396,0.000121102275,0.00022795047
5330,0.10013682,0.05441741,0.018063942,0.012905526,0.6960254,0.073682256,0.01065971,0.44778788,0.04751327,0.032119986,0.006437797,0.007641226,0.0697984,0.018356778,0.022932563,0.0458039,0.0016890807,0.12775403,0.060166553,0.022397205,0.022670513,0.20676091,0.013624352,0.020116333
5334,0.12090179,0.06241592,0.026820585,0.018208804,0.633571,0.18117514,0.039379317,0.1705573,0.05555868,0.108673304,0.014876732,0.010758462,0.45646963,0.038370214,0.017505981,0.10413928,0.0038360609,0.062894866,0.13436428,0.045424327,0.01947365,0.29024935,0.011399216,0.021592783
5341,0.31698376,0.20003805,0.021926396,0.09297122,0.24789773,0.053591248,0.01781845,0.76297325,0.023012107,0.03046343,0.019674143,0.21177681,0.0031690293,0.01995798,0.031319942,0.01569151,0.0012530509,0.5240834,0.026557963,0.011937881,0.031971812,0.18153407,0.4005601,0.121426
5342,0.055319384,0.07167463,0.036496613,0.035185825,0.68123543,0.0500366,0.27777383,0.107193016,0.07950071,0.04753817,0.0057676933,0.01571704,0.20794845,0.069873594,0.019458741,0.05282965,0.0029597203,0.06750897,0.14643349,0.023227658,0.027591977,0.105161935,0.0047070677,0.025102912
5343,0.0032656265,0.002173135,0.0014305873,0.0076851053,0.85916173,0.023377974,0.003907126,0.320887,0.025670348,0.044117384,0.004119173,0.0006153886,0.04005893,0.034834467,0.021227455,0.03850626,0.00013613976,0.5566273,0.006491749,0.004311706,0.010930942,0.038941998,0.0005589896,0.0020031398
5345,0.035821013,0.05441535,0.009499203,0.0026235215,0.1505753,0.0670933,0.0032379895,0.28183252,0.029813217,0.121811494,0.013531867,0.0035377531,0.94406295,0.011814546,0.0062312232,0.3151533,0.00051429245,0.06057644,0.09994531,0.018935626,0.0021778084,0.7270411,0.0020802892,0.009764742
5346,0.033061344,0.024588075,0.017407443,0.09230872,0.52537036,0.06374522,0.03519237,0.7953936,0.1320201,0.048537638,0.032701522,0.01630117,0.0069780317,0.055112507,0.03761692,0.012404515,0.002565754,0.21258609,0.009395891,0.016087666,0.8467517,0.031970467,0.019155582,0.037684266
5347,0.011317063,0.05493478,0.009013874,0.0015765482,0.98231363,0.054421984,0.0031623468,0.05152857,0.06718448,0.026108775,0.001118095,0.001061981,0.25094736,0.018280327,0.02418304,0.013238041,0.00023537876,0.1717917,0.02548758,0.0067490092,0.0064123217,0.05634129,0.0011986307,0.007838915
5348,0.1545674,0.082250185,0.037676856,0.01453338,0.86740273,0.046106108,0.012648651,0.20720004,0.31579667,0.087129354,0.0050829495,0.00553035,0.025720693,0.042624265,0.038561307,0.005261252,0.0017353022,0.09469778,0.012386403,0.009190696,0.7426845,0.016656345,0.0033969493,0.021838231
5352,0.08008005,0.04636916,0.018511144,0.04111994,0.6280864,0.1223655,0.031728137,0.6124415,0.063890986,0.037229795,0.025827214,0.019291265,0.028672138,0.05654399,0.026891414,0.027072031,0.0028283214,0.14350815,0.029773923,0.025265053,0.14075921,0.13489057,0.020727532,0.049899846
5355,0.6048857,0.3036239,0.016347853,0.006632508,0.90276664,0.343195,0.0036219624,0.20020705,0.07470529,0.017658608,0.0034446365,0.010561885,0.008399276,0.017319672,0.016636439,0.01224191,0.0009940544,0.07021062,0.03192329,0.0054232925,0.026918935,0.2190065,0.020430068,0.056001145
5370,0.009578375,0.021401405,0.010031716,0.038300674,0.77516484,0.009425305,0.019273058,0.6188644,0.0368409,0.027794514,0.0032773328,0.011234154,0.0027753422,0.15590134,0.1083427,0.0032038835,0.0004975292,0.5686203,0.01530297,0.009552409,0.056039788,0.015336381,0.018758442,0.019649284
5373,0.0008181241,0.005387546,0.0006760087,0.011685452,0.9751963,0.006276189,0.0012107723,0.7331705,0.029862808,0.006537288,0.00081809063,0.0011989411,7.536635e-05,0.14031036,0.043296706,0.0009110425,1.8471617e-05,0.88121426,0.0002762295,0.0010242064,0.015608274,0.002163705,0.0016884705,0.001135226
5374,0.0011837408,0.008208591,0.0006878229,0.0012694076,0.96325994,0.004724345,0.00011648812,0.21243915,0.08633465,0.028122438,0.0004959858,0.0001263062,0.00087303645,0.02983156,0.046545584,0.012228879,7.2758608e-06,0.891098,0.00041168457,0.00084019685,0.0010661092,0.0082100155,9.447235e-05,0.00053314393
5383,0.010884042,0.0019225981,0.00046418712,0.018020341,0.4133718,0.2380139,0.006425614,0.90792567,0.0032973094,0.0067691407,0.021023426,0.002640558,0.050812896,0.013773052,0.0020014285,0.041769672,0.00019916147,0.101024486,0.0039139404,0.005325753,0.011167291,0.3130529,0.003313646,0.005657014
5387,0.03770172,0.042595204,0.010486263,0.16317764,0.4163118,0.093997255,0.32672286,0.54470086,0.013730492,0.008024316,0.009436548,0.10524564,0.013922873,0.041443232,0.015321828,0.012436147,0.0015660931,0.11820773,0.025768487,0.0132942805,0.028898647,0.10063925,0.039040282,0.044693355
5390,0.06489474,0.020353315,0.0022664503,0.004548915,0.56399256,0.40987882,0.0016567181,0.71829104,0.021180073,0.007418714,0.0062688864,0.0030934322,0.020826086,0.0019059551,0.0017703577,0.0078037363,0.00019475407,0.019532608,0.0039012823,0.0030223902,0.030102745,0.2065358,0.0023339086,0.019992402
5392,0.0011034549,0.02416359,0.0013834435,0.0028553612,0.98987657,0.0056852414,0.00020319085,0.08068487,0.030379081,0.006414233,0.00038505063,0.0004060324,0.00017908022,0.013613879,0.0925917,0.002836088,9.364884e-06,0.86684215,0.0025225054,0.00090821745,0.004081593,0.007416755,0.0012160722,0.0017886679
5393,0.00038102435,0.0013839073,3.610135e-05,0.052551623,0.043863796,5.643574e-05,0.00044595278,0.9972399,0.00011280373,0.00027776705,0.00016741296,0.044328343,2.4738588e-06,0.014775201,0.0021851882,1.4531888e-05,9.165043e-08,0.91757625,3.5554895e-05,1.0003014e-05,0.0037947912,0.0005926605,0.8498404,0.0040751332
5394,0.06148423,0.03072841,0.006822429,0.0073968223,0.6341805,0.107387215,0.021532591,0.20617366,0.024019362,0.017838184,0.0052016745,0.0074263266,0.26598325,0.014425226,0.009357251,0.03356065,0.0012888048,0.041621286,0.064945675,0.013397462,0.012523089,0.27392688,0.0037485214,0.047286607
5401,0.5445597,0.20452628,0.021691782,0.004601925,0.17984909,0.21920823,0.012123351,0.11179786,0.0392625,0.05913579,0.01159463,0.008655069,0.47752652,0.0033441172,0.0042208354,0.12563275,0.0018063294,0.025588535,0.5123173,0.014611955,0.0034722788,0.662814,0.006851599,0.025712762
5408,0.05632052,0.05770796,0.018392006,0.051456153,0.47968826,0.026931815,0.05290665,0.6058495,0.028182035,0.03623295,0.0053219805,0.013649682,0.004467016,0.030682588,0.020852387,0.0037037868,0.00047230147,0.27818573,0.028478576,0.005750103,0.03584322,0.042949744,0.024170164,0.044301555
5409,0.124237314,0.491042,0.09106621,0.010095895,0.46206197,0.033765446,0.0117143495,0.60164535,0.27782845,0.09522279,0.0026657968,0.025183428,0.020738507,0.007356882,0.018341923,0.010721869,0.00045642967,0.093035325,0.059232302,0.004898367,0.04163587,0.0763654,0.012767039,0.05926191
5410,0.69674313,0.794709,0.065882616,0.0069556884,0.1472611,0.017821882,0.0014396023,0.23268408,0.12575693,0.55229527,0.0030480612,0.09176183,0.11924532,0.0053171157,0.0076777088,0.008652873,0.00024046627,0.084437236,0.09153247,0.0048262463,0.0058293426,0.09666231,0.08069996,0.102378845
5413,0.02400329,0.067779295,0.010955204,0.0065853717,0.7976163,0.023849202,0.0037362492,0.46475163,0.25899607,0.1266311,0.0050613503,0.006209914,0.01127575,0.031670287,0.014705161,0.0071885823,0.00037395177,0.20541967,0.0020678341,0.005798029,0.1378304,0.018278848,0.002504987,0.056562506
5415,0.006203091,0.21295233,0.061065573,0.00029894838,0.9826995,0.0028266679,0.0014439734,0.026875021,0.65344536,0.09181134,0.00013717283,0.00043731,0.03178746,0.013784942,0.037018646,0.004796767,2.8032802e-05,0.089989044,0.22043149,0.0029954012,0.007287108,0.010556172,0.000104192455,0.003476236
5416,0.051817976,0.05740857,0.017193113,0.011052473,0.69055146,0.060707215,0.051880196,0.25198877,0.033389807,0.011199361,0.0045004836,0.012465034,0.13046177,0.044246785,0.022317821,0.031654622,0.0017209295,0.082151935,0.18346319,0.020188404,0.020697424,0.15010831,0.010484511,0.018571056
5420,0.025956204,0.008590945,0.0006760339,0.04236418,0.07828462,0.13319439,0.0027517378,0.9787548,0.0011115399,0.0025179607,0.047268387,0.04342566,0.00035903242,0.005687539,0.0010132294,0.020097915,4.4021544e-05,0.21861342,0.0003525146,0.00083283294,0.08888817,0.27140382,0.12086295,0.045766685
5423,0.14798898,0.3216838,0.03026086,0.006267761,0.7499286,0.13037229,0.0032929417,0.2815264,0.16756333,0.12160901,0.013697901,0.009757574,0.074337356,0.019133769,0.021070665,0.07857823,0.0011322153,0.14572443,0.09415506,0.014785305,0.027470421,0.20702226,0.0050260173,0.055157196
5429,0.123970546,0.30337873,0.13868038,0.011138492,0.31503117,0.02072868,0.060981795,0.14053081,0.24939743,0.22180107,0.0041005034,0.024771864,0.3992069,0.02191378,0.016265089,0.06070107,0.0017450565,0.06943897,0.19776654,0.022732198,0.0088726785,0.18787904,0.019257862,0.027973168
5432,0.10779608,0.3381215,0.1469554,0.018331384,0.92737925,0.028718561,0.02547046,0.13440076,0.50939316,0.25833738,0.0052576545,0.017335378,0.06060658,0.08231251,0.091290705,0.023859221,0.002507552,0.23304284,0.1649846,0.03166247,0.053518403,0.035257045,0.0141205415,0.032754567
5433,0.00019583167,0.001382087,8.755525e-05,0.005652549,0.94790643,0.008157162,0.00051175785,0.8366595,0.0042733466,0.0031345347,0.0009885629,0.00047756152,0.00013585367,0.01987334,0.012631887,0.0029512828,5.3323906e-06,0.98007697,0.00019134226,0.00043573725,0.0022798458,0.004633763,0.0019840798,0.00021115506
5435,0.00042617918,0.0027699394,0.0010285528,0.0021747819,0.98827004,0.003515538,0.0017021388,0.5380643,0.02940144,0.0032614232,0.00013965963,0.00051545555,0.00096786855,0.028947122,0.009314747,0.0008305458,1.4724329e-05,0.27152514,0.0017803131,0.0011781589,0.007563635,0.0016840418,0.0006838698,0.00027919892
5439,0.13364613,0.07837331,0.0076708132,0.022985829,0.1791467,0.44853038,0.007720247,0.7859397,0.015443762,0.023100724,0.021429768,0.02304147,0.048745804,0.024752978,0.011202541,0.033443708,0.00084759603,0.1002575,0.0052635507,0.011497291,0.01214538,0.34378907,0.03855434,0.07393784
5442,0.0029004773,0.007902464,0.0129377125,0.02114243,0.704165,0.009876031,0.89746803,0.02335535,0.011754923,0.0068244524,0.00029567254,0.0070546875,0.043417104,0.05230867,0.005315237,0.0036134063,0.00019510461,0.022582535,0.016537713,0.0019332939,0.0040400266,0.010579788,0.00085102895,0.003379025
5443,0.0036386305,0.0020775986,0.00054692564,0.023798058,0.05706243,0.4737657,0.0060268687,0.8814335,0.0015607829,0.006370907,0.10045456,0.0052832584,0.25661713,0.007658754,0.0017420263,0.31815884,0.00024458143,0.09069037,0.00374446,0.0069581424,0.0018370113,0.6309439,0.0018246286,0.0052305935
5445,0.11090686,0.052925583,0.023275103,0.12018001,0.25086814,0.18843453,0.07274198,0.77155036,0.047226183,0.087272726,0.15216519,0.0790276,0.14454234,0.087732755,0.03096559,0.23694514,0.010002328,0.32896844,0.09374089,0.039377384,0.116729565,0.43343607,0.06495003,0.061567213
5448,0.09389167,0.032814655,0.008645198,0.01229445,0.9196132,0.342852,0.009854815,0.24647455,0.046430092,0.02086345,0.010604841,0.004476628,0.032242585,0.021119548,0.026418079,0.09540234,0.0021279023,0.21520922,0.028430171,0.025608676,0.017728308,0.23770158,0.0065702065,0.012795102
5449,0.0014331801,0.0021984668,0.00084275234,0.03751153,0.43984938,0.24632707,0.01616695,0.7858147,0.00935657,0.012693368,0.03196636,0.007844865,0.008930742,0.022785531,0.0038627747,0.017474473,0.00013237692,0.17654599,0.0004011933,0.0041312757,0.06660667,0.05115874,0.004128353,0.022268511
5450,0.0021448806,0.0036839077,0.000581625,0.012808087,0.76914406,0.14065197,0.00097129476,0.9176135,0.013073772,0.0073015126,0.009387521,0.0014843973,0.0013261903,0.013228241,0.0072700838,0.0027567043,4.8156664e-05,0.41560403,0.00028528282,0.0016759621,0.045004547,0.018101592,0.0032472226,0.006489121
5463,0.4002148,0.7112081,0.052590147,0.0035870553,0.6020119,0.08417686,0.0038349254,0.18952376,0.143652,0.032444786,0.0023672972,0.010690076,0.03658074,0.010439116,0.010193167,0.013159447,0.0006488456,0.029238554,0.09890796,0.0080719385,0.010962684,0.27447468,0.01926048,0.08839786
5468,0.012696925,0.03484366,0.010701339,0.00838182,0.93770045,0.026231768,0.0018647122,0.44853655,0.13178568,0.08764987,0.0017816552,0.0025797656,0.011519878,0.02537589,0.032524407,0.011737785,0.00021905113,0.5215546,0.015342829,0.013675423,0.015024349,0.02702922,0.0022152646,0.0031623149
5469,0.1792779,0.13375445,0.013658942,0.004075857,0.09777929,0.24099915,0.0042816666,0.21257387,0.025301805,0.094311796,0.02397555,0.007700874,0.8310369,0.005049984,0.0033488807,0.50337875,0.0010272802,0.020002147,0.27687448,0.020108454,0.0023479245,0.88266784,0.0052903574,0.013805858
5472,0.9242366,0.20012134,0.00046464955,0.0002457926,0.24384928,0.21179394,0.00029367142,0.21567917,0.002404726,0.00066273566,6.464391e-05,0.0004656394,0.0017083773,6.576999e-05,5.8033966e-05,0.00039576303,2.3332914e-06,0.0019500834,0.020472132,5.612815e-05,0.0006375849,0.15603296,0.00029449543,0.0075240755
5475,0.0035482172,0.012244701,0.010517142,0.09343361,0.28313258,0.05919013,0.12549776,0.6663811,0.02503511,0.093221344,0.035646915,0.025754172,0.20229754,0.07877583,0.011004542,0.13489804,0.0016763924,0.1646449,0.06139205,0.02811873,0.029334802,0.16384216,0.008322375,0.012637973
5476,0.013076771,0.009298361,0.004559116,0.0039060367,0.9256457,0.0939881,0.0059248535,0.108349465,0.028780181,0.027481258,0.0028694253,0.0009383234,0.37802967,0.021237444,0.011232942,0.03262978,0.0005162526,0.07515828,0.029837824,0.011624455,0.008501382,0.124183774,0.0006114263,0.0043207454
5482,0.045192763,0.039160125,0.005065838,0.02643438,0.50603414,0.21563126,0.008591903,0.7604779,0.030249635,0.022822872,0.023385612,0.010046809,0.02075774,0.022804534,0.011049597,0.038600463,0.0011331872,0.17390838,0.012261177,0.012290252,0.06071029,0.17770313,0.011683091,0.021330774
5486,0.06002942,0.09826139,0.007455067,0.060445532,0.36143315,0.08061494,0.008087094,0.7445233,0.033425707,0.019367917,0.027144287,0.029419728,0.0014161385,0.048240535,0.05116001,0.015514582,0.0005124051,0.76840436,0.0021287752,0.0051021804,0.027952442,0.05054853,0.038230702,0.066994056
5490,0.03968302,0.062405877,0.01979232,0.016969051,0.5900655,0.20616336,0.016507221,0.30774432,0.08674688,0.06887888,0.042299375,0.013047848,0.39730185,0.06902631,0.027533418,0.4744631,0.0057660583,0.07543231,0.100208476,0.06371031,0.018946895,0.55600643,0.010017605,0.024021706
5495,0.009069908,0.030049477,0.017171483,0.008124025,0.73624325,0.029429877,0.003819014,0.22347648,0.33048558,0.26057008,0.0041204114,0.0024612667,0.17804962,0.0636448,0.044558212,0.011369297,0.0003827735,0.26536313,0.003414156,0.009348194,0.069875896,0.017158903,0.0005290388,0.01409174
5498,0.035480008,0.008401584,0.000823337,0.01619534,0.35206982,0.26330876,0.001192777,0.9530011,0.0035513395,0.0065111383,0.049979746,0.007476423,0.01009449,0.0068462696,0.003925459,0.042564835,0.0002692375,0.4255038,0.0037522644,0.005090049,0.013695847,0.32863903,0.016629076,0.012937681
5510,0.039475083,0.0640904,0.027498456,0.11787964,0.43010116,0.11553321,0.13597693,0.46162444,0.06069685,0.12864329,0.047009822,0.061043963,0.24940604,0.16100554,0.03673463,0.07151902,0.006988884,0.20786089,0.03815838,0.063519835,0.075889416,0.13962284,0.026768392,0.09802513
5513,0.38304222,0.17592724,0.03361048,0.018525768,0.4027388,0.29941103,0.025871357,0.27307227,0.0662476,0.05811181,0.025860501,0.024736995,0.35848522,0.0103082815,0.015866999,0.11737125,0.0062527023,0.08085736,0.39893904,0.029161826,0.0153639205,0.6058163,0.01913855,0.07236562
5525,0.023532629,0.0061403266,0.000547293,0.012115044,0.33248866,0.4243163,0.001772751,0.74928457,0.0017122002,0.0011176035,0.012123031,0.0030079344,0.001756267,0.001768914,0.003471548,0.01703879,0.00010104924,0.084500685,0.0024904218,0.0013019367,0.011279621,0.6351962,0.007383708,0.020666592
5530,0.07942232,0.035826787,0.026261,0.02711805,0.61378855,0.13222177,0.10078593,0.27022073,0.07382979,0.051949024,0.015692847,0.017242307,0.3824282,0.044998404,0.027223773,0.06468114,0.0049319253,0.1561805,0.0875019,0.046700314,0.034748483,0.16050488,0.014167417,0.028020829
5534,0.00014035385,0.00049025414,1.970299e-05,0.011723479,0.3130427,0.06723888,0.00012040898,0.9936558,0.00040508268,0.0016159235,0.011738067,0.00085372495,0.000332761,0.008507472,0.0005095175,0.0073762545,1.6879322e-06,0.69294894,4.5518515e-05,0.00026611707,0.0042649424,0.024539597,0.0007606649,0.00080717384
5535,0.045985244,0.05837476,0.024285045,0.12824206,0.6614803,0.07561108,0.04760619,0.55314124,0.062324777,0.07267114,0.025311327,0.108836085,0.027392542,0.07543491,0.07384905,0.029185679,0.005247012,0.4682973,0.0136180995,0.03496628,0.09046816,0.0858848,0.100334495,0.06244079
5536,0.012680687,0.024898078,0.008881448,0.0050654938,0.5534519,0.044546157,0.016991895,0.15763257,0.027399668,0.051236693,0.0054640975,0.0047931834,0.9284793,0.034426946,0.0065950365,0.17086253,0.0008700394,0.040087987,0.1255478,0.027951136,0.0028108815,0.30048022,0.0029341455,0.005821668
5539,0.0483857,0.09317743,0.027923122,0.0022112108,0.42955258,0.010059689,0.0044300784,0.20232892,0.097852685,0.06487496,0.0021231237,0.0051299315,0.69015265,0.007954439,0.009659961,0.016099839,0.0002938588,0.061907493,0.13849616,0.00566627,0.017306903,0.111310236,0.0020394605,0.024380373
5540,0.06399209,0.054072216,0.0050928197,0.010708539,0.28842083,0.29230937,0.01361582,0.3289452,0.013302096,0.017355273,0.041396104,0.014066173,0.35092774,0.01265618,0.0046872403,0.09857672,0.0011911108,0.023045436,0.067573585,0.009919486,0.0060449434,0.68491524,0.007929854,0.040929995
5541,0.7315488,0.8917563,0.13553116,0.0014435966,0.28482124,0.001883774,0.001967313,0.0374366,0.21247871,0.2558474,0.0001369786,0.013355437,0.08291437,0.0024108733,0.0048216474,0.0038275463,4.864815e-05,0.025790755,0.8535013,0.0022360072,0.0013136828,0.09401156,0.007823484,0.02049272
5542,0.80960035,0.85461605,0.05226331,0.0023654068,0.078693345,0.029356156,0.0006682476,0.12744026,0.09771132,0.49533644,0.0025845144,0.02970116,0.24501641,0.0015437683,0.004541817,0.04665773,0.00033648688,0.050856207,0.33589318,0.0070440867,0.0019846559,0.4914637,0.034958955,0.05806541
5543,0.4479838,0.31657183,0.009889983,0.025487948,0.15797369,0.24179076,0.008997517,0.68843967,0.007193726,0.003350302,0.0120232,0.11066004,0.011527286,0.0030980455,0.005250692,0.013253666,0.00060174096,0.07735161,0.047535617,0.008268887,0.0054153427,0.57618827,0.28074735,0.14463924
5546,0.31320187,0.6081152,0.38645262,0.049535055,0.61087847,0.05204247,0.06508039,0.16395856,0.55929184,0.5036739,0.017171629,0.1023501,0.13941772,0.09750041,0.13371426,0.07192053,0.009454608,0.26090637,0.16556484,0.06090303,0.07875918,0.09333631,0.09067633,0.121405885
5548,0.0055477964,0.0038997482,0.00018308444,0.0024719483,0.96287566,0.21787137,0.001666364,0.50932264,0.0046391482,0.00042431508,0.0012015216,0.0004414999,0.0007349136,0.0068109874,0.0029220618,0.00065135455,2.6435046e-05,0.23960279,0.0003637286,0.00091637485,0.00755388,0.017899908,0.000659643,0.0028057725
5560,0.00039125961,0.00026662197,7.554572e-05,0.0022272416,0.9873592,0.11235169,0.0024933314,0.42460194,0.0016594019,0.00065475504,0.00040058204,0.00013246975,0.00018822965,0.0032188776,0.0028664512,0.004123362,7.4888644e-06,0.362586,0.00011701448,0.00030723595,0.0014660934,0.01422058,0.00018331117,0.00023599289
5565,0.04940064,0.09879651,0.028191937,0.0047341166,0.47576144,0.0675908,0.009827972,0.14846975,0.07678958,0.1370128,0.008231067,0.0049401117,0.8440703,0.019062627,0.014721122,0.12882093,0.0013773842,0.060341977,0.12159315,0.027743135,0.007170853,0.37806305,0.0035777024,0.0125712035
5567,0.064968824,0.07235673,0.028273938,0.018841382,0.5687026,0.050198782,0.048501626,0.38797173,0.0800215,0.0877121,0.0063546547,0.016033983,0.12972303,0.060250156,0.018817527,0.039056018,0.0021439071,0.098967575,0.048666187,0.02593144,0.037039157,0.12849174,0.015786866,0.025673972
5569,0.13450718,0.5951832,0.17295268,0.011715012,0.9285147,0.027187657,0.0072533567,0.112783305,0.5754143,0.10418537,0.002302902,0.015862897,0.009915585,0.039932903,0.14403017,0.009473258,0.0011337126,0.39141804,0.07374062,0.010410001,0.054697048,0.024482641,0.01502773,0.028533971
5571,0.009533974,0.0013766531,0.00012224731,0.007711306,0.40224972,0.78629005,0.0022223184,0.65854895,0.00082424603,0.0016174744,0.025184305,0.0009993641,0.023468448,0.003933561,0.0011488436,0.14370862,0.00012883243,0.090800576,0.0014414818,0.0038401315,0.0013541307,0.6704923,0.0009574258,0.005576585
5574,0.1463247,0.07372922,0.030441757,0.075759046,0.20754544,0.16998127,0.12195481,0.40370256,0.041157994,0.05157276,0.031811655,0.039181408,0.28916562,0.046396308,0.021523269,0.08052723,0.0073894877,0.09441961,0.2233372,0.042176217,0.028702717,0.365875,0.026779855,0.049284298
5575,0.13053879,0.06950022,0.008210287,0.0010632226,0.23160654,0.17238973,0.0013914872,0.17561696,0.040056538,0.04140988,0.003091887,0.0021287974,0.5513816,0.0017667438,0.0018350711,0.034672923,0.00013859382,0.010250074,0.0077657634,0.0028353462,0.0014742716,0.41255522,0.0006744348,0.017107287
5578,0.07193548,0.0014699616,4.940681e-05,0.0002635286,0.7785809,0.6331599,0.00057776785,0.31281522,0.00044103066,0.0013571357,0.001991244,7.903585e-05,0.1578802,0.0006633657,0.00028263888,0.045641,2.0997031e-05,0.010133129,0.0069691655,0.00070827454,0.0004925989,0.6653541,0.00015264544,0.0011473534
5585,0.016172094,0.015245272,0.000760654,0.028557172,0.11051489,0.053214107,0.00062745594,0.97228587,0.0028944213,0.008557355,0.036077555,0.015280216,0.0014631491,0.012425775,0.010914057,0.015340163,6.3939835e-05,0.7908457,0.0009099078,0.001490429,0.00968067,0.09552316,0.02494669,0.027524175
5588,0.03956792,0.018246043,0.0045236386,0.012582585,0.74229753,0.194805,0.004557775,0.55577064,0.024936106,0.030105643,0.021806793,0.0047042137,0.027115157,0.018632382,0.023762967,0.081399605,0.0012258809,0.32366225,0.00862839,0.014965302,0.016001688,0.29604402,0.005686724,0.018486742
5590,0.04349134,0.12291746,0.03633926,0.01193409,0.39722034,0.007101349,0.042067047,0.37018704,0.08847009,0.056022856,0.0020297966,0.010127042,0.31994063,0.015863188,0.009044812,0.03060864,0.0005577458,0.06151085,0.5113297,0.009422517,0.010101855,0.184533,0.00790135,0.014733189
5591,0.017430965,0.009465251,0.002351258,0.121333726,0.06553361,0.058734447,0.8748797,0.49706978,0.0019291635,0.0023533795,0.0023254368,0.05295254,0.010508843,0.02438952,0.0010644327,0.0067932256,0.00018616507,0.010916543,0.028688176,0.0027952031,0.0062068487,0.08194244,0.009425265,0.0066775917
5592,0.0055028317,0.0057990565,0.0006161697,0.0528522,0.04214454,0.00594192,0.0067443214,0.97010094,0.00074421655,0.0065087043,0.01794865,0.100875005,0.0018130651,0.014028046,0.001284783,0.07115088,3.9279494e-05,0.33122867,0.0029587848,0.0011657852,0.0028308844,0.260282,0.2600921,0.004441766
5596,0.19331828,0.33686563,0.022417182,0.042456105,0.2663228,0.0653655,0.022118947,0.7227831,0.039410803,0.025490442,0.009838432,0.08051087,0.0058180816,0.024049602,0.020319358,0.0037643227,0.0006811435,0.14968276,0.009993507,0.005483917,0.05333672,0.058778007,0.06900584,0.50560224
5600,0.023593824,0.0037190558,0.0005064015,0.03585581,0.24139439,0.2824392,0.10054257,0.70309955,0.00061437534,0.0016591807,0.017486665,0.0175047,0.0030499033,0.012338528,0.001244167,0.051211346,0.00015123087,0.046005495,0.0045034536,0.0020795797,0.007540255,0.3986089,0.011189554,0.008565644
5604,0.14250465,0.10326946,0.036183443,0.008130501,0.9286046,0.20326842,0.008374448,0.1291894,0.22156177,0.092784755,0.010989165,0.0059269886,0.11495566,0.025115961,0.06676252,0.04973255,0.0030791266,0.1363208,0.097012036,0.037440065,0.08592572,0.22278057,0.007689511,0.026840718
5607,0.021697883,0.034190737,0.007466062,0.080870524,0.2471227,0.032174088,0.048100375,0.84700316,0.03216653,0.015502251,0.0066545233,0.04639034,0.008111593,0.057685718,0.029003128,0.0029923124,0.0005815077,0.33515543,0.005971818,0.004822863,0.17011395,0.023230607,0.03614221,0.053473204
5618,0.00035467453,0.008366825,0.0018623114,0.0021799752,0.98603463,0.0017101225,0.00046373848,0.30008742,0.15094203,0.008732777,7.176521e-05,0.0003234285,0.0001305672,0.0067036273,0.014137658,9.643676e-05,2.3690027e-06,0.5744705,5.156932e-05,0.0003167729,0.017641395,0.00031748734,0.00046079783,0.00060395023
5619,0.36069125,0.38626307,0.05552301,0.050960496,0.3823702,0.09927368,0.03889323,0.49628758,0.1034174,0.07439578,0.009661184,0.12467708,0.030447029,0.029736374,0.027958978,0.014768018,0.0037951067,0.13226843,0.0546598,0.019086128,0.044720374,0.109691076,0.12178616,0.24240251
5621,0.007028109,0.045786858,0.010791748,0.016979786,0.037103977,0.05022403,0.004534297,0.51716316,0.032804046,0.18677408,0.020120215,0.009722906,0.7907597,0.033462785,0.008641779,0.16894253,0.00037931444,0.056767426,0.011246603,0.017892063,0.0038227094,0.4763001,0.0022420401,0.010852773
5622,0.027737353,0.30372527,0.18696687,0.02764028,0.9369557,0.02433331,0.033462882,0.094866015,0.63540334,0.22459184,0.00378387,0.014410061,0.036558826,0.19211812,0.23509008,0.024178205,0.0023459662,0.3828049,0.04966958,0.0411561,0.053027604,0.02240343,0.009126883,0.027092034
5624,0.4367316,0.021007527,0.00052746583,0.0016766045,0.3875877,0.9250596,0.00040840133,0.2537735,0.0024384777,0.006855747,0.02724733,0.0006106011,0.21465473,0.00089519715,0.0014841062,0.45174932,0.00047081456,0.02569644,0.012407887,0.0050275414,0.0009337932,0.95887613,0.0021949478,0.007206028
5625,0.06887166,0.05941195,0.02812673,0.028263513,0.8650306,0.11580703,0.054243367,0.1834012,0.09867434,0.05640064,0.021372274,0.012923721,0.033897936,0.08856206,0.084119625,0.039899725,0.0044874684,0.17411254,0.024943516,0.023321955,0.095857814,0.09167736,0.011986756,0.10541588
5626,0.0052573853,0.029436545,0.0038293826,0.01141135,0.5827042,0.030628055,0.0013417733,0.83159703,0.04374563,0.09130629,0.008258982,0.004028724,0.04253918,0.025704663,0.03175518,0.038303606,0.00021408606,0.69150573,0.009279996,0.007413856,0.013063909,0.08685447,0.0127806,0.004814731
5631,0.0003091676,0.001115766,0.00018767786,0.0034153487,0.91239595,0.05812243,0.0011801004,0.6905041,0.015512521,0.0044487994,0.0009553087,0.00025603938,0.001467073,0.017710822,0.0028848164,0.0016791158,4.3659597e-06,0.16001324,6.894567e-05,0.00041264837,0.0067883334,0.007122717,0.00015476884,0.0004608435
5644,0.0023657782,0.006085812,0.0011450627,0.015114443,0.8663869,0.03497335,0.0021016172,0.58724487,0.007665171,0.0077393823,0.0050640213,0.0025437572,0.004811424,0.050458714,0.04062056,0.009345404,0.00014241324,0.8774271,0.00300006,0.00630532,0.003418312,0.033941545,0.005244765,0.002759562
5645,0.016873216,0.012480222,0.002201138,0.016952395,0.47916874,0.88188505,0.005699076,0.46756792,0.01572825,0.018169729,0.11846123,0.0057120817,0.048317153,0.021163763,0.0070160595,0.35823306,0.0010019577,0.1713284,0.0016757715,0.017933099,0.012303788,0.4095833,0.0039683646,0.013928485
5647,0.9716726,0.4387003,0.0011791222,0.00017174456,0.06715049,0.046726704,6.119386e-05,0.18187103,0.003531757,0.0058971737,0.00023962425,0.0018095521,0.037673004,1.930413e-05,6.718763e-05,0.0061991243,7.492272e-06,0.00660484,0.33281273,0.00018411293,0.00016085658,0.6822581,0.009091092,0.010507049
5655,0.1254243,0.2009294,0.013692979,0.00847052,0.33449408,0.09142881,0.0028225926,0.8388619,0.05905352,0.011697927,0.0031286476,0.014530185,0.010102226,0.005759532,0.0073444187,0.0027322539,0.00026275436,0.0669163,0.0070298025,0.00414997,0.076852515,0.11087204,0.031576153,0.059605706
5656,0.100153625,0.30394104,0.10936372,0.24796082,0.37497738,0.046407707,0.17292887,0.5405803,0.16593443,0.16364285,0.034416795,0.2023564,0.036970083,0.29487672,0.1718634,0.030556,0.010734302,0.4505468,0.09442744,0.05828364,0.104968406,0.073935814,0.15414777,0.14689495
5658,0.3707663,0.15193567,0.018899854,0.07451734,0.13062748,0.28614783,0.023607587,0.7560042,0.015418999,0.029749902,0.0632845,0.1280167,0.06778883,0.019199321,0.0137204155,0.07067982,0.004599049,0.11867552,0.054909468,0.028037503,0.027921755,0.5244601,0.3336529,0.12869023
5661,0.025785051,0.025578467,0.01299627,0.034340583,0.54280794,0.09405469,0.038342208,0.32923594,0.037829954,0.06384397,0.017873421,0.014379051,0.34302583,0.098095305,0.032906394,0.096357234,0.0026084278,0.26117888,0.053465746,0.03131606,0.018091332,0.18558687,0.01106894,0.029816514
5668,0.008121834,0.024938978,0.016591216,0.0020569311,0.33139554,0.016521651,0.002197183,0.22364298,0.10078502,0.2491921,0.003906881,0.0025520097,0.9199481,0.016898816,0.005574092,0.12951885,0.00019202435,0.041835576,0.033427138,0.009883346,0.0069316328,0.18624268,0.0007986751,0.0045301644
5670,0.022673102,0.27011892,0.0033604822,2.0613888e-05,0.99540925,5.5260745e-05,0.00044287232,0.0028972288,0.05327613,0.0008765415,2.8198968e-07,2.1594287e-05,0.00010964462,6.93434e-05,0.0007713297,4.9235423e-06,1.2025608e-07,0.009822777,0.4874215,1.1714881e-05,0.0014714699,0.00033071003,1.1451315e-05,0.00045900306
5671,0.04027457,0.059415374,0.019374771,0.013940639,0.63722736,0.21632911,0.005290681,0.27367985,0.064943284,0.16611592,0.03483141,0.0074648536,0.355638,0.04796833,0.025577188,0.27533892,0.0020715147,0.18852408,0.034213796,0.04536949,0.012018171,0.46758908,0.005947108,0.019700449
5672,0.46038097,0.32104996,0.025628887,0.018452507,0.8060876,0.6239666,0.017489003,0.19801739,0.11632707,0.041993015,0.016991567,0.020503543,0.011996714,0.012514901,0.027157668,0.043270763,0.0023303784,0.123666,0.04291186,0.012868532,0.024090435,0.2076212,0.023170352,0.057276823
5675,0.0002086659,0.007452149,0.0006284357,0.017957773,0.76307464,0.0011841672,0.0013371058,0.8025279,0.028229155,0.018344693,0.0007705961,0.0038278478,0.0001488406,0.5157416,0.05630678,0.0009238877,1.2138437e-05,0.93693644,0.00014347723,0.000842001,0.006170787,0.0013763024,0.002470097,0.0017602132
5686,0.59961337,0.003818557,1.2509543e-05,0.0005089828,0.078048214,0.9917292,5.964906e-05,0.661145,4.7503643e-05,8.7430526e-05,0.038461328,0.00046836893,0.0038769522,2.0667134e-05,1.9944955e-05,0.1616107,1.1105796e-05,0.00422284,0.00072410674,0.0001580578,0.00038110916,0.9905093,0.0019222046,0.002718726
5690,0.003878958,0.01460162,0.006188205,0.021754032,0.341819,0.07773856,0.010442904,0.78398085,0.02750191,0.054868557,0.017675176,0.0055259173,0.22677074,0.033441506,0.006672871,0.069332525,0.0004924933,0.09386267,0.008414768,0.016254188,0.021684194,0.20166934,0.004945653,0.010571202
5691,0.04921209,0.11337157,0.031982627,0.042630386,0.89799076,0.32135457,0.043038275,0.17608802,0.13093132,0.050567504,0.023744239,0.020250123,0.049944345,0.08713358,0.09588867,0.047803108,0.005295949,0.24242087,0.034484018,0.034583658,0.050140545,0.10905318,0.013431273,0.0494168
5693,0.036280695,0.074358866,0.016214816,0.0023911952,0.46927038,0.07138641,0.0068707825,0.11484176,0.053996067,0.088912934,0.014330893,0.0037135615,0.9220849,0.015712962,0.0068472787,0.12871642,0.00075781636,0.06955876,0.09659835,0.0153233465,0.007593764,0.3513524,0.0019248091,0.02760093
5699,0.10317745,0.06114155,0.009091938,0.027820842,0.12323938,0.09984044,0.005241241,0.8151765,0.023448084,0.11187962,0.0381405,0.024806526,0.2727172,0.043608557,0.017266603,0.056219783,0.0012090591,0.21555302,0.017073302,0.013187552,0.021814942,0.26742923,0.014683345,0.07099911
5704,0.4075947,0.13387564,0.01714399,0.014925632,0.23487124,0.100990094,0.031158889,0.3514571,0.022926815,0.044682898,0.007991025,0.017910969,0.30208376,0.0110749025,0.004137181,0.07082823,0.0021045601,0.030143054,0.37521434,0.014349698,0.007835581,0.54532176,0.02519253,0.026708983
5713,0.18244621,0.22283903,0.0722525,0.022749955,0.8366448,0.15357512,0.025939085,0.27934346,0.2013482,0.110428125,0.016331084,0.023333834,0.10201531,0.051776443,0.07347498,0.10285582,0.0072144587,0.20986824,0.097177155,0.050785143,0.041605197,0.16636127,0.036057815,0.037708882
5717,0.010433079,0.011099804,0.004734119,0.019056577,0.7015065,0.058817983,0.06111494,0.26752752,0.0183586,0.011717729,0.0031311512,0.004733693,0.076044016,0.0390587,0.008205209,0.021093411,0.00062552106,0.08105692,0.019130727,0.010113337,0.01187184,0.07295631,0.0025542793,0.0074672317
5721,0.043805096,0.10791783,0.018921508,0.005513644,0.54190975,0.0087691555,0.010136137,0.3451646,0.07849473,0.07818554,0.0023049673,0.005499177,0.07003282,0.018091697,0.015875818,0.0143432645,0.000258874,0.12504302,0.16693346,0.0055260845,0.01582119,0.06769952,0.0044837017,0.019081015
5724,0.016183423,0.0013343712,0.0002961205,0.0026785175,0.74057853,0.6987047,0.00030100925,0.3774378,0.0012344834,0.0058716317,0.09152679,0.00047369,0.023789344,0.006343966,0.009468999,0.38372996,0.00013292476,0.522907,0.001172115,0.0047348924,0.0014095939,0.63800657,0.001308632,0.0029591478
5726,0.00015742006,0.0010490887,0.0004890777,0.00489188,0.9495977,0.00033570424,0.00049545686,0.5193292,0.020564167,0.022854468,0.00048690385,0.00042550085,0.00025459126,0.4361036,0.07570094,0.00079374114,6.4819624e-06,0.95031714,0.00051421375,0.0017624166,0.008713077,0.00077137956,0.00044982287,0.00023705506
5732,0.0067582983,0.013493856,0.0022423333,0.007854023,0.63411224,0.060283765,0.0007390545,0.7879126,0.032486767,0.07737015,0.0172786,0.0035183225,0.019738926,0.015719682,0.017273063,0.032051295,0.00011629311,0.6133266,0.0020683226,0.005647283,0.0154503165,0.08856923,0.0048290957,0.005605896
5734,0.11495374,0.06351001,0.014060088,0.02470459,0.47191584,0.14417736,0.04095501,0.28145388,0.031159539,0.0502773,0.028414343,0.025743091,0.30949315,0.029430225,0.017608231,0.088799976,0.004909525,0.12360776,0.108852856,0.034159046,0.02085304,0.34154794,0.031884488,0.093425155
5738,0.05454189,0.6759578,0.39710724,0.007578274,0.84849405,0.006872989,0.0017244795,0.06976829,0.8342809,0.69772154,0.001247156,0.012006146,0.007128779,0.047075193,0.1907381,0.0078761075,0.0002460193,0.4568806,0.016355518,0.011306019,0.030018916,0.006802249,0.004151888,0.014851924
5742,0.022943392,0.012835373,0.0047109807,0.0043609156,0.8517118,0.022759842,0.0010050792,0.37908193,0.032479063,0.05391973,0.0032505793,0.0013281888,0.033022683,0.011794727,0.019264206,0.011804808,0.00017403712,0.4713987,0.012650741,0.006228062,0.0155755235,0.040740505,0.0026862682,0.004947289
5744,0.047520176,0.14027448,0.056723632,0.002283221,0.81482124,0.022319997,0.007135171,0.05391772,0.16570523,0.19713312,0.0028966423,0.003808125,0.8140987,0.020254754,0.020817835,0.04029842,0.00060701254,0.09757813,0.3841031,0.018925473,0.009937634,0.15556906,0.0015139169,0.008539432
5745,0.0047101555,0.030216347,0.006621468,0.010634892,0.9748372,0.020288203,0.0036573329,0.38193777,0.1451697,0.027240604,0.0012873822,0.002403739,0.004915068,0.043095656,0.06553182,0.0051220357,0.0002171869,0.5972817,0.002887998,0.004937864,0.020151054,0.007450083,0.004420291,0.00392397
5750,0.2626858,0.016677428,0.0012085836,0.016374314,0.4723646,0.7391609,0.01571345,0.52021927,0.0024611566,0.0021606998,0.030267265,0.00802098,0.02006101,0.0077628866,0.0026486889,0.06941961,0.0010740402,0.03415931,0.015103049,0.007685062,0.00921531,0.69454277,0.011923828,0.026480213
5752,0.48169503,0.65951264,0.21112223,0.0044060405,0.38403976,0.012497877,0.006270722,0.063124955,0.32941055,0.53708553,0.0025540446,0.0152875,0.3253344,0.008596686,0.025258025,0.04185195,0.0007356721,0.08298485,0.87720835,0.01133983,0.007386092,0.17034642,0.011524728,0.021492368
5757,0.35998935,0.038757157,0.0009826552,0.0011268845,0.08528105,0.76301324,0.00038964377,0.6759219,0.0036496713,0.020108245,0.04118424,0.0019353403,0.13298717,0.0005817339,0.0005549536,0.51038426,0.00018022588,0.017190719,0.026006075,0.0029845187,0.0012241703,0.96445155,0.0030288964,0.0044187787
5759,0.012061737,0.014519769,0.0023942352,0.04332142,0.17455591,0.13651347,0.010224659,0.96419746,0.0069181127,0.008718131,0.08226998,0.025563229,0.0052799247,0.035258174,0.01244177,0.021783069,0.0003833846,0.4624012,0.0016172694,0.0052433647,0.030802973,0.11014554,0.025222264,0.12335873
5760,0.02734718,0.028233113,0.012701079,0.15175518,0.22974966,0.18051589,0.24071865,0.68384314,0.013646074,0.0152395675,0.029476482,0.09003985,0.02309587,0.045443136,0.011102443,0.029647147,0.0019467303,0.08991834,0.007942656,0.01447982,0.04597741,0.14524333,0.07819397,0.06194563
5765,0.35126537,0.05018077,0.0032561691,0.008656658,0.5411456,0.90902674,0.0048690555,0.41132617,0.010028222,0.009507781,0.053788297,0.0067487815,0.044052213,0.0077428767,0.003599568,0.05053052,0.0009368585,0.028207416,0.010038775,0.012223623,0.015352736,0.6148381,0.008546496,0.054864746
5771,0.14961345,0.24715243,0.09300967,0.26207724,0.24887046,0.06542635,0.34522057,0.5283457,0.06540633,0.092907086,0.03384256,0.39029,0.050094295,0.1455324,0.070172206,0.04342247,0.011148655,0.22279173,0.11334434,0.056901917,0.067683496,0.14192654,0.55467737,0.13958721
5772,0.031168891,0.072499916,0.0026777135,0.0004896228,0.21300092,0.0054724943,0.00031069553,0.17171317,0.013021874,0.070676066,0.0017875298,0.004380799,0.6983037,0.0006887487,0.0010890958,0.2327077,2.2620285e-05,0.04082512,0.15515539,0.0025971557,0.00013547477,0.66515815,0.0038760242,0.0025073602
5774,0.4305381,0.22163524,0.027438013,0.026885068,0.17416048,0.053263135,0.09373443,0.25040174,0.026917972,0.02940676,0.0069515924,0.044301372,0.20687692,0.007097554,0.004285944,0.04582431,0.002008258,0.03078417,0.5505102,0.011973278,0.012842481,0.37625065,0.04204132,0.03622154
5776,0.23406889,0.26412496,0.032196216,0.010342874,0.39515683,0.055663697,0.010605246,0.40742964,0.06326493,0.020693423,0.0032861156,0.024882635,0.04167873,0.009412545,0.011485033,0.016737292,0.00063283497,0.06268186,0.068932295,0.012746082,0.009887695,0.22766739,0.0546689,0.029476175
5777,0.0037290568,0.026784496,0.002794551,0.00771085,0.7678704,0.012768946,0.007786458,0.7150868,0.039470926,0.009596124,0.0003783987,0.0032136724,0.007275217,0.017586824,0.003345359,0.000588463,5.239532e-05,0.06256699,0.003644046,0.0023658178,0.032488212,0.003821943,0.0021673434,0.0041535883
5779,0.1733589,0.32984224,0.15974265,0.037867375,0.54211724,0.080054805,0.09913891,0.16853476,0.22008485,0.15414356,0.0150876,0.05571429,0.33387336,0.06619121,0.061829954,0.11627724,0.011761887,0.11520073,0.29129553,0.07669702,0.039211202,0.23034164,0.046789978,0.07630607
5782,2.3569852e-05,0.0001326982,1.0915239e-05,0.0026913737,0.90664,0.0063374382,7.4257085e-05,0.9620843,0.0004993177,0.00022389424,0.00087060285,0.00017889812,2.6308005e-06,0.014850472,0.004611066,0.0005507145,3.2442145e-07,0.94851226,7.1172462e-06,0.00011128976,0.0029527987,0.0016706523,0.0005632913,0.00021386593
5784,0.005850898,0.031174276,0.015574008,0.07845962,0.20509602,0.0017873027,0.90860766,0.19063191,0.008763764,0.005026303,0.00027594392,0.06929064,0.006569235,0.058429364,0.0051366794,0.0018410402,9.195496e-05,0.041362632,0.039168462,0.0022541021,0.0044701174,0.0071318476,0.015935797,0.007202661
5788,0.04644454,0.041577235,0.013513708,0.05645035,0.56747067,0.289345,0.018314097,0.69709,0.03708168,0.059434723,0.0784575,0.03976034,0.0700719,0.091875404,0.051388405,0.15701704,0.004713984,0.54342365,0.023592638,0.036621127,0.028796706,0.29929882,0.061021116,0.039991107
5789,0.0018845757,0.002479328,0.00011983935,0.001111766,0.99243814,0.023845937,0.00024602376,0.39296675,0.0041073207,0.002077545,0.00034217126,0.00014539294,0.00051422475,0.013076924,0.007298876,0.0011694089,4.5251563e-06,0.52875715,0.0008980574,0.0006160835,0.003432534,0.009275674,0.00056347554,0.000547653
5791,0.67316055,0.12573762,0.005076785,0.014151089,0.09011104,0.47290996,0.004023462,0.6367333,0.006371526,0.015457652,0.07546768,0.047887187,0.08802475,0.0027142614,0.0029691022,0.17724451,0.0015850645,0.0630459,0.076984435,0.0076094447,0.009199233,0.85649264,0.096929,0.06765455
5793,0.097693995,0.74713445,0.5341326,0.04078784,0.31073344,0.005103059,0.033619624,0.40170315,0.68177825,0.44097167,0.003270126,0.1050271,0.028577609,0.04397348,0.1250417,0.017594157,0.0014974873,0.18230477,0.26241952,0.028122285,0.034955416,0.037926976,0.04965882,0.06910628
5796,0.036043156,0.0059857634,0.001139941,0.012225252,0.17692462,0.7913183,0.0041706166,0.7506793,0.0024010716,0.010186049,0.13366036,0.004580525,0.24488825,0.0025779062,0.0011761053,0.5472419,0.00055856456,0.04120199,0.018383197,0.0093123885,0.0039226315,0.8844503,0.0049350904,0.0058348225
5797,0.56198776,0.15170437,0.007730057,0.039093196,0.19125737,0.47671387,0.010487642,0.69470227,0.008304131,0.020280192,0.036646746,0.104905896,0.026127279,0.0075800274,0.0052172644,0.0788181,0.0019446588,0.09254423,0.045150816,0.013121294,0.009727635,0.643705,0.14494438,0.0819755
5801,0.09314289,0.052341364,0.008163879,0.07324296,0.22944273,0.5629189,0.050897587,0.7902502,0.02014486,0.022193195,0.10167414,0.051379412,0.11134612,0.046062768,0.014152326,0.22463822,0.0053577516,0.1220588,0.02244975,0.029902976,0.03391129,0.45880824,0.038827628,0.055162467
5806,0.05994933,0.25991416,0.08240829,0.0784909,0.6795444,0.08589507,0.0394887,0.5481824,0.3851994,0.30373222,0.027054733,0.046017062,0.06291228,0.13733757,0.08580701,0.057292815,0.005263863,0.41768816,0.04006108,0.04808163,0.11222802,0.06548369,0.032553907,0.06467627
5808,0.6434648,0.1441609,0.01859203,0.0036455505,0.6849612,0.62066984,0.0021843328,0.12214564,0.06539235,0.12145385,0.017319173,0.0050666695,0.24993716,0.0045873458,0.008821751,0.10754047,0.0022595085,0.051974047,0.12555894,0.01814969,0.012728224,0.6644855,0.0076820767,0.022382513
5811,0.06664342,0.03711868,0.014286298,0.021433014,0.32447347,0.1522384,0.06546659,0.10512175,0.015218507,0.05384719,0.018165875,0.014592037,0.77424204,0.056123205,0.015412094,0.27022263,0.0024495767,0.051978305,0.32222372,0.037484337,0.005468089,0.60371363,0.009914326,0.013615
5818,0.002864115,0.025856672,0.0032695946,0.007746303,0.71896607,0.006328565,0.00055252656,0.5445689,0.078783154,0.051065587,0.004715011,0.0033100443,0.0066698026,0.07540275,0.037152845,0.0004526918,2.0538968e-05,0.73672146,0.00037014962,0.002756052,0.048824284,0.0028501062,0.0023491536,0.041812025
5823,0.010080394,0.029762393,0.009571561,0.0036158743,0.51832914,0.089998186,0.0025962517,0.34982124,0.11098446,0.09276967,0.004659122,0.0022413703,0.5778048,0.016454017,0.0068341577,0.060995903,0.00034479564,0.0412175,0.013192946,0.012732647,0.016812716,0.24882782,0.0008942347,0.011058322
5827,0.033214625,0.0058033606,0.000656413,0.0029245068,0.834895,0.116530426,0.0018457728,0.36619133,0.010368617,0.005758082,0.0012673013,0.001051056,0.007312176,0.009272295,0.004626379,0.0044188206,6.113167e-05,0.12522261,0.0011106376,0.0012271819,0.008748856,0.059478015,0.0006045958,0.0030453063
5832,0.067123674,0.025133058,0.012874669,0.004920729,0.37260735,0.14049919,0.006366837,0.16715755,0.03880092,0.06508375,0.012164668,0.0033591315,0.853814,0.009175745,0.008634976,0.15062553,0.0010999511,0.049570706,0.10909831,0.026196511,0.0063238647,0.535529,0.0022300896,0.01210404
5842,0.47090614,0.9245812,0.42582652,0.013443178,0.29328218,0.010301643,0.003073971,0.15025924,0.60841054,0.8225577,0.0016353442,0.072371855,0.049231283,0.0316577,0.098003656,0.010869047,0.0003877738,0.2097928,0.06754885,0.0151874665,0.015953971,0.042770177,0.03151367,0.10322181
5845,0.011041345,0.0072570182,0.003340631,0.0073381322,0.5560056,0.07716827,0.010800282,0.41809997,0.0119105205,0.014393966,0.00806721,0.003934271,0.49443603,0.018545585,0.003596209,0.07170745,0.00062674383,0.045746747,0.08597361,0.017918374,0.009869622,0.23944132,0.0019322757,0.0057068085
5854,0.116989285,0.16255985,0.09189896,0.02188299,0.6132506,0.037527744,0.022799864,0.2383754,0.22565515,0.23094401,0.009690243,0.03188693,0.36082935,0.06980257,0.037302703,0.0283303,0.002638888,0.13290812,0.14697978,0.030975793,0.05267634,0.1244035,0.024233654,0.039370507
5855,0.010092641,0.020791294,0.021230586,0.12937172,0.3135063,0.016741822,0.4309151,0.62626916,0.035244558,0.025010468,0.008669586,0.049881697,0.08865367,0.32167795,0.03191197,0.020298019,0.0030300152,0.19727536,0.03607613,0.028449466,0.03501114,0.054603163,0.035541367,0.021081733
5864,0.025860984,0.037761476,0.012878341,0.03923078,0.83412856,0.16236348,0.0055528358,0.5139709,0.08951612,0.07742533,0.044065513,0.0072249584,0.023450863,0.056931708,0.06542765,0.10180832,0.002413191,0.68904316,0.011494744,0.026675802,0.04015187,0.122538894,0.0053480812,0.020151073
5867,0.015733358,0.012983285,0.0035304436,0.0038712604,0.9413314,0.025741668,0.0008012715,0.48723155,0.20552503,0.043774217,0.002034084,0.0006168981,0.005209193,0.0032022155,0.010951822,0.0016058228,0.00018912989,0.09135003,0.0037499608,0.002332824,0.9084471,0.009201667,0.0010897061,0.00276545
5870,0.020786649,0.07473848,0.04491082,0.08389224,0.60818994,0.045855135,0.031014374,0.58958966,0.15149583,0.13645147,0.028377062,0.035023857,0.03582848,0.19642998,0.15492661,0.033454914,0.0038875316,0.7459364,0.02596289,0.042029984,0.086492874,0.044295605,0.048756212,0.02798668
5877,0.0009359595,0.0033820951,6.849552e-05,0.0025282202,0.008385943,0.0006409838,0.0012946641,0.98538303,0.00031812786,0.00060674065,0.00026383504,0.0850745,0.0023426686,0.00040894165,3.97525e-05,0.00028766226,2.5536505e-07,0.011796795,0.000175338,3.36007e-05,0.00085234,0.03125824,0.012548052,0.0076555545
5878,0.6096753,0.15636986,0.0064472565,0.009117298,0.13720143,0.6528964,0.0034067219,0.37462494,0.01336421,0.014280269,0.03483967,0.015494363,0.09596086,0.0036725511,0.0047499826,0.07874752,0.0008830749,0.039891906,0.05404341,0.0075910306,0.003857201,0.8627084,0.016264996,0.0595683
5879,0.4376788,0.1922746,0.006184638,0.014093205,0.24680395,0.4330027,0.0055233,0.61961293,0.009167334,0.0036939902,0.016243434,0.0411554,0.00791845,0.0024929922,0.0039910325,0.024716279,0.00048980926,0.044965483,0.039925307,0.0046781353,0.0128345275,0.55500555,0.10650992,0.07961077
5881,0.0049772565,0.026586201,0.0076503945,0.022172233,0.8862334,0.01755344,0.0034981433,0.33842868,0.10188272,0.117995195,0.011136355,0.006854358,0.020437973,0.15151486,0.11715393,0.03979933,0.0007147818,0.69618064,0.007967205,0.020863561,0.040185902,0.039159767,0.008162713,0.0063639143
5887,0.24349749,0.055847224,0.0038013256,0.014170766,0.26860347,0.6918175,0.009455073,0.3541477,0.010031455,0.030663935,0.0799569,0.011847928,0.047073252,0.009511343,0.0059921932,0.6310983,0.0018505729,0.047740575,0.043661814,0.012927601,0.008176193,0.81663644,0.03532758,0.020262053
5889,0.00390149,0.0051042866,0.0024197556,0.021212514,0.88358223,0.0077624354,0.01457651,0.4066836,0.007308927,0.015942633,0.0020775136,0.0035858066,0.017960016,0.06255964,0.025548682,0.00395801,0.0002261058,0.6879691,0.019144082,0.0068585034,0.005190666,0.017866073,0.0063226633,0.004352667
5891,0.0019503569,0.009637115,0.004539901,0.04662036,0.8010676,0.012724002,0.018527417,0.6587127,0.035970114,0.03187776,0.004545546,0.007775414,0.0024279612,0.13356087,0.06612034,0.011581954,0.00023000047,0.8395865,0.0030723584,0.0074386564,0.013759962,0.0110883005,0.01416249,0.002856104
5892,0.006830738,0.0068308734,0.0003963093,0.048496164,0.5224104,0.2859313,0.024750745,0.8113849,0.0009385881,0.0008515193,0.013425834,0.008341195,0.000859945,0.019301573,0.0050662225,0.008273061,0.00011111364,0.26162645,0.00093614956,0.0020262946,0.00787951,0.085873805,0.012332835,0.010382164
5895,0.00034224385,9.935242e-05,9.021348e-06,0.0006666439,0.9066118,0.2164246,0.0014015497,0.7652229,0.000470052,0.00010905143,0.0002978312,2.7296983e-05,0.0015378308,0.001209368,0.00018302388,0.0021082514,1.8410205e-06,0.030098075,4.4190798e-05,0.00015261432,0.0015022928,0.012537804,1.6201682e-05,0.0001405081
5897,0.042347297,0.21663298,0.04642363,0.0009820478,0.9817111,0.0085171955,0.001263753,0.057256836,0.4482627,0.055225875,0.00020190753,0.0011961802,0.03815049,0.007973068,0.023637189,0.0041059637,9.812551e-05,0.067879155,0.051939186,0.0054760454,0.010265464,0.01947087,0.00213464,0.0051954375
5901,0.017639272,0.045248706,0.008034879,0.04407403,0.2202479,0.16775265,0.010888052,0.84236205,0.02058098,0.050642084,0.051329236,0.028034884,0.076675944,0.028250685,0.0071850955,0.111679375,0.0009317008,0.2273833,0.028351402,0.016395487,0.01089322,0.31578207,0.021269564,0.01287808
5904,0.011529444,0.06819306,0.009665103,0.022380622,0.73299396,0.030310038,0.00334335,0.42193723,0.08727594,0.055438884,0.009693387,0.01379655,0.0045651468,0.083393745,0.23247762,0.00886568,0.0002669366,0.94261634,0.0013589764,0.0065546255,0.02167062,0.014447778,0.014395435,0.018310608
5906,0.0010531818,0.00033710964,7.006987e-05,0.0012482433,0.6084393,0.012631941,0.0008910333,0.31769487,0.0018067257,0.0015815739,0.00044796534,9.0503396e-05,0.22733642,0.0035939936,0.0012932739,0.021044223,1.0660602e-05,0.10938479,0.002909635,0.00071244093,0.00024746684,0.17566508,0.00011856017,0.0006492984
5907,0.3607483,0.112740606,0.008932803,0.037209686,0.24440363,0.53270733,0.021376392,0.5025308,0.012837386,0.015816046,0.032834157,0.051613357,0.04832278,0.012807093,0.006672826,0.025474219,0.0023438802,0.051506735,0.023100292,0.012827075,0.020428479,0.43577194,0.042464957,0.23509459
5913,0.06485838,0.0594998,0.011926952,0.011468387,0.8933,0.3111302,0.004871047,0.20400947,0.08020753,0.031119853,0.037892655,0.005646809,0.061033033,0.018587563,0.07875104,0.061537743,0.0016274521,0.54053974,0.024588177,0.018940553,0.018300094,0.27123904,0.006440302,0.030528901
5915,3.3068874e-05,6.7009954e-05,1.0715091e-05,0.00020952338,0.68738425,0.008576832,0.00013425515,0.8813701,0.00066275056,0.000110745415,5.6888057e-05,2.3381308e-05,0.019880217,0.00037280298,8.0302285e-05,0.0018175314,1.7005435e-07,0.02842929,0.00027772706,0.00015925338,7.747743e-05,0.064900406,2.0430041e-05,5.8548034e-05
5917,0.1277429,0.06472325,0.04421332,0.02921715,0.6223248,0.21088088,0.061883055,0.22358094,0.08316517,0.09725044,0.03326712,0.024005363,0.6723611,0.040734712,0.034246787,0.1873398,0.012029545,0.1230741,0.2905324,0.06690777,0.039482195,0.4057345,0.01768326,0.041608717
5919,0.48644468,0.044904746,0.00791432,0.009302956,0.69203204,0.93185204,0.041935444,0.22240806,0.03834857,0.014758468,0.023988357,0.0072105625,0.06699442,0.007591932,0.0040745917,0.06501384,0.0022889497,0.033880785,0.023249872,0.008046346,0.024865655,0.3942829,0.005189455,0.030141963
5923,0.45800757,0.5750187,0.13761714,0.0054840785,0.7060466,0.08431607,0.004606501,0.17353448,0.4031877,0.39534596,0.0024635473,0.012869718,0.0357968,0.0057347426,0.025319722,0.012451231,0.00051370286,0.072924085,0.117674656,0.0061277365,0.01706191,0.08957946,0.012124641,0.02738666
5925,0.009760187,0.0033568365,0.0008125268,0.0027959556,0.7820562,0.36274737,0.0026330864,0.2471562,0.00840617,0.0078323055,0.014338714,0.0009153417,0.6432765,0.009662744,0.0023391994,0.11217938,0.00029344138,0.05154008,0.0133148,0.009788946,0.0065149823,0.38234344,0.00051932887,0.0045714956
5926,0.12878096,0.20308486,0.05310072,0.023744533,0.7894511,0.12990183,0.025535487,0.3570001,0.14536057,0.04363998,0.011322367,0.027260408,0.03247521,0.039839964,0.06284125,0.023370968,0.004335893,0.18689224,0.03299379,0.0341215,0.070532486,0.11732085,0.030384801,0.10494096
5929,0.11790875,0.09031244,0.016659256,0.006231675,0.40452036,0.012574524,0.031192131,0.107345834,0.023790082,0.014721302,0.0009924623,0.007073276,0.2622122,0.002983744,0.003464253,0.008117998,0.00033974688,0.03438852,0.47399658,0.0049106223,0.00475079,0.18993287,0.0028059883,0.01986325
5941,0.32463676,0.6947637,0.000112256785,3.696394e-06,0.11242064,0.123638295,2.6207665e-06,0.03442571,0.0013997682,0.0028061313,0.00018778238,0.00028176155,0.49337158,1.1586298e-05,6.334755e-05,0.06297899,7.736301e-07,0.0014991609,0.032282125,0.0001856126,1.2053157e-05,0.97988,0.00020854516,0.004391844
5946,0.030275105,0.26007098,0.064901754,0.02556912,0.6797491,0.011024041,0.013453863,0.45201755,0.3089874,0.093401,0.0030619376,0.024837943,0.015507425,0.040230922,0.06219175,0.008291308,0.0006606921,0.23944792,0.016234271,0.011321171,0.057004124,0.020744404,0.022519844,0.03298976
5947,0.036442686,0.011558504,0.003060273,0.029683247,0.1382628,0.53293097,0.027785912,0.80864674,0.007649479,0.018416883,0.08071933,0.014918224,0.3444072,0.02179634,0.0040484564,0.14041717,0.001471847,0.058050767,0.007912107,0.013232418,0.014088051,0.5130478,0.0069470573,0.026899293
5949,0.21137533,0.117208436,0.00460691,0.00775982,0.095143795,0.24998781,0.0054687224,0.34644833,0.007006183,0.017764598,0.010425288,0.010631837,0.3618161,0.0053841,0.0018182193,0.15592262,0.0005096991,0.013322808,0.11003884,0.008154786,0.0019148297,0.80498064,0.008112023,0.018573638
5951,0.13163833,0.08302746,0.011880066,0.0021512439,0.8499186,0.061467584,0.002295983,0.07698511,0.049216207,0.04863865,0.00063195016,0.0008723384,0.013912664,0.004118031,0.009776575,0.012744826,0.00012489775,0.12302313,0.036960322,0.005294211,0.0033279601,0.08317499,0.0013906067,0.006664131
5954,0.104806036,0.019661725,0.0022567206,0.025383752,0.16862409,0.58576006,0.0333473,0.6534741,0.0057706526,0.0048218463,0.014559806,0.008204395,0.017834222,0.0036591683,0.0023493224,0.0121345315,0.0003358115,0.052271076,0.0051337294,0.003911926,0.015463903,0.27699476,0.011079969,0.047132153
5959,0.034434017,0.024643322,0.0053771464,0.008642302,0.1152478,0.052376665,0.009558271,0.3687452,0.012011584,0.094337985,0.012362312,0.0048602694,0.6693332,0.018842103,0.003837061,0.15549755,0.0005992777,0.050098173,0.030953798,0.014306207,0.0033004906,0.3976733,0.0037784583,0.015017068
5962,0.0008968171,0.00032017313,2.313586e-05,0.0012704042,0.25391448,0.8509726,0.0010730071,0.9123667,0.0003168502,0.0004839049,0.009280026,0.00043561726,0.0028579812,0.003070199,0.00013640901,0.2842019,9.937436e-06,0.008264618,7.8823454e-05,0.00045332828,0.0005812969,0.5704243,0.00012658293,0.00033454708
5966,0.33873287,0.12584612,0.0047734594,0.009579397,0.2063521,0.28583902,0.006660486,0.4177901,0.010571562,0.033809666,0.013801294,0.02773335,0.23442909,0.005125307,0.004095502,0.07057799,0.0013376508,0.048047956,0.057658996,0.009668838,0.005263661,0.581838,0.088247456,0.092232995
5971,0.06996051,0.025161104,0.013143585,0.005303799,0.43188787,0.07204519,0.018451901,0.18406923,0.02898581,0.05216987,0.0074196835,0.0036164618,0.7091819,0.0079180235,0.004215021,0.0715768,0.0010755929,0.014454617,0.2178659,0.013596268,0.01413656,0.5089165,0.0023821238,0.014791605
5975,0.0001908201,0.00072192843,0.0001598031,0.02713398,0.57357097,0.0036403043,0.001642692,0.9863586,0.002243794,0.0009534482,0.0012405309,0.002287138,4.8266684e-05,0.04500367,0.0037480993,0.00017474449,5.5185214e-06,0.6709554,4.7801706e-05,0.00028553617,0.12987655,0.0018466295,0.009711683,0.0013674292
5976,0.00059218163,0.00021193949,4.5668227e-07,0.00021355088,0.21849631,0.1232346,3.788123e-05,0.8505193,1.7925218e-05,0.0006212149,0.00095455983,5.868969e-05,0.0045900424,8.259139e-05,2.8679742e-06,0.009264379,7.036376e-08,0.008919393,7.825612e-05,1.5164771e-05,0.0001652806,0.3906089,5.11552e-05,0.00015538915
5977,7.6852404e-05,0.00042072052,7.023424e-05,0.0004791488,0.99495894,0.0018629833,3.606271e-05,0.4024283,0.021633577,0.0039621405,8.2487335e-05,9.935522e-06,0.00020040097,0.013821955,0.024315756,0.0008279513,8.311546e-07,0.8143468,4.9036138e-05,0.00032339396,0.0048257057,0.0011137456,2.158778e-05,5.8119753e-05
5978,0.0560116,0.009380897,0.001328717,0.025239062,0.37872633,0.55789495,0.0069444757,0.84976727,0.0052239257,0.010710903,0.02802393,0.0063709617,0.052603025,0.007989118,0.0024760962,0.077037565,0.00048122363,0.09947691,0.0065180385,0.0056903115,0.0121722175,0.36057228,0.0050989506,0.013285514
5984,0.15980889,0.2993807,0.26682118,0.06520091,0.44671884,0.117256425,0.1273032,0.2706723,0.3927463,0.37392816,0.03668465,0.08254599,0.36279067,0.0927927,0.14420804,0.14949542,0.015867468,0.17061602,0.20676954,0.08107222,0.078352034,0.31550875,0.0638826,0.07432725
5986,0.6392075,0.05623354,0.0010149872,0.00043751765,0.6456953,0.6853683,0.000641551,0.043260686,0.0060332767,0.0050258767,0.005852543,0.0008685282,0.22944061,0.00042820204,0.00087076094,0.061667323,0.00015604708,0.0198307,0.05748496,0.0020083103,0.0016366395,0.82435554,0.002663331,0.016236357
5988,0.01317733,0.021674125,0.009165005,0.026418386,0.7119274,0.06673906,0.009865821,0.5788393,0.0357422,0.025831658,0.020439303,0.018281385,0.018424785,0.037790265,0.023228519,0.02399793,0.00079373736,0.3175,0.009045372,0.014417758,0.047462594,0.078607254,0.021747602,0.023668377
5989,0.67407894,0.8644063,0.116938904,0.0028987667,0.7723794,0.067972355,0.0017007677,0.06145112,0.25246277,0.22834529,0.0020340967,0.013563302,0.023162123,0.014944475,0.039993756,0.008033458,0.00037259632,0.19718567,0.08942466,0.0043738745,0.008587145,0.10139613,0.020669928,0.10480327
5995,0.018632706,0.048159488,0.0082932105,0.029822577,0.32927123,0.05214447,0.0077117374,0.8168874,0.06245067,0.06893408,0.019648917,0.019321907,0.016710743,0.057719592,0.04428797,0.037102137,0.00043959037,0.50292647,0.0054952544,0.007104601,0.029323222,0.0655811,0.012507237,0.030445814
5997,0.04457893,0.26891512,0.022763295,0.00015113328,0.5155833,0.0006200741,0.001172942,0.052576464,0.19410649,0.13642144,0.00016235578,0.0007776731,0.31382275,0.0006524098,0.0009774709,0.0035868802,4.3502787e-06,0.070469394,0.64780414,0.0004795703,0.0014905143,0.04335272,0.00013208152,0.0019297897
6002,0.05985363,0.116035335,0.020523429,0.03730463,0.25860417,0.2549406,0.01821516,0.5732112,0.05889818,0.11953462,0.05037044,0.024568247,0.15344273,0.019728271,0.012006615,0.30684465,0.0023352625,0.13904436,0.08713168,0.02489504,0.012597238,0.5206958,0.01250766,0.022559365
6007,0.0131994225,0.02537342,0.013045931,0.090570815,0.6238664,0.018556807,0.20313704,0.684971,0.08472208,0.03466873,0.0076297657,0.019736234,0.0062379506,0.115895696,0.02787339,0.012318968,0.0009364956,0.3454015,0.024465736,0.01150764,0.11352638,0.017570034,0.015518159,0.014842256
6012,0.099617764,0.1589492,0.0054966668,0.0006510576,0.9297885,0.06646116,0.000109667104,0.09402447,0.14307922,0.019878458,0.00070300675,0.0006566974,0.003739863,0.004806873,0.02311703,0.0011155676,2.9915962e-05,0.2914773,0.0015060548,0.0015968159,0.009518258,0.022091666,0.0005398011,0.10487449
6015,0.12329365,0.009322203,0.00038715656,0.0006190995,0.76293635,0.9507762,0.0003076615,0.2447695,0.0029514749,0.0024802869,0.009956719,0.00080420653,0.02033616,0.00091530196,0.0011677879,0.13451928,0.0001110342,0.021488626,0.0011163043,0.0044235387,0.0018313497,0.7901667,0.0020895945,0.00933817
6016,0.062235203,0.00045080157,8.137929e-05,0.0031500177,0.5300986,0.8544475,0.0011450337,0.5475874,0.00024444924,0.000825079,0.09392553,0.000545672,0.0033752052,9.745512e-05,0.00034983575,0.28644732,7.387864e-05,0.038853668,0.0016119173,0.0014365306,0.0075055812,0.8571489,0.00070091285,0.0030954385
6019,0.044153545,0.024097588,0.0033647472,0.0014958192,0.5678107,0.076334015,0.002012378,0.0848976,0.012837421,0.016280606,0.0027818733,0.0009843122,0.6925309,0.0062858406,0.005901648,0.07140369,0.0002584306,0.08542571,0.05033273,0.009093197,0.0023479671,0.5138158,0.0009216817,0.009544538
6024,0.41095582,0.29871464,0.038066283,0.003958083,0.34392494,0.057796355,0.0063908664,0.27431458,0.09548517,0.072074234,0.0019571632,0.010888621,0.11081121,0.0020486962,0.0048440145,0.0299207,0.00061515317,0.049646154,0.41822878,0.0065434254,0.006538573,0.31321567,0.02902059,0.013828651
6028,0.09228363,0.101640955,0.04501446,0.012304268,0.8310065,0.06204278,0.004802929,0.3267168,0.22987036,0.18193357,0.014555468,0.0060842484,0.10730837,0.047803327,0.10555171,0.077444896,0.002022648,0.35519505,0.09236203,0.029318187,0.052883767,0.20646432,0.009475606,0.020291336
6031,0.28612402,0.19149154,0.06950005,0.02851056,0.43341786,0.10872924,0.014278382,0.345528,0.1782609,0.35729727,0.056582388,0.03324329,0.51036704,0.043986462,0.068200834,0.1883945,0.011729938,0.28335378,0.1783301,0.062176164,0.07428399,0.3526335,0.0347843,0.08500803
6035,0.0008126476,0.0072991387,0.0015807729,0.01005309,0.93526214,0.02513729,0.0025023776,0.5233177,0.027342105,0.01208984,0.0030662708,0.002087283,0.0005180533,0.20442955,0.14699396,0.012094105,8.857803e-05,0.7244324,0.00020761466,0.0048604035,0.012398658,0.01069715,0.00226161,0.0038082278
6036,0.26032618,0.21060377,0.02222789,0.026605137,0.49440685,0.11420449,0.014622292,0.5877884,0.05598974,0.024798915,0.011596138,0.05100567,0.011085723,0.015404521,0.018470826,0.011132905,0.0015876339,0.12862203,0.024020363,0.010971374,0.1032408,0.11074113,0.09566305,0.12700832
6038,0.19625382,0.29719713,0.13189529,0.049200825,0.6323572,0.08286217,0.076521285,0.28465626,0.24936624,0.06997477,0.0075337347,0.046483885,0.0258142,0.050346904,0.048643526,0.0120838545,0.003460367,0.12623964,0.076237425,0.026124984,0.08342827,0.06569983,0.035755493,0.058799643
6040,0.07509737,0.5742915,0.123956494,0.009675611,0.2329412,0.008663166,0.0038581574,0.39072663,0.44533542,0.4214128,0.005435683,0.028602818,0.27912426,0.041282434,0.095654055,0.029693685,0.0007449218,0.39305693,0.056835625,0.013371165,0.021835716,0.11283774,0.014408537,0.09089137
6042,0.14387178,0.03393125,0.004579819,0.021150768,0.44193408,0.45535928,0.011641929,0.71049935,0.012472596,0.01246241,0.028544482,0.011169092,0.048955277,0.011545491,0.006856588,0.10004642,0.0017853352,0.140342,0.047415793,0.01435164,0.019537158,0.5722246,0.017588075,0.021333775
6046,0.9585406,0.027414002,3.0148403e-05,0.00010726053,0.18378171,0.9960613,7.239373e-05,0.5304196,0.00020725885,0.00010450379,0.006560739,0.00017686012,0.0038127296,1.1925137e-05,2.60425e-05,0.040298987,1.3343265e-05,0.002464371,0.001812852,9.01279e-05,0.0005236609,0.9503375,0.0006378433,0.00380049
6047,0.07617648,0.15259917,0.04366822,0.05758539,0.122030266,0.06962806,0.04097407,0.7048423,0.12598515,0.17581795,0.049804132,0.0445492,0.21836343,0.07483862,0.031268153,0.16019447,0.0038122716,0.21501027,0.07223019,0.03476524,0.030768733,0.2675942,0.03308711,0.05836399
6048,0.0050143795,0.0871652,0.0057676006,0.01692186,0.30388203,0.01784261,0.0040108724,0.867102,0.04761261,0.03958898,0.004614922,0.010644765,0.023967678,0.0265671,0.020160137,0.01940294,9.937014e-05,0.49026138,0.0059070047,0.0039200406,0.007196353,0.11185197,0.016565662,0.013160469
6049,0.0021848285,0.00895807,0.0006978329,0.04489169,0.29292625,0.009344626,0.003450146,0.9672067,0.0050586117,0.006349857,0.0052144364,0.010381798,0.0005129261,0.0420854,0.009805197,0.0015964251,3.4086977e-05,0.82449794,0.00090307806,0.001388809,0.012289685,0.008983407,0.024140008,0.008424282
6052,0.070645414,0.15550229,0.049163528,0.0169194,0.6602217,0.048772257,0.023755621,0.3756532,0.20566912,0.1279657,0.00968522,0.015807193,0.14485253,0.038346693,0.03957139,0.106969476,0.0023992003,0.17854808,0.1421903,0.024104968,0.023904052,0.18531016,0.009769344,0.026222056
6056,0.3322459,0.36512426,0.066254444,0.1079137,0.35807395,0.14814946,0.054177318,0.43266547,0.064255826,0.0562949,0.040739946,0.23450312,0.03716144,0.028720172,0.047057293,0.04517619,0.0072794193,0.21879455,0.11753243,0.03342995,0.045258082,0.32008258,0.48487192,0.19159772
6059,0.018602135,0.003992011,0.0015327943,0.04471835,0.5502286,0.65953976,0.030219141,0.6586089,0.0045782146,0.0063386476,0.07206211,0.009480096,0.04145301,0.012592761,0.0065059303,0.048833277,0.000714496,0.11419635,0.0022576174,0.009847025,0.024363738,0.298226,0.0066670543,0.023156077
6063,0.22462942,0.12972312,0.03669039,0.0049238773,0.730778,0.1364918,0.0039253156,0.04048803,0.12367218,0.3570452,0.008310314,0.0055093784,0.4025569,0.010337334,0.020015553,0.10728505,0.0014529481,0.17003539,0.20155913,0.021146713,0.012580783,0.18513764,0.0050345464,0.013604347
6068,0.3020204,0.46296862,0.12226434,0.02619603,0.3173831,0.124004394,0.00951594,0.3650752,0.3393863,0.33312985,0.027591685,0.048851937,0.32102606,0.026851598,0.06120013,0.068913125,0.005593587,0.20336571,0.10314975,0.042842146,0.057053067,0.30479956,0.047493927,0.114843145
6078,0.034665767,0.008809992,0.0034481317,0.015452712,0.66766334,0.25060332,0.0196703,0.44095024,0.011378279,0.0076360037,0.013265682,0.0052221427,0.12307837,0.015067399,0.008706897,0.040500242,0.0011307745,0.10627642,0.026845295,0.017191736,0.016115103,0.22998822,0.0054227086,0.015136037
6082,0.28707525,0.8398438,0.31728956,0.014631693,0.24322356,0.0028536944,0.0052623847,0.14231747,0.4718452,0.79329723,0.0023111193,0.093332954,0.08561084,0.052074824,0.07582076,0.028836593,0.0005677078,0.13623938,0.20085843,0.015844189,0.021560239,0.074532524,0.052705172,0.060109843
6089,0.74453545,0.06202282,0.0032933657,0.003305421,0.4517622,0.815686,0.004954623,0.08591954,0.008823719,0.01909013,0.018274551,0.004151029,0.31964827,0.001955748,0.0014538531,0.12498962,0.0011711741,0.019161528,0.090099394,0.0065157507,0.005300088,0.6847837,0.006532651,0.014844084
6090,0.07803586,0.052508194,0.01684556,0.05733032,0.30985162,0.10129472,0.054781936,0.83365214,0.033068124,0.018031346,0.02514495,0.05118651,0.018974526,0.035216216,0.013910945,0.0234929,0.0023804633,0.112378925,0.037101388,0.013626524,0.18945107,0.2019963,0.031963702,0.06222786
6091,0.11759684,0.10506989,0.060843524,0.02809654,0.8754337,0.14150871,0.02087025,0.24059115,0.20560925,0.14667223,0.03162952,0.01924606,0.09949093,0.06392728,0.1347622,0.0644329,0.008083883,0.425156,0.07815483,0.061712425,0.10667398,0.11614416,0.02059831,0.079875745
6093,0.25089404,0.07398759,0.0038716488,0.001044574,0.13878584,0.07839867,0.0011789751,0.16409212,0.009093528,0.032259762,0.004540603,0.004097759,0.9135119,0.0015990379,0.0019494318,0.13706322,0.00027730054,0.036266964,0.4239997,0.0077957697,0.0006772843,0.81395376,0.0045283134,0.0077923583
6097,0.052814998,0.15124147,0.09097177,0.032347634,0.88302994,0.13160397,0.02229343,0.12189656,0.29326412,0.06861123,0.013771433,0.017598841,0.051806897,0.20331879,0.18649301,0.037231788,0.0041212123,0.34098768,0.041880924,0.03499271,0.10111348,0.077426076,0.008156924,0.060124256
6099,0.021847947,0.14285414,0.09123503,0.015937323,0.7348889,0.038901966,0.04023536,0.22857285,0.30953088,0.2039427,0.008473713,0.009553419,0.12912762,0.06978163,0.050359495,0.09677043,0.0014052832,0.1131577,0.05042893,0.023511665,0.0323493,0.08472203,0.0058230893,0.0136668
6102,0.015531402,0.060328197,0.010125164,0.006663787,0.98284304,0.06950903,0.0046963342,0.11944881,0.19977196,0.039070114,0.001699853,0.0012286281,0.0045933793,0.044036154,0.053831294,0.008273147,0.0002243725,0.55467975,0.0068286583,0.005345664,0.015769538,0.009560348,0.0013292608,0.0057683224
6115,0.78146803,0.113214836,0.0019546882,0.0005479049,0.6715933,0.7794074,0.00017365934,0.17661704,0.018405339,0.03142892,0.0061687143,0.0010699752,0.1257754,0.00043779804,0.0009979388,0.02347904,0.00019163439,0.015737126,0.016714519,0.0021430799,0.011304004,0.6445118,0.0025938465,0.016267287
6116,0.09667322,0.095590904,0.03219208,0.08775502,0.35004252,0.083707616,0.14603245,0.6403055,0.064821295,0.034558494,0.017388606,0.044337586,0.031840436,0.06605953,0.030041134,0.013574728,0.0044074547,0.1247918,0.029332506,0.029097676,0.2730028,0.07881213,0.055495664,0.08021095
6122,0.035657145,0.03882336,0.01432632,0.01696409,0.23794124,0.15641452,0.01554886,0.57522523,0.06461828,0.14579922,0.028454462,0.009556601,0.70478463,0.030372154,0.012144293,0.2042246,0.0021411078,0.07262365,0.06804247,0.023636127,0.031574763,0.51077616,0.007938313,0.019322963
6132,0.09518812,0.10709722,0.049266826,0.057055466,0.63080955,0.11020858,0.04301917,0.5072385,0.12928908,0.09918911,0.025720896,0.02862822,0.063599266,0.06666588,0.064174645,0.06273136,0.0068741217,0.3178856,0.06282701,0.044327486,0.092342965,0.08926196,0.032480363,0.04688338
6136,0.00025442333,2.9121464e-05,4.779403e-06,3.849247e-05,0.99642944,0.051187575,0.00013709097,0.037633214,0.00016266397,0.00014732327,1.4429036e-05,2.2159059e-06,0.14020807,0.00017880792,6.561489e-05,0.0006980194,8.6602716e-07,0.016044067,0.00014081258,0.00022083257,0.00015566975,0.013237113,3.2337593e-06,1.42184845e-05
6139,0.002425348,0.0018470585,0.0002396519,0.0044097505,0.9402771,0.028862761,0.00077279593,0.6668613,0.005197013,0.0046634045,0.0011942061,0.00038223213,0.001589978,0.014704891,0.00835734,0.0019893765,1.2331776e-05,0.31685254,0.0016807552,0.0008078576,0.012526934,0.026012748,0.0005322671,0.0028075394
6140,0.07518233,0.07301213,0.0299603,0.014639897,0.54073334,0.10997715,0.02451394,0.3742073,0.09617132,0.077488154,0.012052582,0.012287451,0.21091871,0.021153906,0.016510988,0.08816923,0.0023840873,0.07939832,0.0806807,0.03028616,0.0251341,0.24336778,0.017961893,0.026137047
6142,0.19441459,0.01630751,0.0009843563,0.018542146,0.64385056,0.8786537,0.00495255,0.74442667,0.0026248393,0.0020953305,0.052062117,0.00823512,0.001754359,0.0054079695,0.003884595,0.029672261,0.00054494693,0.21167758,0.003191873,0.00634937,0.011423659,0.3907161,0.02618585,0.02202219
6144,4.0039748e-05,0.0005813154,0.00010678679,0.005314499,0.41530028,0.004469863,0.00083226856,0.9143437,0.0030321057,0.012029522,0.005217017,0.0007155755,0.0028233835,0.15047182,0.007233431,0.013131252,4.5779034e-06,0.55194473,0.00015584915,0.0007945161,0.0020539558,0.019832695,0.00043566647,0.0009922197
6150,0.009208691,0.048456706,0.013146684,0.038829748,0.8399105,0.006851891,0.014664372,0.4892608,0.10197273,0.061857235,0.0010858224,0.007962391,0.0021556302,0.071429506,0.050560683,0.0021081753,0.00019994557,0.69465274,0.005949183,0.0050522527,0.03758736,0.0039888136,0.008510444,0.006429251
6154,0.013126002,0.026222598,0.008095537,0.047138117,0.94101167,0.11391073,0.023659931,0.31663767,0.088474065,0.031274866,0.010199279,0.00947384,0.010701106,0.099637836,0.11353495,0.022226539,0.0020746803,0.4186245,0.007868271,0.02397145,0.07126121,0.032005746,0.009648322,0.0151931085
6155,0.034122165,0.09992833,0.012317935,0.13566184,0.06984207,0.052568544,0.015258687,0.9375316,0.020645494,0.026180916,0.03519583,0.21170005,0.00586913,0.037493173,0.018669032,0.015504158,0.0005821255,0.43371454,0.009632511,0.0075694784,0.038037904,0.116328135,0.2785066,0.091943406
6164,0.00018802173,0.00034705238,9.5565156e-05,0.006642201,0.47891185,0.024279568,0.001357629,0.9541659,0.0024085143,0.0029846278,0.002879876,0.00076440384,0.0198474,0.016528634,0.0021218471,0.024667362,1.8803374e-05,0.23539077,0.00040028375,0.0013533721,0.0024627305,0.08802868,0.0005933577,0.0007086878
6166,0.31336638,0.18845646,0.03794509,0.02335679,0.62931794,0.43384966,0.039665207,0.09993776,0.08862795,0.092413515,0.013127303,0.022496123,0.109034926,0.027548658,0.027062038,0.040006805,0.0034603798,0.082021,0.026309736,0.022699816,0.04602704,0.1849871,0.016691754,0.10376585
6168,0.06375491,0.20398542,0.038758058,0.050492443,0.47729772,0.09759714,0.031366106,0.5556755,0.09318556,0.080669984,0.033270963,0.04158735,0.10922432,0.06279361,0.04749056,0.07018875,0.0039439625,0.2937012,0.1693239,0.03834764,0.047472943,0.19754128,0.03474335,0.06900616
6171,0.13538663,0.040912766,0.01076343,0.010928686,0.22952129,0.04922057,0.009584236,0.3415974,0.037899785,0.16868669,0.011044689,0.012927516,0.59150493,0.020712612,0.008447751,0.06381976,0.0010532772,0.087841496,0.0371759,0.015201894,0.017449144,0.2522296,0.0072443625,0.020247918
6172,0.00028788392,0.0017911171,0.00025460072,0.0033699207,0.8933585,0.009031885,0.00021052544,0.81622565,0.0075490735,0.0017373988,0.0014535522,0.0002843403,8.971296e-05,0.025824402,0.01993226,0.00025733007,2.038047e-06,0.79460263,6.23909e-05,0.0005256687,0.008811246,0.0027137995,0.0013468747,0.0024812284
6183,1.5142732e-05,0.00038362612,0.0011113764,0.07550163,0.45001128,0.00034359813,0.998703,0.047301084,0.0014946061,0.0005245493,1.2921203e-05,0.0056873634,0.00022937938,0.14737967,0.0008104642,0.00015783099,3.141785e-06,0.0094180675,0.00014104869,0.00010018468,0.00152323,0.000114342314,0.00015597805,0.0003659122
6184,0.3851045,0.031955462,0.0021090393,0.016876863,0.27356693,0.8099539,0.008714399,0.7803903,0.0042343573,0.0023805944,0.04102449,0.01262414,0.004563568,0.0027280257,0.002274485,0.039945714,0.00073591154,0.050118465,0.01013067,0.004762359,0.018927753,0.5972023,0.016118187,0.05536507
6185,0.004054459,0.026863152,0.0053763227,0.019326285,0.5491185,0.015715912,0.016680049,0.7313651,0.078846596,0.019253518,0.0014727359,0.0062489677,0.003973111,0.06754699,0.017523514,0.00151662,0.000115436764,0.15781945,0.0008045952,0.0025730433,0.045648973,0.006447021,0.0062824194,0.016502773
6190,0.07711626,0.028457388,0.007870721,0.0011882805,0.34548253,0.033317417,0.0038264717,0.1377142,0.018114757,0.037608437,0.002520157,0.0012990019,0.72931135,0.0018096864,0.0021247023,0.1164161,0.0002226661,0.027376944,0.6959832,0.007258894,0.0013655253,0.68756926,0.0008155252,0.003356069
6197,0.0893554,0.09804853,0.064801686,0.040963426,0.58737785,0.07085013,0.042351104,0.28936607,0.19366643,0.18604979,0.03602767,0.024384718,0.337195,0.123569325,0.096112415,0.12257365,0.008976012,0.28383112,0.09297177,0.07119818,0.055884913,0.19275805,0.016227964,0.059475884
6198,0.20078851,0.03694042,0.0046650516,0.0037604102,0.81611013,0.22238456,0.0028336642,0.15664747,0.024770837,0.019908099,0.0058073015,0.0023221835,0.16600169,0.0070728306,0.0060863085,0.06391975,0.0008108782,0.05949529,0.0855499,0.017997913,0.005560375,0.33663836,0.003215645,0.012296801
6207,0.0024845013,0.02296869,0.0013829698,0.002778181,0.56040573,0.02247229,0.00026629603,0.81610984,0.034968257,0.020609435,0.0046807644,0.0028008937,0.029124778,0.018282618,0.007630751,0.0038920024,2.872034e-05,0.2945773,0.00065437943,0.0017690125,0.016918538,0.056057867,0.002688052,0.016187215
6212,0.12216263,0.03501015,0.0017243015,0.002675289,0.9827459,0.55128205,0.00038962817,0.18039455,0.04094894,0.008090684,0.002822986,0.0009713868,0.0030243653,0.008137795,0.016996728,0.0042086495,0.00018563417,0.24213807,0.00219393,0.0027064262,0.02238145,0.046344142,0.0012291548,0.0068009477
6218,0.036548395,0.01609322,0.0041636573,0.0074690343,0.77323395,0.049356822,0.0049272524,0.26362398,0.01847529,0.03945516,0.0051955907,0.0024172866,0.10981228,0.019552197,0.021791155,0.043961395,0.0007037487,0.34086284,0.025795057,0.013929698,0.006121276,0.17179576,0.0046559917,0.008295489
6228,0.04923368,0.25997248,0.09301447,0.0053797564,0.80455995,0.031822518,0.0077597396,0.120148,0.44701174,0.33170033,0.006299975,0.0058420906,0.22883898,0.04494365,0.050944444,0.07490528,0.0010512011,0.26240075,0.035205424,0.022078136,0.019739695,0.07574937,0.005157113,0.025812114
6229,0.16309783,0.038701333,0.01037877,0.038962092,0.7403958,0.6280298,0.038618047,0.36115694,0.039062683,0.02885122,0.06289329,0.011435399,0.057844345,0.037259158,0.025513915,0.1401124,0.0064752433,0.1625562,0.025716422,0.029735975,0.05541329,0.34859076,0.012663166,0.043083213
6230,0.08042549,0.02064437,0.0011678175,0.004635811,0.85082924,0.6090133,0.0018974149,0.45854598,0.007887491,0.00425113,0.017382203,0.001285332,0.012630247,0.0032753616,0.004819021,0.06675437,0.00038890328,0.0901554,0.0077429935,0.0068103913,0.010237484,0.48141363,0.0027581572,0.014917801
6233,0.018835677,0.011218794,0.0003632203,0.0052185343,0.091972195,0.21587059,0.0027142921,0.8043431,0.0010342089,0.004248908,0.02307603,0.0040664864,0.047031555,0.0029046491,0.00034995715,0.34015402,4.9941475e-05,0.014571065,0.0050165667,0.0014772719,0.0013338152,0.8850998,0.004727943,0.008717896
6235,0.54231787,0.20525564,0.030593436,0.06862687,0.23988347,0.3320411,0.03613382,0.5513849,0.03593918,0.042639304,0.06324426,0.09727068,0.10520223,0.027133787,0.026702527,0.089864425,0.0094493935,0.13851501,0.17693052,0.04283454,0.037530683,0.5661485,0.20164618,0.17469318
6236,0.000696024,5.5558925e-05,2.6161092e-06,0.00035576918,0.93036497,0.23515768,5.65259e-06,0.87675554,0.00017226035,0.0009030595,0.0020963557,1.29761165e-05,0.0013672828,0.0013112351,0.00069596997,0.0052949144,7.4474895e-07,0.49188656,1.706127e-05,0.00013897271,0.00096105674,0.0516883,5.2284413e-05,0.00018125506
6238,0.05088931,0.34039748,0.15830061,0.008408821,0.932882,0.01208023,0.0071512004,0.06440705,0.6683964,0.15333031,0.0016438303,0.007857253,0.02031388,0.0643269,0.1769871,0.0042406926,0.000696437,0.19305784,0.03612391,0.015238315,0.1427119,0.009393743,0.0055339676,0.035146542
6241,0.18055499,0.0724668,0.00853005,0.023840133,0.4136702,0.68644726,0.013494186,0.5754361,0.031870082,0.041474875,0.089645915,0.017895155,0.11777086,0.01771048,0.011002881,0.311535,0.003816611,0.09440802,0.019606238,0.026028274,0.021717863,0.680393,0.01569239,0.03748469
6246,0.15799235,0.07801359,0.034929283,0.04015166,0.57741654,0.51190543,0.045559775,0.37386453,0.06206254,0.051606238,0.037314877,0.021018334,0.17081922,0.020142578,0.02950831,0.11258289,0.0063342913,0.1048678,0.09188442,0.048424616,0.03379747,0.38133052,0.028741894,0.048072707
6251,0.15476559,0.46412453,0.07353245,0.0067713186,0.88402355,0.037508655,0.007864182,0.15724479,0.3593967,0.13779299,0.0026687996,0.007861723,0.053357102,0.044767324,0.037107367,0.013905758,0.0008290364,0.08099152,0.08018852,0.013523233,0.05818534,0.09827367,0.0064912788,0.051661253
6254,0.18950897,0.18286991,0.056860294,0.0028212,0.540565,0.020292573,0.0050626304,0.069206834,0.10274952,0.23825559,0.0026474295,0.0042117424,0.67684335,0.007055635,0.009846904,0.07555365,0.00080941373,0.027603194,0.6392789,0.014199039,0.0061625117,0.3094677,0.002543145,0.012401415
6256,0.020409267,0.06913026,0.014381052,0.07757411,0.13058285,0.039855536,0.66832846,0.40899837,0.024388893,0.011120671,0.0009489757,0.06747029,0.0077594128,0.09747803,0.0046381904,0.0024268322,0.00033510054,0.021903751,0.0046331976,0.0034165026,0.015299032,0.01699384,0.005312896,0.051407415
6257,0.103656106,0.12129635,0.0071045333,0.0018962749,0.903015,0.14230974,0.004549779,0.14292563,0.06818245,0.012314511,0.0020842545,0.0017902139,0.115083896,0.009137903,0.006296376,0.016609829,0.0005144608,0.025099248,0.06760999,0.005250278,0.028267782,0.15331903,0.001999609,0.017301494
6262,0.13881952,0.34921587,0.04460336,0.000990415,0.45939627,0.017448034,0.0026494588,0.030199306,0.14845021,0.18622947,0.00090099423,0.0038666516,0.8473709,0.00537211,0.004869697,0.019875469,0.00021416158,0.02052307,0.36057943,0.0057015484,0.00340877,0.1668942,0.0010723645,0.01870155
6265,0.64643633,0.2795204,0.02994021,0.021861114,0.31277424,0.116540566,0.015666693,0.28251505,0.040540844,0.04697431,0.014769475,0.057780538,0.10712707,0.00845787,0.012220996,0.06850158,0.0030893998,0.10377003,0.43978918,0.019949028,0.013512709,0.5228463,0.09159005,0.073211044
6267,0.36150202,0.79506123,0.27877507,0.046431042,0.14824137,0.03124344,0.02401407,0.42026958,0.34106472,0.42911926,0.009327097,0.17798302,0.06166538,0.040448237,0.06396823,0.021540517,0.0020624823,0.11284661,0.06542742,0.025974361,0.037816513,0.10590766,0.09196994,0.19317098
6268,0.2506846,0.19738178,0.035157844,0.097735554,0.10491344,0.20156668,0.054481868,0.6468412,0.039550457,0.0504346,0.046121527,0.14701673,0.13241313,0.04618478,0.020040937,0.05171437,0.0046467944,0.09967679,0.046475694,0.02801668,0.030640218,0.37553185,0.041765176,0.22067636
6269,0.13265164,0.009132137,0.0010627846,0.0038508135,0.62571037,0.8406434,0.009743105,0.24899694,0.006921,0.005575585,0.01240093,0.0010707036,0.22138062,0.0025395744,0.0008075555,0.22098589,0.00065169303,0.011711208,0.03437674,0.007914379,0.0033652815,0.6416559,0.0009855917,0.004577102
6272,0.0017636794,0.005849781,0.0014127716,0.0021141083,0.9848497,0.05973133,0.00019500716,0.33255997,0.057348996,0.013631903,0.0030971193,0.00014285173,0.0007316523,0.019369166,0.06918989,0.0034071752,2.0797685e-05,0.84766614,9.354177e-05,0.00231759,0.017434748,0.0045851497,0.00045821743,0.001618183
6274,0.34032112,0.046344467,0.0040468974,0.004128032,0.33015105,0.6078764,0.0026526751,0.19822517,0.010127347,0.027160289,0.0272863,0.0028464077,0.42068484,0.0038069112,0.005830175,0.34215596,0.0015171112,0.049287524,0.09314613,0.014473343,0.003631467,0.90615624,0.004737936,0.019738117
6276,0.61734015,0.7731365,0.19857319,0.01906168,0.27153838,0.023510251,0.019285316,0.20212647,0.23892203,0.25778434,0.005948599,0.09294921,0.13003807,0.009732206,0.036183324,0.035912707,0.0025307166,0.11244463,0.69319475,0.01601333,0.013450553,0.17724684,0.0907343,0.11100865
6278,0.010369528,0.030635687,0.0034233495,0.01006843,0.8563942,0.080349155,0.0016938135,0.35430947,0.04536327,0.03228944,0.014076776,0.002862077,0.0020227674,0.012438519,0.04783167,0.020302927,0.0001544803,0.5230069,0.0020287856,0.0033228477,0.042682216,0.071498275,0.0031181402,0.029440977
6279,0.04810348,0.032855704,0.0033972932,0.0012072318,0.068242505,0.074338794,0.0012057412,0.10573106,0.0070838337,0.093847886,0.009937301,0.0011954728,0.9755379,0.003812889,0.0015855174,0.2639734,0.00014535578,0.032970145,0.13462181,0.009697765,0.00045850844,0.7872683,0.0011549955,0.003875054
6283,0.41509643,0.63447165,0.11902641,0.028088843,0.35970742,0.056967486,0.017270474,0.16719079,0.3363965,0.30934754,0.011570715,0.07018313,0.106446676,0.035164528,0.04659288,0.04497888,0.003583507,0.20801155,0.07166866,0.024813969,0.045327704,0.09572422,0.03498622,0.15746768
6284,0.0629652,0.02271424,0.018217623,0.06707041,0.8238574,0.278867,0.105243176,0.34778607,0.038380887,0.024307786,0.012245399,0.021428011,0.023709524,0.035426,0.01958512,0.02196803,0.0030553464,0.12115861,0.019593183,0.019783879,0.044817522,0.10505299,0.020176489,0.023677742
6285,0.2690248,0.5287491,0.122529335,0.029816661,0.61109114,0.07351703,0.02454619,0.19011563,0.23051259,0.22484323,0.015659444,0.04612292,0.10863345,0.04340357,0.06532985,0.080095105,0.0056726136,0.20737468,0.36936426,0.048831414,0.026499175,0.19394262,0.037118934,0.11286185
6287,0.008557318,0.01802836,0.0014519923,0.001270734,0.81700146,0.20722291,0.0006866794,0.21814781,0.027372869,0.016871594,0.009307457,0.00061987597,0.32548138,0.005639564,0.0072484245,0.031340048,8.291501e-05,0.16429625,0.008060878,0.005272894,0.0036063623,0.22038056,0.00023733392,0.0058272625
6288,0.008804044,0.010567692,0.0032857377,0.06217975,0.44182694,0.4283128,0.048278727,0.7268028,0.021689178,0.014351268,0.044106435,0.008412365,0.02277009,0.043689582,0.0071383906,0.1254349,0.00069851684,0.08624735,0.0043364996,0.009990196,0.0139298085,0.24023698,0.006714044,0.01194367
6293,0.013574039,0.005273482,0.0025003133,0.11798462,0.046577495,0.021343047,0.86563456,0.42588943,0.00089334085,0.0028959345,0.0011571462,0.17423011,0.013197112,0.013538934,0.0007118759,0.005229008,0.00014531297,0.0070490446,0.013471723,0.0018443536,0.0024582164,0.09698188,0.09284987,0.00564539
6294,0.048798416,0.101942144,0.021412417,0.0009356577,0.27059245,0.01170893,0.0047262786,0.047341958,0.04893659,0.23858497,0.0011100167,0.0027731496,0.9529174,0.005972829,0.0012996627,0.11820456,0.00014526724,0.0080781495,0.29445016,0.007364749,0.0011153801,0.30520675,0.0017425481,0.0026182653
6295,0.34520137,0.09807736,0.006687701,0.012750875,0.35855028,0.51986706,0.0045291735,0.6809646,0.015671553,0.012746549,0.020677114,0.017468803,0.028793706,0.006388705,0.011845639,0.020403994,0.0009018608,0.1148859,0.013157843,0.008515634,0.024539175,0.45531738,0.024043547,0.1205573
6299,0.0051364945,0.0062871636,0.0015569475,0.0029412075,0.97675794,0.11246573,0.0031512834,0.12036584,0.017047368,0.010637266,0.0019406195,0.00057597953,0.0439896,0.014761456,0.012064716,0.024464369,0.00018059195,0.24732944,0.00801141,0.00791112,0.0034441277,0.05590125,0.00075837114,0.0025282418
6303,0.0044064173,0.024680248,0.011668443,0.010573596,0.9459406,0.012689277,0.0020925566,0.30147293,0.34930998,0.077653386,0.0031080465,0.0017197609,0.0045693116,0.0365624,0.094559826,0.012503568,0.0002046733,0.76924086,0.0046674055,0.008721647,0.0662269,0.007114487,0.00227152,0.003268757
6304,0.16233744,0.06262548,0.006102283,0.03243337,0.20700842,0.18060476,0.03644405,0.68689764,0.009665382,0.013488823,0.021857996,0.043316294,0.14073107,0.049511064,0.011946879,0.034478325,0.0019184649,0.086802445,0.049815007,0.011994544,0.018241983,0.3484601,0.046494313,0.11111283
6305,0.85986376,0.62589455,0.020635271,0.0020150468,0.07983242,0.01667728,0.001123761,0.18044636,0.032248043,0.14359795,0.000913425,0.018314483,0.14307697,0.00060641894,0.0020268713,0.019004181,0.00014152359,0.024744513,0.56077766,0.0030516495,0.0017868383,0.4033381,0.03762852,0.029023737
6313,0.014344195,0.013131889,0.007262379,0.011158942,0.5142064,0.016477723,0.027820908,0.28720498,0.018299036,0.022080777,0.0021598756,0.0054562306,0.4519391,0.025593631,0.005404813,0.02594547,0.00065206666,0.051682763,0.06938058,0.013642692,0.0078115603,0.16675979,0.004209845,0.0064415867
6316,0.0039836336,0.0060155615,0.0037358569,0.031796485,0.8824151,0.019740397,0.019563334,0.63413596,0.029263532,0.01798886,0.004379033,0.0045089405,0.0040111863,0.038598772,0.031555623,0.0065580327,0.0003091119,0.5273367,0.00644184,0.008546973,0.060062256,0.01419338,0.0064253686,0.005106435
6317,0.03793415,0.060181383,0.010901782,0.116521426,0.20062396,0.28491154,0.03599901,0.86692816,0.01959574,0.016110968,0.05473762,0.12365627,0.020698145,0.057618346,0.0145684695,0.01904161,0.0013876066,0.122332714,0.0040617306,0.015199808,0.08031667,0.15236117,0.1748482,0.09798542
6318,0.3133769,0.5042963,0.14691432,0.017042631,0.37486392,0.09208868,0.0352026,0.16198535,0.21082419,0.12870325,0.010612018,0.026281709,0.3826077,0.024066307,0.0214476,0.05347828,0.003471347,0.061257906,0.3129884,0.036331553,0.031614594,0.27957982,0.024282174,0.07312097
6320,0.17476672,0.2355349,0.01659808,0.032490853,0.051444158,0.04796739,0.011674439,0.7846622,0.031603776,0.043786656,0.018063832,0.12778828,0.0672828,0.013495165,0.005756472,0.048435945,0.0005602767,0.103732616,0.07026212,0.0101329945,0.009677613,0.40483844,0.09984703,0.12633641
6327,0.016226009,0.04096525,0.016952714,0.021203017,0.161409,0.02252849,0.020988489,0.64620256,0.04788287,0.07306159,0.01088206,0.016519157,0.20036277,0.037888292,0.018250199,0.039475173,0.00079094607,0.23476692,0.03892763,0.020399773,0.0110182,0.15200317,0.015544136,0.015847554
6331,0.26141348,0.008960331,0.0005330759,0.0037496097,0.39681655,0.9357804,0.001876775,0.415652,0.0023276594,0.003002109,0.035883132,0.0021180806,0.11932161,0.0013141369,0.0011386083,0.23351155,0.0005361169,0.028411645,0.018447477,0.006548673,0.0024031708,0.8848721,0.0023063985,0.00795561
6337,0.061848916,0.027417827,0.002783347,0.0036703616,0.3786673,0.40176183,0.0023918538,0.56007826,0.013890383,0.030807123,0.020455,0.0023688439,0.120425284,0.0038164642,0.005484427,0.19805646,0.00032312525,0.15251425,0.0043899557,0.008137907,0.0025722284,0.56091404,0.0037166146,0.010458379
6342,0.79880875,0.65918386,0.0133721735,0.008577833,0.08932635,0.016850354,0.0011557257,0.6600081,0.013149586,0.020658674,0.0017331847,0.07933719,0.0052082813,0.0007144712,0.0034070862,0.0024404225,7.10993e-05,0.07448452,0.065896355,0.0011716075,0.0055704745,0.2746049,0.46355823,0.11814063
6344,0.5078748,0.5999881,0.0032205519,0.00014421076,0.74580973,0.051054556,0.00038240367,0.03526711,0.032476492,0.008874449,7.1844086e-05,0.00042649356,0.003302014,0.00025353683,0.0003250102,0.0024126398,5.037566e-06,0.003210425,0.11104115,0.00021056096,0.00042468432,0.14488687,0.0006466013,0.007221935
6352,0.019477542,0.0077154194,0.0013190135,0.015255182,0.15869312,0.103863314,0.00318439,0.8197343,0.0020399303,0.010463328,0.020932287,0.007918753,0.114563614,0.013387871,0.0035286238,0.20651542,0.00030573958,0.21357864,0.052773803,0.009554673,0.002119167,0.7362539,0.00855105,0.007964334
6353,0.00078102254,0.001414736,0.00029969518,0.029358316,0.3826107,0.0088302195,0.058541615,0.793403,0.0011040751,0.0054665105,0.0035574092,0.0073947916,0.0067963144,0.09164597,0.0019173513,0.0107456045,5.480684e-05,0.17843443,0.003849175,0.002438313,0.0016151897,0.02632415,0.004855664,0.0018279308
6354,0.19743437,0.13097847,0.03950743,0.05634624,0.5197368,0.27916667,0.059507422,0.412223,0.07732019,0.04586776,0.0369638,0.062430892,0.045391824,0.031975098,0.04438536,0.039353997,0.006342926,0.15771392,0.05410664,0.024288382,0.36261067,0.20920584,0.040298548,0.1433422
6356,0.12215007,0.030546755,0.003880051,0.11655012,0.06260508,0.026831258,0.09753263,0.8310582,0.0017179035,0.0044401027,0.0039553656,0.24055217,0.0042597875,0.0071015866,0.0031730584,0.0067875935,0.00024115921,0.084744245,0.024435852,0.0035685196,0.005053545,0.17775771,0.72760594,0.028694615
6359,0.027880833,0.015926631,0.002121218,0.00023814426,0.68024814,0.25946152,0.00024301288,0.18122838,0.016900945,0.02179877,0.0035570594,0.00021656406,0.52222717,0.0009480494,0.0021808944,0.3938206,6.504696e-05,0.037081126,0.10813803,0.0036178986,0.0007016845,0.8293799,0.00020473986,0.0013902051
6361,0.42770907,0.6926321,0.006686523,0.01174007,0.018169366,0.004759853,0.0005049338,0.88593376,0.008416447,0.009534384,0.0011797986,0.18399537,0.0010538317,0.0006719382,0.0014069787,0.0009667249,1.1971125e-05,0.07860889,0.0038452626,0.00056268036,0.011910975,0.12627986,0.848554,0.07770655
6362,0.0014267485,0.0024126836,0.0006991823,0.1134168,0.10518731,0.1184953,0.031659096,0.94864637,0.004794097,0.00904444,0.054037165,0.018310934,0.011793743,0.09374573,0.0036197295,0.024005711,0.00015633466,0.11755445,0.00052626076,0.0038136137,0.035479575,0.0828116,0.0138497045,0.012188321
6368,0.0036211573,0.0321499,0.001982717,0.0031957836,0.9358213,0.051870022,0.0004108391,0.5557414,0.027727352,0.0034012944,0.0009732901,0.0019377521,0.0011757324,0.013031161,0.01307861,0.003918555,2.5671347e-05,0.27517655,0.002920141,0.0020910245,0.010742848,0.028712956,0.008410671,0.0035037445
6370,0.007069988,0.011745698,0.0029853715,0.009649839,0.9106681,0.054997094,0.004748793,0.44546396,0.028698612,0.05055545,0.008111853,0.0019225314,0.02859245,0.036842,0.017850073,0.034092173,0.00035183254,0.29905674,0.0052696113,0.007714915,0.026853837,0.048834626,0.0013325558,0.0055862637
6371,0.011601649,0.036644794,0.029494226,0.13212371,0.27596396,0.030461097,0.5860107,0.26996255,0.042620603,0.038019605,0.006575468,0.06031161,0.0770682,0.13590677,0.024989868,0.030618276,0.0019835888,0.09415186,0.031195352,0.021531122,0.01501085,0.055917513,0.022559466,0.016240781
6374,0.022869986,0.059257917,0.0020198636,0.070228994,0.35909182,0.14214712,0.003584885,0.88726306,0.00537079,0.003784785,0.023755405,0.08150324,0.0005434968,0.019395526,0.011002279,0.004811209,0.00010592424,0.52900016,0.0015567072,0.002030818,0.01847731,0.09641377,0.31182578,0.059113123
6376,0.00035795808,0.007983088,0.0015449366,0.038591363,0.3715771,0.0011967939,0.0041734753,0.9329636,0.014905601,0.011215589,0.0013456016,0.012902216,6.264917e-05,0.19162534,0.044357255,0.0006040866,1.444509e-05,0.8448975,0.000116608935,0.00079161447,0.022749148,0.0018923943,0.008848649,0.0054220655
6381,0.11021672,0.10561731,0.027946923,0.008732487,0.30228063,0.039765555,0.031031398,0.19859156,0.04950876,0.08290969,0.0058416803,0.009302125,0.7632391,0.0147811305,0.0083583,0.15936491,0.0018304915,0.04117764,0.43272156,0.022685898,0.0061286865,0.45333818,0.007503199,0.013852694
6396,0.034283254,0.025634436,0.002718136,0.006058541,0.8195565,0.24808404,0.005790727,0.42477754,0.01450343,0.021273524,0.0060069975,0.0030879343,0.17355993,0.00988105,0.006310763,0.08602322,0.0007502893,0.084318526,0.024096845,0.01367588,0.0042174854,0.34943265,0.0058416226,0.010417764
6397,0.0031931703,0.033794142,0.0075642653,0.014717076,0.4746952,0.0064457837,0.004028307,0.92379546,0.061444413,0.060994774,0.004612152,0.009317066,0.018332437,0.030910278,0.01005591,0.017087223,0.0001345657,0.33023998,0.008764212,0.005113366,0.026698438,0.0424906,0.007149979,0.005694538
6401,0.016036715,0.044017956,0.013454241,0.015240268,0.7525681,0.024828527,0.007830849,0.49078944,0.10406843,0.08232373,0.0055034375,0.0043647024,0.029638484,0.16874462,0.057730176,0.033466112,0.0006601197,0.19660307,0.008585473,0.014925246,0.035106443,0.063156106,0.0043927613,0.013254295
6402,0.00926021,0.0011701287,6.372659e-05,0.00782136,0.086688265,0.6277187,0.00051860267,0.9562483,0.00020247721,0.0007954194,0.06253968,0.003409381,0.006514063,0.0012693785,0.00077672215,0.09001398,4.2071882e-05,0.19088642,0.0016148023,0.0011269806,0.0021629487,0.7808553,0.0044890554,0.009118745
6404,0.01870699,0.011882579,0.01040691,0.07641496,0.15551202,0.16163577,0.33953777,0.36439803,0.013426701,0.024217123,0.024637956,0.022891857,0.51421225,0.06319909,0.0073032966,0.16732365,0.002183191,0.041631494,0.072848424,0.016716722,0.017804164,0.321881,0.0035627512,0.009812306
6406,0.02257009,0.20238198,0.06313188,0.008020526,0.9051626,0.018242499,0.0035743737,0.23117477,0.6789914,0.3479412,0.004980032,0.0071474533,0.07529171,0.073614836,0.07217408,0.02487036,0.00052247354,0.41916597,0.0155925015,0.010677895,0.059941754,0.016844653,0.004865155,0.013908753
6410,0.95241016,0.15308343,0.0006680081,0.002045539,0.14905609,0.8791223,0.0004761842,0.6187945,0.0014941699,0.0020688903,0.0056097894,0.0072109923,0.0064539914,0.00018320214,0.0003479014,0.012816152,8.2296814e-05,0.009224671,0.0140555035,0.0006973918,0.0011747114,0.8717022,0.030431809,0.031056628
6411,0.03070571,0.18387191,0.056038667,0.0033206074,0.93470883,0.021695167,0.006732162,0.09206348,0.481122,0.0928433,0.002266954,0.0024750258,0.031662144,0.015605146,0.0300478,0.028548537,0.0004653878,0.16677575,0.21099503,0.01262823,0.034417562,0.047088683,0.0015614771,0.010001472
6413,0.0059911115,0.009000493,0.0002938341,0.00042708265,0.9041796,0.029981486,0.00010620289,0.3266809,0.0085675,0.0044638845,0.0005389513,0.00016388594,0.041007284,0.0014689143,0.0009587316,0.009469759,5.2818905e-06,0.046262752,0.0075370404,0.000784028,0.0011013839,0.119627066,0.0001439876,0.0016433905
6416,0.12392739,0.33948377,0.062960215,0.111529104,0.31721357,0.069769666,0.022309957,0.7350424,0.10809271,0.122119576,0.028623851,0.15936816,0.01742408,0.07360449,0.094188616,0.018907757,0.002784552,0.5538335,0.022267016,0.018898228,0.069277264,0.08420036,0.14902511,0.12904638
6417,0.09331378,0.02236195,0.005390892,0.064755104,0.22069289,0.17887445,0.06988052,0.8732212,0.006789407,0.005456145,0.0183622,0.06292569,0.010115424,0.011227351,0.0044361316,0.018043226,0.0010477736,0.046602096,0.007094463,0.009685755,0.031771418,0.22348545,0.115474775,0.052395478
6420,0.17347701,0.003865454,0.00012568988,0.0044846805,0.8526567,0.97970116,0.0014893905,0.30029282,0.0012763429,0.0011259682,0.05323444,0.0013022388,0.012055721,0.0007940355,0.0007541491,0.16505504,0.00032715616,0.053723197,0.003788255,0.002242469,0.0055195196,0.7187977,0.0028844243,0.0062027117
6430,0.03422658,0.24215591,0.23284647,0.053945333,0.7629702,0.023826376,0.12099536,0.33549544,0.5452585,0.12758689,0.010238219,0.035113312,0.035177875,0.14240082,0.12642081,0.044441942,0.005190398,0.2386484,0.1403831,0.06382686,0.13893963,0.0409461,0.02026121,0.043046642
6439,0.6229712,0.36998674,0.051534317,0.033392116,0.28506133,0.23618875,0.036993712,0.24824981,0.0579973,0.047492974,0.018716248,0.07668126,0.14279455,0.016392842,0.021074604,0.046192333,0.0051145134,0.07577703,0.22652735,0.02613724,0.023836594,0.46591824,0.11560736,0.15441275
6441,0.0031194447,0.0020904953,0.00045076135,0.008617803,0.43109787,0.07158756,0.005007626,0.9097626,0.003906714,0.006802552,0.007484955,0.0038540289,0.066201665,0.021940103,0.0028707366,0.044881724,0.000115502815,0.11434998,0.0013621502,0.0036462275,0.0027162859,0.14608535,0.0037651723,0.0049362704
6445,0.07028304,0.025669549,0.002340168,0.020117197,0.63873595,0.3268905,0.002646401,0.8500072,0.020193033,0.0108643565,0.024458716,0.005274192,0.0051334584,0.0068230303,0.009317518,0.035819296,0.0006139226,0.31045374,0.007173991,0.005468696,0.033327233,0.18494543,0.010891657,0.021531057
6446,0.0055687763,0.0025913457,0.0003133705,0.013059785,0.4728072,0.19982527,0.013772293,0.83800423,0.003120287,0.0042169793,0.006789813,0.0019555634,0.008163932,0.0061363736,0.0003570595,0.024053458,4.708947e-05,0.02079336,0.002805143,0.0015801243,0.006090226,0.26645428,0.00063110853,0.003361525
6450,0.0035481364,0.02936061,0.002773205,0.0035149055,0.74665546,0.008682972,0.0022077719,0.5731366,0.05784667,0.020489827,0.00033809416,0.0015742695,0.027143782,0.017827835,0.0074447254,0.0017290142,2.220026e-05,0.18554841,0.0013267489,0.0013120846,0.004878412,0.017692082,0.0012293234,0.008202894
6456,0.02799781,0.016242689,0.0031125809,0.007924145,0.59061307,0.40271807,0.0022550463,0.36376816,0.016934842,0.03254303,0.076798946,0.0027747604,0.19283718,0.013374292,0.028986858,0.24735457,0.0009114232,0.5464181,0.018958142,0.016984679,0.0060186246,0.5543736,0.007371821,0.013890323
6457,0.6784481,0.52435446,0.034807507,0.010086912,0.6236741,0.29202878,0.0066375523,0.20055407,0.058581125,0.050376438,0.011701301,0.025840623,0.014297623,0.0060350643,0.03192245,0.0374405,0.0013136158,0.14087903,0.06707976,0.011477943,0.00944349,0.4939491,0.099627875,0.10349582
6465,0.5231528,0.25885618,0.015597933,0.04620362,0.12503137,0.086982414,0.00908796,0.75409126,0.0070158667,0.012455563,0.010213479,0.10954799,0.0050179902,0.0040904405,0.0062920037,0.010800975,0.00043879534,0.12032516,0.05344415,0.005721172,0.0074949614,0.4752176,0.7433743,0.07350253
6467,0.007810215,0.013230973,0.00072225154,0.0018546538,0.80186737,0.024869008,6.033183e-05,0.76976675,0.013338168,0.022938082,0.0021601685,0.0007479418,0.003432907,0.0033322207,0.0055974685,0.00591138,1.5844951e-05,0.6294188,0.0017650509,0.000966624,0.0066504204,0.041710738,0.0020829616,0.0025222725
6468,0.00414194,0.007138908,0.0020262173,0.01890165,0.3685931,0.026589409,0.002401596,0.82184964,0.0089315865,0.022045948,0.0066449633,0.0056705885,0.0058526266,0.028256131,0.049340762,0.0070983605,8.696056e-05,0.80192,0.002038175,0.002953805,0.011117683,0.041700862,0.008982104,0.009101622
6469,0.022741787,0.00023017818,6.8243726e-06,9.878033e-05,0.19015032,0.99180514,9.897211e-06,0.5864924,6.0088092e-05,0.001185989,0.07441997,1.7071165e-05,0.1145201,1.5935799e-05,1.3997143e-05,0.8469269,3.671562e-06,0.0027805828,0.00035125657,0.00016652302,5.5782588e-05,0.9912581,4.8661095e-05,9.818634e-05
6471,0.11424097,0.012047989,0.00046262363,0.009338573,0.1042741,0.8508861,0.0036542383,0.6720562,0.0010988539,0.0044479296,0.12413734,0.0056481827,0.0703725,0.0024108423,0.0004959601,0.89722717,0.0005613441,0.01758329,0.024713693,0.0048479903,0.0011265174,0.9698289,0.010313984,0.003203937
6477,0.024163226,0.03212227,0.027335221,0.14491056,0.31788132,0.095989965,0.8292897,0.33013844,0.029769734,0.022870675,0.010998888,0.124585554,0.036666803,0.12011124,0.016021695,0.038351096,0.0039112703,0.056749992,0.032022245,0.018011834,0.034350216,0.080941424,0.026823496,0.037816394
6484,0.039567675,0.027987666,0.01795958,0.049287636,0.6134193,0.14517967,0.08190399,0.4739452,0.056151867,0.031050941,0.02211018,0.01573609,0.16228443,0.065220885,0.025552772,0.060141977,0.0042946707,0.19366279,0.02868972,0.03450858,0.041934192,0.14704683,0.013275004,0.03394468
6488,0.061821625,0.023493242,0.006046691,0.02272335,0.6950885,0.42054453,0.05790248,0.361526,0.017809866,0.013770521,0.015511955,0.010121829,0.10271161,0.03779029,0.011800275,0.11658672,0.0032927115,0.04871834,0.051970355,0.023487892,0.033961985,0.36443445,0.0065739234,0.01981344
6490,0.12051014,0.034230076,0.0022613623,0.007234979,0.47960633,0.5311317,0.004681493,0.695696,0.01275009,0.007060157,0.015102439,0.0031461527,0.018348046,0.010932644,0.0032605892,0.033049162,0.00032965833,0.039627388,0.008718679,0.0048697535,0.020184042,0.37716258,0.0037492195,0.021558288
6493,0.0008085349,0.011201441,0.0015501567,0.10366111,0.020441676,0.0007569737,0.4436705,0.8464577,0.0033079358,0.0014097275,0.00035662507,0.093578935,0.0018530268,0.05146665,0.0009056441,0.00015146451,5.4442244e-06,0.053910144,0.0011278897,0.0004698925,0.003863837,0.002185804,0.065923095,0.0073297317
6506,0.005544945,0.025639068,0.011064817,0.12223064,0.6279632,0.0050207735,0.23205613,0.61266625,0.029553836,0.017724821,0.0020082623,0.028663328,0.0032348775,0.43178564,0.054381486,0.0037460327,0.0006474119,0.4363236,0.0096315695,0.008483141,0.027695497,0.0055510122,0.013571026,0.010932695
6509,0.08207756,0.0655978,0.03400918,0.086423464,0.3489408,0.049345985,0.19010743,0.47770226,0.041894294,0.058435608,0.010611152,0.04895439,0.10740476,0.0780775,0.031494696,0.029546876,0.003886136,0.11560557,0.06342005,0.028188953,0.043782584,0.10492847,0.027059779,0.03452004
6511,0.072109334,0.011066111,0.0040609306,0.0036066263,0.68351287,0.8928837,0.005688097,0.2421969,0.017792443,0.0199673,0.079519436,0.0013393636,0.2455172,0.0043433444,0.0039921533,0.15826581,0.0011029945,0.04419706,0.014672538,0.016575199,0.018261366,0.581733,0.0014183262,0.017031012
6514,0.0124934865,0.09876114,0.06422703,0.030784242,0.2654929,0.006130723,0.64615405,0.13715051,0.114035375,0.030620575,0.0011172486,0.037444647,0.091497056,0.052866902,0.0098203095,0.007905638,0.00065826194,0.015465042,0.06441972,0.0064203083,0.016764402,0.037366748,0.0056213266,0.02523644
6516,0.013208095,0.0020797695,0.00032407854,0.009588604,0.34915707,0.24151742,0.0012543873,0.92660785,0.0009840716,0.003381317,0.018417737,0.0021499698,0.038677335,0.003231409,0.00088415004,0.02587062,7.710596e-05,0.10523489,0.0017394205,0.0032828688,0.008147693,0.28144225,0.0043051788,0.007120933
6519,0.00012704256,2.0324329e-05,5.196524e-07,3.2640608e-05,0.9108154,0.015042637,4.4102594e-06,0.27707916,4.4582335e-05,0.00038512607,4.8116817e-05,6.5179887e-07,0.002800276,0.00015097743,0.0001285942,0.0032398412,9.8718145e-09,0.40219545,1.1689871e-05,1.5983866e-05,2.1541693e-05,0.017124388,9.793898e-07,8.518201e-06
6525,0.12559694,0.15679939,0.038898293,0.021579491,0.24382901,0.11888466,0.037812073,0.3214708,0.051892996,0.06161896,0.015708376,0.023499789,0.5268178,0.029970657,0.012113188,0.15968601,0.0039552264,0.034795456,0.20075727,0.034171775,0.017411841,0.5497134,0.01411579,0.04980051
6527,0.0037462264,0.011414122,0.0035835395,0.09175416,0.24720837,0.0027453115,0.13657999,0.7625968,0.010234614,0.007838211,0.0042946367,0.06395529,0.0011851483,0.023196822,0.0073216935,0.0015092836,8.852685e-05,0.27577505,0.009400784,0.0016681984,0.07489256,0.0086738365,0.11109503,0.027857332
6528,0.034900922,0.031137293,0.0123624,0.0005553743,0.72131526,0.09044384,0.0010789057,0.027746275,0.092913404,0.11593236,0.0035583961,0.00106417,0.9383126,0.01088088,0.0057461783,0.05392772,0.00020594514,0.044352263,0.0473974,0.0125122145,0.0047356226,0.19230287,0.0004819524,0.00672419
6530,0.071450815,0.016650394,0.0021950293,0.012080588,0.5117375,0.35477388,0.011436896,0.5122658,0.006477191,0.010516808,0.011907558,0.0028135534,0.03492565,0.01108693,0.00322807,0.03406803,0.0004553884,0.0566815,0.012080753,0.0047268253,0.01390655,0.26919287,0.0046922127,0.009853415
6538,0.008821101,0.014201282,0.002689268,0.022970764,0.5010191,0.02920289,0.0032003603,0.7815592,0.010743745,0.03236043,0.008194771,0.012494099,0.007836246,0.05324756,0.02145543,0.011217375,0.00015084087,0.7367617,0.0025301317,0.008015439,0.006427621,0.04212475,0.042236716,0.009725389
6540,0.03781977,0.11225991,0.049244553,0.05022448,0.7905144,0.043418508,0.05500764,0.59652334,0.33037773,0.108031094,0.007190444,0.014790923,0.013204193,0.087334335,0.049198106,0.015228214,0.0017808564,0.25145218,0.030598098,0.016101371,0.1415606,0.019454638,0.014891911,0.020548288
6541,0.018278439,0.010150501,0.0020733282,0.0065859333,0.77456784,0.15405203,0.003453633,0.34580126,0.017677603,0.036104262,0.015966762,0.0020197828,0.12845068,0.028619431,0.027654015,0.105606064,0.0005649581,0.5250034,0.016889216,0.015764374,0.0046445676,0.22355895,0.004657154,0.009478511
6542,7.515233e-05,4.224887e-05,2.298855e-06,0.00065513985,0.9988709,0.01437611,6.5764725e-05,0.24019764,0.00035207762,0.000358829,9.6901626e-05,7.3224714e-06,1.8515551e-05,0.0017085512,0.0019429568,0.00020402661,5.0597725e-07,0.84592247,3.2824715e-05,0.00022512744,0.002843409,0.0017200769,3.07477e-05,4.8325364e-05
6544,0.079160914,0.035037227,0.01756056,0.16078329,0.48261216,0.5573373,0.088075444,0.6372181,0.017464798,0.028442916,0.21986036,0.11085889,0.021637335,0.07466312,0.03625755,0.11241836,0.010136453,0.272962,0.013953124,0.037424218,0.10326745,0.34881386,0.103377834,0.100661166
6546,0.013513452,0.0075909616,0.00070006365,0.0007252304,0.9615187,0.120950736,0.00010268355,0.10184216,0.040487405,0.057577018,0.0028459977,0.00017782721,0.021525558,0.0009774492,0.006760715,0.019420497,2.9704484e-05,0.19749989,0.0026846845,0.0014292732,0.016724491,0.20766051,0.00038493008,0.0032498424
6548,0.03473411,0.3206181,0.09439375,0.014419628,0.82904625,0.0058110603,0.052774128,0.09764636,0.2331517,0.033740073,0.00027652833,0.011447264,0.0034104683,0.022960609,0.046879906,0.0013144931,0.00014978655,0.14770858,0.012701043,0.0040341327,0.010474873,0.004058048,0.0050270213,0.013009067
6549,0.003263746,0.00064639864,0.00014361793,0.0008126302,0.034132328,0.14167993,0.0011807431,0.381517,0.0002921528,0.0103285825,0.006100866,0.0001494721,0.9452364,0.0030365994,0.0001594258,0.633088,1.4359152e-05,0.010418551,0.026220761,0.0036785002,7.30526e-05,0.8578609,0.000100249,0.00024942128
6552,0.14415833,0.48985335,0.0280526,0.0012573873,0.46287563,0.0093659405,0.0012267209,0.21241058,0.10347599,0.11073834,0.0014793759,0.0031651289,0.1093279,0.0009372579,0.002458487,0.096505694,0.00013743927,0.034975573,0.5213811,0.0028488683,0.0020222533,0.40915963,0.0034611593,0.008110626
6555,0.044846795,0.02657541,0.014909214,0.2647863,0.17465168,0.13777205,0.87801766,0.25631008,0.0075792894,0.015171576,0.012711152,0.11176364,0.036761273,0.09549273,0.013805948,0.026555644,0.0026268512,0.053266566,0.035962544,0.017707743,0.016926618,0.09811543,0.044303413,0.030682247
6563,0.058108926,0.060087364,0.022550263,0.031559307,0.7382169,0.43794888,0.026789445,0.33679605,0.06948427,0.043458525,0.0814483,0.021943213,0.074927434,0.08355591,0.067469604,0.31078753,0.010118747,0.34429982,0.022255022,0.061928775,0.037430275,0.31015554,0.016703943,0.03784557
6564,0.009395643,0.041590903,0.013989918,0.025502551,0.492802,0.04228709,0.019416144,0.6837057,0.067141764,0.04353816,0.0072989142,0.012357941,0.054565087,0.06385708,0.019458551,0.019412214,0.00072183134,0.13773097,0.013708245,0.022650853,0.025332227,0.084847644,0.014877341,0.015967494
6565,0.020676108,0.03359623,0.017554887,0.0018592966,0.2819918,0.03616193,0.00671406,0.08324412,0.03525185,0.13185152,0.005744642,0.0019396169,0.98265374,0.009514164,0.0032188161,0.20539196,0.000408853,0.015041824,0.2784117,0.018051924,0.004709333,0.49044755,0.001119182,0.0039608045
6566,0.044507507,0.08049902,0.03270627,0.1107993,0.24114864,0.025300996,0.3304877,0.54231,0.037209537,0.0411735,0.0062910016,0.07441062,0.02050363,0.33823195,0.03170092,0.013935783,0.0018306464,0.086923346,0.015245872,0.01125343,0.14943968,0.06546543,0.04413663,0.043658096
6570,0.5695039,0.63694274,0.02954808,0.0034784768,0.0721161,0.036204454,0.00077026535,0.3339541,0.09568958,0.37295187,0.0067618643,0.04157682,0.41408098,0.002080624,0.006145811,0.023572044,0.00034053647,0.055322673,0.14098996,0.005657086,0.0054581612,0.39419553,0.03843372,0.051759902
6573,0.17574991,0.55869985,0.25295672,0.01736545,0.29034275,0.033282846,0.015136315,0.27018788,0.43164057,0.5224406,0.015405563,0.037081826,0.3627787,0.05388244,0.093466684,0.085787065,0.0032624928,0.20580554,0.29715458,0.047636125,0.032980077,0.20579903,0.040817603,0.060820825
6574,0.00038253306,0.00037747686,3.9725066e-05,0.0028052002,0.96619475,0.034127016,4.8859412e-05,0.8762093,0.0024268702,0.0013903335,0.0017764211,0.00014490106,0.00011501659,0.0056483974,0.006803177,0.0042195125,5.304197e-06,0.92838657,6.467683e-05,0.00037076586,0.0027829397,0.010446699,0.0006451729,0.00017331891
6579,0.2592925,0.1672596,0.007192245,0.01985769,0.053020924,0.078467496,0.009913174,0.7225984,0.0057900357,0.01244391,0.0068091494,0.07553577,0.08941893,0.006261891,0.0024751707,0.009346799,0.00038712443,0.028297234,0.03261379,0.005245703,0.012792999,0.4312408,0.1335363,0.063559204
6581,0.018461145,0.018198121,0.009872106,0.03152128,0.72739613,0.032988183,0.04232402,0.48650274,0.07155432,0.043703496,0.00603016,0.009889876,0.012840554,0.085444935,0.042285338,0.012224912,0.00075165404,0.44975224,0.007491872,0.009238968,0.042722568,0.030620286,0.008482093,0.013316773
6583,0.010813067,0.009310923,0.000725602,0.0056775645,0.9736637,0.15150139,0.0035407497,0.3301032,0.010408154,0.0012953185,0.0022077255,0.00072891096,0.0020579374,0.055255778,0.013643622,0.004981575,0.00019199304,0.23051015,0.0017820954,0.0035303312,0.016137451,0.021539213,0.00095002464,0.0059641865
6585,0.041642264,0.021052182,0.011460659,0.05933508,0.8021619,0.0816956,0.026210887,0.5003512,0.04802783,0.05223404,0.033544607,0.015006745,0.021819958,0.07668288,0.100344524,0.049820963,0.0036264136,0.7102006,0.014845618,0.029732868,0.048415817,0.09626064,0.03315641,0.028117502
6588,0.5228989,0.7013342,0.11764799,0.0012035685,0.65294933,0.018623013,0.0024237288,0.055829063,0.3895364,0.39562312,0.0023795448,0.007337778,0.21634212,0.005246208,0.02299059,0.067745104,0.0005890294,0.118603095,0.6295934,0.01176519,0.007000851,0.20594895,0.010288666,0.022106702
6591,0.024077559,0.053465504,0.004679865,0.0021174455,0.13816787,0.024503715,0.0036772247,0.47024748,0.013271513,0.049874626,0.0029096238,0.005180239,0.7002884,0.0060057654,0.0020978253,0.1725956,0.00015080406,0.057361297,0.06608801,0.008067763,0.0005878766,0.5580126,0.0027515064,0.00861903
6599,0.44868666,0.54535306,0.004663037,0.03249479,0.03602723,0.015310761,0.0016584983,0.936581,0.0041312366,0.0075835977,0.0015878766,0.38031164,9.4203024e-05,0.0016155303,0.0017871453,0.0011491411,1.3006669e-05,0.23808399,0.0019060485,0.0005655764,0.0027729226,0.0700869,0.7927191,0.07357833
6600,0.01585669,0.0046012937,0.0025034347,0.011350671,0.9390974,0.13349566,0.019666217,0.19465159,0.013514488,0.0088947555,0.006290179,0.0012690738,0.028502911,0.022758558,0.034217548,0.016354328,0.0007389756,0.6069846,0.017937502,0.011114155,0.008388235,0.05406963,0.002360414,0.0051935823
6602,0.072520144,0.19705953,0.012639294,0.16272312,0.30704919,0.041204598,0.081176184,0.7062105,0.022546815,0.017124014,0.011815625,0.20961736,0.0026908414,0.064440094,0.03514494,0.008149724,0.0008197457,0.4183596,0.012486276,0.009661708,0.030182999,0.049106803,0.3276148,0.08606988
6609,0.66648906,0.26360133,0.0016671732,0.009941064,0.11427319,0.21701838,0.0010313276,0.6611917,0.0038206761,0.0048732804,0.013547292,0.07931995,0.0011250118,0.0012092055,0.0055557885,0.004425793,0.00011219323,0.3656786,0.0019911958,0.0016552345,0.0045234384,0.36723468,0.2311184,0.5197576
6610,0.06395621,0.0056616343,0.0004737875,0.0060565,0.40135518,0.9276514,0.002986859,0.47387835,0.0019735545,0.003227564,0.066547155,0.0020539837,0.111258954,0.0015023398,0.0010177547,0.27163947,0.0003458351,0.026032051,0.00668652,0.0040836553,0.0029455326,0.8547995,0.003029158,0.01064585
6612,0.022240749,0.019795353,0.0060827583,0.14248286,0.27473453,0.13278894,0.0755087,0.8604008,0.013193492,0.009456828,0.022509994,0.04109,0.0053999145,0.08686307,0.016867593,0.025799101,0.0014970946,0.22319643,0.0054736566,0.01559472,0.06533767,0.07898285,0.028555261,0.028102346
6614,0.04723182,0.039466552,0.016389996,0.010464431,0.45724285,0.12037947,0.0080137905,0.31574938,0.044112574,0.06594472,0.012636836,0.005450591,0.18877274,0.013480921,0.012389862,0.08598094,0.0012147503,0.12068002,0.05265764,0.020825578,0.019107271,0.21448225,0.005470626,0.013004756
6616,0.58256257,0.30707282,0.009650627,0.088444345,0.036487043,0.16026956,0.010097902,0.8326791,0.007244997,0.015995076,0.018171718,0.2730377,0.010627214,0.008319016,0.005085219,0.004644159,0.0005314868,0.09662061,0.013094161,0.0040819184,0.014827817,0.2958139,0.4368858,0.22988868
6617,0.08593474,0.20331842,0.10840722,0.062678896,0.7733966,0.0447255,0.3587578,0.13285851,0.20199063,0.08760266,0.003510524,0.027042741,0.046706352,0.09142045,0.055729587,0.014138654,0.003656105,0.104319535,0.08477366,0.02593555,0.056317993,0.03383331,0.011681769,0.03080035
6619,0.005636845,0.012537208,0.0019682336,0.03145625,0.4277282,0.042576086,0.0077979644,0.7820362,0.018354286,0.023752283,0.017440889,0.015069713,0.0064557833,0.046020586,0.029785974,0.010739924,0.00032163705,0.67054117,0.0012228121,0.0072315717,0.029908974,0.036248047,0.01073247,0.06226878
6626,0.00012648641,0.00015980568,0.000100453304,0.005491643,0.9178711,0.00070870266,0.46563536,0.46355367,0.00081429136,0.00013739234,1.2463981e-05,0.00038240658,0.0002409296,0.0026245161,0.0004827142,7.5088574e-05,1.5958391e-06,0.20326486,0.002450952,0.000105953644,0.0011409153,0.00054791826,0.00027026312,0.000114234426
6628,0.00045708276,0.0010912108,0.00056527107,0.08605025,0.24106021,0.035162974,0.18275087,0.8438205,0.0020430612,0.004621522,0.009139289,0.0127261635,0.011097968,0.09114278,0.0028433504,0.021488208,7.8308156e-05,0.27883813,0.0014033262,0.0032861202,0.0019715952,0.05441347,0.004331592,0.0022884237
6629,0.00075888773,0.0017686706,0.0025365914,0.27947775,0.08900441,0.010721635,0.8610252,0.69955444,0.0042188116,0.007953202,0.0033750639,0.029496828,0.012798602,0.23065315,0.0029570875,0.009576408,0.0002561639,0.05990878,0.0021695015,0.0031244147,0.023985825,0.021728575,0.003121355,0.004651492
6631,0.42290473,0.39299098,0.041919228,0.0024312483,0.28876406,0.019742455,0.008147247,0.055838734,0.06619616,0.052604806,0.0016664156,0.0118556125,0.59643734,0.0028077078,0.0051601324,0.044368487,0.0005913506,0.030290179,0.9238069,0.009360616,0.0026003434,0.45930004,0.011101024,0.0133459885
6633,0.045246884,0.08332082,0.040198214,0.08659309,0.45636177,0.09770963,0.41234753,0.25597936,0.06813296,0.04413961,0.013285914,0.04561941,0.06968955,0.079213634,0.024855528,0.07252811,0.0048644966,0.08645979,0.069698945,0.032646783,0.030911746,0.13622627,0.02053054,0.041050527
6635,0.028881583,0.01885525,0.0005865135,0.00068535446,0.09922471,0.11401754,0.0003851911,0.72304153,0.009694729,0.08475244,0.0030841744,0.00071481784,0.4518285,0.0013164928,0.0005235703,0.022593932,1.2259963e-05,0.03152086,0.0063680313,0.0007499573,0.0014045367,0.44504473,0.0004496321,0.002945215
6638,0.5024607,0.25157142,0.0045678,0.010013737,0.07196539,0.06297432,0.0030030566,0.59065175,0.0058477735,0.0062818094,0.002437609,0.103779316,0.019651908,0.00068000203,0.0009871498,0.0065032095,8.923873e-05,0.04400006,0.028702889,0.0018077277,0.0040064417,0.42597798,0.21522109,0.07653772
6640,0.07482527,0.18559311,0.06842571,0.019771535,0.6296288,0.034950484,0.054340146,0.25658005,0.1602475,0.09033609,0.006677345,0.029240746,0.11894253,0.049981795,0.032423183,0.03404295,0.0023543683,0.10460575,0.18823783,0.033693932,0.026227573,0.15085243,0.0219113,0.042754427
6642,0.0012663781,0.0012338473,0.00073593436,0.0009463135,0.23239931,0.030986458,0.008029468,0.13454331,0.0030624878,0.016296284,0.002666796,0.0004310706,0.9807079,0.007557127,0.0005810055,0.18827298,3.2339107e-05,0.0075727743,0.030472483,0.003812755,0.0006106712,0.45897657,8.818579e-05,0.0006847875
6643,0.0011447013,0.0006380332,0.00065103616,0.017654788,0.83250284,0.006475575,0.0096175615,0.7327106,0.033447046,0.009260538,0.0016695384,0.0012215787,0.0011419995,0.020046104,0.008196285,0.0006858955,7.0179005e-05,0.37471646,0.00027624663,0.0013225036,0.49267703,0.0024037287,0.0011359171,0.0013326268
6644,0.009782929,0.027946575,0.00072525564,0.00080918975,0.41167212,0.017413985,0.00027653464,0.3476698,0.0106548285,0.016659437,0.0012883415,0.0003172483,0.2550606,0.0045633144,0.005349783,0.028462108,1.30483395e-05,0.2951158,0.0068312325,0.0012320494,0.0009484591,0.27141052,0.00037563496,0.0069832974
6645,0.018890023,0.0039440184,0.00036535453,0.00761834,0.4665117,0.5518473,0.0017642563,0.62507915,0.0012308342,0.005024765,0.06318486,0.0034033062,0.10534713,0.017874459,0.0064579095,0.4234556,0.00045809077,0.2034422,0.008110174,0.008829009,0.002160692,0.7519146,0.0058727027,0.0064189327
6650,0.0068085366,0.014654232,0.0011196464,0.038381744,0.21870475,0.012712218,0.03303112,0.85513866,0.0069662887,0.010462658,0.004257869,0.013423441,0.01450024,0.04251602,0.004710471,0.011433772,0.00010481519,0.46244568,0.0063982466,0.0026763899,0.005265549,0.04291709,0.012161489,0.01557102
6652,0.009448287,0.16887169,0.0177752,0.00026712168,0.48607948,0.0020803655,4.6980516e-05,0.08071332,0.22944325,0.63484627,0.00057521247,0.0004639538,0.4239893,0.008212183,0.024410335,0.020755108,1.0923508e-05,0.40904385,0.010976589,0.002591072,0.0019361668,0.073255636,0.0003548309,0.0033623113
6655,0.24823815,0.7180851,0.36870924,0.026897458,0.7763773,0.04766499,0.0368239,0.094975024,0.60066473,0.3695538,0.008891901,0.051555667,0.12040123,0.08671523,0.12156851,0.05400801,0.005227409,0.23524377,0.31928116,0.060758363,0.03672957,0.091592886,0.027534341,0.07297816
6656,0.011320856,0.02406969,0.0035879076,0.0004729038,0.2451126,0.0074832584,0.0010962355,0.08666636,0.03166291,0.21429932,0.002045907,0.00084637693,0.98101866,0.0049897097,0.00086742535,0.11164883,4.4716973e-05,0.019239396,0.06445595,0.004445027,0.0013778872,0.2937495,0.0002484453,0.0035534357
6659,0.05227194,0.006633724,0.0012391761,0.010580508,0.25640047,0.30909505,0.0037626978,0.86495984,0.004322859,0.017316973,0.036849108,0.0051925597,0.012635836,0.0044787917,0.0017226662,0.08070787,0.0001660849,0.08022186,0.006674316,0.004207009,0.00894116,0.47671163,0.013052829,0.0064004594
6665,0.07045578,0.028078333,0.007975327,0.04654059,0.6541717,0.6865549,0.08901599,0.43735868,0.02893451,0.017288731,0.03844756,0.018645689,0.038999237,0.038167544,0.010306875,0.078501,0.0049776817,0.07124793,0.018172685,0.02279906,0.05385281,0.3403677,0.011515399,0.036433637
6667,0.41203016,0.23009472,0.008130229,0.006595289,0.100176185,0.17965072,0.003355173,0.4996901,0.0185645,0.028320175,0.023934186,0.019181538,0.09632734,0.0029002512,0.003562426,0.030289106,0.0006636594,0.054761454,0.025121845,0.006030157,0.009455908,0.48646563,0.016763398,0.30668795
6668,0.017943533,0.010554529,0.006249539,0.013378453,0.0955405,0.16991916,0.008499669,0.59417343,0.009864638,0.081545554,0.040753823,0.008589752,0.8597584,0.014873644,0.0032929073,0.52735305,0.0007860898,0.05008779,0.037476327,0.025254745,0.003467074,0.75374365,0.004575117,0.006046634
6674,0.042732973,0.0075466484,0.0006418121,0.03432617,0.33243167,0.941075,0.0047527743,0.48712465,0.0018900982,0.008705896,0.24075724,0.0045088013,0.061275903,0.0054633534,0.0026399249,0.5924058,0.00071024185,0.09704805,0.004337317,0.012010213,0.005197193,0.7958551,0.0061799763,0.0084002465
6675,0.014427728,0.07118283,0.037011907,0.033041112,0.8488713,0.019057011,0.017761588,0.4992566,0.22702274,0.049646772,0.0048844763,0.009323009,0.0065529924,0.08958972,0.12727599,0.009670239,0.0009736815,0.6409383,0.011598357,0.013801354,0.07061635,0.014914334,0.014017644,0.01885719
6677,0.0058720466,0.015384795,0.0017145713,0.0124547845,0.73328495,0.06040485,0.008040137,0.79859716,0.00816886,0.005422791,0.004356119,0.0047088284,0.0032970351,0.034573432,0.009035166,0.029884517,0.00017105258,0.312958,0.0035804745,0.0047913776,0.0065741222,0.12360277,0.011452581,0.00620744
6683,0.03614873,0.15274353,0.083853245,0.107542075,0.16928206,0.07432728,0.15696731,0.62215966,0.16518459,0.13138187,0.041787073,0.13286725,0.28017825,0.110539444,0.024597982,0.071257815,0.00485926,0.11514531,0.052921504,0.045028266,0.06063004,0.16306216,0.046185452,0.059854273
6687,0.23186699,0.5918193,0.09861541,0.04135898,0.30359122,0.021225087,0.0233369,0.44523212,0.14151777,0.16342643,0.008933035,0.1128955,0.09407394,0.036488846,0.03180626,0.035671815,0.0021553051,0.16827904,0.13663495,0.026499962,0.01873752,0.2241196,0.11660791,0.10331785
6694,0.00044557953,0.0022949367,0.0014695054,0.0038127769,0.96210504,0.0010871605,0.0012891584,0.2963376,0.06600088,0.008275369,0.00022524834,0.00027357633,0.0010025502,0.011580529,0.01711433,0.0009353253,1.4029803e-05,0.6539884,0.0013821383,0.0020113708,0.006924576,0.0014866962,0.00027803596,0.00057802553
6698,0.20967738,0.41186902,0.0032187551,0.0021603196,0.77186084,0.0014208381,0.0009453497,0.45041534,0.016480636,0.0058284644,4.3269163e-05,0.009597873,6.4641936e-05,0.001951852,0.0025508811,9.2500224e-05,2.5791928e-06,0.14096431,0.0023982772,0.00013228634,0.0010590904,0.004857046,0.07047224,0.022145566
6701,0.09253685,0.07802132,0.0012019646,0.03717965,0.063470654,0.12686177,0.0029246386,0.906743,0.0013292494,0.0036576425,0.010924403,0.043475874,0.0023154358,0.0050097047,0.0020080092,0.021625422,9.463293e-05,0.19102006,0.0061352653,0.0024686805,0.0024348532,0.5308665,0.27914116,0.026561465
6704,0.1378218,0.45308644,0.19091986,0.0892133,0.36611757,0.051425215,0.014662374,0.3175217,0.37281248,0.4206778,0.020640954,0.09207358,0.045179665,0.15885708,0.29535273,0.028161345,0.003402371,0.59476864,0.026683645,0.033485223,0.06125873,0.07592581,0.054290712,0.1262243
6707,0.00030406812,0.00107719,0.00020102371,0.18540117,0.06602929,0.013475657,0.98767376,0.21466066,0.00013376943,0.00014001258,0.00023702161,0.06386448,0.00032073742,0.104221046,0.00040336538,0.002479755,1.341268e-05,0.007189199,0.0005283847,0.00030228499,0.0016336216,0.015217742,0.0049728844,0.0015990196
6708,0.0013990033,0.0008093775,5.88328e-05,0.007896465,0.37182453,0.0726422,0.0003751413,0.9850219,0.00070019375,0.0017927191,0.0036335741,0.0011560384,0.0010107129,0.008824565,0.0010856899,0.0062547503,8.328754e-06,0.40928602,5.8532234e-05,0.00067269604,0.0022386324,0.1036691,0.007140436,0.0017607277
6709,0.00055174,0.0033575303,0.0023937717,0.109451674,0.75436544,0.0064836172,0.13998918,0.63405377,0.008990517,0.0072098626,0.0037928952,0.009686907,0.00093555433,0.35679185,0.051508766,0.0029582658,0.00029782357,0.60116506,0.0022405863,0.007168949,0.04301856,0.004708368,0.0072847526,0.005875986
6710,0.00059798645,0.0014811244,0.00100169,0.13759755,0.09434628,0.01471635,0.28893724,0.9009423,0.0120114805,0.013422835,0.00806816,0.018834013,0.02377987,0.1968207,0.0030969707,0.014849594,0.00013422417,0.09323883,0.001530724,0.003532039,0.017803187,0.024623359,0.0053017624,0.0051285247
6716,0.10125914,0.3650522,0.10485796,0.027845738,0.6162282,0.032057192,0.06500202,0.14888749,0.20720175,0.32314175,0.005546336,0.04046931,0.10449506,0.21534199,0.07518617,0.06295955,0.0029810173,0.13594446,0.122013405,0.03808589,0.01470076,0.13497876,0.025101064,0.033977926
6721,0.006287917,0.0069931345,0.0057815514,0.004139889,0.4099172,0.0706641,0.0057447264,0.28402835,0.026994955,0.039944943,0.012841127,0.0016097011,0.87270266,0.01528824,0.008197592,0.16060372,0.0005755457,0.067393325,0.029545318,0.021956861,0.011053812,0.39858016,0.0011561523,0.0068431194
6722,0.12582786,0.43890136,0.30689782,0.07734182,0.722055,0.038004156,0.1308452,0.13395038,0.47887406,0.30406493,0.011735313,0.07290052,0.069196336,0.24329428,0.2277504,0.051534325,0.008469235,0.34468013,0.1284999,0.06859389,0.05535568,0.049454622,0.04024696,0.066454515
6731,0.033784863,0.21205203,0.0020903123,0.011931364,0.46101665,0.019168036,0.0024777884,0.8308297,0.0095887445,0.0043455437,0.00080316886,0.04755607,0.00031360867,0.005332664,0.0052132295,0.00023032284,6.567294e-06,0.27858442,0.0010447387,0.00035923338,0.005602925,0.00826536,0.32466167,0.02370634
6732,0.53595626,0.389921,0.057003304,0.04767564,0.15660734,0.18850152,0.058269285,0.43779278,0.058874305,0.076825246,0.051467117,0.08758785,0.18016616,0.022018189,0.02527606,0.1861982,0.008324249,0.13724072,0.47489947,0.046525124,0.023856262,0.63292855,0.12555978,0.16287394
6736,0.03647013,0.0799642,0.05486726,0.048696887,0.8204484,0.0241901,0.014017954,0.544922,0.2517318,0.09110539,0.009117978,0.020706858,0.005429585,0.18108045,0.2637167,0.010673931,0.0019689323,0.5692346,0.010361301,0.019184798,0.2593867,0.022895867,0.031179206,0.030698637
6737,0.018665152,0.040933874,0.0131475255,0.1715696,0.36935902,0.069859624,0.22848155,0.77713025,0.021664178,0.021586051,0.020785844,0.10168638,0.014534323,0.20709537,0.02739845,0.025343904,0.0019958415,0.27677163,0.011401011,0.020325579,0.043357328,0.06376909,0.05253763,0.04598225
6738,1.7676524e-05,8.772758e-05,6.589798e-06,0.0008069616,0.8874293,0.0041007195,4.2010222e-05,0.85177606,0.0006989498,0.0025075164,0.0011845992,2.99322e-05,0.0006136301,0.034903355,0.002145892,0.009069377,5.0740175e-07,0.9645875,3.0956857e-05,0.00020334183,0.0002419831,0.0057725436,0.00010975864,4.2524578e-05
6744,0.039287794,0.083696224,0.10405013,0.24146488,0.37813243,0.060983974,0.6825867,0.46317592,0.10403087,0.0947037,0.029302051,0.19686033,0.09710042,0.39861742,0.11255451,0.06503196,0.018722363,0.19252375,0.09914576,0.07141877,0.08926881,0.09733759,0.07289998,0.07020072
6748,0.21319294,0.68944436,0.4505281,0.01783185,0.44777817,0.012630193,0.018971536,0.083597854,0.63836443,0.7332407,0.0039600297,0.031195756,0.22664873,0.070000395,0.10026196,0.02425637,0.0015043627,0.12414155,0.20869574,0.031631924,0.027781026,0.05019732,0.017170921,0.053664576
6755,0.13439748,0.014554996,0.00029177396,0.0019118703,0.9664171,0.9093914,0.0024449856,0.27215436,0.004543704,0.0002933756,0.0027206955,0.00076408806,0.004632217,0.0011865586,0.0014272527,0.009913557,0.00010690162,0.05695099,0.004343837,0.0012764292,0.0031899163,0.26178685,0.0010967806,0.0066961194
6763,0.019805191,0.008297419,0.00078526593,0.0006622205,0.055683833,0.22760884,0.0007468115,0.13211752,0.0014444444,0.011140198,0.010176746,0.00042500164,0.98602,0.0010056519,0.00030534255,0.12692437,7.1557406e-05,0.0055952817,0.024282862,0.004422579,0.0008578332,0.761324,0.00028459632,0.0029615348
6764,0.004582465,0.005845296,3.0628005e-05,6.9531793e-06,0.99994695,0.07720629,4.8354223e-06,0.0058867005,0.004574459,0.00043229896,6.3820353e-06,2.877308e-06,0.00076416205,0.00048514933,0.0011739201,0.00020747555,2.9418698e-07,0.14580622,0.00056412834,7.211336e-05,6.853806e-05,0.004544968,1.3163111e-05,3.67518e-05
6766,0.09643976,0.074433185,0.014294243,0.016503152,0.37040752,0.3746309,0.02082863,0.5638163,0.026570225,0.031092053,0.034,0.014211559,0.17884879,0.01162604,0.007845794,0.12406806,0.0017242866,0.03854735,0.06021989,0.012292233,0.016141417,0.46961954,0.012549037,0.040962618
6767,0.025451737,0.0050267586,0.00079371326,0.0027894021,0.43683326,0.061194997,0.010626752,0.29362878,0.0027150386,0.003602506,0.0013821615,0.0017314521,0.17869878,0.003347835,0.0010176091,0.015889756,9.348532e-05,0.019602418,0.046632707,0.0031705678,0.0022218206,0.17214069,0.0015322889,0.0046609486
6770,0.030800458,0.0067890338,0.0020032255,0.013845068,0.8921554,0.30684906,0.015129826,0.421857,0.02591096,0.016958991,0.007358407,0.00301464,0.033553712,0.013959726,0.007981725,0.047436655,0.00075607654,0.09932711,0.016510041,0.009580488,0.03294653,0.18195492,0.001509379,0.0049491557
6775,0.023450289,0.0035001535,0.0004792189,0.0059468956,0.49086455,0.8232173,0.0017477857,0.6023305,0.0016776985,0.004747934,0.057793085,0.0018757676,0.06709181,0.003573817,0.0054083006,0.3189379,0.00030979072,0.23738244,0.0037431866,0.0058225817,0.0021182348,0.69288695,0.0027783886,0.011342754
6776,0.020152397,0.08856987,0.0043549715,0.036640342,0.5383488,0.0031568457,0.03619477,0.730047,0.015535348,0.0037739414,0.0007062875,0.044609502,0.0005716866,0.015196669,0.010201753,0.0010952275,7.928202e-05,0.22850858,0.034769107,0.0019818651,0.014002882,0.012265439,0.19670625,0.010346637
6777,0.07699423,0.009642073,0.00048424565,0.010719016,0.1770995,0.9611538,0.0036351092,0.7301923,0.0011414046,0.0019378794,0.1228481,0.004052809,0.030897921,0.0014990532,0.0011534771,0.30680043,0.00031691213,0.06765585,0.0028068882,0.0034781808,0.0048501627,0.7745491,0.005257068,0.011087814
6780,0.0005537806,0.0013846937,0.00016473685,0.0396064,0.80807376,0.053848825,0.06180627,0.8021273,0.0012216787,0.0010735338,0.002328798,0.0027278443,4.4634235e-05,0.10021631,0.0069841766,0.0018182539,2.413532e-05,0.5318655,9.728382e-05,0.00090709026,0.008574299,0.0023344937,0.0023617572,0.0018800221
6783,0.0002383637,0.00022096274,6.69533e-05,0.00025362818,0.9697757,0.0072306613,0.0002998026,0.10576306,0.0027531034,0.0030936822,0.0002512522,3.84373e-05,0.41181564,0.002528717,0.00044997703,0.0045162835,5.251964e-06,0.13682073,0.0058462606,0.0008205026,0.00092537655,0.027381107,1.4783509e-05,0.00014945869
6787,0.00866091,0.009456998,0.0037261653,0.007015013,0.9682368,0.030359725,0.008501839,0.20429103,0.06421391,0.013329517,0.0012135349,0.00097008044,0.020736957,0.017977223,0.015683923,0.004090816,0.0002022885,0.3794646,0.008022198,0.0064131566,0.015242617,0.010103842,0.0019803876,0.0035951326
6788,0.036414817,0.0695076,0.0588973,0.015774008,0.6598182,0.036031466,0.09226729,0.14775172,0.11132751,0.07930933,0.0065043583,0.015462428,0.50645745,0.03726272,0.03155845,0.051657658,0.0030060702,0.10058534,0.48027655,0.03764931,0.015211827,0.21183006,0.007485922,0.019688826
6789,0.03522362,0.05059512,0.0061807437,0.26204354,0.053404033,0.008678856,0.21041164,0.83679986,0.002077922,0.004153975,0.0021292523,0.41997978,0.00039808382,0.028586823,0.0076511293,0.0009263482,7.387766e-05,0.14851196,0.0035413003,0.0017197167,0.019300412,0.016487177,0.80031574,0.040282514
6793,0.06962148,0.032324195,0.005065134,0.015808059,0.90445447,0.7105535,0.029498426,0.13202333,0.031790625,0.0076292492,0.015406352,0.005646097,0.0290963,0.03071713,0.022727039,0.0481375,0.0024481555,0.24502525,0.014869725,0.021226998,0.012857184,0.13916841,0.005442872,0.02337228
6796,0.033218138,0.02402056,0.0020704996,0.004265556,0.9127101,0.5462019,0.0010160373,0.35454333,0.030614056,0.004872825,0.013735859,0.0009974593,0.009026931,0.021378985,0.008034248,0.07772653,0.0002715406,0.21562368,0.0062958687,0.007400457,0.010362195,0.2220397,0.0021227205,0.005343112
6799,0.0042300806,0.006696697,0.00047515493,0.0053665405,0.18514137,0.055326015,0.0008819573,0.7773362,0.004541591,0.01733117,0.0072080744,0.002721771,0.0058485996,0.0055702864,0.005284309,0.06368791,2.1316006e-05,0.561096,0.00072481716,0.0010029437,0.00093207415,0.14004137,0.008501373,0.0024598076
6801,0.038751204,0.05004765,0.0076763798,0.070153356,0.29386923,0.04903304,0.02566635,0.8154516,0.014190211,0.0129685905,0.01697493,0.04436647,0.008775885,0.037648045,0.018725885,0.01720455,0.000789589,0.4687747,0.016191263,0.012556727,0.016746039,0.13510428,0.07448203,0.027049918
6806,0.07818624,0.015118469,0.0008176125,0.0020467017,0.8337809,0.6715715,0.0004069368,0.34841213,0.008129356,0.038386784,0.020130605,0.0011218729,0.11024908,0.003342595,0.0068982104,0.06938712,0.00016264753,0.28948122,0.0042850226,0.004758968,0.0024447506,0.4329843,0.0013664269,0.011978051
6807,0.041431576,0.02588142,0.026044585,0.10625071,0.5587062,0.21728058,0.07117511,0.6919993,0.10188984,0.045104448,0.05721869,0.026032131,0.03325781,0.09622996,0.048224505,0.054397196,0.010599789,0.21994701,0.019485217,0.041628577,0.52456474,0.12117311,0.020493945,0.04582913
6809,0.010258508,0.013982534,0.0051320805,0.009770904,0.74388266,0.015161235,0.0037583138,0.57046545,0.041709617,0.052680504,0.006400742,0.0022657034,0.031101119,0.0603697,0.036864318,0.040310424,0.000306591,0.5721498,0.011507679,0.009334621,0.0098371,0.09911095,0.0033271,0.007732918
6812,0.0006075019,0.0036056854,0.001320823,0.0047055394,0.9735992,0.0057659517,0.0004067572,0.18244374,0.05323716,0.034565408,0.0013039149,0.0004451216,0.0019038346,0.06825438,0.0782278,0.0021282355,2.1731443e-05,0.89383376,0.0004696308,0.0021460473,0.008614741,0.003983441,0.00069524604,0.0008711016
6813,0.4474808,0.7645196,0.061240375,0.019764049,0.16268194,0.013782369,0.0033517196,0.47529072,0.13248762,0.17268623,0.005966505,0.16445237,0.040035926,0.015524477,0.030971069,0.007975561,0.0006693129,0.28794286,0.04432113,0.0091467975,0.019301947,0.09920587,0.111402035,0.26378182
6816,0.008213692,0.026128132,0.019964894,0.012940001,0.8452008,0.0129503785,0.009977412,0.34260547,0.21333736,0.15033107,0.0042311135,0.0038345652,0.065910794,0.07009303,0.06377868,0.018173749,0.0006074848,0.43603817,0.02065324,0.017302778,0.05030315,0.020245401,0.0030688872,0.0076703266
6819,0.032384723,0.021067144,0.0034439836,0.0017529982,0.97212994,0.12712978,0.00022796502,0.16620588,0.083288066,0.064988784,0.0048615616,0.0004734241,0.024987426,0.019438235,0.05368236,0.046037156,0.00012574201,0.6496951,0.004193971,0.0072537544,0.012161288,0.1131614,0.001018964,0.0035207006
6823,0.06485422,0.082891285,0.014756472,0.015136968,0.88322604,0.36517528,0.017205985,0.3699897,0.08290879,0.032869942,0.018004917,0.016323267,0.031815078,0.037735466,0.029955579,0.06632381,0.002162479,0.123879,0.01820994,0.020235954,0.024679972,0.19858399,0.005781979,0.043597363
6833,0.23987778,0.30690277,0.009256959,0.0014103592,0.29740298,0.08095797,0.0010655045,0.31792533,0.039107386,0.01920838,0.0032192827,0.0067626336,0.07130038,0.0014635302,0.0050968556,0.008649018,0.00014207429,0.046298783,0.02734503,0.002678985,0.004356514,0.37451115,0.0043482343,0.27626044
6834,0.10447248,0.18080652,0.0067393975,0.051691715,0.05039153,0.033281334,0.0018685377,0.9684571,0.01629715,0.014325842,0.011223688,0.16103092,0.0023310035,0.010915725,0.008578397,0.0037839653,0.000105304985,0.33842477,0.00433027,0.003425719,0.015512362,0.15788735,0.40024313,0.17994133
6841,0.0057288646,0.012282238,1.4021188e-06,0.00011519727,0.07551533,0.002269028,9.575667e-07,0.99800813,5.8588184e-06,2.1731692e-05,2.3493263e-05,0.00083907956,5.6164376e-06,9.596111e-05,3.4239547e-05,2.6958294e-05,1.4234885e-09,0.3634737,2.1377138e-05,1.1133078e-06,2.548268e-05,0.08279409,0.092246406,0.0005551438
6846,0.009659445,0.004175624,0.0011958036,0.002316371,0.2599205,0.024877355,0.001845562,0.4216741,0.00519653,0.06022774,0.0073963976,0.0005881845,0.8960535,0.0041709733,0.0008345668,0.0554748,9.276417e-05,0.028970527,0.08683484,0.004684414,0.0058342083,0.30735496,0.00046309462,0.0026633968
6852,0.27858037,0.8696343,0.09570725,0.024930498,0.085912384,0.0018770073,0.0018116193,0.39714882,0.25775003,0.5266063,0.00084156496,0.17281929,0.004749417,0.01670706,0.05031746,0.0018712762,4.958944e-05,0.58703804,0.019908762,0.0030989675,0.014534385,0.012901002,0.09347747,0.08882168
6863,0.14133827,0.18077411,0.101084374,0.044136167,0.31324255,0.06470573,0.06890211,0.26614088,0.13590044,0.20443076,0.0272221,0.062224247,0.47387826,0.071266875,0.046925962,0.114586,0.007844364,0.1663206,0.19637187,0.06315144,0.031265393,0.28712472,0.047302034,0.0695004
6868,0.12195105,0.57026243,0.2147718,0.033518564,0.77351785,0.015246381,0.013162104,0.28300098,0.56303686,0.50337046,0.010822975,0.054005098,0.04859369,0.12435623,0.117392994,0.029412309,0.0024038318,0.35693002,0.08777957,0.026587619,0.086351134,0.04100126,0.034529563,0.07521081
6869,0.051938847,0.0061595035,0.00026987458,0.008077985,0.2293638,0.4428747,0.0027917922,0.7806423,0.0007518808,0.0019730502,0.026477426,0.0035392223,0.040506102,0.0012099151,0.00049142196,0.092662536,7.588073e-05,0.05796483,0.004436234,0.0010093522,0.0037349304,0.6415949,0.0016440368,0.007890689
6872,0.0037084967,0.0012477518,0.0005627316,0.004453484,0.8769787,0.06584024,0.003948393,0.37527636,0.005071075,0.008974124,0.0025484294,0.00039509768,0.08110497,0.007078533,0.006500135,0.027447024,0.00011343507,0.1177497,0.007020576,0.005694044,0.0044645737,0.13048089,0.00039828656,0.002199821
6873,0.3973142,0.036504496,0.001176167,0.002893321,0.3980709,0.9650613,0.0031546208,0.3375167,0.0055246153,0.0022187654,0.01658504,0.0022281872,0.05980912,0.0008175626,0.001050772,0.059879217,0.00033155925,0.009439683,0.0061813234,0.0028603536,0.0046240324,0.79905933,0.0025803042,0.020180857
6881,0.48864415,0.070917994,0.004261635,0.0019290972,0.33044344,0.6468914,0.0009171898,0.28589487,0.0118895285,0.024492163,0.036248405,0.0028965704,0.21863621,0.0015559915,0.0026113559,0.42785683,0.0014839713,0.018559493,0.122628964,0.010639067,0.004937798,0.9334889,0.005913051,0.013999999
6882,0.28945184,0.03373889,0.0033726683,0.025912737,0.40993372,0.9341032,0.031007484,0.5945741,0.0106768925,0.008055946,0.12561825,0.012549723,0.033516288,0.006389271,0.004496313,0.24725215,0.0028974216,0.0826143,0.018021733,0.012917773,0.024423555,0.77380925,0.012654174,0.030569682
6891,0.01136073,0.047867876,0.018946258,0.07588145,0.61212397,0.033468693,0.13571346,0.5378099,0.057347763,0.03356074,0.0076876227,0.022118751,0.025532963,0.0853939,0.03938212,0.018922338,0.0012810043,0.20506604,0.01812976,0.016866975,0.025067331,0.052494038,0.013848499,0.028281111
6892,0.0670452,0.04198861,0.01267562,0.0645616,0.3429928,0.24875823,0.050859254,0.73046803,0.032880053,0.026615912,0.03393252,0.029445773,0.06958333,0.0364195,0.016607797,0.07321641,0.004096932,0.1123162,0.027431078,0.024745228,0.046380315,0.27806053,0.02658084,0.053332772
6893,0.25307062,0.34210113,0.10283748,0.006003909,0.18076347,0.026216371,0.028407505,0.06857973,0.0984498,0.18522535,0.007510244,0.019685518,0.7832105,0.010838255,0.012852841,0.17821193,0.0018507562,0.055882297,0.86715126,0.033233717,0.0047866507,0.4933994,0.011823151,0.022243047
6894,0.33315662,0.016401386,0.0003078596,0.000202286,0.77222526,0.95948994,0.00049857656,0.075647324,0.0033808204,0.000629732,0.005902457,0.00019423963,0.06435385,0.00067669264,0.00015203375,0.06521737,5.9091108e-05,0.0012452501,0.012216664,0.0007241105,0.0018272863,0.8613575,0.000101839476,0.0035232473
6895,0.0009059958,0.009198533,0.003092413,0.0025999155,0.9790043,0.01693161,0.010500179,0.1360965,0.09120512,0.0122631285,0.00040334137,0.00050211773,0.00481043,0.029674772,0.0076842722,0.0071577346,3.9127746e-05,0.064032786,0.0020891768,0.0020479348,0.012528668,0.006763114,0.00030353255,0.0009708766
6898,0.15560836,0.17573144,0.07768272,0.0743409,0.52233505,0.17092903,0.15105692,0.34041446,0.1036308,0.09080973,0.022323232,0.07263678,0.13576642,0.055310424,0.0424727,0.070254505,0.009260332,0.13036859,0.11210828,0.047949012,0.04308791,0.20173666,0.056777414,0.06601701
6900,0.0032467272,0.0009238939,4.3210486e-05,7.7655546e-05,0.5735388,0.044774327,3.0217197e-05,0.30850163,0.00069929555,0.0057589286,0.00069450994,2.0528709e-05,0.25264895,0.0012728143,0.00014773391,0.109879166,8.576904e-07,0.012779541,0.0049397666,0.0002996212,4.389319e-05,0.7960947,8.879124e-06,0.00013852486
6905,0.020382231,0.0772314,0.0078339465,0.0014439417,0.6415496,0.020326443,0.00056487037,0.26812088,0.08117144,0.29339224,0.0019527272,0.0013070962,0.46751556,0.005845232,0.00846069,0.022664515,6.621069e-05,0.12700152,0.030003801,0.005151247,0.004358875,0.15661304,0.0030186528,0.004393859
6907,0.012920271,0.0061723194,0.0022289865,0.001004793,0.18928355,0.09303077,0.0011450016,0.17412692,0.0052337903,0.042897526,0.0066705765,0.00064802455,0.9730115,0.0048786993,0.0020138246,0.35206106,8.953246e-05,0.038145967,0.06516785,0.008819242,0.0006973097,0.7581866,0.00069707446,0.0012810568
6910,0.6658593,0.59337276,0.022792859,0.0005695823,0.9129062,0.18923676,0.0002680383,0.077876866,0.22844994,0.069462776,0.0008608698,0.0015193701,0.0017020847,0.0007849419,0.008788457,0.0043076426,5.3829517e-05,0.11731556,0.0069871936,0.000942049,0.012612953,0.08346425,0.0025836544,0.038420822
6917,0.2308921,0.47304633,0.22723712,0.03931777,0.5629246,0.06663834,0.04515251,0.21511015,0.44785267,0.41313645,0.02600656,0.046902552,0.21804945,0.07337966,0.16676207,0.11745345,0.012850547,0.34188673,0.47138184,0.094032556,0.05089252,0.20181793,0.048991214,0.09998291
6919,0.15623455,0.02777028,0.0010974596,0.009443379,0.21311642,0.22043616,0.0011824493,0.9540876,0.006701244,0.0037691256,0.007110075,0.013147755,0.0020847884,0.0054972637,0.0023903956,0.003611206,6.0378214e-05,0.26600206,0.0022250016,0.0016183994,0.012842227,0.13261539,0.017925702,0.025062544
6924,0.023671215,0.018935177,0.008289852,0.05190413,0.7569903,0.14773212,0.03679996,0.64780706,0.08682706,0.037819162,0.016840367,0.009394845,0.055235714,0.07148541,0.027254274,0.029874662,0.0025056708,0.21389154,0.0129932,0.024206918,0.14148787,0.051506694,0.008284963,0.015105801
6928,0.14160946,0.026529303,0.0035819379,0.03464335,0.6743778,0.26943454,0.011310064,0.56942314,0.0047853943,0.005263673,0.013225054,0.026367774,0.0040133744,0.010526281,0.013955146,0.035169397,0.00055552035,0.30944562,0.010228434,0.005949549,0.0052629765,0.28270847,0.2416657,0.013074604
6936,0.5384755,0.31536505,0.06474676,0.00976162,0.68236375,0.10343992,0.008154366,0.15001851,0.17011644,0.13649394,0.01264387,0.02122765,0.17701164,0.008410363,0.027713772,0.07761656,0.004409494,0.07380182,0.5874418,0.028092947,0.04045351,0.37765598,0.013121659,0.05797288
6937,0.39963847,0.009390022,0.00016761088,0.0011672425,0.8859559,0.9321353,0.0005953168,0.2741458,0.0023526002,0.00072469696,0.012117647,0.00050462206,0.0027618948,0.0005650169,0.0021023091,0.023288537,0.00013583813,0.08078897,0.0014760057,0.0015224651,0.006288108,0.5374472,0.0013681737,0.027369874
6938,0.038010083,0.03308902,0.0022823275,0.016734226,0.865538,0.2868718,0.00436833,0.49808583,0.008259442,0.008516426,0.007057119,0.0077608116,0.007977885,0.013481858,0.0078836335,0.010512855,0.0003393987,0.19221173,0.00365037,0.0062065283,0.010519915,0.09359054,0.009577859,0.0107743535
6941,0.36180028,0.22509372,0.009476824,0.00020047839,0.74960935,0.24930261,0.00019188103,0.05897567,0.12922707,0.14371341,0.0021128603,0.0006621707,0.16890587,0.0010809596,0.0053762314,0.15214413,0.00019812376,0.029856555,0.06992181,0.006572519,0.0025546001,0.75557846,0.0011173838,0.0073043127
6943,0.15682867,0.08025092,0.010694707,0.012861833,0.079179764,0.06965834,0.003097318,0.53567815,0.02142949,0.17162709,0.020824054,0.014473106,0.35759595,0.0071879663,0.0068930318,0.1207196,0.0006799592,0.19308841,0.06189885,0.0140872365,0.0041860845,0.57760185,0.012703112,0.025468199
6944,0.0055253147,0.0012591053,6.286552e-05,0.0066702007,0.8941494,0.5713819,0.0005379618,0.8127212,0.00076477183,0.00031195726,0.019439088,0.0008113269,4.6227226e-05,0.0018310883,0.00094210065,0.0171503,1.2242929e-05,0.43235135,0.0002451359,0.0004784605,0.009466865,0.1113822,0.0017688676,0.0023800703
6949,0.011451398,0.0047813742,0.00015824371,0.00079570827,0.15728548,0.10566666,0.00019066423,0.42791206,0.0011998662,0.008042861,0.01382884,0.0017275097,0.3884839,0.0005697623,0.00050671754,0.006615398,1.0170271e-05,0.084227934,0.00203531,0.0008259749,0.0006079447,0.39722148,0.00045838827,0.08637104
6960,0.048253644,0.123555556,0.07947636,0.12745269,0.5312383,0.03283058,0.1225078,0.3651981,0.18149175,0.17228736,0.018512024,0.056438576,0.052805703,0.25028002,0.1662477,0.031511493,0.0068780747,0.5130327,0.03930043,0.04133665,0.09208073,0.040135354,0.040197,0.05824854
6963,0.0027034392,0.019935306,0.0017335254,0.0090891365,0.4421114,0.010725768,0.00447653,0.9154315,0.054463014,0.01739651,0.0014380233,0.0034011828,0.0053628413,0.01498575,0.0023600883,0.0031306262,3.0653544e-05,0.04411065,0.0007917363,0.0013667016,0.024529051,0.01259065,0.0014583265,0.005762312
6966,0.070283584,0.39784497,0.110211365,0.06657896,0.5046238,0.0057766526,0.019662654,0.42472368,0.3438456,0.28533292,0.006194214,0.066172175,0.0058435802,0.23801132,0.2862842,0.011064128,0.0017468815,0.757852,0.034659736,0.024359692,0.08811916,0.018654471,0.09545477,0.06955904
6970,0.0019112063,0.0026324743,0.00020547303,0.006768535,0.8256868,0.23434414,0.0002454425,0.81960756,0.005531386,0.009434831,0.013205343,0.0006857311,0.007971515,0.00962574,0.008632213,0.013411365,3.372246e-05,0.57187796,0.00019168611,0.0021352994,0.003910356,0.052280184,0.0005612446,0.0043031718
6971,0.09005799,0.021184685,0.0028073138,0.06808217,0.13770719,0.04126961,0.08295773,0.8508778,0.0018155765,0.0024740386,0.004412214,0.105533525,0.0024482405,0.019011118,0.0033768772,0.0033095882,0.00027900096,0.07483737,0.005739494,0.00314781,0.022577541,0.08966235,0.37303495,0.042269867
6979,0.6504294,0.34571293,0.029090604,0.015129357,0.25044516,0.10577801,0.015040256,0.21909013,0.04026857,0.0665737,0.005966539,0.03702065,0.11217421,0.002207606,0.0051973485,0.021114955,0.0007365921,0.056811474,0.36925107,0.006036832,0.006332068,0.47347844,0.050752778,0.08918049
6980,0.037107,0.09023725,0.01406048,0.0876362,0.4014454,0.11787684,0.1751452,0.6199635,0.013842216,0.01364739,0.05345917,0.13956416,0.01871475,0.046548173,0.019509647,0.073292874,0.0022243527,0.17646003,0.10657644,0.012813359,0.015072735,0.26879057,0.060291115,0.075641885
6981,0.022356413,0.01883205,0.0045322315,0.03475053,0.22640428,0.05207079,0.18721682,0.42312133,0.004454947,0.007235867,0.010055568,0.031737056,0.100538254,0.025942048,0.0037690862,0.1609804,0.0010322866,0.029333966,0.05619942,0.008128453,0.004809278,0.47692794,0.011373388,0.021031927
6985,0.043902826,0.05357845,0.015443363,0.018668488,0.9135756,0.06611419,0.010457509,0.3280951,0.10963508,0.106054135,0.008876014,0.006506858,0.068047866,0.03845815,0.051727813,0.01859017,0.0016215182,0.43645242,0.03691576,0.018589154,0.06965203,0.039765485,0.010858635,0.017070573
6986,0.022298822,0.008908873,0.0020003116,0.04281765,0.63164026,0.35930175,0.047644753,0.6609751,0.0073713567,0.0067220367,0.01810385,0.024172615,0.016637508,0.035437748,0.010428746,0.03284589,0.0013300668,0.09834622,0.00578776,0.01297455,0.04001601,0.19785336,0.022071151,0.03599907
6988,0.26398528,0.080429666,0.006724622,0.0896109,0.09964057,0.4542023,0.03352277,0.9003589,0.017203977,0.012879845,0.05585703,0.058965974,0.0047599548,0.017597957,0.006696446,0.011826795,0.0011884877,0.11398425,0.004934744,0.0062333085,0.17180485,0.18318461,0.07849788,0.0830379
6990,0.00028956198,0.0016507059,0.00037028673,0.015927717,0.7921959,0.0012662119,0.0013918689,0.84736097,0.006050008,0.009251648,0.0010424987,0.0014974019,0.00021033242,0.048525404,0.028365657,0.00093086844,7.718594e-06,0.9352945,0.000437574,0.0009103934,0.010783316,0.0018915532,0.0057082647,0.00092820043
6993,0.02898396,0.014670374,0.0087749185,0.068398334,0.49458018,0.22369811,0.4487013,0.3856612,0.017660514,0.010971967,0.007035397,0.017493494,0.03572323,0.041794356,0.0077762236,0.019616975,0.0013457759,0.027798874,0.017174534,0.014075995,0.019113861,0.08802546,0.005592839,0.0133079225
6996,0.26755673,0.27069148,0.00018319131,0.0054493314,0.0059989733,0.0006593611,0.00016287675,0.9428295,0.00014605798,0.0005103919,9.195794e-05,0.15674224,0.00035448602,0.00010657673,7.836261e-05,9.89189e-05,5.262003e-07,0.03482473,0.010630071,5.4479024e-05,7.829262e-05,0.12092301,0.8486356,0.046244998
6999,0.0012492416,0.0023481504,0.0012141181,0.08769884,0.64659995,0.026711307,0.009352426,0.62156355,0.005692951,0.01215764,0.011632008,0.0049283677,0.0025210585,0.13545951,0.055115305,0.0060530026,0.00014901927,0.7893657,0.0010734836,0.004890796,0.020265719,0.013992542,0.007780551,0.0038866915
7000,1.0574939e-05,1.459911e-06,3.907669e-09,6.178796e-06,0.9530829,0.8867343,1.565815e-07,0.9805876,1.0418213e-05,6.26008e-07,0.0002710047,1.4991237e-07,1.9007555e-05,8.591443e-07,1.4060242e-07,0.00084240816,1.1945596e-09,0.0017398612,5.646036e-07,5.096379e-07,6.661557e-05,0.14479358,3.1398275e-07,2.7180095e-06
7001,0.11362095,0.014340574,0.0024022635,0.0473649,0.11059049,0.80849296,0.04131124,0.84393036,0.0030076155,0.0052620377,0.14161208,0.048045132,0.0512934,0.008564753,0.0019661945,0.19834666,0.0018550996,0.038073767,0.014065649,0.009783987,0.02606585,0.76047266,0.027897187,0.034040384
7002,0.031010637,0.031022491,0.007262382,0.032478403,0.7757234,0.13991177,0.012763728,0.65642226,0.09597696,0.052949324,0.012829968,0.009582262,0.018378066,0.06670592,0.025314346,0.011769711,0.00086820143,0.29135677,0.004312372,0.011151652,0.1043715,0.04642321,0.0055210874,0.019346643
7003,0.004674138,0.013373513,0.0029243245,0.010904739,0.27507293,0.011665451,0.0031828661,0.7639959,0.02723578,0.088586345,0.008294198,0.0050034267,0.31355277,0.027213836,0.008074165,0.029122816,0.00016103231,0.41487393,0.013302834,0.006304335,0.00799208,0.09044456,0.0020889111,0.0047220835
7004,0.01572469,0.07267684,0.003385372,0.0012585274,0.994907,0.03336868,0.00038777842,0.09147574,0.075215496,0.0062823454,0.00028460284,0.0003576163,0.0011912413,0.009191643,0.03945838,0.0012186652,2.6092666e-05,0.5873798,0.0057197562,0.0011081552,0.008924882,0.004914599,0.0005686219,0.0022452176
7005,0.0062941653,0.01623153,0.0021959955,0.0076816813,0.32861876,0.07820807,0.0010108106,0.5988213,0.017550923,0.063806064,0.038191237,0.0023273304,0.17799374,0.017492091,0.010294048,0.33154047,0.00028730705,0.37586623,0.008474934,0.006820755,0.0034658401,0.5167371,0.0021345161,0.006256933
7006,0.016352748,0.030017221,0.0022627367,0.015189763,0.6446801,0.47472417,0.010413463,0.5756078,0.03193827,0.04997794,0.060601667,0.009155972,0.108891115,0.021692296,0.00987531,0.28590554,0.0015197239,0.2075076,0.0076612225,0.016951615,0.011526071,0.29667485,0.0060167476,0.019946992
7009,0.010378673,0.008204275,0.000661192,0.0029294665,0.9287289,0.30218732,0.0005367025,0.5575691,0.009923996,0.008197708,0.012730723,0.00075882376,0.0069362363,0.006180861,0.004281232,0.04809842,0.0001434816,0.116218455,0.0018200495,0.006310004,0.00744569,0.13470168,0.0041268165,0.0048303385
7010,0.0386396,0.07304499,0.04283853,0.04432566,0.2933979,0.02943889,0.011350691,0.5631818,0.15310803,0.23815288,0.027876405,0.020451142,0.09131434,0.07326828,0.09227285,0.09621068,0.0018090318,0.6729841,0.039473336,0.024922082,0.032975957,0.12624553,0.022827968,0.028172636
7011,0.19021267,0.006478821,0.00021107153,0.00010292863,0.1961274,0.6710427,0.00034975455,0.21686144,0.0009337804,0.0019861688,0.003214511,8.756435e-05,0.30873457,4.098184e-05,9.0062764e-05,0.15005986,1.3708442e-05,0.0045949034,0.04770025,0.0006811997,0.000160902,0.95210564,0.0001411866,0.0013232146
7014,0.025680535,0.03011436,0.015657997,0.032881923,0.5278997,0.118214354,0.013483983,0.61562145,0.067715585,0.0714933,0.03214202,0.016135724,0.15250514,0.17689006,0.057223797,0.0680166,0.0027608473,0.4178834,0.017354898,0.04077784,0.056298524,0.13967651,0.0093590105,0.02524586
7016,0.07388704,0.06029094,0.010570649,0.014210898,0.7350063,0.23757872,0.012139209,0.35526994,0.040497188,0.049628522,0.025420897,0.008635654,0.110573314,0.041940056,0.022728046,0.088858835,0.0025770224,0.11298585,0.04196902,0.025992949,0.03174322,0.36634883,0.012072409,0.03479075
7022,0.12794884,0.12763539,0.06690325,0.13687374,0.28624755,0.24628268,0.07984486,0.673526,0.10101442,0.088656396,0.10795801,0.11411795,0.12183031,0.09827662,0.073045656,0.13820753,0.017104626,0.28277934,0.052409,0.068763696,0.13560611,0.3080071,0.09233026,0.1483871
7026,3.1843185e-05,0.0006998389,0.0017863928,0.02359511,0.16261737,0.00014262047,0.9938494,0.16706657,0.0017625766,0.0011205666,1.2048848e-05,0.0033194607,0.0011594781,0.03760973,0.00033433372,0.0002654352,1.2023536e-06,0.0041428367,0.0036738843,0.00015604278,0.0011959113,0.0006532628,0.00010657327,0.00017666495
7027,0.6350033,0.19038473,0.003699886,0.044625476,0.08085047,0.039683014,0.007904984,0.81285894,0.0014906022,0.0023547646,0.0024867202,0.2963623,0.00055653055,0.0018752697,0.0017015937,0.001116215,8.287904e-05,0.057624463,0.008957757,0.0013898516,0.006300279,0.13397498,0.8946653,0.09009213
7029,0.052656226,0.092997395,0.019188317,0.053458713,0.49032116,0.16928095,0.012198343,0.7328133,0.090069056,0.07168083,0.0629331,0.026338642,0.041670218,0.122286364,0.08580219,0.04099186,0.0033364673,0.6384113,0.00856245,0.025495326,0.054650076,0.11447204,0.028508473,0.098027736
7031,0.032990303,0.12358919,0.114270225,0.10341596,0.5626177,0.06511284,0.37002528,0.36344516,0.18329273,0.097412884,0.020158669,0.06037887,0.18806113,0.1323036,0.06153005,0.04956829,0.0088603,0.18316758,0.10144106,0.05179515,0.06904291,0.08285466,0.027627675,0.05038759
7035,0.23477852,0.0022424378,0.00020662449,0.0013239718,0.3803378,0.9725678,0.00032203534,0.5493666,0.00061074516,0.0024677038,0.04954479,0.00038317524,0.062078726,0.00016092639,0.00025991965,0.38565388,0.000115487404,0.010301483,0.0033075535,0.00198464,0.0016144417,0.9601343,0.0014866621,0.0023073358
7041,0.06251162,0.042535536,0.008701017,0.009221003,0.54560935,0.19464545,0.011935625,0.39544347,0.045784116,0.01795462,0.012294253,0.004432033,0.07372751,0.025383126,0.008360718,0.030265026,0.0010083541,0.022647189,0.0108676115,0.009928584,0.11796098,0.18253136,0.003538488,0.021110103
7043,0.47523975,0.7680887,0.3670845,0.027532384,0.40625164,0.021282718,0.034241814,0.14219555,0.44086948,0.3271906,0.004027913,0.04734661,0.08146639,0.03675247,0.064023264,0.021677531,0.0022374366,0.16107838,0.601369,0.016722335,0.04021876,0.083091535,0.0149437515,0.08780165
7045,0.020858428,0.02934567,0.006701704,0.029690944,0.3772642,0.1346067,0.01437091,0.8473636,0.03682439,0.027300341,0.0085778665,0.008102957,0.017150532,0.04239675,0.014479119,0.016941877,0.0003977508,0.19355333,0.004030305,0.009186051,0.026721641,0.07633818,0.008086329,0.019079495
7052,0.0038495061,0.003961416,0.0013758705,0.013060902,0.38253072,0.031711094,0.006279985,0.81351954,0.0073834914,0.009816388,0.008063921,0.0037998979,0.036030248,0.017856203,0.008975927,0.031950634,0.00019891816,0.3435801,0.0036677818,0.0066790367,0.009439905,0.1422978,0.0053254976,0.005150153
7054,0.0121171605,0.02315839,0.0016448494,0.04455433,0.39874554,0.052468628,0.0036540488,0.95881325,0.0064065065,0.0035794028,0.016679652,0.018898046,0.00085923285,0.028828055,0.012375005,0.0037436595,0.00011072177,0.45744213,0.0016262502,0.001903841,0.08206094,0.051224317,0.038872987,0.038676534
7056,0.037622537,0.05391546,0.030651553,0.22536649,0.43810534,0.16234794,0.41052544,0.43829823,0.06916589,0.051436894,0.02551695,0.08279291,0.030800592,0.50543886,0.050512433,0.045470115,0.0050595663,0.07849631,0.024058746,0.03647441,0.0658047,0.07224285,0.022743605,0.040966664
7057,0.20478153,0.40257967,0.028873648,0.063162155,0.063189805,0.07420603,0.010519553,0.8551688,0.03079319,0.04803982,0.033755403,0.17141634,0.028794466,0.021528095,0.014283692,0.01810202,0.0007875398,0.25704604,0.017432109,0.011749179,0.01831407,0.25587112,0.20451018,0.17255549
7059,0.025364047,0.111070186,0.042180985,0.0096738245,0.90662956,0.033976454,0.01038363,0.35591388,0.28667027,0.11871614,0.003593968,0.0073285243,0.017849466,0.085814945,0.07776732,0.016387045,0.0006237093,0.28721258,0.009938863,0.012820888,0.045741692,0.038715538,0.007910962,0.032422405
7062,0.07221685,0.013578707,0.0056782453,0.006736899,0.8145711,0.5419195,0.014777172,0.22362621,0.013996926,0.014101987,0.019978108,0.0032726652,0.31072408,0.011890812,0.00746714,0.16519383,0.0019667093,0.03226963,0.048688326,0.027566044,0.012615086,0.5453355,0.0034828316,0.0138439275
7064,0.0149642695,0.0074802623,0.00086946134,0.00826027,0.83025515,0.3894031,0.0026101614,0.55168694,0.0049726013,0.0047033564,0.017817127,0.0023016906,0.014503954,0.028706718,0.013829327,0.040699966,0.00041090924,0.28421322,0.0027641787,0.01086876,0.012860654,0.24030396,0.004933241,0.016119141
7069,0.007848802,0.012336339,0.007143036,0.055243544,0.45272675,0.29661623,0.021436255,0.69182384,0.043145042,0.044535916,0.11193243,0.016584698,0.08614987,0.07072319,0.01433416,0.34591162,0.0021650097,0.22946854,0.010643515,0.028724534,0.02324492,0.27014378,0.009204981,0.01706526
7079,0.60663533,0.3726873,0.008480473,0.025005087,0.014804807,0.018373815,0.00271621,0.8795947,0.0048395274,0.0072355648,0.0033687584,0.17046101,0.009387813,0.0016613818,0.0017999302,0.0073341667,8.998739e-05,0.054379307,0.10081127,0.0026298212,0.0035923396,0.43698502,0.640655,0.044147424
7083,0.03928969,0.01407732,0.0025302873,0.013754838,0.24786575,0.052922957,0.0025483575,0.81149775,0.0071543665,0.02794502,0.018746557,0.004970389,0.07561157,0.014478649,0.013885666,0.06340842,0.0003963726,0.5678725,0.017085114,0.0064049037,0.0054734647,0.22747494,0.012923878,0.009321772
7084,0.012414753,0.023028048,0.0055553117,0.033482216,0.26585189,0.041135192,0.0065345853,0.7402463,0.030574024,0.06244846,0.017541798,0.0070993616,0.11829586,0.050545122,0.01966095,0.053304266,0.0006182813,0.45663884,0.0056671323,0.013517567,0.012859994,0.13298051,0.007908934,0.02072906
7088,0.12934195,0.111043476,0.01813507,0.00051825406,0.327324,0.057455245,0.0020106179,0.057381783,0.050833363,0.10985387,0.004366242,0.0015809353,0.9434838,0.0021119076,0.0021393166,0.09926337,0.00023787943,0.020402474,0.32354322,0.0077359886,0.002358196,0.5109738,0.000873803,0.0061963685
7094,0.07630942,0.04414144,0.025016144,0.22373228,0.2641522,0.17929228,0.25127366,0.636269,0.027459519,0.05115699,0.068043396,0.15136468,0.083710656,0.14736466,0.033852804,0.053756356,0.007930266,0.1828564,0.037244115,0.04011147,0.06886582,0.16588292,0.0887973,0.07572917
7096,0.89585793,0.3285382,0.0060875453,0.0052836416,0.27681044,0.6986264,0.0023489345,0.3813221,0.01906736,0.015824085,0.015116461,0.011083114,0.012876081,0.0015793924,0.004689506,0.037786208,0.00043373584,0.05511959,0.037293643,0.0030847257,0.0038913223,0.7375939,0.023699366,0.05421925
7097,0.43251017,0.027981188,0.0013968726,0.009892649,0.15345131,0.88843095,0.04020908,0.44718564,0.002550698,0.0010725795,0.021014126,0.023785066,0.02172902,0.0032245647,0.00070348795,0.043457244,0.00039882376,0.005482835,0.009145094,0.0024087469,0.0052361856,0.7633358,0.012365794,0.01950285
7098,0.015485849,0.07711602,0.0049965214,0.061198667,0.050744556,0.00262932,0.009858999,0.9232799,0.0117662,0.019929796,0.0016668161,0.12858166,0.0016729364,0.014708615,0.013942571,0.0012130291,3.3920718e-05,0.5620867,0.0029985372,0.0008979167,0.0147756515,0.013538681,0.26177916,0.041929737
7099,0.000648713,0.0033545622,0.0020001088,0.028907737,0.91834617,0.007085101,0.8749199,0.02064666,0.008633976,0.0011632567,3.4168992e-05,0.0011791819,0.00018679058,0.04142192,0.0033821962,0.00031312116,1.7121412e-05,0.006311253,0.00090979296,0.00040894985,0.0072000874,0.00040162096,0.00019051322,0.0005239045
7101,0.013567386,0.023147065,0.007066247,0.031674583,0.5338639,0.12395261,0.008817311,0.8845504,0.03629307,0.059841517,0.032000475,0.01402787,0.025555987,0.047729403,0.013332741,0.025693301,0.00072178774,0.21929528,0.0043608285,0.012961689,0.056685004,0.14232446,0.021946127,0.029877955
7102,0.7877687,0.25631925,0.03413092,0.0071527823,0.7183081,0.3263706,0.005141787,0.08327078,0.074226454,0.09287795,0.012372843,0.009878681,0.19140564,0.004389416,0.015605848,0.1271362,0.003852365,0.053595427,0.3499771,0.017614748,0.012289651,0.5979459,0.025122147,0.03265142
7112,0.5701498,0.44463992,0.04832441,0.025829123,0.37643686,0.2600678,0.005921367,0.5547749,0.08773721,0.10685268,0.032555446,0.078715526,0.014851338,0.011273737,0.03180475,0.04324769,0.0029075274,0.20445628,0.031430196,0.01654155,0.035332322,0.37457904,0.13544567,0.16624302
7114,0.97714055,0.3963959,0.0034054397,0.0009540948,0.2642454,0.5991813,0.00024328877,0.20680638,0.018405445,0.023238515,0.0041825357,0.003233345,0.04592791,0.00021997579,0.0009817058,0.058107298,0.00024154995,0.012771842,0.1303762,0.0016203267,0.0024229242,0.87622005,0.017456168,0.019557428
7115,0.017483456,0.012399797,0.004345207,0.008674886,0.119233556,0.10123841,0.003909749,0.44233942,0.009379161,0.06191346,0.033639744,0.0045555145,0.9208517,0.0109699955,0.0027823164,0.45769975,0.0007218724,0.042014677,0.115854375,0.020689635,0.0039311326,0.7351395,0.0027120784,0.004693856
7117,0.0003924572,0.0014064984,0.00046414934,0.0061945897,0.7290666,0.0031069713,0.030111672,0.087261856,0.0028195533,0.005498734,0.0002439533,0.00035530378,0.10706081,0.58058155,0.0074519445,0.0076520126,2.851291e-05,0.09223791,0.0026357537,0.0032037622,0.00049349514,0.010679965,0.000132494,0.000478931
7119,0.5872762,0.3938624,0.0024257589,0.0009909468,0.14487171,0.30905142,0.0007611906,0.30186817,0.0037662655,0.011079389,0.0028627578,0.0061136507,0.012339876,0.000268273,0.0010225908,0.06735521,7.03853e-05,0.027126877,0.18978232,0.0012345174,0.00019581673,0.86757576,0.028452678,0.014492659
7121,0.01818111,0.07944074,0.048379924,0.04543387,0.5387776,0.00958822,0.10629173,0.6643021,0.13717966,0.04446057,0.0033485752,0.05327055,0.024381233,0.032319393,0.02209617,0.009778015,0.0009495161,0.179094,0.074597046,0.015328355,0.03815117,0.029369362,0.057948824,0.021082534
7122,0.0039248364,0.0011667307,6.2812964e-05,0.0056866007,0.94770646,0.33681354,0.00054863817,0.493978,0.0010562817,0.0004337466,0.0041460586,0.00063385814,0.0027108986,0.008066424,0.0022207163,0.0023772845,2.7535243e-05,0.44175884,0.0010330166,0.0013069393,0.001197542,0.054247845,0.00065216055,0.001988659
7123,0.025747355,0.094011836,0.03830428,0.0012814357,0.97865343,0.010296977,0.0017247954,0.035299297,0.3176241,0.11244819,0.0003550622,0.0008272974,0.07274642,0.011438105,0.04403396,0.0044474965,0.0001177812,0.08600599,0.026236009,0.005957137,0.015335411,0.013402448,0.0009028204,0.0045358944
7124,0.353916,0.0073766485,0.0006512493,0.014002691,0.21768379,0.9603287,0.008034852,0.4859026,0.0018399198,0.0033641555,0.056916695,0.005366581,0.08153373,0.002005617,0.0013602257,0.061561685,0.0004910491,0.041073628,0.0074352454,0.005434871,0.007946925,0.63255334,0.0050687594,0.023681004
7125,0.011484854,0.011192302,0.0014346098,0.009980367,0.81591284,0.0076935287,0.00088565884,0.66955614,0.038030643,0.004295087,0.00084858784,0.0030115347,9.561092e-05,0.0044308845,0.015267422,0.00013406311,1.456584e-05,0.35136798,0.00022934856,0.0006097168,0.83181405,0.0016547437,0.013187552,0.006176141
7126,0.19938111,0.35450792,0.01248573,0.08420532,0.037177265,0.007681168,0.0049644946,0.9535081,0.008242917,0.015747223,0.0029796516,0.32652387,0.00061571685,0.00921912,0.007422563,0.0020707774,5.2816264e-05,0.24185339,0.0076327953,0.0016926327,0.009659865,0.06510063,0.9500968,0.051785026
7128,0.008134001,0.012658935,0.009404328,0.036470678,0.8551215,0.03583258,0.013372015,0.44832954,0.04764295,0.04344809,0.008854601,0.0071314895,0.018726667,0.10526082,0.05520813,0.018019427,0.0008726526,0.45994902,0.0070782676,0.021844888,0.04702844,0.02648658,0.007434061,0.015527043
7133,0.040184744,0.052244958,0.008851942,0.1126275,0.16884136,0.05719584,0.037241384,0.90524286,0.013242041,0.009084246,0.014279249,0.16736236,0.0010360561,0.01334786,0.0058532814,0.006874424,0.0002132522,0.1791528,0.0025418922,0.0039743306,0.19319206,0.11384995,0.35663274,0.06337249
7137,0.046473335,0.6801508,7.0916786e-07,7.213211e-06,0.0006155203,2.4055357e-06,1.3248619e-07,0.96077776,8.8802415e-07,7.527048e-08,7.6740486e-10,0.012258411,2.0032244e-10,2.4431233e-07,8.388118e-07,3.7632705e-12,1.76701e-14,0.0008645711,2.0335844e-09,2.0108039e-10,4.7809986e-06,1.4523202e-05,0.0009976109,0.964387
7138,0.17908205,0.17810346,0.034672383,0.060688455,0.68138343,0.25669253,0.055002004,0.4129281,0.09650325,0.028239537,0.023758586,0.057857376,0.012029007,0.051576316,0.052266132,0.04148177,0.0053320085,0.25490808,0.021338554,0.03458458,0.07406243,0.1159252,0.057102185,0.09925374
7140,0.0024555614,0.0102415485,0.0019694786,0.01861008,0.5231149,0.041056897,0.0069457055,0.8805528,0.026778415,0.013704228,0.0064702635,0.0074968813,0.010516467,0.04344023,0.016422646,0.0057593053,0.00015718803,0.3544504,0.0023578112,0.0032878793,0.023918303,0.047005218,0.004585992,0.019639509
7141,0.061154857,0.08878039,0.04176615,0.043002866,0.67608905,0.02051795,0.0820373,0.2655849,0.07695557,0.04578702,0.003908815,0.058939278,0.026036337,0.048173115,0.03788088,0.0067561883,0.0014732857,0.18814445,0.06489579,0.018860962,0.10474985,0.03973338,0.028565211,0.04074521
7147,0.15273507,0.005358095,4.6312343e-05,0.0007694979,0.9805444,0.9655937,0.00011581593,0.17704019,0.0010672453,0.0003852419,0.0076278024,0.0002069599,0.0008278116,0.00043340563,0.0018646874,0.043758105,4.89879e-05,0.29504478,0.0012009135,0.0011397407,0.001369609,0.45996293,0.00062528293,0.0025551517
7151,0.15515181,0.039078787,0.01005032,0.06276989,0.4286014,0.5584348,0.097846456,0.49232298,0.012603788,0.013101847,0.028237965,0.05334064,0.047008358,0.030282442,0.00839944,0.04282465,0.0029733176,0.033500753,0.03571525,0.02287298,0.04011271,0.3568029,0.027119353,0.052628912
7154,0.13377212,0.27837017,0.10541941,0.01373803,0.86187446,0.06447521,0.053315423,0.10505045,0.31068116,0.092918485,0.003728102,0.018382063,0.15612033,0.037316926,0.030230336,0.0386575,0.0036637834,0.06623221,0.18566623,0.030591037,0.034975845,0.09472651,0.009336482,0.031630356
7155,0.09077462,0.14950864,0.060900312,0.0018413926,0.9344908,0.042086646,0.005423758,0.03796085,0.25138196,0.12046491,0.0024577384,0.002711226,0.47276214,0.014174005,0.0329273,0.08179297,0.0010721887,0.055398997,0.43352005,0.017698914,0.02759881,0.120642,0.0017246674,0.009814223
7156,0.08395049,0.06022463,0.0041756835,0.006257979,0.24718489,0.10467694,0.0055466783,0.45237193,0.016522797,0.040451206,0.006574138,0.0061476086,0.18140548,0.014569997,0.0053256676,0.032560065,0.00039614254,0.039634958,0.009788798,0.008650594,0.009740878,0.28235424,0.0067707673,0.031078978
7158,0.0038729806,0.0017958182,5.0069895e-05,0.00059281784,0.9308485,0.26386762,4.043594e-05,0.66863084,0.0045062527,0.00069571764,0.0018768938,9.240713e-05,0.00074767123,0.00025227378,0.00019908953,0.008529869,3.9835954e-06,0.029468715,0.0005059063,0.00011655845,0.0047944025,0.19085316,0.000116834315,0.0009192348
7161,0.0001223384,4.0230665e-05,1.964464e-06,0.000596422,0.99041075,0.111689515,3.129101e-05,0.89356995,0.00031616885,0.00069793325,0.0014782831,8.1890485e-06,4.5984172e-05,0.0029383167,0.0006057434,0.0032296232,7.710139e-07,0.6635223,7.583328e-06,0.00020542601,0.004512201,0.00935638,7.5976604e-05,3.585784e-05
7164,0.04560701,0.059209574,0.03207635,0.029103588,0.6620232,0.090437494,0.019882943,0.42860246,0.097951576,0.1453796,0.02608782,0.011938798,0.15023218,0.08557782,0.054834537,0.17423096,0.004751106,0.4716938,0.12343022,0.0544393,0.027714672,0.2215525,0.012639905,0.017470036
7165,0.0038404053,0.005314353,0.0026734995,0.18762803,0.26365545,0.051925488,0.37334093,0.77229667,0.008155265,0.008263242,0.009105088,0.06401448,0.009516516,0.12903526,0.0066514695,0.008861545,0.00036222665,0.09522132,0.0038763594,0.0056717987,0.041044798,0.044006474,0.02438491,0.016930152
7166,0.087170824,0.032402016,0.0027600229,0.045680393,0.09941967,0.33895966,0.03262392,0.82279277,0.0024400568,0.009399411,0.065928206,0.0844687,0.023195615,0.008272892,0.0027004327,0.08492271,0.0007556522,0.07638196,0.023136077,0.0073749027,0.007204377,0.6043403,0.07637724,0.048982248
7167,0.0017263669,0.0038476414,0.0016384339,0.0018125923,0.32584766,0.020263545,0.00053560256,0.68826246,0.013631858,0.034476228,0.0026641,0.00068638916,0.2267878,0.009158153,0.005585071,0.03100883,3.3494456e-05,0.15485424,0.0008492273,0.0036342442,0.0015074715,0.16305278,0.0004103821,0.0020148088
7170,0.017325874,0.058749206,0.057685655,0.12488428,0.5224304,0.0552961,0.081546515,0.37697154,0.20028237,0.14682007,0.026958657,0.11818971,0.019160824,0.124079645,0.13648298,0.036620263,0.0032818515,0.6610199,0.013296296,0.030513044,0.064044386,0.049660087,0.029219938,0.039126612
7175,0.023809219,0.0558613,0.009928026,0.05105134,0.1563708,0.0102507165,0.09887456,0.77343,0.042449873,0.04179025,0.0018561762,0.019899832,0.019471532,0.041034695,0.003370669,0.0036451072,0.00016539662,0.05671443,0.017561687,0.0031090067,0.044705328,0.012811362,0.008837722,0.011881007
7177,0.70398307,0.14726335,0.013201205,0.015126026,0.40360972,0.44015965,0.020695636,0.26021788,0.02341578,0.03222248,0.01966699,0.00986122,0.07182028,0.012143029,0.01138872,0.09316404,0.003059832,0.07163841,0.12878308,0.018472996,0.0152325835,0.48758137,0.014549055,0.052646887
7179,0.013519029,0.03150839,0.020421315,0.011302501,0.88739,0.025348268,0.011740434,0.21683152,0.17718714,0.046149105,0.0025511978,0.004645943,0.08511324,0.029632706,0.02815634,0.00838308,0.0005821063,0.12754549,0.023889393,0.01347905,0.09271021,0.026666751,0.0028237433,0.011918655
7180,0.06989783,0.015287471,0.0029647397,0.0008112751,0.8493707,0.1901776,0.0036436892,0.06541323,0.01984068,0.019865207,0.003085717,0.00069312734,0.43018597,0.005479833,0.005431012,0.13990046,0.00053952873,0.014563652,0.06370881,0.00863783,0.011744176,0.5549978,0.0006074578,0.005095105
7183,0.005037282,0.04979294,0.01793467,0.010293485,0.9390664,0.0014741445,0.005594648,0.19432175,0.31484982,0.048910204,0.00041786843,0.0030221045,0.0017308028,0.07846224,0.1326224,0.0010188633,7.860923e-05,0.6363245,0.0043579894,0.0023513283,0.03684733,0.0015032293,0.001693176,0.007840603
7184,0.04711507,0.086965404,0.01665034,0.0011944369,0.65756166,0.038455006,0.0040279664,0.1420919,0.14182623,0.10799264,0.0022584884,0.0022178981,0.6240169,0.015437991,0.004782716,0.017375829,0.0002188286,0.023698987,0.08913547,0.0072105695,0.005945394,0.12468526,0.0011891242,0.02668758
7186,0.002269161,0.002342275,0.00059697195,0.006432108,0.64135575,0.09888076,0.002296194,0.9183272,0.0046649496,0.0024043145,0.012476967,0.001715943,0.0054562204,0.0123996055,0.0054176887,0.020536594,6.45392e-05,0.23890546,0.00053404167,0.0008392239,0.01570785,0.11837056,0.0042905845,0.006689383
7190,0.054312147,0.089544185,0.03170667,0.07222159,0.2822077,0.057973024,0.08966419,0.73967373,0.10155644,0.070038944,0.023258945,0.05219008,0.06671564,0.11421247,0.017925795,0.09249597,0.0036077898,0.11197759,0.04352884,0.03069097,0.058834195,0.16282433,0.02926436,0.024778005
7192,0.00502549,0.0032543822,0.00013662652,0.006010557,0.61728835,0.107218325,0.0010718687,0.89748853,0.0010271501,0.00072408235,0.003334361,0.0016146707,0.00038577538,0.0023822018,0.0023195434,0.006537208,1.0767918e-05,0.5052092,0.0005844791,0.0009215671,0.001533279,0.09679521,0.0020818915,0.0022885022
7193,0.049604215,0.24879545,0.03488776,0.015062567,0.94494414,0.010124189,0.0042618066,0.2484045,0.34750846,0.10042834,0.0008803449,0.004417032,0.0018899776,0.055727202,0.040316604,0.0016493667,0.00021545457,0.3117727,0.007499546,0.0042617964,0.057685718,0.008901682,0.007003838,0.01586201
7196,0.0023676485,0.0004926545,0.0002127185,0.018593349,0.9093894,0.085856415,0.15607272,0.2813515,0.0012622928,0.002118008,0.00095287786,0.0007274686,0.010283336,0.07853067,0.0035930816,0.010295778,0.00014511979,0.06613898,0.0014841951,0.0014978332,0.0106956195,0.02573527,0.00031055723,0.00042087978
7206,0.03703112,0.04294001,0.043216962,0.21075521,0.3344202,0.06865687,0.19482028,0.69764805,0.055294648,0.071681626,0.042864874,0.07452522,0.05464729,0.12376543,0.045692753,0.058044057,0.0073102,0.27533755,0.13936289,0.052386068,0.08702481,0.14061391,0.06550562,0.039889615
7208,0.11020814,0.023718942,0.0025395488,0.01635037,0.1584082,0.8237566,0.0042789276,0.8419486,0.008237928,0.01691619,0.21074107,0.0067618513,0.05986785,0.0065498333,0.0025474182,0.35415265,0.001367314,0.07949138,0.0065499977,0.013025398,0.010756255,0.69287944,0.008898459,0.027648583
7214,0.0152173415,0.057938855,0.02316641,0.14034358,0.54354864,0.059700724,0.056193896,0.74384916,0.097233176,0.10193776,0.043690458,0.06195682,0.0206459,0.21722804,0.07368849,0.034328323,0.00327381,0.5572424,0.015332033,0.023495747,0.2271696,0.045360822,0.04641859,0.04849016
7215,0.21503586,0.07183834,0.017423974,0.008507932,0.13335544,0.42872494,0.007749114,0.36234272,0.025171159,0.12396569,0.057590812,0.009566179,0.6049253,0.0059183734,0.005586645,0.5039005,0.0028173567,0.050798256,0.13675763,0.034530398,0.0089942,0.8028434,0.010797807,0.023918347
7218,0.008332031,0.010700924,0.0020095387,0.0006402911,0.26167884,0.062996514,0.0006364694,0.09429515,0.00864459,0.085954785,0.0068294504,0.00033784768,0.97623336,0.004704622,0.0020031226,0.4489404,7.8001845e-05,0.049426813,0.060865246,0.008071534,0.0005043821,0.61422986,0.00037271035,0.0013507298
7221,0.0065482976,0.092951715,0.013363318,0.038365327,0.6310378,0.028304538,0.013498535,0.51337504,0.099978276,0.036924295,0.005639849,0.021573653,0.0065882225,0.14411876,0.08280725,0.0067002885,0.00034153738,0.64820325,0.0041821203,0.0081775775,0.015677366,0.017430278,0.02345131,0.016515747
7226,0.573503,0.28261316,0.045036837,0.005411518,0.27190062,0.19691317,0.0027288003,0.23511787,0.14984898,0.18315518,0.01351213,0.008217877,0.26029235,0.0027872701,0.013450425,0.061850373,0.001610884,0.072674304,0.3224854,0.0135978665,0.023187043,0.54324067,0.006912759,0.05641851
7227,0.0871148,0.037762523,0.014256186,0.056235522,0.45449004,0.353738,0.0295849,0.5850295,0.029834487,0.04099891,0.07770194,0.029225884,0.048515562,0.06805574,0.041441157,0.097622015,0.0053601786,0.27087608,0.02233092,0.034816936,0.06379142,0.3520314,0.04283711,0.053411163
7230,0.06237201,0.01988636,0.0017551255,0.003259915,0.9017231,0.5200808,0.010632749,0.09517292,0.014597715,0.0062535005,0.004309537,0.0020273456,0.094993345,0.006172732,0.004821526,0.04164022,0.0005138558,0.0867519,0.019034438,0.006315726,0.0048266565,0.17312643,0.0019936296,0.010462257
7232,0.0048309,0.0055055595,0.00086447387,0.003936215,0.44634372,0.030533882,0.0021641674,0.8677561,0.009057275,0.015387396,0.009124506,0.0010353969,0.08335902,0.008324799,0.004394459,0.14272122,0.00011432738,0.27659154,0.011172594,0.0026800134,0.003816577,0.2960416,0.0016489247,0.0023522556
7239,0.12171406,0.029527817,0.0016431425,0.0020548804,0.70419025,0.53580683,0.003847709,0.18862437,0.008913481,0.004743405,0.0025169803,0.0023373666,0.042687178,0.004116277,0.0028685904,0.014258432,0.0001956467,0.01979022,0.0073045036,0.0050821537,0.0027806328,0.31377843,0.0013482043,0.021373093
7240,0.007724467,0.015459438,0.0065544304,0.035934705,0.8176994,0.03141104,0.028453553,0.54584956,0.025827797,0.02574811,0.012306239,0.010502433,0.015124227,0.20483254,0.09055278,0.04007828,0.0012613266,0.7769603,0.019901125,0.021781873,0.0097148055,0.05366209,0.019337734,0.013048161
7241,0.0046140505,0.008877323,0.003650093,0.01788573,0.64847445,0.00812089,0.0058973753,0.5867443,0.08987459,0.0718869,0.0018416948,0.003546921,0.002285026,0.06630682,0.00650872,0.0011137696,3.6807392e-05,0.13455987,0.0013701473,0.002057821,0.124260694,0.0066605303,0.0006564939,0.007665828
7245,0.0056888787,0.021889562,0.007655812,0.047961157,0.5748029,0.05136362,0.0070227296,0.8207747,0.04096101,0.034746576,0.028400503,0.017010596,0.0063425144,0.0912132,0.06100469,0.025082149,0.00063524215,0.7368661,0.0030065766,0.011591658,0.051572338,0.04448373,0.024835983,0.020438606
7253,0.19956121,0.06768629,0.0147859845,0.015260584,0.2598871,0.17378321,0.041307203,0.15028562,0.018866932,0.03014348,0.011601025,0.01325999,0.5168203,0.016962362,0.0064914576,0.068416856,0.002261991,0.032286953,0.18500341,0.018776685,0.006492786,0.48746097,0.008359525,0.036289822
7264,0.0056076376,0.0033899392,0.0007426735,0.05807197,0.5070516,0.17193446,0.033941764,0.7665154,0.003566126,0.01035344,0.01643943,0.0053913933,0.022299943,0.05237683,0.005894021,0.042183578,0.00033322323,0.39304328,0.006457062,0.0064131026,0.008330037,0.08180644,0.0033646305,0.0045739138
7266,0.0055356687,0.0073644766,0.00023765546,9.607245e-05,0.67400587,0.109675206,0.00022831262,0.3501945,0.01214443,0.0022059395,0.00017381624,3.229488e-05,0.16569538,0.00025462452,4.4031793e-05,0.003086618,4.6266878e-06,0.0004492433,0.002018089,0.00014532323,0.010758122,0.10760426,1.3352188e-05,0.0007813426
7269,0.0018503818,0.035480488,0.0011013687,0.00190442,0.98765457,0.005744525,0.00017567354,0.4324101,0.16668333,0.03297103,0.00042889125,0.00034428012,0.0012659054,0.048676126,0.018867942,0.0032682584,8.78567e-06,0.4503761,0.002735754,0.00087950815,0.016896326,0.008941689,0.00018037511,0.00073913124
7270,0.0015528543,0.001219705,0.0008457956,0.0031858115,0.80373025,0.055736035,0.0018072744,0.4950216,0.007835448,0.014810845,0.008366986,0.001231658,0.0923799,0.0067391265,0.0031954732,0.0674183,6.075004e-05,0.313675,0.011302261,0.0047355914,0.0043071043,0.17773303,0.00097391993,0.0016173681
7274,0.01214614,0.023674708,0.010144825,0.08230889,0.4226347,0.009958204,0.1409468,0.6182326,0.02010247,0.01780257,0.0021185242,0.02246563,0.007343706,0.035045616,0.016867537,0.0035792803,0.00038528803,0.264284,0.023410287,0.006118781,0.019613044,0.016858952,0.011314475,0.0110447565
7280,0.07263495,0.23070224,0.05703666,0.05628308,0.5363462,0.18388936,0.03357724,0.5313063,0.16723171,0.068105556,0.072622366,0.04967011,0.039148293,0.06507463,0.030427262,0.13156083,0.008449033,0.2138114,0.060328364,0.061974138,0.07008895,0.23896268,0.043941367,0.09028876
7285,0.11454643,0.31695488,0.096250616,0.01761823,0.8176355,0.008093772,0.026696019,0.16872424,0.21960439,0.072581224,0.0010742361,0.014109122,0.00751366,0.022947866,0.035366192,0.0045170314,0.0006181135,0.20993136,0.1246059,0.009344499,0.039441586,0.022086054,0.015301426,0.023169316
7287,0.607333,0.0722137,0.002598736,0.013986827,0.23328415,0.7469545,0.0021903003,0.6873174,0.008063437,0.0077471235,0.041544203,0.04421968,0.01558391,0.0022715004,0.003860306,0.019429658,0.0006820958,0.10697214,0.00962679,0.0074009676,0.014570756,0.5115093,0.039484676,0.10274378
7291,0.1028112,0.2687218,0.10203773,0.019873135,0.8315511,0.030398322,0.017230524,0.22257279,0.32100043,0.17484531,0.0075811003,0.02238117,0.097300954,0.055977516,0.07056522,0.045652516,0.0031588478,0.20309818,0.16580944,0.03241969,0.052558474,0.12523606,0.015841756,0.037580684
7294,2.0261179e-05,0.0001860907,5.0464605e-05,0.0088789,0.8517914,0.0048332065,0.0011331392,0.97655797,0.0032881657,0.002232336,0.0010586793,0.00026216556,0.00018680716,0.040836643,0.0016790176,0.0019203568,2.1964781e-06,0.8622265,2.9042589e-05,0.0007139896,0.006461628,0.0018039931,0.00090678904,0.00014048198
7295,2.7381298e-05,1.4440902e-05,2.2860197e-06,0.00010262178,0.7624308,0.022317575,1.3077513e-05,0.9747149,0.0002322161,0.0003649288,0.00020343297,4.874077e-06,0.0055376906,0.0007609846,0.0002062924,0.011316637,2.2977474e-07,0.21646154,3.032308e-05,0.00012154699,0.00014877577,0.08076239,1.1038449e-05,3.6153964e-05
7301,0.040781368,0.19625564,0.048307322,0.0135663925,0.30428612,0.117434345,0.016544733,0.5805078,0.1639799,0.1721406,0.01359616,0.015291047,0.2965321,0.023071062,0.009362093,0.12260751,0.0011793835,0.030621458,0.052449558,0.019175438,0.031914953,0.2853988,0.013660156,0.0248595
7305,0.0057211774,0.013092559,0.0013905115,0.01005264,0.18949711,0.11729064,0.039229836,0.7908977,0.0057074446,0.011405838,0.010574745,0.0032326656,0.022060089,0.0033361472,0.0006008321,0.0074292417,4.4646447e-05,0.023194155,0.004539205,0.0010057961,0.014789334,0.056976557,0.0017532527,0.010852528
7310,0.026766418,0.18709339,0.019275382,0.0029374969,0.6780386,0.06490759,0.0017861581,0.14088443,0.10523304,0.18070905,0.007407763,0.001929583,0.63198483,0.024560332,0.038789943,0.13009785,0.0002513159,0.18343045,0.057038676,0.012837331,0.003368496,0.32440814,0.001225121,0.014397398
7311,0.02098447,0.03813658,0.0126528265,0.043049317,0.3691276,0.10484121,0.04520549,0.6035991,0.03693393,0.031496994,0.012804519,0.020302763,0.029497765,0.06679678,0.027591882,0.03905183,0.0012023372,0.30709106,0.007847649,0.016168801,0.012365456,0.13100843,0.015275081,0.024406133
7312,0.9637448,0.23393118,0.00041799754,0.00036651024,0.3025798,0.88261116,9.263078e-05,0.26880682,0.0012209499,0.0012184747,0.0021484678,0.0006743904,0.00426229,0.000100744444,0.00024464252,0.019292211,1.7640536e-05,0.014587966,0.0063478174,0.0002750367,0.00018418739,0.8792084,0.005051376,0.010883333
7314,0.01861638,0.0336831,0.011948567,0.03324069,0.6689185,0.080102354,0.036042426,0.42604968,0.047965806,0.03208972,0.0055887406,0.0064796405,0.046610996,0.05937008,0.022016475,0.016503941,0.00094500976,0.21373253,0.019169107,0.016060464,0.019986227,0.06842475,0.0035828517,0.01406866
7321,0.01107767,0.03553002,0.01136247,0.08141788,0.5706383,0.027263593,0.015310862,0.83296883,0.1428981,0.10396167,0.017491339,0.020839024,0.0065805316,0.2473336,0.045689456,0.018277656,0.0012313497,0.6048971,0.0028765479,0.01732664,0.21549502,0.023318127,0.018139677,0.018918213
7326,0.0013077622,0.0031623421,0.0024995727,0.009030962,0.4479488,0.030753475,0.008530301,0.70311993,0.025577407,0.05170658,0.008779017,0.0023873649,0.18656814,0.18871295,0.005286164,0.050350577,0.000126856,0.2767884,0.002571256,0.0074069886,0.00295386,0.09411285,0.000896697,0.001457712
7327,0.020736415,0.09364214,0.0128705,0.01963069,0.750888,0.039671447,0.0013440076,0.6572584,0.11513726,0.039078392,0.0062597794,0.009161061,0.002463271,0.060407955,0.08335203,0.003665641,0.00017635459,0.4990885,0.0021040025,0.0052622007,0.087532036,0.03237366,0.0086093955,0.05641215
7329,0.000572776,0.0045354534,0.0004775153,0.0026489838,0.9596751,0.0020340947,0.002215174,0.6006962,0.009681077,0.0075883223,0.00055020576,0.00039432198,0.00064280373,0.012306778,0.0153800575,0.0015834082,7.6412525e-06,0.77632207,0.0025226371,0.0003245516,0.0012361676,0.007972073,0.00059525104,0.001207877
7330,0.06008921,0.18544859,0.055550914,0.031946678,0.7030074,0.05458905,0.019283867,0.43340376,0.280731,0.14955401,0.012118012,0.026537482,0.05523222,0.05860367,0.037872832,0.023849862,0.0023932743,0.1667715,0.027943157,0.026395557,0.18261787,0.06160479,0.009110984,0.06938402
7339,0.0029783612,0.0022607977,0.00023138356,0.0014647698,0.9037799,0.07493781,0.0025334698,0.38021505,0.0033997418,0.0013535944,0.00021268382,0.00033372585,0.010639935,0.0036235927,0.0006006895,0.0020414577,1.2222863e-05,0.018135097,0.0007409002,0.00082259363,0.0021001645,0.022444874,0.00020086257,0.0005566024
7340,0.05905951,0.024013618,0.0038890291,0.024008412,0.54342747,0.47215426,0.017177466,0.694636,0.013805294,0.009524424,0.03853688,0.011845315,0.028781136,0.020994399,0.0060918806,0.043785106,0.0012543729,0.07310281,0.009008893,0.011357405,0.023996007,0.28582436,0.019963933,0.033230297
7343,0.8992922,0.73808503,0.055467255,0.0030202603,0.2293428,0.13307329,0.0013654304,0.10336526,0.08984957,0.30519405,0.0037995852,0.0109295,0.25095418,0.004483563,0.006860879,0.061519213,0.0007560852,0.021856043,0.3383091,0.0073059006,0.005852577,0.58553475,0.024600651,0.0390788
7345,0.005548417,0.012550734,0.0036829945,0.045329116,0.5431114,0.008610677,0.010339468,0.8159757,0.012854136,0.024088005,0.011409629,0.022757499,0.004291988,0.11451375,0.058822762,0.011940334,0.00027547393,0.83723325,0.008419097,0.0057875714,0.018286094,0.029780423,0.031281076,0.009752517
7350,0.06336122,0.005460916,0.0003408866,0.009450468,0.13125168,0.83472836,0.0020619414,0.97320205,0.003934897,0.0034377393,0.06110138,0.0032640437,0.0048994557,0.0022505757,0.000573631,0.005266071,8.1836726e-05,0.07233398,0.00040358116,0.0010648379,0.041349314,0.22936448,0.005317121,0.017041937
7351,0.04565875,0.04871445,0.0027091897,0.0073926393,0.854834,0.048852555,0.008875624,0.2095274,0.0078050983,0.002597859,0.00061469217,0.0037372198,0.010458314,0.005651076,0.0037496397,0.0055865436,0.00015308887,0.09199541,0.02351109,0.0042255516,0.0027565144,0.09533128,0.002874761,0.0050457306
7353,0.35189366,0.52458555,0.011455787,0.012252315,0.4708785,0.14850347,0.0015658948,0.48168054,0.038824607,0.024177814,0.005567071,0.044695005,0.005615564,0.009203528,0.010664323,0.0045348224,0.00020041397,0.24017717,0.013182527,0.003020885,0.014387325,0.09267289,0.03334495,0.14289573
7355,0.023373129,0.08569142,0.042481273,0.054937933,0.68072915,0.04370543,0.018697793,0.4926627,0.26197124,0.14658073,0.026290365,0.018970152,0.067756064,0.10876513,0.056451365,0.071214415,0.0027587356,0.40181416,0.03894529,0.02762749,0.09119769,0.08532168,0.011724937,0.029235834
7357,0.086986184,0.03658423,0.010111355,0.0788749,0.13782577,0.1653133,0.023769056,0.9056952,0.019637438,0.0287336,0.08344884,0.0552212,0.030571902,0.01870366,0.009196922,0.047307573,0.0015314893,0.19920273,0.019718936,0.014940888,0.07260424,0.37445113,0.06519096,0.058994714
7358,0.39236057,0.69588953,0.16132769,0.07480783,0.24431607,0.018231295,0.07025161,0.3349544,0.17300914,0.1749068,0.005339378,0.2247726,0.023527116,0.053661607,0.04573969,0.0121633215,0.0025714946,0.11424287,0.14629789,0.028059954,0.036988933,0.071566515,0.37995124,0.11654786
7368,0.12607864,0.039760005,0.018426519,0.013296933,0.13502969,0.20677373,0.0154358465,0.47994503,0.021847451,0.10288705,0.033544965,0.012041889,0.6641786,0.018097337,0.0051902942,0.4136109,0.0030070138,0.02837529,0.09475141,0.0323571,0.010474834,0.72710335,0.011211421,0.015769908
7373,0.25214568,0.058572944,0.0055958494,0.013889448,0.51503897,0.6324589,0.009152343,0.6191686,0.023938943,0.013623608,0.04921162,0.011502937,0.0396493,0.011966346,0.012255206,0.07064747,0.0021284998,0.124284215,0.021137,0.010217704,0.05658185,0.5246223,0.021661015,0.052414756
7374,0.009041578,0.023345133,0.02572207,0.070511125,0.63947105,0.012622774,0.52134895,0.08707653,0.05036072,0.08101287,0.004756983,0.038620315,0.21797755,0.19133487,0.021391386,0.021573728,0.0016319014,0.12246427,0.04186496,0.019663036,0.031084046,0.02680974,0.0069386144,0.027030336
7378,0.0018286199,0.0028338677,0.0003134425,0.00060763507,0.99840343,0.03971654,0.0003126531,0.046921432,0.023788866,0.0053250683,0.00045593787,6.979591e-05,0.0020883677,0.003351345,0.007506946,0.0070385896,1.06453535e-05,0.24577302,0.0013775796,0.0018824673,0.006296435,0.03996017,0.000115538074,0.00068791176
7380,0.0008358544,0.00039269731,3.999586e-05,0.00308565,0.44350007,0.047521085,0.0010517361,0.9805127,0.0004931819,0.00032346213,0.0006445525,0.00063153927,0.0032362062,0.0019320484,0.00026978375,0.0012206547,3.3413642e-06,0.075091705,0.00018947897,0.0002532247,0.0019657658,0.0453337,0.0009341439,0.0011517687
7385,0.004786144,0.011148355,0.016751433,0.0637185,0.5373626,0.012182806,0.7032162,0.41385558,0.028072303,0.017117178,0.0020872839,0.014239697,0.013320058,0.11871395,0.015273338,0.005346405,0.00063703005,0.120168306,0.013809636,0.011679268,0.021817612,0.013811293,0.01024734,0.0059500006
7390,0.012875117,0.027250584,0.01406559,0.043033455,0.8456234,0.017876493,0.02590454,0.4299998,0.10905207,0.062462006,0.010755889,0.01042608,0.010604911,0.2516495,0.20973958,0.016759444,0.0012748964,0.75747126,0.011021936,0.024868604,0.073353864,0.01732586,0.016015103,0.014803624
7392,0.22340609,0.7611505,0.4144874,0.005014689,0.6977103,0.009079119,0.002770822,0.035188593,0.68907976,0.70191175,0.0011428533,0.018859347,0.25630662,0.039453577,0.16632116,0.017032236,0.00043956543,0.24662903,0.1586253,0.014410061,0.0104812505,0.049875706,0.008518827,0.03508362
7394,0.03600916,0.055778988,0.025978172,0.022087593,0.6288892,0.037078686,0.055121154,0.2780459,0.075163215,0.0363565,0.004132216,0.013877898,0.21980028,0.034197886,0.012989788,0.020637764,0.0013110242,0.12218223,0.08899819,0.01839902,0.01633146,0.074340664,0.007666016,0.018543469
7395,0.0059574223,0.010480376,0.0048758714,0.06793332,0.6473868,0.12630399,0.14508292,0.5698651,0.016897786,0.014140796,0.015349883,0.014521904,0.024735918,0.16415127,0.016818503,0.029083148,0.000992436,0.13248664,0.011401242,0.010369454,0.024681116,0.069833316,0.0044188728,0.011428566
7397,0.01295261,0.0066186865,0.0015947303,0.019873891,0.15354492,0.1391941,0.005503793,0.83372164,0.004422808,0.034339894,0.06742265,0.0059649637,0.26677433,0.012521839,0.003914061,0.2848826,0.0006355289,0.1526784,0.03709747,0.012177636,0.007869135,0.5989547,0.0055653052,0.006148495
7398,0.18013342,0.17727812,0.018875152,0.021072956,0.31794834,0.057744943,0.016763752,0.48043507,0.03964889,0.028571745,0.010265605,0.020234859,0.13993892,0.024920193,0.014505494,0.027779533,0.001534262,0.10755583,0.093530096,0.016634887,0.022795394,0.27811667,0.027235035,0.06450212
7400,0.07225165,0.07378398,0.023353923,0.021293944,0.7580948,0.21413308,0.0098655885,0.43654773,0.13029443,0.10964094,0.048431408,0.017712554,0.03532593,0.041066173,0.055039864,0.051045753,0.0022970275,0.4014082,0.016922329,0.020031322,0.13035393,0.14818159,0.021279242,0.049908664
7404,0.0016082373,0.005458594,0.00067112624,0.0058522825,0.3570692,0.012166749,0.002531226,0.9159702,0.005835229,0.0056605507,0.0033804849,0.002799734,0.008005296,0.014326746,0.0029224663,0.010247805,1.71318e-05,0.20817727,0.00063998485,0.0011341575,0.0065871375,0.026795985,0.004541362,0.0031901665
7408,0.011864168,0.12544075,0.008317124,0.024861185,0.6797193,0.0029801545,0.0005645837,0.6204486,0.07794114,0.05452139,0.0016668607,0.012024083,0.00023336025,0.028026953,0.08779686,0.0015955992,3.4902318e-05,0.93077856,0.002718643,0.0028917461,0.01433422,0.005122186,0.024623636,0.010515171
7409,0.028944649,0.029091472,0.0022751451,0.0042771283,0.3200212,0.35897785,0.0015873247,0.581183,0.01588479,0.025349611,0.03889462,0.0042504296,0.51556206,0.006417227,0.0039875386,0.17071924,0.0005606835,0.06278608,0.012812339,0.011830206,0.006175898,0.7329321,0.0062163,0.030137619
7418,0.0145594785,0.0070443796,0.0004493152,8.2795625e-05,0.15495256,0.026535394,0.00018163776,0.20971693,0.0035240964,0.009363279,0.0004908139,6.6102235e-05,0.9241086,0.00042873144,0.00021686223,0.09363365,1.3446146e-05,0.005967945,0.024810564,0.0016149853,0.00013224685,0.61557794,5.5822606e-05,0.0011346736
7419,0.14059328,0.04857392,0.010615728,0.020427125,0.71220624,0.76889855,0.008527289,0.30925307,0.056329854,0.09704383,0.08093224,0.0072234566,0.15969966,0.029145528,0.026824586,0.29880863,0.0038423922,0.27208048,0.013067751,0.034304094,0.022075899,0.3502432,0.01001559,0.023496736
7421,0.040971763,0.09924303,0.008122176,0.025298944,0.6997931,0.03366993,0.004703077,0.5961661,0.03744296,0.018264035,0.0078081903,0.012026859,0.0024129234,0.02749339,0.07112421,0.007892802,0.00048051588,0.7785045,0.012127388,0.009070055,0.033313885,0.03833167,0.027041538,0.048344906
7424,0.7830365,0.0793797,0.0016190206,0.002463458,0.19416948,0.60537136,0.0014352014,0.5073706,0.0035050986,0.0054285806,0.024186404,0.005067734,0.068682864,0.0006683399,0.00092760543,0.19895642,0.0005576262,0.01538398,0.066987775,0.004258122,0.0021056982,0.9543581,0.00940228,0.024526132
7426,0.0147461165,0.011524488,0.0030532295,0.010608439,0.93274146,0.08561911,0.004157667,0.42690688,0.021709694,0.012715252,0.006174774,0.0027612767,0.016663289,0.023469614,0.029165775,0.030680409,0.00047632447,0.62238145,0.021515565,0.0146596655,0.0067984355,0.10638445,0.004022331,0.007508019
7427,0.032169767,0.07077901,0.03786674,0.0062027876,0.8616532,0.02667739,0.005914766,0.075755544,0.13978757,0.0989131,0.002504478,0.0034371235,0.25615636,0.031592153,0.0416114,0.031283814,0.0005894941,0.16011895,0.08702242,0.016543584,0.015809545,0.11390676,0.0035376507,0.01670562
7429,0.07439174,0.06560122,0.025330802,0.070378,0.53124404,0.09681937,0.13361178,0.36890572,0.047550574,0.032540932,0.01636309,0.042297587,0.061063442,0.053472344,0.030442838,0.03503083,0.0041581346,0.18952303,0.09007271,0.029942771,0.034809474,0.14103472,0.03668643,0.03893265
7430,0.00023026379,0.00057805947,8.3308354e-05,0.0030772125,0.9563832,0.033138514,0.0005362927,0.76671684,0.01493129,0.008776428,0.0031892948,0.0001833208,0.0006988092,0.04148776,0.02285019,0.026916161,1.5058961e-05,0.8377768,0.00015857605,0.0014016592,0.005631013,0.009410246,0.0003667544,0.00032934293
7437,0.15065208,0.010539003,0.0003171706,0.0044623725,0.28179967,0.9776238,0.004843295,0.5222737,0.0018785067,0.0007070374,0.054174766,0.0051285666,0.024324208,0.0010143475,0.0003104172,0.028160028,0.00017063979,0.009669851,0.0016693645,0.0027174708,0.0031280124,0.59742,0.0030518163,0.020313708
7446,0.32593876,0.24283887,0.053923413,0.0018508504,0.8455328,0.11485502,0.004703756,0.06001281,0.23083293,0.10208115,0.0041330378,0.004780138,0.26833767,0.005702654,0.016159734,0.046221543,0.0014209368,0.03086413,0.36778456,0.015614583,0.03243007,0.32415837,0.0031356453,0.024217987
7449,0.022322806,0.12198411,0.04224292,0.01535508,0.9335038,0.036419,0.007476705,0.10835753,0.19530526,0.19271,0.008509098,0.004988808,0.096029535,0.0928685,0.13556106,0.0497084,0.0012955177,0.76030624,0.06306963,0.03137468,0.022951478,0.056230094,0.0066738916,0.00870251
7451,0.031520333,0.09486974,0.043361064,0.015474199,0.6711119,0.033110198,0.02335778,0.3602233,0.14734884,0.12247097,0.012190652,0.021962652,0.2961139,0.046500005,0.040070478,0.096538424,0.002501803,0.28007364,0.15183526,0.03391871,0.018766593,0.18300074,0.011423692,0.031874005
7455,0.0002156714,0.0015334361,9.556142e-05,0.004835347,0.8570347,0.00071099156,0.0001023539,0.9472494,0.0074205226,0.0073583648,0.00036463633,0.0003166615,3.714254e-05,0.01996738,0.015974302,0.00032503463,1.215593e-06,0.98285717,0.00010442799,0.00013281024,0.006371638,0.00079272344,0.0013141632,0.000310873
7461,0.042088225,0.044111982,0.008976062,0.00093229755,0.12425605,0.039806444,0.002269179,0.17185666,0.022266086,0.07463745,0.0067760055,0.0017998103,0.9828678,0.0033008058,0.0011797559,0.17736417,0.00018161473,0.007194939,0.22576416,0.0059360475,0.0041907425,0.60584676,0.00093676953,0.004639126
7462,0.0042508207,0.021915609,0.0045165345,0.001180359,0.99795896,0.013567789,0.0005842474,0.016949669,0.12584773,0.029266551,0.0002516619,0.00021983177,0.0043835808,0.013194573,0.06350772,0.003180046,3.6290163e-05,0.68337166,0.0042920657,0.0049643363,0.0036586279,0.0035634332,0.00040136508,0.00075630605
7468,0.04415017,0.029840972,0.005790524,0.0010306749,0.2894265,0.060159054,0.0036655227,0.051458467,0.011199587,0.032210268,0.0046959557,0.0012844068,0.9860024,0.0075356034,0.0023908368,0.111017235,0.00030651622,0.023559734,0.25252828,0.012453142,0.0014006057,0.59632236,0.00082184415,0.0069824043
7470,0.08963971,0.066803746,0.00893168,0.02518763,0.44303837,0.07831516,0.005255548,0.80690545,0.02893733,0.03319632,0.011074275,0.043881647,0.011918072,0.011757609,0.01853587,0.022698663,0.00063961744,0.30563456,0.012099012,0.008292954,0.018923953,0.19580774,0.38826928,0.025939938
7473,0.74179375,0.3839349,0.009050028,0.0008884743,0.10163935,0.047297604,0.0029621162,0.045553084,0.012709819,0.017453877,0.00126037,0.004202196,0.4395768,0.00042065058,0.00082646933,0.051719524,0.00017348886,0.012109612,0.8966323,0.0039219516,0.0006399818,0.74998736,0.0026009197,0.014409521
7479,0.2470385,0.8088626,0.219004,0.013376231,0.68815494,0.018171456,0.0017999302,0.20672905,0.5939263,0.43720844,0.0036405604,0.06132132,0.007866436,0.039845046,0.2222773,0.0063812626,0.0005761923,0.5974463,0.023208318,0.010542807,0.039147973,0.015830183,0.040922906,0.09520999
7480,0.022035137,0.020671595,0.0023769417,0.0044330703,0.20229743,0.08347482,0.0016636881,0.5050726,0.01223928,0.10242165,0.006314795,0.0015908818,0.5884783,0.0055221864,0.002718758,0.042259153,0.00011552309,0.102116995,0.013111635,0.0050020837,0.0027528165,0.3873261,0.0007389196,0.01443291
7483,0.21775045,0.065147184,0.024556704,0.0038183879,0.48160753,0.30677986,0.009999179,0.08806028,0.063282534,0.08656825,0.011722341,0.0036181256,0.786767,0.009972261,0.008943375,0.2030208,0.0023371575,0.031839564,0.3811425,0.022509059,0.009187246,0.6287495,0.0020860783,0.012835556
7486,0.64739066,0.28848258,0.0018427356,0.0039695147,0.14389412,0.120945156,0.0013502352,0.42626768,0.0020673631,0.002632106,0.0015288433,0.043837994,0.012188,0.00065310445,0.0006510213,0.0031995224,5.839191e-05,0.010088254,0.025788957,0.0010796448,0.0010853425,0.47997198,0.21334122,0.12356291
7489,0.0009232906,0.0018314795,0.0017729348,0.010346887,0.8334134,0.021669893,0.020670058,0.2738854,0.012443264,0.011463269,0.002068269,0.0020006085,0.040596053,0.07727661,0.018042946,0.006504725,0.00014733704,0.2428772,0.0013324859,0.0073192995,0.023142995,0.011509821,0.0018276176,0.0028653
7490,0.008756809,0.014477274,0.0036686969,0.07432869,0.15479888,0.0038617437,0.18713573,0.8807351,0.017222935,0.0017131355,0.00086057954,0.033150356,0.0008548194,0.026321178,0.005102989,0.00030185704,7.888195e-05,0.11707262,0.0020637077,0.001439969,0.566417,0.0049312143,0.04586469,0.011130461
7491,0.08633629,0.19116496,0.112902515,0.036554616,0.6943313,0.09245919,0.10409304,0.27940506,0.2490363,0.10211185,0.016893795,0.028403334,0.14266297,0.071217015,0.049086075,0.0779584,0.007738269,0.15431587,0.15035866,0.054844547,0.0827844,0.16253856,0.019722706,0.04719408
7494,0.0002243584,0.000620412,7.8439094e-05,0.004918882,0.8180983,0.0018044017,0.00065042253,0.9188829,0.0036939338,0.0087274695,0.001397412,0.00033616545,0.0017719934,0.029479668,0.0042478587,0.0054816315,8.511915e-06,0.7796046,0.0017798066,0.0007319176,0.00467861,0.010518262,0.000611953,0.00026188127
7504,0.03369991,0.030917589,0.02303966,0.026824523,0.4974092,0.21504971,0.04168431,0.26824242,0.05803404,0.11760875,0.04833075,0.013860089,0.73595285,0.067935236,0.018947702,0.25366482,0.005219485,0.072825745,0.08185571,0.058328602,0.035451535,0.3973938,0.0070945034,0.028837463
7506,0.009764972,0.07184737,0.006168033,0.066229664,0.09506931,0.010490621,0.009847759,0.8197552,0.021367926,0.082302116,0.008827919,0.043782163,0.015559782,0.06866295,0.026511151,0.016673917,0.00016598355,0.68021613,0.0036887096,0.003775505,0.004794389,0.054014724,0.020495247,0.028269425
7509,0.011374395,0.008280639,0.0012784398,0.012223513,0.9026151,0.062551335,0.002268239,0.6735066,0.008207293,0.004765198,0.0025166892,0.001799751,0.00075018173,0.03187347,0.014087323,0.005813491,0.00012412,0.5541994,0.0013500744,0.004768392,0.012386532,0.019860594,0.004799839,0.0033784853
7511,0.001962485,0.0084406845,0.00307613,0.016291272,0.85107243,0.00495002,0.0073913555,0.8025632,0.066059016,0.029080348,0.0011044686,0.0021297836,0.0016273815,0.042284578,0.014899685,0.0017519053,6.715562e-05,0.7453978,0.0016695124,0.0033433707,0.03164093,0.0025878528,0.0025568272,0.0016264654
7513,0.06748156,0.007024529,0.00010634862,6.456123e-05,0.5161046,0.57402706,3.631339e-05,0.046690322,0.0014153289,0.0036936689,0.0025742955,0.00011848298,0.9289537,0.00018715035,0.00011171582,0.011574734,9.284195e-06,0.0055554807,0.0054662274,0.000414922,0.00040885728,0.61520267,7.370765e-05,0.0035161881
7519,0.20363723,0.06027195,0.01352273,0.02130204,0.16692528,0.24228862,0.008633082,0.44702324,0.026051862,0.088211425,0.04526062,0.010589497,0.43535715,0.013958289,0.010442253,0.2956959,0.0024834755,0.14982525,0.07617298,0.03021061,0.0070991465,0.71477437,0.013086545,0.032297123
7521,0.0421746,0.02579526,0.0022604782,0.004748703,0.9601045,0.3271058,0.0018366753,0.3079678,0.017378643,0.010024605,0.004959002,0.002752569,0.0029123737,0.010333194,0.027924476,0.028744955,0.00041294508,0.47052422,0.0063154623,0.005252814,0.0067247143,0.1233782,0.0039138775,0.008369429
7526,0.09142293,0.046470437,0.014498013,0.042040393,0.83328086,0.21968648,0.014343312,0.37251744,0.05428105,0.025503954,0.0132392505,0.017283427,0.005601783,0.042018484,0.09123682,0.028247721,0.0021614195,0.5548527,0.012620735,0.021290537,0.038004834,0.083470486,0.022142924,0.031937286
7527,0.0014171192,0.0072288206,0.0027893092,0.01452211,0.85059977,0.042312674,0.0023645442,0.48594174,0.013969273,0.022813749,0.0044817757,0.0028218855,0.014228043,0.07647399,0.027361427,0.013658492,9.197197e-05,0.5465983,0.0012110797,0.007934466,0.0066939318,0.028109008,0.0016893975,0.0020410419
7531,0.21825944,0.017265279,0.0015795984,0.0033334894,0.055965133,0.31357637,0.006790491,0.20990814,0.0023710467,0.007161059,0.007546695,0.0022039863,0.74213755,0.0016705011,0.00031884265,0.044737827,0.00012981812,0.0065872716,0.08775452,0.0029706908,0.0009794511,0.73700994,0.0015737563,0.008531705
7537,0.00018048538,0.00039842475,8.1422615e-05,8.6708584e-05,0.98904234,6.58018e-05,2.1268776e-05,0.3774096,0.12730876,0.00037237388,2.4105607e-06,1.1108254e-05,1.0261126e-06,0.00032103324,0.0007988738,5.851157e-07,4.2840984e-08,0.011015378,1.4789565e-06,6.9503417e-06,0.9991918,1.4466459e-05,3.6308852e-06,9.7357784e-05
7543,0.07049913,0.110466145,0.015466342,0.038600694,0.19904044,0.09964468,0.030768944,0.6831559,0.040254287,0.08214375,0.012922813,0.027718946,0.108337596,0.03903394,0.01090085,0.038454246,0.0011904128,0.081647255,0.014011635,0.017602343,0.023686584,0.18146975,0.024506416,0.037826918
7544,0.19296755,0.04044372,0.002360425,0.0597875,0.082853116,0.06367243,0.01781846,0.88523465,0.013237711,0.0104506435,0.01578559,0.06386703,0.001988994,0.008091441,0.0040255054,0.001587627,0.00016371693,0.19996205,0.0020543202,0.0019175574,0.3013257,0.026372291,0.09828241,0.10503127
7546,0.001117596,0.09550869,0.013687771,0.011120111,0.90999854,0.00070841226,0.0039174855,0.2330973,0.11712767,0.03794749,0.0002917275,0.0057183793,0.00119284,0.35506442,0.16075526,0.0011463756,3.0262789e-05,0.504422,0.0025295133,0.003591677,0.011140059,0.004097434,0.0021418007,0.011796283
7547,0.017530806,0.035373073,0.004670894,0.0008479187,0.98265964,0.016275194,0.006635943,0.03697014,0.041753404,0.0062473696,0.00010260055,0.00071337813,0.014611035,0.006287336,0.005897991,0.0019925504,4.1332525e-05,0.025161266,0.02055466,0.0019250555,0.002942305,0.018694984,0.00045746224,0.0026544142
7548,0.0027004918,0.0064621884,0.0009043072,0.0065526417,0.866271,0.003274748,0.0002650321,0.8076899,0.047506873,0.011053416,0.0012417124,0.0006318355,0.0003025387,0.0108474195,0.017266395,0.00030585416,1.215986e-05,0.4234669,0.00015681316,0.00085797504,0.744431,0.0015460397,0.001350149,0.0072969664
7554,0.03716903,0.008064521,0.0035986123,0.00915067,0.29663897,0.6389254,0.010555637,0.44314796,0.012475697,0.019859143,0.053544816,0.006048291,0.49186057,0.015700215,0.0041009146,0.23929313,0.0013264258,0.034556568,0.030787671,0.014580879,0.015172055,0.64933515,0.0027425843,0.012295121
7555,0.008681913,0.003995104,0.00090258726,0.018190283,0.6525027,0.62004083,0.002272829,0.7823114,0.005248075,0.008367533,0.11710565,0.0041636415,0.009683336,0.009068812,0.0046849004,0.22672237,0.0004317755,0.43711862,0.0019841366,0.0075464733,0.008082965,0.3088531,0.0036653713,0.0072365203
7560,0.004501274,0.016202757,0.009885792,0.029306995,0.75585186,0.005133785,0.005655016,0.67778814,0.09156086,0.08250361,0.003213115,0.006220974,0.0013747409,0.16603245,0.10185998,0.0021601685,0.00017324701,0.64027286,0.0017439346,0.008168431,0.09911694,0.005595672,0.0092515815,0.009266327
7561,0.13899481,0.08783152,0.027524339,0.19615678,0.282656,0.32337496,0.1172586,0.64488614,0.03550897,0.050019097,0.1703062,0.16487324,0.04409537,0.076679744,0.053010605,0.10925643,0.012216882,0.32972282,0.035267517,0.049588934,0.092402644,0.38202435,0.12310552,0.21812826
7564,0.8900436,0.030349605,0.00015363388,0.0005467765,0.0627927,0.89717036,0.00015704254,0.5388663,0.0002578252,0.0007971161,0.007448175,0.0012816389,0.0091889035,3.133933e-05,4.358739e-05,0.0041388334,1.1302135e-05,0.0061928374,0.002831023,0.00021273392,0.00053236703,0.8468227,0.0018918071,0.033401188
7568,0.0028060488,0.005044596,0.0020686009,0.063771404,0.48674214,0.042870704,0.027097037,0.91162306,0.017808858,0.011663088,0.010080742,0.012160784,0.00547829,0.08461489,0.0071116174,0.0042195306,0.0002542795,0.19174221,0.0025865582,0.0069834595,0.23887801,0.015712092,0.0069895163,0.008008308
7569,0.3105683,0.08960952,0.021990748,0.04246361,0.41902405,0.44756907,0.04827196,0.43201795,0.03649855,0.035442077,0.06312649,0.028014017,0.18639117,0.032374512,0.0235112,0.107256666,0.0098875975,0.07996786,0.10779329,0.041127376,0.05009181,0.47958073,0.029559582,0.10324359
7570,0.11268317,0.46330938,0.26691243,0.005367709,0.52142465,0.010888223,0.0073504183,0.05833069,0.43968332,0.6367771,0.0029115377,0.011651069,0.71913594,0.04717393,0.040636003,0.036491,0.00073163904,0.058913223,0.37332663,0.025493851,0.01637807,0.115859374,0.004856899,0.017358778
7574,0.80233026,0.040666904,0.00026585234,1.0642217e-05,0.7187187,0.6231575,1.1544925e-05,0.027154507,0.0029654515,0.002407757,0.00016708861,5.8014928e-05,0.086290106,1.25186125e-05,4.8047037e-05,0.007985143,4.3172145e-06,0.0011940803,0.021649007,0.00020016056,0.00025304756,0.8445916,0.00011291565,0.0058414447
7575,0.015658306,0.014638447,0.00981801,0.011943321,0.18423074,0.07053969,0.029476147,0.56105876,0.015234086,0.06971429,0.017227592,0.01046716,0.7490197,0.038445484,0.005615522,0.1885834,0.00089541724,0.027988289,0.115606904,0.021460263,0.008561867,0.6295856,0.007124592,0.009710219
7576,0.10532556,0.047786843,0.008949108,0.0039988915,0.29067945,0.0031885856,0.03183281,0.07782613,0.01107038,0.014447995,0.00033373412,0.003197718,0.20811543,0.004991732,0.002776966,0.0070674852,0.000115063325,0.03288962,0.7804335,0.0024046518,0.0010049557,0.09093477,0.0014644219,0.002866694
7577,0.00035801853,0.000104372935,1.9400339e-05,0.00033789827,0.37928504,0.027435614,0.0002254546,0.7790059,0.0003124308,0.0012634458,0.0006631167,3.9652845e-05,0.089943044,0.0011498557,0.0002819628,0.048433207,2.2202423e-06,0.071529396,0.001000401,0.00047760137,9.088973e-05,0.34912205,5.046109e-05,0.00014494182
7587,0.11840314,0.598235,0.23033111,0.014476172,0.68148947,0.007881981,0.024728576,0.17035401,0.62209177,0.575035,0.00384565,0.0222625,0.082092814,0.083274506,0.11742542,0.039523993,0.0014315118,0.32104743,0.24512935,0.017428858,0.036405984,0.05117457,0.012192047,0.043267377
7595,0.0020113841,0.00059756706,0.00017977672,0.0027198351,0.9621309,0.18605734,0.0006890403,0.4115238,0.004308111,0.0054267915,0.0047221845,0.00013206161,0.007698029,0.0076793223,0.010080875,0.028019734,6.7826695e-05,0.661249,0.0008458653,0.00452056,0.0028587722,0.056867506,0.0003577592,0.0008133739
7597,0.012773923,0.05218151,0.011575334,0.04021348,0.5174457,0.025495049,0.03313743,0.50877964,0.08314926,0.0127976965,0.0038189795,0.017879592,0.0016175575,0.08856038,0.033268716,0.0010848576,0.00025569976,0.1937985,0.0012843908,0.0026460562,0.09154757,0.006762787,0.005753026,0.08794974
7604,0.7140384,0.26456046,0.0088110585,0.013482284,0.29162708,0.5720906,0.007740166,0.52477145,0.015034789,0.011020804,0.04868037,0.027603796,0.017516825,0.0054524075,0.009364163,0.23022658,0.0021214,0.123783186,0.1055813,0.009336049,0.010662482,0.8398667,0.07740763,0.06552295
7611,0.026187213,0.027984843,0.019954268,0.12243182,0.47166294,0.07927638,0.28006482,0.57047564,0.02874132,0.024262706,0.01793309,0.048457935,0.03780404,0.12661348,0.03424339,0.037745696,0.0045453003,0.19796522,0.042077366,0.033574898,0.049752206,0.09928394,0.03301228,0.033014614
7616,0.057884574,0.18928328,0.07497147,0.02817157,0.85541064,0.028986745,0.013833425,0.24743354,0.2903475,0.09944988,0.010073731,0.021878935,0.024413092,0.11469882,0.19541243,0.03184997,0.0025886383,0.636467,0.04730695,0.030658325,0.043115485,0.04589244,0.019543601,0.055643626
7617,0.0018658673,0.0052010473,0.00070664735,0.0007080461,0.994045,0.014752852,0.0007383283,0.073901966,0.036329318,0.0038618958,0.000110554436,0.00019999917,0.0016483901,0.009740238,0.018901808,0.0017636082,8.159768e-06,0.8023256,0.00082813547,0.0013404404,0.0011848119,0.0037690322,0.00080652116,0.00044998026
7622,0.09558604,0.06840262,0.024656344,0.044450805,0.33978084,0.043952644,0.101682894,0.6319841,0.03594218,0.019964157,0.0067276196,0.024747541,0.029460166,0.015552341,0.011820599,0.016853627,0.0013847438,0.18063505,0.18665525,0.013473364,0.018228997,0.1349987,0.028916102,0.021050895
7629,0.16478983,0.0014152864,4.8205648e-06,0.0002739663,0.2870411,0.9935011,3.623245e-05,0.89928263,6.074025e-05,0.00017779855,0.022193186,0.0001128304,0.0011976811,2.7455193e-05,1.4243932e-05,0.0914673,4.0438426e-06,0.005523533,0.00018907797,0.000104342995,0.0002819179,0.93458897,0.0005662107,0.00090286846
7638,0.015887825,0.005822606,0.0010187483,0.019689629,0.1710799,0.16608818,0.003991565,0.94292307,0.00359398,0.013578329,0.03399549,0.0046216007,0.047080774,0.0067542144,0.0028064756,0.04733205,0.0002428586,0.21770409,0.010401751,0.003981659,0.010058781,0.285801,0.010282355,0.008147886
7641,0.048514396,0.029083008,0.005796179,0.049250033,0.21646678,0.09451219,0.036165386,0.80499035,0.011127332,0.021741142,0.01913745,0.027492296,0.086249515,0.026516093,0.0062787468,0.050669663,0.001217113,0.0999408,0.036015604,0.012526734,0.016162356,0.3243011,0.021252738,0.026523584
7643,0.15606014,0.0097401,0.00059585524,0.0030725598,0.54309356,0.92926586,0.0010300393,0.7217767,0.0018914839,0.0012979958,0.052164167,0.0012490016,0.0044926563,0.00075976225,0.0006335833,0.11160832,0.00019428595,0.020397076,0.003066277,0.0026223701,0.008035913,0.7908529,0.003797065,0.010915312
7648,0.24910392,0.4881414,0.07310212,0.020869328,0.5190176,0.21876304,0.030629754,0.21086457,0.11843017,0.055978473,0.0110926265,0.037140373,0.06393609,0.017387636,0.022727521,0.06956961,0.0026004545,0.044622842,0.1139479,0.015507375,0.017854312,0.35348442,0.03173226,0.09079626
7650,0.48565426,0.9378595,0.028297838,0.00033550896,0.074057505,0.0020242995,0.00013909201,0.13172483,0.062010422,0.03260015,7.2433075e-05,0.010339994,0.12832396,0.00014802112,0.00039077055,0.005926286,9.268854e-06,0.014586264,0.6104729,0.0011625206,9.170094e-05,0.29705998,0.030745972,0.016622812
7651,0.02536024,0.00822164,0.0011874049,0.0045993156,0.21997078,0.3294482,0.0034728514,0.3310112,0.0038390467,0.028306857,0.021621326,0.0014188633,0.8071698,0.013538941,0.0018610317,0.47707313,0.00030217835,0.014950793,0.033086877,0.0068393773,0.0022237918,0.7210334,0.0007879174,0.0033246547
7657,0.0001449461,0.0009217366,0.00015844016,0.0066959676,0.69741344,0.0052555776,0.0003433753,0.9181818,0.006279143,0.017194675,0.0028063955,0.00046040793,0.0020837896,0.07494404,0.016160876,0.0013852904,4.3284736e-06,0.8462615,5.579051e-05,0.00066683325,0.007592255,0.0036568365,0.0011860157,0.0005262017
7659,0.010147786,0.0003461676,2.3692606e-05,0.0015010608,0.46926793,0.3714151,0.000114332615,0.6912576,5.9453247e-05,0.0007077375,0.0075726067,0.00019623803,0.0035824191,0.00037800445,0.0005413265,0.03814127,4.4791677e-06,0.23991637,0.000700007,0.0008466564,8.032979e-05,0.5455414,0.0010102807,0.00083449716
7661,0.40996474,0.19890054,0.016584644,0.0009194306,0.23517309,0.034730628,0.001044249,0.07725439,0.037030656,0.07426452,0.0016194978,0.0025894053,0.72487295,0.0010958005,0.002044237,0.038099844,0.00018235792,0.018546078,0.5892255,0.0036294055,0.0016499078,0.50503254,0.0033864148,0.006286323
7667,0.105103716,0.2967883,0.08527107,0.027739298,0.86264807,0.25779477,0.035004955,0.22752498,0.3614807,0.114909,0.021469839,0.029395752,0.07761396,0.075962685,0.092289545,0.09145717,0.0072669904,0.13128105,0.050807104,0.049300708,0.07893487,0.13191846,0.01557031,0.07069283
7668,0.0011499751,0.0005441318,0.0001293329,0.010243961,0.80748737,0.038625475,0.0007713197,0.74708486,0.001133718,0.005309027,0.012716659,0.0006720873,0.002916402,0.011142281,0.009273228,0.030084757,4.0446703e-05,0.80158234,0.0022120567,0.0015357909,0.0050672824,0.10837746,0.0031855542,0.0013272763
7669,0.0067254826,0.001008626,0.00016855438,0.0016343893,0.95915455,0.0996092,0.0022956422,0.035955105,0.005312548,0.008319716,0.0004326597,0.00015242306,0.021600405,0.0055475463,0.004964226,0.009038232,3.564136e-05,0.24019065,0.0003284274,0.0011015796,0.002036581,0.018281257,0.0001536982,0.0014062271
7673,0.06588033,0.15455085,0.057882678,0.07184025,0.61755097,0.11559723,0.12686029,0.31548673,0.21320443,0.08004815,0.00923443,0.04329622,0.014290777,0.08459239,0.053186234,0.034123134,0.0031350963,0.3005056,0.012831996,0.022725897,0.08050037,0.044101436,0.02115865,0.033123814
7674,0.65421873,0.020537145,0.00029050987,0.0018715025,0.2586292,0.96708727,0.0015823917,0.41042978,0.0011914871,0.00081110036,0.03325495,0.0018004229,0.0477304,0.0008086906,0.0003795546,0.1184255,0.00028778185,0.012777201,0.013361802,0.001980446,0.002732393,0.9223601,0.0032834276,0.017073302
7679,0.19776595,0.2638336,0.053808153,0.008224367,0.43125185,0.11496304,0.01665593,0.11738745,0.09382377,0.10508294,0.01853099,0.025862366,0.72297406,0.021884656,0.020263348,0.12025638,0.0041408637,0.06460509,0.3019982,0.032549437,0.018622518,0.4892581,0.00924127,0.085499555
7683,0.014637044,0.010890347,0.0024700735,0.09189395,0.68136156,0.21456921,0.058459252,0.7297595,0.008366405,0.0076027713,0.032691516,0.02758709,0.005432145,0.07813776,0.022978125,0.027485061,0.0014490252,0.32555526,0.0067748884,0.012404359,0.025273347,0.110861704,0.015147863,0.033399295
7684,0.2565137,0.42962915,0.15328166,0.032339755,0.30732086,0.036121525,0.107841626,0.32768056,0.19564004,0.118768506,0.00945134,0.11242707,0.38202146,0.033152763,0.021404956,0.048980914,0.0049148584,0.065833636,0.46219608,0.039826084,0.029849924,0.22382008,0.07422924,0.07367049
7686,0.0006541968,0.0011082268,0.00040126542,0.00730755,0.9715577,0.010631941,0.015401859,0.47851354,0.005665346,0.0021171295,0.00029106965,0.00069169374,0.001014212,0.016605819,0.004189608,0.0017153149,3.064349e-05,0.5233557,0.00086713163,0.0015735457,0.0044973525,0.004350727,0.00063906,0.000775063
7687,0.040376656,0.032768942,0.012654513,0.15669833,0.09553442,0.016532687,0.1891255,0.7074129,0.008400468,0.020295661,0.0068950783,0.16726762,0.013172457,0.049351152,0.014680332,0.010320003,0.00068494503,0.12625596,0.02698153,0.008941262,0.015148211,0.08734478,0.3822329,0.037791763
7693,0.10336444,0.17119163,0.05773372,0.03383143,0.8054862,0.1299696,0.07579974,0.14941746,0.119165726,0.12628554,0.01570387,0.02879658,0.25856486,0.12070739,0.09254263,0.1253015,0.0075920033,0.26941094,0.14249073,0.05953933,0.026774883,0.14842626,0.039732087,0.029506063
7694,0.00019816624,0.0010760453,0.000106116335,6.544903e-05,0.99333143,0.00079066603,9.44538e-05,0.014610006,0.004433203,0.0036668533,4.3840893e-05,4.727159e-06,0.0022240723,0.0017233847,0.0056967037,0.011946135,6.0188654e-07,0.60994005,0.0029263438,0.00060988654,8.3091516e-05,0.0064415713,1.2530772e-05,0.00011050628
7695,0.0010579571,0.011013545,0.0064612236,0.06276814,0.6812774,0.0039087646,0.09622371,0.63345027,0.04636392,0.05025887,0.00250566,0.009567728,0.00069176324,0.15979113,0.041457705,0.008276778,0.00014282939,0.8260045,0.002801472,0.0053046523,0.020628609,0.0038040604,0.0047803666,0.0020853428
7697,0.47127497,0.17682053,0.019744124,0.00885809,0.7355256,0.1404852,0.0071576596,0.2715992,0.070078954,0.028311871,0.00471073,0.0077963336,0.021456322,0.004752935,0.01172065,0.018349748,0.0010747729,0.07271197,0.12743303,0.010380617,0.024213027,0.21725848,0.013608815,0.022519372
7703,0.01822801,0.019538857,0.019511713,0.087635614,0.31736386,0.03289497,0.9517797,0.16513014,0.0142981205,0.008740239,0.002101293,0.023690244,0.012139241,0.03349803,0.0061877654,0.0070107165,0.0006491518,0.040133443,0.042051706,0.00414698,0.017196061,0.035019178,0.005945304,0.012414538
7705,0.8186901,0.033715814,0.00030681412,0.00250426,0.49791875,0.97455806,0.0017343524,0.54036355,0.0013359351,0.0006677612,0.012070929,0.0021607792,0.0021850106,0.00020999537,0.0004478381,0.021639641,0.00013145704,0.018609328,0.0043417574,0.00079778396,0.0043195477,0.7212745,0.0047143954,0.019673988
7710,0.23097932,0.15736406,0.026051015,0.03551124,0.5923513,0.35526654,0.04094151,0.37843934,0.053961508,0.06383506,0.041464645,0.035806425,0.2994957,0.07272321,0.03475604,0.15056346,0.011549453,0.13375752,0.14442042,0.052122485,0.03687785,0.42016652,0.041959703,0.066728376
7714,0.007180148,0.0077789393,0.002259559,0.0032681637,0.89882296,0.01821357,0.0023555579,0.5443659,0.023788145,0.015837787,0.0011898857,0.001479199,0.016922098,0.011664747,0.008532337,0.008191709,0.000106019244,0.2182022,0.0073972843,0.003652107,0.017606046,0.026567074,0.002689075,0.0038759762
7715,0.0025421616,0.025787732,0.0019111026,0.00027739257,0.9685794,0.002182355,0.00026239987,0.44561145,0.14488855,0.032861535,1.550718e-05,0.00033622587,0.0006100142,0.00055044657,0.0013936849,0.00031916317,1.4180634e-06,0.03161051,0.003045173,0.00013750952,0.004944006,0.0073636295,0.00030070092,0.00050538185
7718,0.07896849,0.029369397,0.008852743,0.033610538,0.2520671,0.5905773,0.019064214,0.66792804,0.015347317,0.033169094,0.13566068,0.018418957,0.29724136,0.018871877,0.014066622,0.48982605,0.0048663253,0.11379593,0.04639949,0.034647275,0.016690837,0.75834227,0.015260089,0.026619816
7721,0.0047591124,0.019931762,0.01211619,0.011112686,0.93103486,0.010284526,0.07254178,0.09274016,0.11306574,0.018178955,0.00040944488,0.0059259157,0.0062330537,0.1208561,0.052495006,0.0036958773,0.00018621123,0.13148394,0.0025592956,0.0050648768,0.016105315,0.0045688604,0.004576963,0.0028248404
7723,0.060840692,0.030001836,0.0048444094,0.030356102,0.59650487,0.16910939,0.024812007,0.72059023,0.0132232,0.00690683,0.018096885,0.026397444,0.0033767982,0.014938243,0.011912362,0.013942861,0.00058638403,0.268936,0.0029481652,0.0036845957,0.055188496,0.118876964,0.06413766,0.0901956
7725,0.5403851,0.33096895,0.06760676,0.052958973,0.23600402,0.3983295,0.027729336,0.62484133,0.123847075,0.12572989,0.04633587,0.0759143,0.03505272,0.022243923,0.029175043,0.057422318,0.005193361,0.13866514,0.050556723,0.028218953,0.08098904,0.3010994,0.076979086,0.12998913
7730,0.017869003,0.018380165,0.021906571,0.15632121,0.3477251,0.10716322,0.651754,0.33745244,0.014778006,0.02730533,0.01949564,0.11281707,0.13465919,0.16561492,0.017122816,0.08241163,0.0056424304,0.041512314,0.03362269,0.034507383,0.033606317,0.16895036,0.030969173,0.035654746
7734,0.002697864,0.018020574,0.008557283,0.013141799,0.421346,0.0021830248,0.0013904095,0.7725682,0.13764468,0.11648544,0.002500544,0.0029849866,0.006996705,0.07127874,0.104897305,0.005345969,7.2083865e-05,0.76477504,0.0013854277,0.0035863756,0.034478873,0.0112296045,0.0036148282,0.0066366754
7735,0.006119512,0.00375452,0.0014042096,0.021339538,0.85387444,0.1346251,0.009629145,0.5397195,0.016990101,0.013448786,0.010438903,0.0026255874,0.047067836,0.021665063,0.0068353717,0.03354432,0.00044465152,0.16711146,0.012549227,0.011083694,0.027918063,0.09632558,0.0023911677,0.0040555606
7736,0.08093972,0.054483037,0.005772787,0.0055513303,0.96267766,0.3829289,0.0025278137,0.120663516,0.11053394,0.016330656,0.0067254025,0.003490106,0.012554534,0.012523608,0.034057885,0.022345744,0.00069069804,0.2093462,0.012526002,0.014542002,0.039396625,0.12786576,0.004184594,0.020327484
7742,0.040929746,0.12169985,0.032215808,0.008132666,0.5805112,0.032131217,0.006235429,0.318396,0.18660516,0.08389688,0.0049679205,0.009462542,0.1585296,0.030078232,0.02634354,0.009359364,0.0007980224,0.20198607,0.013120875,0.01194138,0.051874746,0.04215204,0.0071908156,0.043441262
7758,0.0010597978,0.00060905854,1.8472145e-05,0.00026033283,0.89464694,0.021016795,9.8281984e-05,0.094846725,0.0013271015,0.009594865,0.00059752725,3.6254085e-05,0.18981485,0.001055999,0.00035695112,0.047877785,3.4299119e-06,0.20778061,0.0428749,0.0010945356,0.0001164949,0.2341608,5.0629307e-05,0.000420591
7761,0.00096920057,0.0004907005,5.9135135e-05,0.0012444166,0.9659554,0.052278876,0.00012957175,0.6564816,0.0029580086,0.0031914376,0.003118604,0.00011137099,0.002345462,0.0062922062,0.008464979,0.0076893284,8.885002e-06,0.82485586,0.00027451146,0.0005961853,0.0014907072,0.015308094,0.0004983859,0.00028996033
7776,0.006938155,0.0076282495,0.0014353511,0.022330325,0.82139415,0.2824749,0.0044921273,0.8950749,0.012381055,0.011975833,0.05870151,0.005146841,0.002231738,0.03171779,0.015325261,0.049599525,0.00025793485,0.65033776,0.0013604532,0.0044526155,0.019113917,0.12422211,0.021685911,0.009195583
7777,0.19092894,0.7386199,0.16681993,0.025529452,0.8695309,0.018719213,0.011493698,0.1270136,0.43985873,0.150405,0.002042515,0.043395936,0.005418372,0.0574577,0.1332141,0.00668588,0.00092439126,0.5312939,0.044424836,0.01104423,0.034723848,0.013341784,0.032010388,0.060288463
7783,0.055374455,0.09988628,0.08671879,0.24382138,0.4664517,0.07641355,0.76449937,0.21745858,0.09049725,0.09615885,0.022238245,0.13206775,0.08920648,0.50493485,0.08545107,0.057963207,0.016986025,0.13904357,0.09169644,0.059871618,0.07084943,0.07161187,0.037785344,0.06507871
7788,0.0018092504,0.048588187,0.0022529378,0.0037861948,0.533257,0.0036037588,0.0009827685,0.8793907,0.099754445,0.025996767,0.0006245739,0.0017729054,0.0010550739,0.011141782,0.0027194899,0.00061783043,7.4201557e-06,0.13939476,0.00020146562,0.0003749077,0.018488262,0.0028087574,0.0006625255,0.013948841
7789,0.14475913,0.21118096,0.06503645,0.28381237,0.26052976,0.13267006,0.14718822,0.66733587,0.06371722,0.06523025,0.04310972,0.32682872,0.020985525,0.13493714,0.08163195,0.025387414,0.008747302,0.30262145,0.04277669,0.04058448,0.10519487,0.123282254,0.31963384,0.19210775
7790,0.011547935,0.013967251,0.004111735,0.0063913544,0.84155124,0.109233044,0.006958676,0.27033922,0.036360484,0.010937972,0.0036374794,0.0034956047,0.022974502,0.04504929,0.008924646,0.037522323,0.000392356,0.09406721,0.005253322,0.020994745,0.0070499824,0.07414231,0.0020507348,0.006768897
7804,0.0047817486,0.0038204037,0.00010455963,0.008110607,0.289177,0.7885577,0.00051318645,0.9837392,0.00092122034,0.0015666627,0.107021004,0.004656338,0.0024850934,0.0037927148,0.00035779027,0.17998102,3.7637128e-05,0.12346929,0.0006997799,0.0008155322,0.0016775994,0.63939935,0.0035201167,0.0048801163
7805,0.35341063,0.40798944,0.10151268,0.042124476,0.52898836,0.06121121,0.076384276,0.13992703,0.12757222,0.07627163,0.008657075,0.055204313,0.13590209,0.07425274,0.059389703,0.05179908,0.00628792,0.14877604,0.25623557,0.044103596,0.02457823,0.20594312,0.046922166,0.08381671
7806,0.15406795,0.05780496,0.0115477005,0.011269533,0.67019105,0.24052311,0.0086136,0.35253367,0.051620234,0.057562813,0.019566743,0.012562286,0.11303639,0.009558159,0.010602035,0.06753428,0.002414042,0.14043568,0.07011442,0.016626513,0.04252666,0.30458647,0.008224012,0.031203652
7813,0.0037146644,0.022460775,0.0029618375,0.02827754,0.09456103,0.050736915,0.018002367,0.89692146,0.012614099,0.016300613,0.0042773145,0.0088247,0.036060195,0.008839659,0.0006980421,0.005987815,3.8703674e-05,0.030586967,0.003370999,0.0023355312,0.014161823,0.046080142,0.00553685,0.009810841
7815,0.012229128,0.02027123,0.010061337,0.0035474843,0.94627106,0.014079211,0.0013652504,0.1306351,0.086184785,0.06362313,0.001332286,0.0014960855,0.06673081,0.031201188,0.07100889,0.0111642005,0.00023180398,0.49314836,0.009157076,0.008831067,0.011004133,0.03550244,0.0027354965,0.005060268
7818,0.004019051,0.004929006,0.0025995297,0.024220003,0.7833097,0.13350925,0.01614336,0.7419857,0.033299364,0.049295243,0.023617141,0.0028919592,0.0025344389,0.013386801,0.0060291574,0.020207362,0.00023587076,0.12425374,0.00085560867,0.003240411,0.4940076,0.053143,0.005487473,0.0036748112
7823,0.07960097,0.04044386,0.001393016,0.17574945,0.026081834,0.0035966567,0.03274516,0.9349436,0.0005575954,0.0019265239,0.0016307707,0.45661807,0.00040777226,0.0061079194,0.0018171776,0.0008637003,1.3451674e-05,0.15399803,0.0040561813,0.00044341243,0.0037199284,0.04921568,0.95482516,0.025910463
7826,0.0742621,0.06718102,0.010923888,0.029530339,0.6541815,0.3572991,0.012382338,0.44234228,0.048749804,0.041831963,0.08933194,0.02106619,0.07649895,0.04194664,0.032162506,0.1710636,0.00457186,0.2047354,0.021217199,0.03967776,0.0395945,0.3493664,0.037240453,0.08699137
7827,0.2930456,0.21678789,0.014043548,0.002690587,0.1052789,0.03506261,0.0073904144,0.26164892,0.018066673,0.015733114,0.0032063688,0.009295404,0.5041184,0.0017562237,0.0014719281,0.048062343,0.00043944624,0.007791078,0.5010124,0.004658003,0.004297057,0.72653633,0.0064342567,0.020412007
7830,0.78281575,0.52660614,0.050510578,0.033071596,0.4201822,0.30790225,0.011401059,0.37426803,0.108364,0.0693283,0.019884687,0.04121321,0.0060929777,0.0112073,0.022169815,0.019374045,0.0019485182,0.18167691,0.045773022,0.010970332,0.071578085,0.19797988,0.07673757,0.12688465
7832,0.00029267216,0.0017916152,0.00018051773,0.0036999898,0.11723643,0.0044323695,0.0006277972,0.9800688,0.0025735574,0.009188899,0.0025226348,0.00091648445,0.002993307,0.0052372273,0.002182196,0.0228161,2.5254988e-06,0.8563532,0.0004415457,0.00022507402,0.00075631,0.043239653,0.0011355387,0.0008113091
7833,3.572139e-05,8.016503e-07,3.3067963e-08,7.49029e-07,0.99953705,0.025143992,5.6461035e-06,0.013333557,3.973817e-06,3.7564441e-06,2.2530814e-07,2.109112e-08,0.099916704,5.183165e-06,1.4261044e-06,4.9038055e-05,7.2111686e-09,0.0025126443,1.8214681e-05,8.172017e-06,6.2410913e-06,0.003910022,2.9081082e-08,3.0463468e-07
7835,0.0036653297,0.003967104,0.001008452,0.020068137,0.6398231,0.035869732,0.004536665,0.9453026,0.011729762,0.007417158,0.0040120287,0.0030705433,0.003364314,0.020045415,0.0072316136,0.003980389,5.985367e-05,0.58534557,0.0013108706,0.0023919495,0.023491064,0.022557251,0.0059589986,0.0045564487
7842,0.056366604,0.08275083,0.03992798,0.06881724,0.41401672,0.26342118,0.01563798,0.6676028,0.13254057,0.14459,0.09004881,0.04380964,0.14460997,0.06786575,0.05440557,0.07115173,0.00571144,0.2882008,0.009520934,0.04996831,0.13963453,0.13436337,0.027056124,0.14190997
7843,0.23814483,0.023018781,0.0020828866,0.0015740478,0.18256178,0.5712681,0.0017766223,0.14336248,0.0052410816,0.01884643,0.022252839,0.0013159111,0.7993243,0.0017644513,0.0020806468,0.32254025,0.00054560933,0.022980213,0.09198963,0.008079903,0.0014803384,0.86221814,0.0018964298,0.0074474355
7848,0.003857113,0.026620813,0.0046348893,0.00028211152,0.9905144,0.0060842573,0.00036633803,0.05165185,0.17141503,0.03175373,9.80074e-05,0.00012687416,0.04954639,0.012889216,0.014218014,0.0029349674,2.242759e-05,0.16418904,0.0083296355,0.0030861557,0.002746078,0.013551518,0.00019606933,0.00097588677
7849,0.12549323,0.1924759,0.069029376,0.03704979,0.19501813,0.09148152,0.1019291,0.22074448,0.06690019,0.14390217,0.02030129,0.04993747,0.6960157,0.05469685,0.020410914,0.20617594,0.00665364,0.04825285,0.30546558,0.055369116,0.013336205,0.41131464,0.030158687,0.056770608
7851,0.011995528,0.0072159683,0.00034054928,0.0072526666,0.373806,0.02406766,0.00031562586,0.9066178,0.0012257643,0.0024043599,0.0025116869,0.008711322,0.00027369006,0.0022118157,0.003915813,0.00075679447,7.6238994e-06,0.7236408,0.000576279,0.00015287573,0.0072942586,0.038113456,0.039821822,0.0057530967
7854,0.26142025,0.107756674,0.01229236,0.012867459,0.36881498,0.25334677,0.003555726,0.61509645,0.07748146,0.026047096,0.019586574,0.011296625,0.022637831,0.0071041193,0.011383514,0.01485251,0.0007139434,0.15475184,0.006551242,0.0069408924,0.14543127,0.1706989,0.007918601,0.09364695
7857,0.026118385,0.10572029,0.060127232,0.0104782535,0.9075292,0.009542402,0.012517383,0.19706246,0.17658892,0.05235332,0.0015574263,0.0059812004,0.0383145,0.034591824,0.067157626,0.013831058,0.0006289713,0.30168873,0.16809154,0.0106100105,0.010747669,0.034208927,0.011395916,0.008559657
7858,0.0037583301,0.01207569,0.0048820474,0.037067283,0.8410624,0.008538064,0.052337058,0.5222684,0.017350784,0.0070647313,0.0016665291,0.009208868,0.0025933615,0.061406955,0.032921113,0.002798342,0.00029660904,0.60465,0.0076625706,0.0069003534,0.01667155,0.007265783,0.011459887,0.0065362193
7860,0.009937705,0.0065559885,0.003063966,0.03537386,0.29504952,0.086691536,0.008061366,0.6667565,0.006943637,0.049698364,0.037617482,0.0064948257,0.14160652,0.032535788,0.021324007,0.25012502,0.0010828375,0.5507732,0.027284296,0.01785714,0.006583104,0.35968748,0.00837669,0.0074303485
7863,0.028515229,0.025880197,0.0075152963,0.009043085,0.5973534,0.06900233,0.09595809,0.10358164,0.014788783,0.038879648,0.0027854736,0.006148684,0.49815464,0.026494408,0.0030393072,0.056143478,0.000552338,0.012515791,0.13777839,0.0119207725,0.005828185,0.25974014,0.002091339,0.005958004
7865,0.4435104,0.12379996,0.01557018,0.032757416,0.3311557,0.5673377,0.03039264,0.46231452,0.036198895,0.034862645,0.02450531,0.040401872,0.037565645,0.015485646,0.011294341,0.045820482,0.0031633195,0.08853871,0.01503097,0.01685147,0.026448911,0.33371362,0.039544776,0.07857383
7867,0.0043232488,0.008319892,0.0011807666,0.002653278,0.969562,0.10130725,0.0009438859,0.4504482,0.019498846,0.0069695353,0.0010727945,0.00050374836,0.005732684,0.0052660983,0.003536538,0.0052411864,5.1152176e-05,0.040875394,0.0012306736,0.0029498797,0.017707253,0.041240722,0.00059334975,0.0026790765
7869,0.10080612,0.0026225373,0.0001013947,0.0037386923,0.4789653,0.9715159,0.0005243739,0.7639109,0.00047857346,0.00054960174,0.123653494,0.0011385264,0.009884979,0.0006889969,0.0011035663,0.43316162,0.00013130033,0.14402561,0.0014308031,0.00241278,0.0013444667,0.89109933,0.0021442026,0.0030177531
7870,0.0400701,0.012119233,0.00029077756,0.009511199,0.06808948,0.20787969,0.0023929463,0.9699868,0.0006775593,0.0017748744,0.013639984,0.01371321,0.009395932,0.0010534768,0.0002100044,0.03672548,3.5605924e-05,0.056793068,0.00539282,0.0009284168,0.0016071919,0.6058941,0.048395526,0.007090296
7875,0.0021935166,0.0059618712,0.00039053464,0.0049377,0.32146564,0.0043775854,0.0018844751,0.9718922,0.0035369229,0.005559014,0.0007842881,0.0023591465,0.00108171,0.006918712,0.0010395858,0.0027307838,5.6691906e-06,0.27259764,0.0010651721,0.0003329552,0.00578034,0.039516885,0.0031659112,0.0016791174
7878,0.00044706347,0.000915366,0.00036634767,0.0064855367,0.3881576,0.019871475,0.0059530097,0.86902595,0.004143051,0.009208782,0.0013054067,0.0008816145,0.06816116,0.012632601,0.0013257541,0.027004747,2.6125334e-05,0.044444934,0.0007902398,0.0023654995,0.0020751243,0.10482775,0.0007750767,0.00089170254
7880,0.040350873,0.0021820404,0.00010950398,0.0034877534,0.718861,0.6992051,0.00082933536,0.8038072,0.0010820352,0.00077560387,0.012303804,0.00060409034,0.006829945,0.0031605226,0.001572326,0.0238295,5.4084165e-05,0.16723077,0.0010336633,0.00072917464,0.004915026,0.4219483,0.00082563696,0.005643137
7891,0.00225198,0.00060637353,0.000104395636,0.0002571746,0.05640841,0.33297837,4.30693e-05,0.646253,0.00034546867,0.010076889,0.009546058,7.5329124e-05,0.8010304,0.00048257667,0.00013717558,0.8937422,7.4656823e-06,0.009721395,0.0103364475,0.0025178052,2.7000926e-05,0.97936994,0.0001534952,8.723622e-05
7892,0.00030475768,0.0005384811,7.863712e-05,0.0036787188,0.8349085,0.027050998,0.0001323002,0.8516421,0.0017354226,0.0034908708,0.0068899966,0.0002603477,0.0028864467,0.011017171,0.005579698,0.012946606,8.545522e-06,0.85244495,0.00034829514,0.0016290582,0.0030340583,0.02520924,0.0007015471,0.00039160196
7896,0.008369266,0.005425747,0.00051531725,0.0018435323,0.99689376,0.09641749,0.0005926709,0.20752029,0.01772825,0.006082681,0.0005303937,0.00020177089,0.00081140845,0.016620276,0.02282023,0.0027849784,4.964442e-05,0.3415111,0.0008452011,0.0015728881,0.017858077,0.010850792,0.00057092943,0.0013407412
7898,0.0002970205,0.001037638,0.00028398648,0.0009871903,0.8890812,0.0048663546,0.00049637485,0.46232986,0.011984135,0.026626138,0.00084983086,6.653697e-05,0.08253385,0.007168916,0.0034879672,0.021508902,7.725502e-06,0.71860904,0.0034693119,0.0017405808,0.0009583023,0.0278333,0.00010816265,0.00015605021
7901,0.35355282,0.30737925,0.038201023,0.010224417,0.5045098,0.046000246,0.01821336,0.18526152,0.053580523,0.021449627,0.002537137,0.035275765,0.058648024,0.0052398113,0.008916619,0.011664517,0.00073156547,0.030631112,0.25763607,0.009247239,0.009526542,0.20627838,0.07649048,0.036543533
7902,0.13042574,0.05817197,0.027802099,0.09277091,0.4805285,0.4255012,0.060883835,0.49240887,0.04252758,0.11252196,0.101413146,0.043361817,0.15049204,0.052022535,0.02274584,0.22806515,0.0109705655,0.1442971,0.087490335,0.05742677,0.0612397,0.45636508,0.06433383,0.048702326
7904,0.20442465,0.17919798,0.10357072,0.029451087,0.5793333,0.35388327,0.058208913,0.20339485,0.17357153,0.11081015,0.04591794,0.028042862,0.45122874,0.061673712,0.048698552,0.26041204,0.015263172,0.08116409,0.27621996,0.09351956,0.04404372,0.5155661,0.018475777,0.056302134
7906,0.0714716,0.11163355,0.029886402,0.08306135,0.3622819,0.09323625,0.21275364,0.48571613,0.03819584,0.014637427,0.007565543,0.12134045,0.021633774,0.05497903,0.028156877,0.005159707,0.0020900844,0.069964,0.0142337885,0.012707276,0.18267159,0.050247364,0.04950294,0.15264295
7909,0.024247505,0.01835496,0.013138347,0.11922186,0.28296354,0.06368797,0.7298512,0.39011973,0.0120737385,0.01274961,0.0068448507,0.05366321,0.059824314,0.070830055,0.015191523,0.021805158,0.0021643876,0.06650189,0.02030885,0.018305015,0.04001412,0.09635739,0.026809324,0.02729546
7913,0.013945176,0.016384685,0.003783509,0.03176406,0.6681683,0.117604464,0.061014332,0.2668168,0.023110317,0.0102828955,0.006411757,0.0068712477,0.09636293,0.021513611,0.0071815006,0.01425305,0.0005404003,0.037820853,0.017450845,0.008068645,0.031565133,0.086735435,0.0019277738,0.02688878
7916,0.0068479367,0.032355823,0.003900823,0.0059771053,0.21468997,0.039091628,0.022738645,0.5195184,0.012346103,0.021553777,0.007506946,0.006427064,0.6032381,0.008711557,0.0014944809,0.30431357,0.00017140378,0.026606895,0.22821344,0.0076105394,0.0014371738,0.6573458,0.0040125092,0.00482073
7922,0.080374755,0.08740235,0.07402876,0.20681092,0.42810187,0.15493722,0.23921391,0.55004334,0.11990268,0.08290373,0.05599473,0.11090924,0.06385664,0.30500665,0.10351006,0.067856066,0.017406343,0.23860878,0.05961502,0.09062066,0.11396595,0.18059212,0.11481863,0.08838875
7927,0.16519329,0.30152088,0.19226502,0.04529401,0.7857909,0.11355811,0.052507307,0.19888674,0.45513353,0.4033463,0.03517431,0.04553041,0.27148902,0.18030134,0.15132655,0.08006948,0.01532852,0.2598505,0.1760273,0.079190455,0.17693637,0.13544017,0.036023125,0.096004464
7929,0.07878798,0.19370697,0.11513344,0.05838739,0.6622445,0.04091913,0.1398007,0.16885889,0.2556454,0.09339293,0.0070827063,0.035333093,0.062457286,0.046136905,0.07530744,0.033280835,0.0050697788,0.14327492,0.13989237,0.037607506,0.064636216,0.07293706,0.02854152,0.052627612
7935,0.00045268962,0.0033585646,0.0010357052,0.00061820826,0.96920025,0.0011739972,0.00018166652,0.5329994,0.2157898,0.013229978,0.00014949162,9.348203e-05,0.00037726734,0.0044162804,0.0040539894,0.0002632064,3.3817732e-06,0.05509691,0.00011610841,0.00033015877,0.9191677,0.0013155715,9.83992e-05,0.00044122303
7938,0.43276805,0.6052393,0.042708997,0.0008770335,0.59031594,0.007418068,0.0027708826,0.023969822,0.089609794,0.07346153,0.00033331884,0.0041183536,0.26878276,0.0016615354,0.0067224633,0.021116778,0.00017371666,0.030532002,0.8837429,0.0029883843,0.0011692601,0.1769318,0.0019754497,0.016001793
7939,0.04284983,0.008833194,0.0019168131,0.004622112,0.6398905,0.26082203,0.005842124,0.26789048,0.008060112,0.011197813,0.00485807,0.0020657983,0.366134,0.0051547843,0.0027062034,0.066549204,0.00038537948,0.040551927,0.02261362,0.009274123,0.0034414774,0.41823977,0.0017681512,0.0072828145
7941,0.06089232,0.15777487,0.018386913,0.033612646,0.6844513,0.0457175,0.068171255,0.18897499,0.054004576,0.046711504,0.0025818388,0.029276755,0.034711193,0.06403109,0.021100374,0.011946743,0.0009770985,0.15392786,0.032346833,0.016349036,0.009669034,0.045139346,0.018359004,0.035378393
7943,0.004893064,0.011882048,0.0035786612,0.02291637,0.83898985,0.061067156,0.01916334,0.4900017,0.027191946,0.008573909,0.0052556326,0.004912482,0.024995398,0.22130232,0.022795727,0.012946197,0.0007603786,0.11354243,0.0061901733,0.015384825,0.036849,0.043932322,0.0036408685,0.011316246
7950,0.044994283,0.05296017,0.03635228,0.10823373,0.2104541,0.061246704,0.6439662,0.43968317,0.03943974,0.031224648,0.01394045,0.058221716,0.06328975,0.09327451,0.016293952,0.023717413,0.0037276433,0.064286225,0.04082899,0.023458095,0.0817211,0.0805984,0.027324595,0.04965576
7956,0.020509252,0.048640754,0.048611723,0.30114353,0.25187504,0.055205695,0.69164675,0.3821705,0.08667395,0.094454244,0.032992605,0.0957215,0.12564373,0.33859268,0.04673405,0.08048908,0.010115504,0.1700155,0.03961224,0.050941013,0.06952662,0.110519,0.026523417,0.05618723
7961,0.0029556567,0.009434671,0.00036553745,0.0007225279,0.9441432,0.054471713,7.336628e-05,0.30037287,0.023512717,0.03373122,0.0020808268,0.00016854425,0.0062519447,0.0052342922,0.013875009,0.0494969,2.2438373e-05,0.5216458,0.0005578474,0.0016947162,0.0026429463,0.14143173,0.00017723134,0.0015123831
7967,0.13090526,0.0362072,0.003974736,0.0028754468,0.49807438,0.28777468,0.0024543877,0.3793049,0.016775144,0.035779417,0.00994237,0.002204992,0.046191704,0.0057072984,0.0069740186,0.10305309,0.00041593262,0.077196,0.026299404,0.0070026843,0.00699768,0.51240003,0.008345681,0.016064843
7970,0.12239387,0.21716075,0.015496778,0.003995093,0.81654215,0.07361409,0.0041186684,0.15144216,0.10224777,0.03731245,0.0022307432,0.0033433086,0.09644036,0.005737886,0.015535376,0.010696704,0.00046021116,0.039341975,0.10245273,0.004946073,0.016047908,0.14144428,0.0025871242,0.03138784
7973,0.07599602,0.06951532,0.006232071,0.0361978,0.55859554,0.063168876,0.0066109276,0.61835235,0.027587757,0.05846978,0.01874632,0.026836205,0.007763184,0.02081755,0.028365735,0.03768389,0.00060671434,0.65389717,0.01226083,0.008078856,0.011291284,0.11792239,0.09332414,0.030491127
7979,0.05358468,0.013421048,0.0054693935,0.017837165,0.6393963,0.23661317,0.1857128,0.19559991,0.0117605245,0.0114851305,0.007169085,0.009281991,0.27634776,0.022501335,0.0033046121,0.06157959,0.0013136602,0.026683373,0.04812888,0.016381059,0.0076469523,0.20500232,0.005092754,0.013441811
7980,0.0060730707,0.0007884094,4.063583e-05,0.0018069312,0.9226961,0.15604989,7.750529e-05,0.76934505,0.00037532533,0.0014817684,0.011534462,0.00022909438,0.00040081446,0.0027314045,0.0072248997,0.07547432,1.5056808e-05,0.8992781,0.0017548825,0.00065496564,0.00075008307,0.30242535,0.0009983996,0.0007694704
7982,0.18022756,0.025217121,0.0018114946,0.007666687,0.84457994,0.910623,0.004506606,0.30727172,0.01608467,0.0044388697,0.03596444,0.0028887982,0.00816308,0.0049808286,0.008532051,0.078935646,0.0007719782,0.12434516,0.006142105,0.008475344,0.01751896,0.49001026,0.008648587,0.024716
7984,0.0027193269,0.006205869,0.0003269301,0.005404162,0.06518706,0.097597376,0.0014919278,0.9597534,0.0011356825,0.0053268415,0.025909007,0.0066498346,0.05408665,0.0067987866,0.0009913652,0.13849819,3.84406e-05,0.07850663,0.0017431505,0.0015793241,0.0019032892,0.6710652,0.011181885,0.006580142
7986,0.0038751299,0.0019986408,0.00038019684,0.003403539,0.8395794,0.19041654,0.00086960057,0.6244526,0.0030419407,0.0089013325,0.018662227,0.00067056017,0.066120096,0.0036543424,0.0017322814,0.24543796,0.00011506552,0.14333783,0.013712733,0.0055675516,0.004959903,0.5145191,0.00286982,0.0014930585
7987,0.33971307,0.13661309,0.006217449,0.006896603,0.17434587,0.04356287,0.0010778238,0.8210925,0.008661075,0.0038935319,0.0020724868,0.028913928,0.004009006,0.0013529122,0.0026224027,0.006491992,0.00010557281,0.11360367,0.043601368,0.0019405051,0.0024695003,0.41567677,0.21713746,0.021484867
7989,0.05028005,0.071452156,0.03794722,0.002511416,0.7214476,0.0067179375,0.03611666,0.030097267,0.043269254,0.023840427,0.00057299016,0.007150513,0.69322467,0.0039140987,0.007131767,0.014699546,0.00031860464,0.03336051,0.84832126,0.0059640026,0.0020752086,0.10532679,0.004254379,0.0056571
7992,0.41824618,0.2487346,0.026116237,0.060096007,0.32118478,0.10320907,0.017327053,0.643378,0.047034897,0.05746476,0.019582624,0.123376854,0.016942997,0.039527602,0.045518193,0.011188061,0.0024083182,0.28666744,0.023540474,0.013739528,0.075685814,0.10633668,0.32435134,0.14739336
7993,0.013956142,0.009923049,0.0032595883,0.004161957,0.60641986,0.044721495,0.0029559503,0.6212697,0.017773237,0.027690515,0.004621169,0.0019197124,0.08152501,0.015821794,0.008671741,0.02151946,0.00018815786,0.21007366,0.0075928057,0.008797131,0.006261485,0.1343037,0.0021110876,0.008063029
7994,0.00031300948,0.0011039105,0.0002260368,0.026532345,0.80938613,0.0071250508,0.001471016,0.9005693,0.005300497,0.0081937555,0.0077235755,0.0010579822,0.00013937162,0.15119426,0.02918637,0.008829517,2.7640797e-05,0.9649398,0.0005154256,0.0019217528,0.00957269,0.006496192,0.005251543,0.0010092465
7996,0.702193,0.09748224,0.0023136484,0.0034994453,0.1347993,0.8946892,0.001051386,0.67118144,0.0054815826,0.007764936,0.057568572,0.004511788,0.05716779,0.00047205098,0.0012620252,0.38689578,0.000750087,0.026504846,0.03570906,0.0033489906,0.0035732056,0.961048,0.008916568,0.021712443
7999,0.12586392,0.0060778647,0.0002662356,0.0019400637,0.7836174,0.86055076,0.0009430639,0.20424835,0.0017885827,0.0011991959,0.009542749,0.00044926876,0.05379764,0.0016754677,0.0009871927,0.047513213,0.0001574187,0.016033487,0.0068827798,0.0026871164,0.0021385255,0.56387866,0.00045135044,0.011219973
8002,0.0045967707,0.01663094,0.011489678,0.03962297,0.7184208,0.01461096,0.45056155,0.13611937,0.025537163,0.022135105,0.0017240568,0.013247207,0.042490304,0.11030146,0.016642774,0.017475408,0.00075087545,0.12248351,0.024421334,0.010475935,0.005752058,0.01998535,0.003713276,0.0043573976
8004,0.034990072,0.110136874,0.057039008,0.027154028,0.69393945,0.07871264,0.04664146,0.45459798,0.25124234,0.22100167,0.022251502,0.015629735,0.1974605,0.12829648,0.027514452,0.057531793,0.002805188,0.11076992,0.044900656,0.036216892,0.12048155,0.14648207,0.009420253,0.03089341
8006,0.0050118775,0.012946167,0.0045437664,0.01555156,0.9201039,0.0473589,0.0032411735,0.46642482,0.05056673,0.03153989,0.008542318,0.0023045023,0.007356534,0.070602916,0.12395319,0.028106593,0.0004132883,0.8599111,0.005050109,0.010856894,0.013449351,0.034933157,0.005303419,0.004339173
8007,0.08728064,0.0358304,0.006201201,0.044729047,0.34607205,0.10354114,0.008080056,0.8098252,0.013278664,0.017459424,0.0263519,0.032148037,0.016045032,0.01346448,0.028279599,0.02654058,0.0011668991,0.4592164,0.033800356,0.011442031,0.023787485,0.28641888,0.083348736,0.05168871
8010,0.23662555,0.07827028,0.03654846,0.04910649,0.6783466,0.27104744,0.044934258,0.43178034,0.07943239,0.03538657,0.027595388,0.029335741,0.057022057,0.03568371,0.040321827,0.05619744,0.008606425,0.17298526,0.07144052,0.042335555,0.07536702,0.2810091,0.046886705,0.056480683
8016,0.02279062,0.027393444,0.0047190003,0.062851936,0.061762694,0.06583443,0.056048732,0.8973107,0.01007082,0.012457518,0.012317893,0.026650716,0.034095455,0.024344422,0.0032970682,0.011015752,0.00037760538,0.07276844,0.009096625,0.0068986416,0.019435935,0.11968297,0.019591331,0.030284652
8017,0.044571113,0.024604766,0.0024935852,0.0082655875,0.93982995,0.4991211,0.024034625,0.20817727,0.0135862455,0.0023578655,0.0046177795,0.0021000777,0.0087203365,0.029670276,0.014675476,0.023426441,0.0006697838,0.08891508,0.01146053,0.006068335,0.0068955943,0.13364899,0.0019208622,0.011521627
8019,0.019634724,0.05026304,0.039690636,0.23807386,0.21667016,0.028188879,0.82185906,0.35618606,0.04543991,0.051679593,0.010498411,0.093652874,0.04953789,0.41846606,0.04082468,0.030202769,0.00469362,0.09817801,0.04837403,0.030543726,0.052017186,0.052222382,0.028905809,0.036488384
8032,0.3717612,0.006646176,0.00016336374,0.0011218948,0.644269,0.99106437,0.000445506,0.20390245,0.0012429921,0.004027812,0.038103595,0.00050448446,0.053671308,0.00012739288,0.00053634355,0.09388973,9.361066e-05,0.025997259,0.002598971,0.0012358073,0.0013806872,0.8682303,0.0017708626,0.008361897
8033,0.0024742763,0.0005322105,0.00010547813,0.0033204702,0.8039515,0.086111344,0.103119954,0.30707526,0.0006506804,0.00040633636,0.00012643442,0.0004194443,0.008363905,0.0055880575,0.00038697282,0.0032074281,2.2867895e-05,0.010628016,0.0015349545,0.0006646209,0.0011630107,0.036116954,0.00011493908,0.0009392255
8034,0.0073738946,0.13831566,0.02259074,0.005789129,0.9857914,0.0194354,0.013867789,0.08604283,0.1894335,0.028974451,0.00045793824,0.0020153518,0.005446882,0.10738429,0.046255905,0.003545029,0.00015919597,0.12096937,0.0056255213,0.0042270725,0.013476153,0.008943996,0.0012330597,0.0038007102
8036,0.035128824,0.04649128,0.044184495,0.020354873,0.7307901,0.16627717,0.02004102,0.13235638,0.15774976,0.10912418,0.036380794,0.0094475495,0.40180072,0.07140603,0.114044465,0.1927027,0.004290792,0.25020117,0.08509037,0.07262495,0.027041512,0.34552324,0.0111008985,0.02705086
8038,0.6882779,0.019370472,0.0003087605,0.003637065,0.22517177,0.9927541,0.0027164242,0.5702801,0.001355008,0.0012524235,0.071013406,0.00310371,0.008586751,0.00031830897,0.0003512564,0.06084787,0.0002572668,0.01413712,0.0022627162,0.0017746269,0.0049081068,0.8462931,0.0048185755,0.026152223
8041,0.005682558,0.027560644,0.01656056,0.043709256,0.7587147,0.008713661,0.2455261,0.17632556,0.045575988,0.026020719,0.0011086777,0.0101258475,0.011407527,0.124325626,0.030344883,0.0024992444,0.00023961626,0.4278522,0.0055709733,0.005592961,0.011947666,0.003968472,0.005547467,0.003944169
8043,0.0015990309,0.0009260578,7.045608e-05,0.025682807,0.4082908,0.090156086,0.00097034714,0.955268,0.00028297,0.0021860555,0.019944344,0.0034654352,0.002934966,0.007216887,0.0022758378,0.030559922,2.4970876e-05,0.577615,0.0010495461,0.001100407,0.0016430839,0.1709607,0.0035270967,0.0035677094
8044,0.008354076,0.01325411,0.0012865291,0.0054825493,0.7782463,0.26035443,0.00096056605,0.66125685,0.044507455,0.035053175,0.030802358,0.0014796484,0.024060082,0.0129186055,0.01143126,0.07793653,0.0002190975,0.2781749,0.001852018,0.0076853638,0.03281915,0.08451545,0.0022923944,0.005788918
8050,0.0991349,0.072115384,0.039394815,0.015387065,0.84084904,0.042501904,0.010213643,0.23413584,0.22332862,0.074487306,0.01035587,0.011582249,0.03691526,0.018124856,0.040341813,0.012466278,0.0022753573,0.11854942,0.046834484,0.016118368,0.5632043,0.053820837,0.011050248,0.034986373
8053,0.046558365,0.38573292,0.07047828,0.010306331,0.7474835,0.17481676,0.02098003,0.13851276,0.2734753,0.09216,0.018124986,0.021573331,0.26452455,0.05220453,0.03950071,0.12864555,0.0023913342,0.115200326,0.111930534,0.039029002,0.014676909,0.24757218,0.009543282,0.047527127
8056,0.006243761,0.004929703,0.00089110294,0.00069862435,0.07827032,0.020644512,0.0002631156,0.31590083,0.0076573007,0.16709557,0.0018042703,0.00029182486,0.82788247,0.0025993774,0.000801593,0.14162536,1.1109271e-05,0.11077896,0.011983147,0.0028775956,0.00026666262,0.44974747,0.0001419795,0.00065091864
8058,0.02001718,0.03234707,0.005058393,0.0014232949,0.9602425,0.07404034,0.0010197102,0.15567566,0.058001246,0.1086403,0.0018131102,0.00055975595,0.17211506,0.0051324945,0.010829533,0.070324354,0.00017251562,0.099127896,0.028123297,0.008352409,0.0039350446,0.20111492,0.0006394754,0.0025649997
8068,0.0043699853,0.006484431,0.002101833,0.02245684,0.8986785,0.019086119,0.0052826526,0.774739,0.025559628,0.019129714,0.0024877803,0.0024180505,0.0013635755,0.048613578,0.048205942,0.003912894,0.00013592755,0.91945434,0.0030443713,0.003737776,0.026179712,0.005812075,0.005566297,0.0015234635
8070,0.0067740097,0.0050483313,0.0028087895,0.03820004,0.36129352,0.037657317,0.027203975,0.88129854,0.01569081,0.017928079,0.013905798,0.005963446,0.028582236,0.036774263,0.0050223726,0.024434472,0.0004104005,0.14406098,0.008056209,0.0074852454,0.045312043,0.09232656,0.0038602252,0.0074245837
8073,0.13761173,0.015493679,0.0011837995,0.0036449286,0.12779427,0.87664014,0.0021396575,0.44795504,0.0053904983,0.014708131,0.053468425,0.0025919385,0.49420014,0.0015708759,0.0011530442,0.103989385,0.00033255134,0.010598334,0.007294932,0.0058372235,0.0056893295,0.8504655,0.0018695802,0.018864892
8077,0.012766691,0.004147758,0.0017335535,0.0036417714,0.3382119,0.14496861,0.0027022515,0.5901272,0.010083532,0.03937496,0.006907837,0.0011195985,0.4793666,0.0060887607,0.001943138,0.105104715,0.00014631654,0.034102805,0.005338856,0.006479834,0.0036444818,0.4348031,0.00068388804,0.0033617362
8078,0.00024309166,0.0027645968,0.002553916,0.18454272,0.23312125,0.004800994,0.96478057,0.3572168,0.0019554575,0.0009603652,0.00034973872,0.091343485,0.0010001699,0.15439785,0.003146003,0.0023429294,8.223099e-05,0.020388851,0.0009988373,0.0020007987,0.005656689,0.003415045,0.007690366,0.0031924692
8080,0.35581282,0.25675696,0.029269308,0.00899304,0.43968633,0.31450284,0.0135066975,0.3341743,0.09431906,0.04689281,0.015361604,0.015586661,0.19932598,0.014085376,0.013124418,0.03137044,0.0021216462,0.0853884,0.10013314,0.010801398,0.04419295,0.31430382,0.0131889125,0.071301304
8082,0.20044477,0.47424728,0.13578582,0.027491378,0.5222266,0.04976,0.060000423,0.16463335,0.20971422,0.1074535,0.005275286,0.047121715,0.17003381,0.025008202,0.028861625,0.060813192,0.003474512,0.068959154,0.400502,0.02904658,0.011008419,0.22009237,0.03718566,0.041348577
8087,0.2941415,0.29097617,0.03294371,0.0054745604,0.8720087,0.17398201,0.003455518,0.14583218,0.13878922,0.038170047,0.0028205442,0.008277224,0.030257475,0.00671677,0.013022015,0.012607651,0.0005882557,0.048490394,0.07145554,0.0060792766,0.018095398,0.13698176,0.013427756,0.02150633
8096,0.0068806484,0.014135178,0.004151804,0.025837574,0.64547503,0.11470036,0.010239794,0.66042525,0.021324912,0.04339625,0.027251823,0.00657864,0.113465935,0.14867702,0.026475418,0.12587778,0.0012759034,0.37625366,0.00904656,0.021502862,0.01842513,0.2165482,0.010156861,0.011468025
8100,0.001960452,0.00067037233,0.00014132049,0.0035240413,0.5788686,0.10394244,0.0034510575,0.64141035,0.0020678884,0.0049672276,0.0010357649,0.00033147167,0.10815062,0.015307159,0.0005865115,0.018307101,2.3297996e-05,0.048935834,0.0013362713,0.00079907215,0.0017572547,0.10500971,6.863832e-05,0.00034151814
8103,0.026153987,0.054226257,0.00606692,0.0020280075,0.9120526,0.07543376,0.003640827,0.06663787,0.044102103,0.021766962,0.002750834,0.001177819,0.37675408,0.012035452,0.011993884,0.13210398,0.00030370074,0.080262356,0.22009405,0.010602179,0.0023725473,0.26855722,0.0007815143,0.008902779
8105,0.036730472,0.048114695,0.008252242,0.02167239,0.5672269,0.68170357,0.021671506,0.5036355,0.025252461,0.021973895,0.083984554,0.009655582,0.03864541,0.009253423,0.009615686,0.25494337,0.0018419034,0.11571711,0.016337974,0.019502666,0.020459468,0.5715927,0.0073319105,0.04805669
8110,0.03735486,0.031051684,0.0064363126,0.02365238,0.4424643,0.23526669,0.0043772506,0.49143505,0.047980055,0.11654428,0.06876972,0.008301367,0.07722528,0.045513153,0.075893074,0.07354243,0.0011930838,0.80875003,0.007371214,0.010240809,0.029995216,0.13694093,0.009165222,0.041330766
8120,0.14656809,0.122788094,0.0156295,0.021851389,0.28661066,0.10349982,0.019569423,0.4346873,0.03321985,0.07329435,0.020671248,0.03439559,0.34942946,0.017037418,0.010940454,0.15976864,0.0037430602,0.08853902,0.26044098,0.02954531,0.009191153,0.5432935,0.07693327,0.046716146
8123,0.16308032,0.0035115567,3.8402824e-05,0.0004480065,0.21919926,0.9791177,0.000119736076,0.64504516,0.00025963012,0.0007517368,0.040334538,0.00017026516,0.0060543185,7.989312e-05,9.920191e-05,0.59517825,2.3488403e-05,0.0058755097,0.0007590364,0.00041238862,0.0005114088,0.9500267,0.00073830545,0.00096207194
8125,0.05490112,0.019174285,0.006665163,0.0007393549,0.7783954,0.275564,0.00232855,0.04974978,0.03838102,0.039944787,0.0032139032,0.0004054433,0.76620656,0.0035548122,0.0056345197,0.19877353,0.00022308854,0.023678271,0.10855927,0.006955849,0.0014021099,0.5266619,0.00020907736,0.0017567395
8130,0.5026027,0.03831983,0.0011585237,0.0016681355,0.44543156,0.877015,0.0012437447,0.29178375,0.01634512,0.0044153985,0.006095271,0.0010823692,0.05920575,0.00047399823,0.00094416604,0.014160253,0.00020027185,0.014689741,0.009439918,0.0013731739,0.0030571655,0.6065106,0.0012351226,0.011063236
8131,0.047485374,0.076517105,0.03199456,0.03990855,0.5212907,0.052204173,0.07856839,0.49311575,0.080787115,0.047273684,0.00943534,0.03230662,0.11942036,0.05594249,0.024076557,0.031336114,0.003314728,0.15706077,0.04729154,0.031234467,0.028446678,0.10433358,0.01916535,0.045275845
8133,0.056991685,0.11088587,0.02533523,0.08445561,0.36780745,0.24562332,0.05175796,0.7049637,0.047892094,0.031869687,0.06068212,0.05492576,0.059550237,0.05051491,0.02665991,0.13373247,0.0049301893,0.1545555,0.02677246,0.033990942,0.054836594,0.37185746,0.080290504,0.07434897
8135,0.39325827,0.07674903,0.005518888,0.049120583,0.26642498,0.41528332,0.0070782746,0.55613196,0.006982295,0.012103094,0.042803776,0.070128225,0.010077503,0.0083970325,0.016330596,0.025259728,0.001000768,0.37914512,0.017816,0.011231321,0.0127030285,0.43841913,0.2726133,0.14512593
8150,0.008776358,0.010785727,0.0018021411,0.0007400633,0.9852061,0.07115259,0.00023796721,0.06558472,0.05199891,0.039513517,0.0014767459,0.00016474533,0.067205064,0.009842516,0.0152857555,0.03617325,7.248007e-05,0.36476836,0.00615219,0.0077349273,0.0035052397,0.06932219,0.00028033307,0.0010145091
8152,0.2458651,0.33549932,0.028508382,0.044955347,0.32835856,0.07554672,0.07847631,0.33557507,0.032815877,0.034291837,0.007196959,0.121362306,0.12426615,0.023898784,0.012880809,0.016502688,0.0020391615,0.08082062,0.1662654,0.015288297,0.014088568,0.18176658,0.07071251,0.101687595
8154,0.0035948185,0.035246436,0.003525272,0.0919164,0.48360094,0.024325911,0.018909235,0.761259,0.0133338515,0.011690928,0.0040273676,0.037554547,0.0026742916,0.07465362,0.010612178,0.012952212,0.00012737515,0.29256883,0.0024468796,0.004008269,0.006195535,0.043529622,0.025927786,0.010816912
8155,0.04913888,0.35818574,0.15913427,0.009743302,0.59253824,0.0058166753,0.0016006251,0.20084317,0.50120753,0.64257216,0.00202392,0.009281469,0.051158275,0.02787324,0.1583153,0.0069863065,0.0001826489,0.65741014,0.049588863,0.010525129,0.016752241,0.040478263,0.004616717,0.01646748
8162,0.021757664,0.059308484,0.023011636,0.060244273,0.37356457,0.09669808,0.033134308,0.5495834,0.05094372,0.1008773,0.034665544,0.021838637,0.20017864,0.10856538,0.045723323,0.12843625,0.0022082436,0.26155812,0.022277098,0.034704905,0.018317921,0.24197553,0.015645625,0.03527988
8164,0.27185443,0.041018046,0.011467106,0.02390403,0.63311225,0.3740984,0.027419815,0.2758654,0.02773539,0.024755102,0.029436262,0.016488824,0.21360882,0.016808396,0.017253075,0.08822938,0.00613244,0.15199906,0.11709216,0.033232022,0.020089917,0.40802294,0.023362748,0.03794068
8172,0.00032788148,0.0044403938,0.0004395118,0.0008138468,0.9862364,0.00094563846,0.00021492502,0.69421756,0.08633138,0.0075960467,4.027012e-05,7.1393675e-05,0.00022636402,0.012541937,0.006492442,0.00011293332,1.5309204e-06,0.35039285,0.00015807287,0.0002811741,0.045848813,0.0005388452,9.658456e-05,0.00024239226
8173,0.007500398,0.019112036,0.005827668,0.0067913146,0.36374173,0.031814285,0.0064480864,0.4390859,0.025336856,0.07657854,0.017364716,0.0050997655,0.46268684,0.08357981,0.022620207,0.10575356,0.0005585965,0.44920713,0.03116336,0.017124696,0.009224702,0.21660747,0.008548993,0.007307896
8174,0.09361952,0.16867857,0.06810343,0.06973761,0.5052371,0.10340111,0.09912611,0.59019256,0.20010886,0.09311442,0.029895347,0.0560676,0.058940828,0.07104109,0.05522436,0.0895806,0.007573087,0.22333957,0.11365186,0.0503721,0.077282645,0.17238185,0.04213191,0.05905784
8175,0.136377,0.13962771,0.0038092486,0.07841383,0.037105888,0.086792596,0.009308147,0.93339443,0.0025545636,0.0049989964,0.031275637,0.31054708,0.0021328083,0.005341331,0.0026132246,0.043445274,0.00017784823,0.18307154,0.005639734,0.0026338703,0.0032624244,0.49086794,0.7111919,0.093515135
8179,0.0003640818,0.000929628,0.0005724696,0.010648613,0.25890028,0.038391836,0.008918271,0.9350829,0.0029094825,0.007875268,0.0061121266,0.0030396944,0.11931844,0.029180648,0.0011929662,0.043835126,4.560959e-05,0.076361366,0.0022690464,0.0044031027,0.004327528,0.117599785,0.0006644411,0.0013719355
8182,0.34031603,0.36505368,0.051790245,0.028205272,0.467513,0.2509901,0.037772704,0.3804655,0.12993298,0.110335335,0.0158682,0.04783189,0.081956945,0.042333595,0.038107894,0.015387714,0.002351911,0.16354367,0.018209543,0.020128455,0.0376764,0.10320473,0.024451658,0.3060682
8186,0.16380553,0.097126886,0.01833183,0.0076734778,0.925805,0.3523629,0.010013959,0.11233305,0.11712032,0.055765726,0.018579392,0.0068437285,0.14038406,0.033246994,0.041693427,0.10496851,0.0037510118,0.15177108,0.10877742,0.032975778,0.024009343,0.26625055,0.013218622,0.029493628
8189,0.010101177,0.14456944,0.031953428,0.015796699,0.53476137,0.0097173005,0.008227735,0.73866284,0.3497938,0.043454617,0.0024682966,0.0156073,0.008820817,0.0390612,0.018836865,0.0041081496,0.00018668499,0.11904642,0.0041390476,0.0057707597,0.14044048,0.014590323,0.005562308,0.032486137
8190,0.11461149,0.07099237,0.0096864095,0.010858134,0.6755605,0.16477467,0.016451044,0.2563994,0.024473151,0.01533842,0.008137942,0.011729287,0.09028898,0.008291503,0.0067979214,0.02473953,0.0014092939,0.025081787,0.07839919,0.011263271,0.028428866,0.2927865,0.013670027,0.0320157
8194,0.020486247,0.012512262,0.004189324,0.02538728,0.36332843,0.06378973,0.024513103,0.5524218,0.010134515,0.033333965,0.01750716,0.009280193,0.17683616,0.026473531,0.007844635,0.06571913,0.0009948597,0.10026342,0.03365506,0.015432615,0.018708907,0.2320855,0.011015924,0.025007607
8195,0.3425275,0.15868993,0.046575632,0.025691,0.2772183,0.09902296,0.032343347,0.23473871,0.047310926,0.14962411,0.032824006,0.033007327,0.43628335,0.017961496,0.022105249,0.33407676,0.0073017515,0.09829462,0.6067469,0.04110339,0.012401678,0.7270799,0.036997378,0.042683385
8199,0.27211097,0.261361,0.003128353,0.019480102,0.05601978,0.027393615,0.008332818,0.8413326,0.0019174983,0.0054410887,0.002501849,0.12651724,0.006227566,0.0023461974,0.00157004,0.0047539584,7.7540324e-05,0.045229718,0.012961689,0.0020271163,0.0023290552,0.20525095,0.8425366,0.06312075
8202,0.9550618,0.6655108,0.0044750236,0.00015975085,0.044318665,0.0044325464,5.1583193e-05,0.11504924,0.007583243,0.018744007,7.505385e-05,0.00461783,0.043764804,1.9050436e-05,0.00013666313,0.00392746,6.418309e-06,0.0037918359,0.8669778,0.00016179093,0.00020407623,0.64933085,0.017891938,0.008561543
8205,0.19708443,0.4353478,0.043116894,0.0008891463,0.2032433,0.0058819167,0.004406567,0.053961266,0.07492788,0.0661033,0.00059847935,0.0052105524,0.6355411,0.0015311292,0.0035565877,0.102462135,0.00019749548,0.026638765,0.94521147,0.0071354476,0.0006759708,0.48806185,0.004061555,0.006616022
8208,0.018415073,0.0045652944,0.0003409009,8.454079e-05,0.99200094,0.12235334,8.927032e-05,0.0074704597,0.016706675,0.014374133,0.0003842877,1.4783523e-05,0.1349341,0.0013662825,0.003041672,0.03625955,3.4164008e-05,0.06590539,0.012131234,0.008633813,0.0016908344,0.11885882,3.859259e-05,0.0008019754
8210,0.05977256,0.08685939,0.020070944,0.02110369,0.7109163,0.12505119,0.0128309885,0.50856394,0.103512205,0.03344597,0.010091311,0.0119432025,0.008647051,0.037332173,0.047650322,0.010504743,0.0011644711,0.410762,0.0055105514,0.013190383,0.057061344,0.04173458,0.0168709,0.066539355
8212,0.15252955,0.19148813,0.0600757,0.0073618977,0.88859075,0.22798833,0.0055975723,0.19537076,0.3658115,0.17890912,0.010352234,0.0071977773,0.08480539,0.025977649,0.03603688,0.06943527,0.0027777413,0.056645878,0.06444778,0.029988622,0.08202172,0.20035526,0.007762406,0.029644225
8213,0.09712874,0.206563,0.061944943,0.13475153,0.19027118,0.33902997,0.14774272,0.5605345,0.07101669,0.064437225,0.09691269,0.18561141,0.20378634,0.052251402,0.020982873,0.31900454,0.011695838,0.061995193,0.1717952,0.086910754,0.031898364,0.57034075,0.08508082,0.13314064
8215,0.00767453,0.018861363,0.014504773,0.18211079,0.17702605,0.016512116,0.41012385,0.75273937,0.034703188,0.047516998,0.0082395105,0.05477921,0.03307451,0.2191924,0.021828607,0.013750627,0.0013291816,0.22530597,0.011968928,0.016003642,0.04779853,0.031701986,0.019342344,0.017634422
8219,0.0032600714,0.02386757,0.012458467,0.026805902,0.9726751,0.011528412,0.03415271,0.13223052,0.1088609,0.068945885,0.0010716451,0.0059896917,0.008031182,0.117878355,0.056585018,0.008958146,0.00030256034,0.38120657,0.00450355,0.009239413,0.011467576,0.0057117757,0.0052907313,0.0025722345
8220,0.004946808,0.060516104,0.02687905,0.004988992,0.953654,0.001449995,0.17648697,0.021838952,0.1476795,0.039759457,8.331661e-05,0.0014927798,0.03726685,0.073106416,0.020501327,0.0023568815,7.356299e-05,0.09028214,0.11106127,0.0032178923,0.0029220493,0.002664285,0.00029301754,0.0017007943
8226,0.014378734,0.05480115,0.011560056,0.018514268,0.8151965,0.027319023,0.0058729704,0.63816255,0.13218836,0.08338223,0.0064410735,0.005176231,0.009156773,0.028190555,0.015705006,0.01826287,0.00031108974,0.35367754,0.009782651,0.005966219,0.0321005,0.030880336,0.010085045,0.0070337215
8227,0.05483107,0.2161064,0.02749472,0.011547678,0.7074908,0.07179398,0.010893081,0.16854493,0.099144,0.074390195,0.010791554,0.014482677,0.112148665,0.024308376,0.01877934,0.07215658,0.001087422,0.11046862,0.086329654,0.022649845,0.012421778,0.22318111,0.010307844,0.063351676
8228,0.016106695,0.02243159,0.0038400223,0.01146461,0.319982,0.0013999463,0.010074126,0.7951324,0.008804377,0.036457192,0.0010005945,0.0061327224,0.01850564,0.014554196,0.0034251867,0.0065713013,6.157833e-05,0.104411155,0.012947433,0.0018464021,0.007975014,0.05344899,0.017191404,0.008390115
8230,0.002806541,0.006213205,0.0009790345,0.00047504125,0.9918719,0.1091535,0.0007849146,0.074238405,0.028438251,0.005921176,0.00037771824,8.535033e-05,0.019236319,0.023217803,0.008749931,0.013637104,4.0826006e-05,0.35070738,0.0035641934,0.005504435,0.0012013128,0.022382343,0.00015819877,0.0006638293
8232,0.0013889597,0.0025803165,0.0010003605,0.040111203,0.7400404,0.03513731,0.001409143,0.8214042,0.010360299,0.014806811,0.048868544,0.0034930413,0.0005795164,0.082959354,0.033055212,0.021822311,0.000114917704,0.9227625,0.00051143725,0.004322103,0.020194972,0.02185054,0.008087324,0.0044515943
8234,0.022187741,0.024342611,0.0064982506,0.039390825,0.96208817,0.045277823,0.009634721,0.22908795,0.04217669,0.02020966,0.0037946377,0.012049316,0.0014133287,0.08358244,0.16246498,0.00873556,0.00076907605,0.76807237,0.0065232036,0.008518895,0.022646673,0.029103244,0.0112678595,0.017261945
8238,0.5821351,0.12173254,0.0029262453,0.011804987,0.46891108,0.61325145,0.0020450836,0.55047435,0.01454416,0.017509712,0.028584443,0.014093067,0.012271506,0.0063916505,0.006771158,0.051505767,0.0007528728,0.09556835,0.013185909,0.0062755384,0.007867854,0.6529594,0.0239407,0.06530591
8241,0.3792698,0.030865874,0.0008318296,0.014163454,0.60610616,0.9240686,0.0075135254,0.35621884,0.0022543073,0.0011248795,0.042134766,0.009212577,0.0032260376,0.0017011183,0.0051276954,0.019850457,0.00045479406,0.12332397,0.0064420537,0.0029480166,0.012550987,0.42026567,0.010102988,0.069957234
8245,0.40538618,0.0945548,0.008446338,0.028850999,0.15404,0.13563192,0.008703485,0.71350014,0.009829309,0.016327947,0.022192724,0.055261575,0.05529659,0.0067759636,0.010001492,0.016810508,0.00093512156,0.2584781,0.16997102,0.0075256634,0.0104354415,0.4924403,0.19246732,0.084681615
8258,0.0801407,0.2875787,0.103898816,0.05806903,0.11811365,0.049612112,0.029470706,0.61190367,0.23436555,0.40638682,0.02822674,0.077108525,0.24008001,0.13357212,0.058500472,0.106717415,0.0033606018,0.25323233,0.046706654,0.04247052,0.03735882,0.21279778,0.052928243,0.0894068
8259,0.1410931,0.010469463,0.0011834397,0.014829245,0.70190644,0.9277214,0.013877083,0.39048907,0.00805593,0.00698807,0.047078434,0.0032249065,0.058880273,0.009799045,0.0049988185,0.17292577,0.0020012276,0.1022926,0.008340806,0.0106098,0.0107990345,0.48352298,0.0025951199,0.008881972
8264,0.040937517,0.029485602,0.013604027,0.026529394,0.90646625,0.15832707,0.007812884,0.39772373,0.08227292,0.064392634,0.031736836,0.011254097,0.00946673,0.07227117,0.14966993,0.035891697,0.0020012683,0.67486966,0.0072102696,0.023901347,0.10111029,0.080668636,0.0154698985,0.017421944
8266,0.009695021,0.09979703,0.0075567407,0.015770396,0.22373848,0.0044106175,0.0022266326,0.8802863,0.040646475,0.015256243,0.003949642,0.04039514,0.0013103619,0.025063038,0.022699999,0.0036793407,3.9571554e-05,0.6561135,0.0017846191,0.0016115736,0.012279976,0.029782662,0.14139558,0.027900172
8271,0.89132917,0.5138954,0.021012766,0.0034283835,0.22187327,0.10586517,0.0023171436,0.13741258,0.046476442,0.046192072,0.004518936,0.0111808935,0.13765372,0.002104451,0.004084988,0.05334352,0.0008478666,0.024864418,0.39641398,0.0069153127,0.0045741573,0.70653725,0.025955552,0.03968492
8286,0.49145308,0.6400254,0.047172826,0.012194604,0.51717365,0.09370754,0.017027622,0.15686888,0.08297211,0.02120508,0.00595077,0.033416178,0.09654755,0.0071556033,0.018725656,0.023192877,0.0016478826,0.119264096,0.4084502,0.017152673,0.008053949,0.31624404,0.0373446,0.13490562
8298,0.031047208,0.003771332,0.00026015544,0.0022685227,0.13766122,0.9442475,0.0010389937,0.687941,0.0012815034,0.0022436287,0.118756264,0.0020668434,0.21165453,0.0007208687,0.0004280472,0.3384161,0.00012694337,0.01878786,0.00193524,0.0027120071,0.0014677529,0.8788582,0.0012430933,0.0067740064
8306,0.19372702,0.009438527,0.00037012118,0.016148759,0.5220115,0.88134545,0.0039575812,0.76790756,0.0010012619,0.0009079004,0.041946188,0.009124067,0.0045751734,0.003993765,0.0023309528,0.026707584,0.00046736238,0.15686603,0.002134888,0.0031837497,0.007971359,0.5789794,0.01391307,0.074300006
8308,0.21297675,0.12385649,0.03591209,0.07106055,0.42137718,0.6336167,0.036032654,0.4676221,0.06738919,0.065091714,0.16863601,0.05537899,0.14586888,0.062772416,0.063349105,0.27034885,0.018274622,0.23234822,0.064090684,0.07011759,0.05342698,0.5767931,0.05914388,0.16836008
8311,0.0016479815,0.003137722,0.00017203431,0.00074082194,0.99107164,0.036109507,0.00013447937,0.23085506,0.028832175,0.007934563,0.0005447096,4.6415185e-05,0.00014390252,0.0068258485,0.005520252,0.0013178206,2.928771e-06,0.41949013,4.791818e-05,0.0002724347,0.01636916,0.0037700639,2.614263e-05,0.0012113486
8315,0.054122366,0.016302828,0.00061548775,0.029652063,0.40257475,0.2299628,0.0023624392,0.73682106,0.0026485908,0.0041572424,0.025845814,0.014296782,0.0013333886,0.007132462,0.005451337,0.011574128,5.208486e-05,0.65690446,0.00071880105,0.0017042963,0.005169725,0.13367769,0.08392313,0.020495271
8319,0.054981712,0.06225875,0.011425109,0.00746632,0.7359208,0.053893305,0.005622854,0.13583747,0.042801864,0.05014855,0.010280948,0.0058475323,0.23237555,0.038575612,0.017461002,0.052020557,0.00088301254,0.11243103,0.07549178,0.017304845,0.013850412,0.2142369,0.004738725,0.02656504
8320,0.09122501,0.041197114,0.008427612,0.023418719,0.40367332,0.32270968,0.020564787,0.32171148,0.015259789,0.030816944,0.023890393,0.026324673,0.14499646,0.030998923,0.010197277,0.06707896,0.002228309,0.06990611,0.025151936,0.024059733,0.020942349,0.38814718,0.019073509,0.096555725
8321,0.022260813,0.006739669,0.001217669,0.06095748,0.430375,0.04153444,0.12741044,0.60805047,0.001466995,0.0021037362,0.0030926338,0.04075496,0.0004402884,0.021494804,0.0029506288,0.004633514,0.00013093038,0.08302021,0.00832693,0.0015658507,0.008080667,0.09197241,0.07939447,0.008470604
8322,0.012313313,0.04404543,0.047998093,0.29839182,0.20966895,0.022992305,0.8940475,0.2604038,0.037821982,0.055047948,0.010799416,0.15160678,0.08103778,0.57113546,0.040613048,0.034495384,0.004088796,0.09909394,0.043337286,0.030113788,0.02555767,0.04517104,0.035426475,0.028774444
8325,0.08711769,0.16917914,0.056799557,0.13461457,0.2937833,0.0612985,0.08631899,0.6898986,0.069718555,0.06874185,0.050932046,0.10383476,0.031562664,0.08025282,0.04696506,0.07464331,0.007920166,0.29698828,0.080808856,0.04057533,0.060850225,0.1911603,0.067710295,0.12165417
8329,0.14108409,0.067980126,0.017932924,0.013759664,0.70050853,0.22520706,0.029339751,0.17695488,0.054298826,0.08890312,0.030712724,0.01616068,0.24950092,0.023746165,0.022559764,0.23585789,0.0046255207,0.1302967,0.21168289,0.038130965,0.0229899,0.5630092,0.010647498,0.03501077
8333,0.00029145728,0.00032545757,5.1070587e-05,0.004475506,0.7171267,0.041024167,0.016098682,0.8746588,0.002386587,0.00028328664,0.00086322887,0.0006503407,0.00015202811,0.010274076,0.0002921592,0.004098193,4.962157e-06,0.042596184,5.3237334e-05,0.00021957957,0.0077724825,0.008572641,0.00017847576,0.0006021839
8335,0.18150176,0.1589751,0.020336814,0.006864538,0.109603,0.027333543,0.011565272,0.24280371,0.04129699,0.17784807,0.0059118625,0.017108124,0.66334224,0.01110682,0.008091507,0.12782086,0.00083670666,0.03627803,0.29563737,0.012442696,0.006201647,0.36389506,0.014152579,0.020853488
8338,0.025365815,0.10048555,0.019909125,0.0044566058,0.61792827,0.0044447356,0.0011755677,0.3833884,0.12023833,0.113650344,0.0019595174,0.0026111943,0.008546242,0.014352482,0.048069213,0.009763465,7.899298e-05,0.7898076,0.013174659,0.0025766913,0.006665956,0.029565603,0.0028930346,0.008522815
8340,0.57270217,0.16079234,0.00248372,0.0031037354,0.58939576,0.109996565,0.000757144,0.3661102,0.010015298,0.007198012,0.0025365432,0.010239837,0.012437489,0.0010042771,0.0022310838,0.0051059723,9.006706e-05,0.10596444,0.042633984,0.0011530953,0.003451146,0.22882016,0.100500576,0.020045195
8346,0.34438205,0.34811893,0.04382786,0.0011685252,0.24210958,0.020642992,0.00263483,0.034923498,0.08307608,0.27318367,0.0014305647,0.0038843954,0.84506583,0.0037376266,0.0042191865,0.08783171,0.0003165178,0.019118492,0.5715667,0.009944712,0.0015891099,0.47512838,0.0028678952,0.01273513
8347,0.08632091,0.14315878,0.0655357,0.07641782,0.43769804,0.1518785,0.113968045,0.4310984,0.17616296,0.08008177,0.03250849,0.053115252,0.11996714,0.096208625,0.056884725,0.08122,0.008235261,0.19548602,0.061031386,0.05542801,0.06492113,0.13411124,0.03844876,0.10863278
8352,0.07809978,0.115414985,0.021527583,0.07733226,0.27552313,0.14733878,0.039591327,0.74690926,0.031487923,0.028673528,0.030471535,0.09762849,0.02072914,0.052078236,0.027168619,0.022777207,0.0020926043,0.21451755,0.020794585,0.020242995,0.052508526,0.17570372,0.19539653,0.16994655
8356,0.0019323401,0.0061347163,0.0013613086,0.09635347,0.3354737,0.018202227,0.048277337,0.8653567,0.0050872853,0.008488573,0.003439669,0.017203366,0.0021875561,0.13336916,0.013430502,0.00515982,0.00010449852,0.48829627,0.0025695374,0.0034390301,0.0063548386,0.027214665,0.0073321117,0.0056564803
8357,0.00012672918,0.0011033898,0.0008653936,0.012364775,0.6562804,0.00044163628,0.8555598,0.31233722,0.0053391275,0.00043562887,1.8421288e-05,0.0010189769,0.00083564577,0.03703299,0.0012285553,6.5946035e-05,4.9523996e-06,0.04591817,0.0006611721,0.00023722963,0.005444669,0.00030789713,0.0003906452,0.000403459
8363,0.0013285463,0.00031251335,0.00014297667,0.00556322,0.86350155,0.09871934,0.00039754304,0.5561383,0.0023587155,0.005396161,0.008156982,0.00023142502,0.012354408,0.0062095346,0.009503089,0.03167041,3.990024e-05,0.6605729,0.0015203927,0.0036324868,0.0043018404,0.15140723,0.00048007592,0.0012298644
8365,0.049776815,0.0035144058,0.00011358931,0.0024347783,0.5372689,0.9120353,0.0006568804,0.87822914,0.0014182526,0.0003167013,0.0053450107,0.0005455167,0.0011846978,0.0019626748,0.00032937623,0.0011335678,1.35407145e-05,0.018884504,6.136694e-05,0.00046107615,0.022715753,0.07057839,0.00036790653,0.0048951404
8378,0.04319364,0.04110868,0.006168267,0.010182074,0.4727072,0.16395178,0.016132273,0.3919535,0.018767498,0.02034663,0.009983637,0.006864701,0.3498161,0.012302119,0.0038270112,0.07228482,0.0010921565,0.02949721,0.09154539,0.016601373,0.007997496,0.4435164,0.0060484395,0.020646242
8381,0.027750712,0.3034772,0.1112727,0.0054865857,0.9693357,0.019473962,0.0063599083,0.068938,0.56619453,0.10529359,0.0008097905,0.0047160275,0.008297697,0.06514475,0.15244572,0.007740565,0.00030810508,0.22954535,0.028077397,0.0139618525,0.024058627,0.011623235,0.005001983,0.0083129825
8383,0.15281935,0.12985171,0.04503887,0.25110242,0.33308825,0.19718286,0.20298165,0.5317104,0.04068942,0.09140663,0.08989759,0.20121174,0.08034124,0.21367542,0.09546607,0.08175675,0.01634892,0.44511783,0.09976402,0.071571186,0.07459264,0.2815124,0.18309395,0.11533301
8389,0.8147162,0.029822093,0.00038898617,0.0010829937,0.15288107,0.96924126,0.00026011697,0.26653922,0.0014980594,0.010926252,0.033843637,0.00078140816,0.069448724,0.00018572254,0.00021810704,0.14983341,5.2142957e-05,0.014384676,0.004389791,0.0011741851,0.0006193424,0.8840114,0.0016892849,0.0063812206
8392,0.30034053,0.08323014,0.00790532,0.006561895,0.90523505,0.44257405,0.01585628,0.07471218,0.053608987,0.02000142,0.013381361,0.003809983,0.0644096,0.011446115,0.021042788,0.12908919,0.002229865,0.06830113,0.103414096,0.0142657785,0.028360886,0.35324052,0.0027395815,0.023940846
8393,0.28368732,0.2537043,0.025387479,0.0007222343,0.46988896,0.026394378,0.0015099074,0.05924423,0.07618698,0.045188945,0.001435125,0.0023113622,0.18681681,0.00084569893,0.004539252,0.0650995,0.00016873593,0.062395137,0.8681419,0.0043210634,0.0021867505,0.54105675,0.0010191911,0.0059267753
8402,0.39108786,0.352495,0.020468432,0.022333689,0.5187222,0.12574273,0.007195341,0.2582114,0.04763359,0.04060306,0.015499834,0.037486643,0.006913911,0.019265983,0.038362425,0.0074339267,0.0010103134,0.38055772,0.010836517,0.010156323,0.02905887,0.10353821,0.08433066,0.27178589
8407,0.0005003106,0.0029072966,0.00034716638,0.012993646,0.7400076,0.005723741,0.0015815934,0.6463886,0.007843857,0.012177144,0.0038744893,0.001874346,0.003222086,0.041507013,0.030325752,0.001820093,2.5418822e-05,0.9083351,0.0008536848,0.0013077685,0.0040674573,0.009019511,0.002297092,0.003640287
8408,0.02804057,0.043008488,0.011593833,0.0015837845,0.6907523,0.03155374,0.0048951427,0.10165744,0.047604706,0.13440135,0.002558373,0.0016953469,0.8918159,0.013724256,0.0052199727,0.109816805,0.0003931468,0.050090127,0.2716806,0.01452043,0.0041539194,0.25436956,0.000844316,0.0046717077
8415,0.6073371,0.9395097,0.15266646,0.001460863,0.18851781,0.0042219576,0.0011354445,0.049617827,0.47546268,0.36236605,0.00014715521,0.017729862,0.11739472,0.0028734845,0.0057112663,0.0019575593,3.4628243e-05,0.041425597,0.13740353,0.0015075727,0.0015832349,0.031110024,0.004869388,0.038759023
8427,0.056647558,0.04861728,0.009583447,0.0892007,0.09375199,0.095985085,0.20224623,0.8913394,0.010846309,0.0073948056,0.014254517,0.10766044,0.011356076,0.04034484,0.005446676,0.018202214,0.00065401726,0.09662005,0.0070145945,0.0058387676,0.05028773,0.20230497,0.051501103,0.058584344
8428,0.6892632,0.07472891,0.0023104688,0.0011638661,0.55576795,0.6092336,0.0012886119,0.17547646,0.0077924356,0.0069988524,0.006306444,0.002008532,0.069772325,0.0012072657,0.0010315679,0.031730607,0.00025699785,0.007397988,0.04999531,0.0030371335,0.003980294,0.66485655,0.0026118427,0.019512346
8429,0.021422297,0.010461404,0.010700151,0.02112507,0.57670677,0.14242788,0.012577603,0.5179831,0.027035635,0.047932725,0.027152011,0.0073512625,0.36335918,0.034558136,0.0202938,0.15221547,0.0022461195,0.15512405,0.030130254,0.040855005,0.033549126,0.29346454,0.006862715,0.019800639
8433,0.008372088,0.004860205,0.00043113081,0.011439847,0.41966188,0.26140764,0.0013073053,0.8544446,0.0026943989,0.008111685,0.03738842,0.0032038307,0.029332835,0.010770598,0.0055750776,0.111348286,0.00015707925,0.49357802,0.0034720728,0.004271626,0.003585822,0.321862,0.0077727623,0.0056949966
8434,0.7547044,0.07651406,0.001551932,0.0014157231,0.29497,0.6224449,0.00018711768,0.3734163,0.0049481485,0.016843814,0.019090977,0.0024604485,0.08358999,0.00028597313,0.0026046173,0.12291046,0.000206211,0.05755567,0.027309118,0.002785883,0.002492761,0.9137354,0.004498253,0.02199976
8435,0.39761975,0.0090909405,0.00018200027,0.0012069473,0.92840683,0.94476247,0.0007246739,0.19545254,0.0019873222,0.00027309006,0.0026688487,0.00030294366,0.0009667387,0.00041883456,0.0007460016,0.004296945,4.900659e-05,0.027078282,0.000734427,0.0010316558,0.0024862853,0.23989789,0.0023215683,0.00688767
8436,0.49379817,0.025770934,0.001721027,0.0053694807,0.2530621,0.42670098,0.0033551047,0.611921,0.0029877739,0.0022691153,0.010500798,0.0052035847,0.01708129,0.00068730337,0.0006618855,0.08602327,0.00049704476,0.021591946,0.06368865,0.0030327213,0.008034031,0.8351304,0.016229749,0.012259629
8437,0.12003546,0.14516042,0.053714722,0.051171865,0.5146597,0.14668922,0.024976172,0.48634955,0.13001488,0.16967058,0.0399015,0.030466717,0.091258034,0.048630923,0.054083496,0.0761586,0.0055444143,0.26908454,0.07931747,0.04743909,0.07446259,0.2191033,0.029887661,0.048458677
8438,0.900616,0.00360787,3.3347205e-06,8.440521e-06,0.085041866,0.9876628,1.2712956e-06,0.67240274,7.533156e-05,0.0003877616,0.005697309,1.2993254e-05,0.025170105,1.1620272e-06,9.769672e-07,0.5784052,8.3054607e-07,0.00033507022,0.007395506,2.6435928e-05,1.0729714e-05,0.99881923,5.333867e-05,3.4062767e-05
8442,0.15740688,0.015717845,0.0011420158,0.0010169074,0.3268749,0.6853656,0.0020024,0.1480368,0.003170075,0.009342173,0.011471367,0.0011088294,0.58008,0.001998088,0.00067261345,0.51042396,0.00033814175,0.008113773,0.05499806,0.007408023,0.000783429,0.9088397,0.0011732699,0.0031105457
8445,0.025395522,0.013031426,0.008882254,0.01843086,0.9189716,0.19740242,0.007247999,0.24772564,0.045669306,0.048154883,0.023740008,0.0037946214,0.029199166,0.073852815,0.15293428,0.11104284,0.002211477,0.662681,0.012178903,0.04239495,0.014731707,0.144569,0.0049748835,0.010218364
8453,0.15993795,0.038924016,0.009923219,0.12168284,0.34979582,0.77209556,0.26425543,0.49170431,0.017021509,0.015198432,0.06877259,0.05353717,0.047786262,0.049029,0.013047577,0.10822059,0.008879933,0.050632585,0.027128588,0.02934346,0.049999535,0.3704591,0.03145425,0.05569938
8461,0.32838905,0.34263623,0.09495353,0.061186694,0.36279148,0.13837364,0.15852267,0.41670343,0.1869609,0.032542534,0.006640556,0.06409999,0.014431715,0.015618975,0.019463522,0.012238416,0.0024302956,0.052232414,0.050081845,0.010239224,0.16005242,0.09466457,0.04284935,0.066383556
8462,0.1207877,0.11849252,0.023708375,0.028177375,0.37488776,0.10237458,0.008434504,0.4520758,0.070768,0.14959145,0.02342698,0.024750179,0.17664878,0.040894944,0.040696733,0.062401257,0.002743011,0.20581058,0.04159133,0.029235985,0.033705186,0.24301742,0.020321269,0.11418408
8465,0.00013113204,0.00066149,0.00018783647,0.0071148803,0.8388604,0.0030293528,0.00021716558,0.8523612,0.004183291,0.004515996,0.0017444894,0.00047582283,0.0002077002,0.036137473,0.024832157,0.0021614165,5.1594875e-06,0.94833875,0.0001592561,0.00075247645,0.005049109,0.003967339,0.0006118401,0.00058163854
8467,0.6077689,0.013971007,8.0761754e-05,0.00035590402,0.3535364,0.93519,6.480759e-05,0.26961067,0.000577726,0.0004422808,0.009798105,0.00047231835,0.050515026,4.4384487e-05,8.356033e-05,0.050463293,1.4191432e-05,0.009822313,0.004869374,0.00048153385,0.0001914085,0.9522942,0.00072530773,0.0059770425
8472,0.20789737,0.94189024,0.1681409,0.0028470752,0.21484824,0.0014155608,0.00048381058,0.29572803,0.52000165,0.347316,0.00029292985,0.040805984,0.0022713565,0.0024555812,0.018733064,0.001482275,1.3764708e-05,0.2548121,0.01581008,0.0010087985,0.011870815,0.01574543,0.027646871,0.06954196
8474,0.020939017,0.02604906,0.022501638,0.030306842,0.34424067,0.045616206,0.42192084,0.22689825,0.042282637,0.058416724,0.007650916,0.014382768,0.27551472,0.11924795,0.014404463,0.041679956,0.002357014,0.032568,0.05873746,0.018369053,0.046370577,0.09346035,0.007111099,0.027571784
8476,0.005126467,0.006597714,0.0016602427,0.03098695,0.64565855,0.18761599,0.0034166148,0.8104857,0.013762343,0.021346144,0.045784242,0.00665128,0.012035105,0.043694034,0.014735148,0.15804423,0.0005109819,0.53342956,0.0096387435,0.005910144,0.014538606,0.21549141,0.006510799,0.0055888304
8477,0.14869152,0.21394174,0.011788398,0.034408174,0.58169436,0.11724779,0.025804866,0.40282997,0.04043506,0.03517939,0.0099868085,0.034375884,0.035413276,0.061346125,0.026090164,0.01294571,0.0014974966,0.2928108,0.042141028,0.017453209,0.013795299,0.09532815,0.034268815,0.1075924
8489,0.09468146,0.061827008,0.014584778,0.20664597,0.24173631,0.24717149,0.050971456,0.80693704,0.024044022,0.03323007,0.11285098,0.16422278,0.02002729,0.085077874,0.033119656,0.04976321,0.0048128166,0.32812172,0.008118613,0.027675906,0.07929116,0.1742619,0.23610616,0.17264445
8502,0.024411967,0.03472397,0.016098116,0.09530017,0.470342,0.073868185,0.03604653,0.7850414,0.054337904,0.05919372,0.025236621,0.029777704,0.03336844,0.08380135,0.038102143,0.034946766,0.0027515902,0.26867315,0.017595006,0.02388778,0.20910826,0.099379055,0.023365134,0.038508967
8503,0.0009412962,0.0010781263,0.00038261752,0.0025465207,0.9239917,0.016829228,0.0059745926,0.44141442,0.005636179,0.0039024353,0.00073821755,0.0004985647,0.013645727,0.018237773,0.0057824557,0.0021204432,3.870622e-05,0.3796456,0.0006398989,0.0028329527,0.007107608,0.008258286,0.0004152718,0.0034647959
8505,0.048266146,0.107172534,0.03913065,0.11198557,0.5652236,0.14765921,0.06439788,0.58206475,0.0891438,0.08320428,0.056764122,0.06799339,0.041976407,0.27987474,0.0826604,0.12948313,0.0072723865,0.28808063,0.03117105,0.05656924,0.07831864,0.17440574,0.044838224,0.07164161
8508,0.017200865,0.050910555,0.047262542,0.17828731,0.45796478,0.10154228,0.8840567,0.21080667,0.088091925,0.01532126,0.0048636585,0.051144794,0.013247107,0.086751014,0.018958816,0.01232018,0.0028584544,0.04196385,0.016454935,0.011163021,0.091332875,0.025249757,0.008695215,0.02564062
8512,0.0052245753,0.008614578,0.0048732553,0.02901779,0.6004281,0.06257949,0.09401318,0.6380404,0.028358206,0.022608915,0.005391071,0.0048559103,0.080910824,0.058715977,0.0073494297,0.020620957,0.00061601296,0.18414502,0.017272374,0.015434388,0.01920088,0.03686751,0.0030920943,0.0047289147
8514,0.0750004,0.0168477,0.0018960049,0.0047260607,0.39623943,0.49312827,0.004975639,0.22959173,0.0037043234,0.008965311,0.014889996,0.00343688,0.6644139,0.0061354344,0.002248152,0.120218135,0.0006208527,0.022713838,0.03494051,0.009562253,0.0030340524,0.68155694,0.0026946038,0.017770749
8519,0.024711665,0.0545764,0.037996434,0.04497339,0.66087973,0.035087124,0.053120337,0.346296,0.10533877,0.112137675,0.021400716,0.042112485,0.15120487,0.31266958,0.081094936,0.08695306,0.005474867,0.26167494,0.05247113,0.059698783,0.034010965,0.12816639,0.025179192,0.04779187
8526,0.0056053963,0.004772479,0.00015083182,0.0049254247,0.04301396,0.015490443,0.0010173236,0.99215114,0.0006250485,0.0046491018,0.0047937743,0.0021685977,0.003328661,0.0008422429,0.00028820694,0.017573241,5.4358093e-06,0.18227862,0.0013446517,0.00028258475,0.0022251932,0.2313636,0.014286909,0.0031611414
8527,0.71357113,0.25358006,0.0113590965,0.00041284607,0.11305836,0.031785883,0.0022233478,0.020637391,0.02538588,0.099413626,0.0005874788,0.0015225701,0.9160577,0.00072994776,0.0005614064,0.04313331,0.0001380574,0.003741261,0.781184,0.0029019946,0.0012623583,0.54107475,0.0016744932,0.0054988205
8529,0.0034186186,0.009310826,0.004352601,0.024662595,0.86024916,0.043569393,0.015485724,0.741852,0.03592255,0.019596351,0.0065878048,0.0036111134,0.013875628,0.04101769,0.018826263,0.013874447,0.0004620245,0.50112915,0.011053406,0.009695896,0.031601593,0.03312521,0.0069236616,0.0053037414
8533,0.014885673,0.016908832,0.005679115,0.047881592,0.52823305,0.1368193,0.019858437,0.7257706,0.024740536,0.032266535,0.02060368,0.0129933655,0.036187135,0.079897285,0.022975728,0.058686905,0.00095233566,0.30845052,0.0060510375,0.02155045,0.012025404,0.14396194,0.00827299,0.01643048
8535,0.477956,0.08580795,0.0034237253,0.006618589,0.54108256,0.80961853,0.0030288948,0.42939308,0.011209764,0.005878697,0.01629513,0.005262073,0.010562064,0.0036490818,0.003198835,0.021760328,0.00053052214,0.03832466,0.0048324293,0.006162438,0.010785895,0.54641974,0.014535012,0.08556602
8549,0.31693792,0.058098905,0.0018442175,0.0059948834,0.7376847,0.814736,0.0049986714,0.53090405,0.014831649,0.0070084594,0.03036798,0.0031503218,0.007911318,0.014030658,0.006925593,0.04879748,0.0010484718,0.1003771,0.0045717517,0.005738762,0.031937487,0.28406143,0.0071784756,0.032499827
8551,0.04491674,0.019560134,0.007245056,0.008803965,0.7076823,0.086755,0.015158152,0.40818435,0.026587887,0.059191167,0.010872795,0.0052423845,0.21920893,0.01476806,0.008120272,0.16112211,0.0009724096,0.1036921,0.10041297,0.018721811,0.010226556,0.38173512,0.00438783,0.0075950115
8553,0.39618003,0.24857663,0.067706786,0.004533211,0.9091062,0.18944833,0.0046166326,0.07824332,0.2497909,0.22869222,0.0034482956,0.0065662265,0.025219513,0.012998943,0.034258407,0.044461872,0.0013925763,0.111474015,0.038834512,0.01895201,0.02470732,0.12387186,0.0076092505,0.022324216
8554,0.3513793,0.37085956,0.12895525,0.054277893,0.666295,0.34864855,0.06327254,0.23148993,0.37980986,0.17515291,0.044041496,0.052841697,0.14851671,0.06956834,0.07365504,0.13195741,0.02068579,0.20697694,0.14073528,0.066682026,0.11595099,0.21767175,0.03519442,0.12916759
8555,0.017392328,0.0018585888,0.00048219063,0.0016994799,0.7614683,0.20890895,0.004518927,0.41823578,0.0036207906,0.0047859466,0.0024332036,0.0006008596,0.24261458,0.003530903,0.0015253085,0.04895999,0.00017229712,0.04038185,0.024267728,0.0051526017,0.00411564,0.4338712,0.00051156234,0.0013762867
8561,0.015719822,0.036284856,0.025735484,0.060182683,0.6553235,0.035017323,0.095554665,0.42427385,0.0659521,0.047855694,0.010778713,0.025714727,0.077598885,0.11269304,0.04584252,0.028257016,0.0032302942,0.2510239,0.04399837,0.03616725,0.047423244,0.05507886,0.021610899,0.023158276
8562,0.003703426,0.0019410149,0.0006248305,0.03120459,0.75759566,0.10941618,0.005165364,0.89143753,0.0080556935,0.0120509695,0.030151092,0.0021554765,0.0016981587,0.04678492,0.02559156,0.029186642,0.00023235605,0.8642359,0.0013319543,0.0047305264,0.018234633,0.02765269,0.008321223,0.0026309583
8564,0.012504999,0.0065913885,0.0010183195,0.01592279,0.7030121,0.46756616,0.0023788433,0.6758114,0.0034698313,0.008988235,0.062726706,0.0035928192,0.005820161,0.017251853,0.022042122,0.13389061,0.00042263776,0.6890613,0.0021338793,0.011228139,0.0053460854,0.2260814,0.008483621,0.0073841
8567,0.102295555,0.04054881,0.0089454595,0.08210097,0.13210501,0.19894142,0.14093934,0.66021764,0.010911756,0.02186744,0.01869351,0.07287732,0.08539019,0.016437694,0.0034398227,0.11538215,0.0020798803,0.04472281,0.058296476,0.014720091,0.010587415,0.51954013,0.040696185,0.025433382
8569,0.0041976287,0.0070856307,0.0014912907,0.0048199226,0.89966124,0.039137058,0.002580226,0.61832166,0.035995763,0.013791076,0.0025782187,0.00087499816,0.019092087,0.012132251,0.005803141,0.005685301,9.756234e-05,0.23727849,0.0067117927,0.0032186804,0.03435126,0.025515778,0.0010996729,0.0044373404
8571,0.017353637,0.018121524,0.0035833896,0.0012368043,0.98000276,0.103764586,0.0005938375,0.22653787,0.07918825,0.014014408,0.0019243137,0.00037151788,0.007260087,0.012346469,0.009449317,0.01582486,0.00010882653,0.09003855,0.006152869,0.004389695,0.0416669,0.082098454,0.00018138991,0.0039704083
8577,0.59515023,0.6891334,0.08840013,0.0062015713,0.1331379,0.023692623,0.011484811,0.1482541,0.16553836,0.1735967,0.0047787745,0.025964359,0.48045737,0.0055762855,0.0076502417,0.02727604,0.0008695865,0.048297543,0.76382494,0.010536004,0.010325833,0.38785273,0.01655039,0.052325875
8580,0.004049566,0.010064254,0.0012116268,0.019614343,0.67396605,0.1658316,0.00455009,0.8335422,0.010837176,0.0230064,0.018051066,0.004114055,0.008597295,0.05074977,0.011776944,0.07731227,0.00026290145,0.31332245,0.0009302438,0.0054328847,0.008359671,0.12328668,0.0034332222,0.0063798786
8586,0.0010557054,0.00026286588,7.9286633e-07,0.00038054062,0.99126935,0.98250085,4.0745294e-05,0.4276522,9.8085555e-05,2.2178358e-05,0.0017732338,3.3838332e-05,3.2204825e-06,0.0008028498,0.00016594432,0.005942481,8.4660735e-07,0.22558984,1.2943091e-06,5.5588338e-05,8.22659e-05,0.06076325,4.2365304e-05,0.0003102944
8590,0.00074041495,0.00020109388,0.00016717179,0.0023874536,0.9729799,0.014663855,0.018514294,0.25885743,0.0040199705,0.0027966965,0.00011888328,8.6335735e-05,0.0037706082,0.023330433,0.0018208512,0.00062128744,1.4232757e-05,0.091884375,0.00045841167,0.0007321973,0.010446502,0.001611006,5.439425e-05,0.00024820145
8591,0.021955,0.027787762,0.007922838,0.020238774,0.4791554,0.038111407,0.09222134,0.2756594,0.011260812,0.011285292,0.0028562152,0.010640999,0.057028737,0.023023972,0.008411832,0.018953163,0.0005610165,0.062175915,0.048132423,0.011330451,0.006335454,0.10084895,0.005400555,0.01687145
8592,0.10512034,0.021610102,0.0036729733,0.0008675841,0.179754,0.18810952,0.015404434,0.06493111,0.0060557225,0.016713908,0.0023601926,0.0006363659,0.85193294,0.0014114913,0.0004659038,0.15544192,0.00018548469,0.001327205,0.3555707,0.005438295,0.0013701818,0.7373307,0.0003325672,0.0030456304
8595,0.012269022,0.03880572,0.007205308,0.033824656,0.8105632,0.07246267,0.0034976,0.61826754,0.054396987,0.040519882,0.020655697,0.012672398,0.0036061723,0.09101018,0.091207966,0.033501588,0.00057250535,0.87472945,0.0042154775,0.011451689,0.01894683,0.04460654,0.015805703,0.009283486
8597,0.014694415,0.022024794,0.0110872025,0.045240276,0.4802931,0.03591843,0.020107053,0.6315292,0.031537,0.05485581,0.016002808,0.012519621,0.038558796,0.12283175,0.052707568,0.029984107,0.00096429995,0.61255544,0.011214324,0.021339793,0.019787053,0.06157359,0.02343959,0.011996676
8599,0.07760443,0.109537944,0.0521391,0.11922184,0.38360313,0.050401017,0.39845675,0.499148,0.098849095,0.057009038,0.009820425,0.076492935,0.036884826,0.13826457,0.035671387,0.021217845,0.0045873504,0.20112467,0.062325407,0.030236477,0.05101457,0.059617717,0.034713008,0.044945214
8601,0.007239779,0.011778415,0.0032387297,0.021360617,0.4228483,0.030898556,0.0127018215,0.83146286,0.01101111,0.04069586,0.012122745,0.005009374,0.08416987,0.016260138,0.0063200127,0.05445166,0.00029026513,0.29950505,0.023979716,0.0073731155,0.005630196,0.19689818,0.003235837,0.008455652
8602,0.0011297893,0.00079865416,5.2845637e-05,4.5572902e-05,0.0119627835,0.003993276,1.5884229e-05,0.26651758,9.976331e-05,0.0032010404,0.0012792016,3.7329577e-05,0.9908873,6.556829e-05,4.5212575e-05,0.22154856,5.8424973e-07,0.01785741,0.015863476,0.0005527455,5.1741367e-06,0.8251374,2.3761824e-05,0.0001859371
8609,0.08337458,0.12550358,0.018377898,0.017561112,0.80113864,0.09788891,0.009214635,0.26204643,0.09879494,0.06429177,0.0053992025,0.010199746,0.0554004,0.018751362,0.029329399,0.012504558,0.0009609799,0.2114438,0.042045865,0.0132627925,0.023818847,0.09587108,0.009807237,0.024186855
8611,0.09311945,0.060518727,0.032859024,0.045863494,0.33676255,0.26541287,0.10614506,0.20470795,0.0423242,0.094890766,0.048663452,0.026989158,0.5875634,0.050274387,0.017882405,0.3127109,0.008639981,0.06884607,0.15467733,0.058159314,0.028106762,0.4721924,0.012495311,0.03157793
8616,5.7719757e-05,0.00053945,0.00025996825,0.02749174,0.97520256,0.0004850837,0.013904921,0.68873644,0.007277566,0.0014290254,0.000103725935,0.00055970927,1.7920876e-05,0.14422919,0.0152134625,0.00014771447,4.5380048e-06,0.708371,0.00012557162,0.00060060306,0.011090414,0.00013875091,0.0011248789,0.00021461396
8619,0.83581597,0.59608686,0.006064123,0.0012800072,0.2866502,0.26253673,0.0028410563,0.18339868,0.026120333,0.015372068,0.0012967534,0.0061165956,0.016518917,0.00060034695,0.00074734003,0.01483052,0.0001451104,0.006290254,0.16389686,0.00090105867,0.002617959,0.35395482,0.0023173266,0.024052545
8622,0.077737816,0.05888725,0.0217291,0.036795665,0.46328783,0.21039894,0.047680553,0.48055694,0.05478463,0.05383751,0.036479928,0.01605064,0.2328357,0.03865667,0.03634272,0.13313213,0.0063635223,0.19159366,0.08414046,0.034460604,0.02564472,0.35076532,0.0152564915,0.05312992
8623,0.022064146,0.007303811,0.00075779826,0.008562166,0.5647499,0.32346687,0.0013793414,0.62397707,0.0061043315,0.013032389,0.04317126,0.0017780045,0.051721655,0.026095228,0.011477019,0.048246723,0.0001398302,0.6249121,0.0022768474,0.0057928218,0.007857029,0.17212003,0.0031886308,0.006568084
8631,0.95791245,0.10771995,0.003128542,0.0015312022,0.1565102,0.66649795,0.00028558055,0.31047565,0.007246661,0.014229086,0.00906439,0.00451125,0.032914307,0.00022168888,0.0008033766,0.03810494,0.00013563494,0.029122801,0.055673614,0.0024715413,0.0014294983,0.85784864,0.009483317,0.020539936
8632,0.16831642,0.0383977,0.0018358007,0.005558087,0.37666568,0.7565076,0.0025623355,0.4285899,0.0065754023,0.0049681207,0.03882056,0.0040096804,0.12884088,0.0027824382,0.0024413664,0.13540821,0.0006042779,0.018134039,0.02313946,0.006003852,0.0040534544,0.85759974,0.00514963,0.033141844
8633,0.029645385,0.027806448,0.015664151,0.01681315,0.82731676,0.09416887,0.012297797,0.33771932,0.07029012,0.053024422,0.014267107,0.0062242886,0.10373489,0.0361695,0.08159841,0.069921404,0.0022796546,0.43138045,0.024701836,0.031897694,0.023407854,0.16718675,0.009180767,0.017720131
8636,0.025201337,0.070747405,0.006819622,0.0069819153,0.8816433,0.08737806,0.0010934684,0.5693119,0.11385173,0.12254123,0.012122505,0.0032947075,0.0071743005,0.032002915,0.029900284,0.06171859,0.00018753672,0.35768226,0.006600974,0.0063601523,0.02094771,0.11307046,0.0035869821,0.0068377517
8638,0.010085964,0.0064323302,0.0014479576,0.0059249583,0.61976826,0.19239484,0.001706848,0.83398354,0.012537096,0.01807552,0.013064547,0.0017773396,0.024371142,0.007128722,0.004203393,0.036784463,0.0002181162,0.13127394,0.003346413,0.0061325533,0.014838604,0.20126693,0.0024247183,0.009393273
8645,0.036428843,0.38199803,0.071565606,0.00919329,0.8342744,0.013585178,0.008868199,0.178165,0.36327833,0.14687768,0.0013078483,0.014463736,0.044493232,0.03813539,0.03506852,0.003222144,0.00030206662,0.19415449,0.019329058,0.006995456,0.031107103,0.009965226,0.008142428,0.036810674
8646,0.62377596,0.464256,0.015412008,0.011736651,0.0334474,0.035062514,0.0029104664,0.5277036,0.022378244,0.064083375,0.006276561,0.04549645,0.2093535,0.005316665,0.0041008675,0.07136641,0.0005018938,0.045632273,0.24574146,0.009162486,0.0018716066,0.66058123,0.07831055,0.039574113
8647,0.009155145,0.011704975,0.0018404049,0.0003142408,0.02561574,0.0048276917,0.00082813035,0.07238993,0.0062145093,0.096523084,0.00041295448,0.00021534716,0.983479,0.0013630437,0.00031679464,0.09111369,1.2593775e-05,0.007486953,0.06434377,0.002574882,0.00011809958,0.5310207,7.352498e-05,0.0008130244
8648,0.05021467,0.010407151,0.002475927,0.0047679897,0.10190911,0.16601782,0.0026600754,0.60921717,0.004661864,0.020006655,0.021568995,0.0034337265,0.53346,0.0017249227,0.0011678609,0.19068812,0.0002592638,0.04733524,0.11345594,0.008293186,0.0037020152,0.83239055,0.0026432653,0.0063770865
8652,0.001459768,0.0019304861,0.00018065755,0.03454345,0.42416775,0.087905146,0.0021287012,0.9772972,0.0009652311,0.0014430364,0.0065924716,0.00424315,0.00070262025,0.00720171,0.00084683835,0.0028295105,2.6659427e-05,0.16102116,0.0003035757,0.0011993593,0.016288893,0.04009106,0.007721913,0.0044692727
8654,0.025214737,0.0019711012,0.00038099618,0.014068685,0.6682099,0.6408458,0.006713773,0.8891246,0.0030543462,0.0022371034,0.03562273,0.0024416894,0.0027304655,0.0037393332,0.0016441058,0.017786805,0.00031265192,0.11498288,0.00071701646,0.003291363,0.10407145,0.1667637,0.0045849127,0.012121237
8656,0.0044544777,0.002781094,0.00014171141,1.937654e-06,0.06836739,0.0012971228,1.5805983e-05,0.002189004,0.00045737674,0.062324457,2.5455425e-05,3.5447163e-06,0.9998007,8.756427e-05,1.564907e-05,0.31134364,2.1157203e-07,0.0015295227,0.35951167,0.00062950875,1.5462272e-06,0.81924367,3.1013822e-06,1.311602e-05
8659,0.08289746,0.13237976,0.011517918,0.004761844,0.17554945,0.015005795,0.0022638403,0.22499819,0.0301301,0.14135227,0.003126502,0.0054774918,0.5096463,0.0034014287,0.008745091,0.06384496,0.00020606376,0.078493826,0.35428333,0.0038718088,0.0024546375,0.43563226,0.0051049385,0.010465112
8662,0.28759974,0.07828047,0.014269714,0.025847115,0.18469574,0.68744135,0.025937203,0.4940427,0.024957346,0.01963289,0.051418286,0.023302888,0.24838546,0.012555823,0.007639169,0.12792152,0.004012324,0.027597025,0.040746655,0.02414807,0.034710377,0.67915356,0.0207318,0.06022178
8665,0.104470186,0.021208072,0.007318094,0.00932236,0.48852527,0.5250808,0.033429272,0.23186788,0.017231185,0.0346297,0.04132175,0.0078979,0.7701277,0.013874624,0.006372661,0.16246216,0.0026565,0.030500108,0.06848782,0.022599759,0.021668151,0.5413568,0.003735814,0.020380042
8666,0.82473254,0.6586653,0.020084746,0.0067503387,0.6303233,0.51161873,0.0027487772,0.1513233,0.06773347,0.034026682,0.008511065,0.014066074,0.0178169,0.0034735645,0.008109825,0.038164787,0.0013792021,0.08055873,0.06689076,0.0077759693,0.006877163,0.48783576,0.02607906,0.09853687
8667,0.011302553,0.031792574,0.010359003,0.018462187,0.9227708,0.02749649,0.009208003,0.32394272,0.11279649,0.10040937,0.005163323,0.0039001263,0.0037873157,0.112280786,0.07870322,0.013796479,0.00041375958,0.69667315,0.0029233694,0.009587539,0.026306247,0.01580292,0.0034569828,0.0088224765
8669,0.020671219,0.019174505,0.0052330275,0.00042882704,0.86919165,0.18558364,0.0022124965,0.034062523,0.034093514,0.0540515,0.0017483131,0.00040013893,0.9032073,0.006788867,0.002837499,0.18276373,0.00015990187,0.016655937,0.0912147,0.007867619,0.0027553898,0.4075602,0.00015227575,0.001765645
8676,0.057101235,0.1911571,0.13117884,0.09803017,0.3698211,0.0429793,0.32608002,0.19798489,0.22026955,0.24701829,0.010347443,0.09202766,0.20761839,0.18921018,0.060879365,0.042556196,0.005171339,0.1772245,0.08993024,0.049202017,0.03679508,0.051376518,0.02293907,0.055933475
8680,0.040594313,0.010020499,0.0023009889,0.041467477,0.53723425,0.5222579,0.021703683,0.7572421,0.006752433,0.0063256477,0.050064817,0.014471732,0.0092096,0.02786655,0.010733851,0.100727014,0.0014094583,0.24559852,0.007218633,0.013099701,0.012955822,0.32385674,0.014449651,0.01753056
8682,0.012173261,0.036460616,0.023340834,0.037805557,0.90373355,0.02474071,0.1885565,0.099868596,0.079290584,0.027162846,0.0019530506,0.007615345,0.039107032,0.08403772,0.041263472,0.016596928,0.0011715725,0.16560249,0.051167604,0.010248096,0.013122703,0.021087805,0.0076509663,0.011112788
8684,0.04358105,0.06692258,0.027588261,0.027315533,0.87036943,0.028587155,0.038515925,0.333046,0.14637557,0.044708382,0.003938266,0.011202852,0.046612658,0.059428073,0.045925554,0.012007525,0.0019327161,0.3301758,0.0456869,0.022084262,0.039051622,0.03992559,0.02206816,0.015545713
8685,0.51041234,0.8150978,0.084587455,0.013994372,0.32102013,0.015868131,0.024522332,0.30744863,0.19208737,0.0716195,0.00074835855,0.06565574,0.00083373894,0.011324092,0.0109539805,0.00196181,0.0001418209,0.04922327,0.015814673,0.0027823842,0.024655823,0.015320937,0.050773803,0.08924533
8687,0.0007420124,0.0010048848,0.00027766192,0.0034193224,0.9779252,0.03138327,0.0010816534,0.20977038,0.0060389526,0.0055858134,0.0016488956,0.00014618589,0.018679757,0.011749185,0.013261732,0.032217868,4.1492072e-05,0.64624166,0.002356088,0.0034043672,0.0028640293,0.030286754,0.00023679642,0.00049984467
8691,0.19893524,0.009734312,0.0004280984,6.260605e-05,0.7620717,0.2699997,0.0003143163,0.03530011,0.0028480864,0.0027809609,0.0005220392,0.00014392639,0.117909245,7.69335e-05,0.00011453437,0.19233117,1.2802494e-05,0.0039781453,0.09139018,0.00046547304,0.00015761067,0.91979605,8.324229e-05,0.0007671911
8700,0.04076065,0.0021900616,0.00029926776,0.0077198814,0.5699886,0.7128194,0.0015747015,0.8211151,0.002184627,0.004385329,0.023552775,0.0014696703,0.01701512,0.0012918784,0.0014727035,0.13451432,0.00022861543,0.108205885,0.0025448087,0.0022495342,0.003048409,0.6432625,0.002912871,0.004721938
8702,0.08884453,0.05215585,0.01285137,0.009551321,0.44790196,0.261211,0.015365775,0.27324036,0.030577788,0.051052425,0.017276373,0.006181066,0.6304829,0.019148557,0.0065443157,0.19751677,0.002295472,0.047854204,0.0967957,0.029274626,0.009702766,0.4414689,0.0063772793,0.020641558
8703,0.02755881,0.0147395795,0.0042193467,0.026201975,0.38538542,0.08210011,0.035507664,0.54684365,0.016547628,0.02121797,0.011554056,0.009431521,0.13640334,0.025178136,0.0057630986,0.036193945,0.0011308709,0.06713869,0.019004803,0.016471231,0.023158448,0.15665731,0.0067766663,0.019343922
8705,0.016289437,0.030451022,0.015738698,0.09412273,0.45175081,0.06893889,0.13255109,0.5060344,0.03619266,0.096436895,0.02926669,0.03138696,0.23994567,0.09563491,0.02349566,0.12637526,0.004085999,0.20387246,0.053091742,0.031926673,0.043354955,0.21790513,0.016732592,0.02165483
8706,0.2963906,0.019766007,0.0013723549,0.009459583,0.29064986,0.8635837,0.0045424337,0.7943569,0.0065688994,0.0024192042,0.03062441,0.007256581,0.030004986,0.0034280687,0.001165853,0.032345794,0.00060521904,0.026788544,0.0058649722,0.0052384944,0.02079952,0.6405736,0.0068911836,0.03633857
8707,0.0015873776,0.010554772,0.000592943,0.0045853895,0.9565583,0.03506581,0.000226056,0.7755464,0.09420282,0.01746285,0.0013877036,0.0003162264,0.0006865171,0.009577167,0.010723624,0.0010592438,1.3494152e-05,0.5499009,0.00030277212,0.0009433131,0.044612862,0.003446382,0.0008257494,0.0015514791
8708,0.021055859,0.036337648,0.048515424,0.29501158,0.42022696,0.024565613,0.9164737,0.14653796,0.039765455,0.03410179,0.0070876847,0.09940598,0.017761588,0.3486451,0.044691198,0.014926529,0.004139319,0.14060842,0.03536837,0.022223255,0.04507303,0.018995985,0.025127953,0.021248167
8711,0.0032171446,0.0039325184,0.00021487972,0.0001936069,0.9774462,0.055057373,1.710025e-05,0.116168,0.013054259,0.018075833,0.00042271832,3.549767e-05,0.03885612,0.0044317995,0.005030774,0.007621354,4.5472584e-06,0.2426139,0.001083597,0.0010777212,0.0008029852,0.06871903,5.707487e-05,0.00056741294
8712,0.081105776,0.022857485,0.005701043,0.021326713,0.63123953,0.5597409,0.018951906,0.53749967,0.02029658,0.014470159,0.036418315,0.0069005913,0.052400988,0.025705302,0.014433377,0.14510955,0.0024062067,0.15555777,0.020755755,0.026115827,0.025149688,0.3668336,0.010793523,0.01676809
8714,0.13337855,0.5333048,0.12258915,0.0031183492,0.87117255,0.022228884,0.0032304693,0.112439655,0.47158745,0.27968886,0.0018685209,0.006510487,0.17206763,0.011465695,0.027356206,0.016269363,0.0005297096,0.11764683,0.15827093,0.0118667055,0.013958019,0.056030404,0.003239515,0.034208007
8716,0.14109589,0.112060726,0.016147872,0.010129246,0.20616719,0.09508004,0.018459538,0.18278436,0.022252398,0.09493199,0.011564111,0.0147673525,0.78216386,0.017640257,0.008492089,0.17049728,0.0021894895,0.06352053,0.2722905,0.03398374,0.0047348854,0.55049956,0.01799587,0.025151618
8717,0.0011169113,0.007538064,0.0011655365,0.032592278,0.8010906,0.007941926,0.008603069,0.8755468,0.008965252,0.011532085,0.0019062245,0.0062654293,0.0017516377,0.078949615,0.02555191,0.0020639845,8.007335e-05,0.82213104,0.00376902,0.0031186189,0.012620807,0.0045359205,0.011751128,0.0032371462
8725,0.44799322,0.3031819,0.03930929,0.1076676,0.33818895,0.09389617,0.04915468,0.6631721,0.03879656,0.029317312,0.019173259,0.1840217,0.020641921,0.030285675,0.035050206,0.019241732,0.0038420896,0.33653328,0.06573104,0.022561256,0.0412927,0.21724387,0.40395838,0.1416425
8734,0.37446123,0.23199803,0.03481879,0.07182628,0.22088423,0.07569053,0.017599786,0.56738293,0.028540233,0.08081243,0.029784791,0.17314355,0.053040273,0.023355968,0.037623532,0.037297916,0.0042816666,0.24677186,0.13719408,0.024991388,0.024233675,0.33146504,0.44307524,0.17407143
8735,0.50231636,0.51475155,0.010999726,0.00040298182,0.22141697,0.019771049,0.00038689052,0.07964382,0.026256934,0.04550671,0.00071028515,0.0035827868,0.55118334,0.00075309194,0.0017097227,0.067466006,9.930839e-05,0.020877019,0.630865,0.0029362151,0.00033322384,0.73009574,0.0055642677,0.009984833
8736,4.6020894e-05,0.00030330432,2.8785212e-06,4.7518245e-08,0.5772822,0.0039832294,4.7890936e-08,0.003608078,0.00019374909,0.0042226356,4.415975e-06,8.450559e-09,0.9991959,3.4846296e-06,3.583205e-06,0.06514395,7.60327e-10,0.00048073856,0.0023387668,4.1592655e-05,1.2573472e-07,0.85615176,1.3847972e-08,2.338805e-06
8737,0.21706493,0.004783789,3.565839e-05,0.0014627952,0.7964115,0.94012314,0.00011809598,0.5882254,0.00033373854,0.00017798276,0.006715704,0.00041860007,0.00037383946,0.00047049174,0.0013557805,0.008155546,1.768438e-05,0.36493024,0.00030852068,0.0005162393,0.001081284,0.5604048,0.003468018,0.007303704
8738,0.17661205,0.12802577,0.042888626,0.012064505,0.75572306,0.18187873,0.016430195,0.2049191,0.14905655,0.12727617,0.019777967,0.011284398,0.29684234,0.03072008,0.04867299,0.12697425,0.0063432627,0.08477923,0.25212854,0.058310997,0.0475875,0.32644817,0.010156726,0.041643977
8742,0.065922916,0.112564,0.060812205,0.09377877,0.21140489,0.16288549,0.097075775,0.46130314,0.076734886,0.14111915,0.10571795,0.0809119,0.41835904,0.08060056,0.053780127,0.33214608,0.011041987,0.23405875,0.10206891,0.06638177,0.03266157,0.5123962,0.056221128,0.05039941
8752,0.109849416,0.17278308,0.05359641,0.042997815,0.4606698,0.14954753,0.13590936,0.19094098,0.08806712,0.10621099,0.016073912,0.026310569,0.34509593,0.16425455,0.03547283,0.078946725,0.0044332827,0.07215618,0.09457471,0.029750934,0.022858903,0.178422,0.012018601,0.04392476
8754,0.0034781378,0.014761477,0.0026080396,0.091121145,0.18170401,0.008687903,0.01061666,0.97581387,0.028204467,0.012416357,0.005097995,0.020217335,0.0006413401,0.02543442,0.004167839,0.004192928,3.8575185e-05,0.6214441,0.0011223636,0.0011686789,0.06334528,0.014582207,0.060046043,0.0063239424
8755,0.0036732787,0.012303035,0.0025272728,0.18526824,0.36289775,0.017750267,0.0185323,0.93066466,0.0055562737,0.006543612,0.007787817,0.072807536,0.00055113033,0.039833117,0.0129372245,0.0031742668,0.00012268091,0.48061845,0.00174894,0.003571532,0.050019663,0.021934407,0.074595995,0.01334837
8766,0.036089204,0.02573542,0.010022325,0.035664108,0.9238722,0.42439884,0.06364928,0.24869294,0.03621344,0.01835255,0.015889844,0.017445808,0.031382363,0.053777117,0.029439077,0.06448704,0.003569186,0.14589883,0.029571278,0.03061246,0.029654961,0.13398805,0.012450146,0.0152503755
8778,0.01598305,0.014371065,0.003950509,0.02030406,0.7446853,0.25488627,0.013115405,0.5917345,0.018706838,0.014050369,0.031656653,0.0041984436,0.04200172,0.020689972,0.013829379,0.15479147,0.0013152076,0.23318495,0.025909739,0.017284892,0.011752966,0.29401508,0.0052525373,0.0069706533
8780,0.10677484,0.012876778,0.0020341473,0.011558679,0.473051,0.83081156,0.0046406696,0.6148764,0.007545309,0.014170814,0.08246241,0.005648178,0.08282697,0.009148391,0.0070769046,0.43868473,0.0013848724,0.11582447,0.009243884,0.014081926,0.007255235,0.7508973,0.008409727,0.013957272
8782,0.011198405,0.0059537585,0.0017275144,0.080968015,0.5874757,0.08446353,0.023959303,0.8237315,0.011148424,0.004016469,0.013788177,0.008564418,0.0012144453,0.028255172,0.0131330695,0.002177709,0.00045030465,0.1901677,0.00086098054,0.0055838265,0.6546251,0.012685243,0.027633486,0.016158838
8783,0.046325322,0.052045997,0.0015506506,0.01964953,0.1420277,0.15275152,0.003553809,0.8653458,0.0025850446,0.004562838,0.032822616,0.040895455,0.015780887,0.007132915,0.0037587457,0.06691899,0.00021074153,0.13695234,0.012977316,0.0049436283,0.001758371,0.6764338,0.066865124,0.042973697
8785,0.0017734752,0.0053639174,0.0016867737,0.0017538612,0.9536765,0.017940087,0.0003561294,0.33872077,0.047994964,0.034548182,0.0019459837,0.00038466943,0.047155622,0.011207908,0.017774729,0.013244453,4.49172e-05,0.67805225,0.0035003067,0.003612924,0.0073031723,0.028644415,0.0006279277,0.0010077751
8787,0.07351064,0.058761638,0.026329955,0.048531163,0.32941562,0.07095053,0.18594286,0.51178956,0.034116134,0.02313265,0.009429272,0.023915526,0.07255937,0.020189418,0.011418829,0.039339315,0.0029419414,0.097589344,0.13914472,0.01992582,0.022146441,0.22251116,0.019976046,0.02620076
8789,0.013988477,0.020468207,0.006619119,0.014662284,0.75207555,0.14003994,0.016606852,0.5279895,0.038636003,0.03132365,0.008209957,0.006541532,0.080593705,0.03333125,0.009787065,0.038357332,0.0006406512,0.13851011,0.0049417173,0.011406091,0.026146205,0.08611257,0.0053483425,0.0152170565
8792,0.18729849,0.1144553,0.024732416,0.16101192,0.16974649,0.094863005,0.123347275,0.753046,0.0167931,0.025991315,0.023027906,0.15886624,0.022670703,0.030349024,0.014760929,0.024695562,0.0038003363,0.12925182,0.04298944,0.020524677,0.050522413,0.20427313,0.43864897,0.09250455
8795,0.008651306,0.013690385,0.003653108,0.18892519,0.2697271,0.10571472,0.06917566,0.9380981,0.010042698,0.012759781,0.020870663,0.060056105,0.0027526908,0.045318983,0.006174403,0.010891694,0.00053464115,0.23190239,0.005481918,0.006876785,0.050262503,0.06107053,0.04352578,0.022200933
8800,0.22435822,0.17939459,0.00868056,0.02066335,0.37161013,0.19040199,0.0063928985,0.73028356,0.018650942,0.010532242,0.010591496,0.04052533,0.02013888,0.013031167,0.0107628275,0.0050851353,0.00045948767,0.14566998,0.01014837,0.0051268735,0.013808377,0.19391882,0.03170801,0.21969512
8801,0.09664376,0.20130393,0.0071761413,0.021132745,0.19974317,0.011721021,0.00238907,0.75442684,0.02000053,0.012967822,0.0019304842,0.11391653,0.0011925213,0.00574404,0.019320948,0.0004953083,5.5580545e-05,0.4452244,0.0034919241,0.0012558236,0.03619036,0.021301731,0.20710966,0.1957159
8808,0.010647191,0.021580452,0.011728053,0.025814025,0.8968842,0.051212706,0.058492396,0.1141321,0.08227105,0.028574176,0.0037094092,0.008986749,0.03533724,0.05359346,0.043347277,0.018121788,0.0013000459,0.178067,0.011420908,0.018013109,0.06084862,0.026044108,0.0041127387,0.011488872
8813,0.030965779,0.009492695,0.0027704046,0.0011750999,0.5402862,0.36101562,0.0013968479,0.17121363,0.010477908,0.023537712,0.014314084,0.0008818561,0.7179527,0.0035908185,0.003795063,0.4613396,0.00032726,0.03902752,0.022019288,0.012951524,0.001468994,0.720224,0.0022056112,0.0034257285
8815,0.0020254094,0.007886759,0.001242805,0.0015352543,0.9706718,0.009825175,6.794308e-05,0.2871521,0.10307315,0.01874451,0.0003507354,0.00017646611,0.001603186,0.009074988,0.029910324,0.0024825116,8.012576e-06,0.89209497,0.0008180462,0.0010295832,0.004202164,0.006133922,0.00019304246,0.0005311546
8820,0.25440305,0.515352,0.03755767,0.012552506,0.07605508,0.0117051285,0.02346876,0.2026313,0.042449564,0.088860996,0.001616315,0.052844454,0.15045816,0.008865366,0.0038884121,0.0392236,0.00033911827,0.02281004,0.41583112,0.0061288057,0.0018866389,0.34126753,0.051868547,0.026327645
8822,0.057640165,0.0041519296,0.00024136947,0.006487869,0.2711742,0.54375684,0.00092473626,0.87092644,0.0009394976,0.004118899,0.056242015,0.0029282828,0.012276305,0.00057980977,0.0012691397,0.024629153,6.0603423e-05,0.25670773,0.0015801777,0.0014268579,0.01560371,0.45811865,0.004176642,0.02671708
8827,0.0424457,0.047591522,0.0025734152,0.005522653,0.13680844,0.13302262,0.040400237,0.28390893,0.004514594,0.0035914774,0.0072805737,0.0123089515,0.061978795,0.0016408272,0.001043042,0.20986171,0.00015430422,0.014816836,0.17508589,0.0023143818,0.0005490632,0.833971,0.0029711712,0.011569793
8836,0.009884819,0.0020360423,0.00073085545,0.017281475,0.3556712,0.08021174,0.017126316,0.84220684,0.0056973253,0.0023356834,0.0016094414,0.0039285664,0.00586967,0.002250182,0.00045528094,0.0062947436,4.69553e-05,0.07725049,0.0014477647,0.0011773972,0.012330501,0.04560593,0.002405375,0.0021314512
8837,0.09058915,0.2926942,0.011610549,0.021206902,0.43217155,0.015100928,0.0010066408,0.78076774,0.06830833,0.050614,0.004034018,0.037676994,0.0033252253,0.027475543,0.030649446,0.0025945546,0.00017215444,0.68276155,0.0053912783,0.0037675286,0.032741215,0.044872362,0.13401756,0.033915736
8838,0.38813415,0.11630509,0.04118944,0.027584866,0.706301,0.55573344,0.030282889,0.22071867,0.107547544,0.081312455,0.058910295,0.019793343,0.20249292,0.020481663,0.034661103,0.16698849,0.012292719,0.1304714,0.17178957,0.05644681,0.04437155,0.47644058,0.0193898,0.11054134
8841,0.41670245,0.26449364,0.011266627,0.0006898952,0.066418014,0.017814305,0.0011709739,0.10290401,0.030836359,0.33462474,0.00067030964,0.0015635103,0.5623654,0.002346278,0.000786738,0.031864204,3.774928e-05,0.009425358,0.050895512,0.0024359738,0.00036393566,0.34932435,0.002031569,0.004390141
8843,0.30337757,0.25468898,0.04046756,0.0080489265,0.8338094,0.19517195,0.010096095,0.14510508,0.14339176,0.061376374,0.008644778,0.011099307,0.17699683,0.014611241,0.020013139,0.07348545,0.003301179,0.07342548,0.17167237,0.020245086,0.03402391,0.31933668,0.010483932,0.040818244
8851,0.62437725,0.790962,0.24825263,0.0031882278,0.33436605,0.013692277,0.007899896,0.050315212,0.3214035,0.4902985,0.0011446575,0.013793081,0.2967596,0.0080382,0.015150588,0.035072215,0.0006459642,0.044444576,0.744079,0.012339081,0.0062703714,0.18013634,0.008118021,0.02791373
8853,0.020479832,0.007635909,0.0050282422,0.0036385425,0.9719621,0.067291215,0.0017278828,0.2239952,0.05198613,0.0481699,0.003777134,0.0010315969,0.015741128,0.010440475,0.017372113,0.016841352,0.00029980947,0.17055604,0.016651563,0.0075926543,0.058554757,0.08580906,0.0019795878,0.003854551
8856,0.0798731,0.24899955,0.029735465,0.009744241,0.24936815,0.037768442,0.0070720343,0.49223077,0.1349419,0.108432844,0.0020662132,0.012243829,0.07305083,0.017654134,0.011210143,0.0047837184,0.00037803434,0.03395879,0.008304567,0.006216298,0.028632212,0.0923679,0.002845654,0.15910043
8859,0.003887286,0.0001732756,2.5166526e-05,0.00032297248,0.65710104,0.289756,3.6414167e-05,0.43436986,0.00018133546,0.0016483917,0.004677132,3.317409e-05,0.16782244,0.00094211503,0.0006258542,0.35448116,1.4129218e-05,0.11070409,0.0024194403,0.0014084418,0.00012930924,0.84594536,8.4240775e-05,0.00018783432
8865,0.17120102,0.11093844,0.046179824,0.051361524,0.23407991,0.16343899,0.04099408,0.50517535,0.06328146,0.17458868,0.064667664,0.053116832,0.55038434,0.049094412,0.028452268,0.20375428,0.01049291,0.10805219,0.13385354,0.061734058,0.041022297,0.5002893,0.037257776,0.08912018
8867,0.14190316,0.10150584,0.010498184,0.05745941,0.1370702,0.21466713,0.039277695,0.59998226,0.009967996,0.028025776,0.06769735,0.09461623,0.15873812,0.017004896,0.010810828,0.13147238,0.0026958454,0.11110885,0.17640103,0.021248488,0.008339945,0.56383455,0.09448483,0.09411449
8868,0.17554872,0.038865056,0.0035112263,0.019748881,0.1954484,0.6377017,0.0036657734,0.9011774,0.005642537,0.013777068,0.14055757,0.025884593,0.018286377,0.00575022,0.003008717,0.10619662,0.00063339225,0.07654881,0.0056913444,0.008004835,0.01578305,0.7629749,0.07411994,0.043429494
8875,0.024317233,0.046443712,0.027151376,0.20279193,0.60859936,0.08946058,0.5942093,0.35619554,0.043212555,0.018137332,0.010098235,0.17658037,0.017191203,0.14293644,0.03419755,0.025519785,0.00496466,0.08341295,0.026700439,0.025689226,0.056725837,0.04682947,0.069585286,0.03790053
8877,0.002186068,0.0007493475,8.690808e-05,0.004036329,0.7981456,0.0060679866,0.00027613997,0.7352036,0.002635947,0.009337784,0.003981037,0.0002337524,0.00029243258,0.012576104,0.0056252806,0.0046547344,5.193401e-06,0.83255213,0.00039335483,0.0003371188,0.0077640177,0.012395518,0.0009587927,0.0015646353
8884,0.21882024,0.44945553,0.16953535,0.13084309,0.55772626,0.14279449,0.10855335,0.40800437,0.27723265,0.24799062,0.03994271,0.11492709,0.03977822,0.18870752,0.13060649,0.044177875,0.012676367,0.29036015,0.076127045,0.051766142,0.12979074,0.07637414,0.11454336,0.14681187
8890,0.13355294,0.12536024,0.041601714,0.016905148,0.7063798,0.15088786,0.01112117,0.28520626,0.2179917,0.28563508,0.034724854,0.01675503,0.2802658,0.0385805,0.048204884,0.19184783,0.004981809,0.23890127,0.17276508,0.03783971,0.08968651,0.33363461,0.009105454,0.034515783
8891,0.0012929044,0.0029605045,0.0019640482,0.02419945,0.546803,0.021655038,0.017394684,0.76663834,0.019986933,0.013644541,0.004455569,0.0030688783,0.028559884,0.05727641,0.0119790835,0.009729478,0.00015096662,0.27863076,0.0018666222,0.0043970766,0.022806294,0.040155657,0.0018101981,0.0071015577
8894,0.03852625,0.08501974,0.05189198,0.2088078,0.32187977,0.074242264,0.31552997,0.688331,0.053553082,0.038808376,0.019811714,0.17561485,0.017150227,0.13961269,0.06541226,0.023089308,0.0049699433,0.26919293,0.03056995,0.03254141,0.06774,0.07626984,0.31722602,0.064477175
8896,0.0962703,0.16608162,0.11047029,0.03381296,0.69678724,0.10318859,0.04718573,0.23511305,0.31214446,0.23400764,0.016756803,0.02411807,0.27990988,0.04808125,0.07500441,0.053003103,0.006219592,0.13346307,0.0952489,0.05308166,0.08777556,0.119649276,0.014677675,0.05156665
8897,0.18528096,0.07932296,0.03251474,0.0873897,0.40824434,0.6545913,0.07210139,0.4583757,0.04133947,0.056962647,0.21231109,0.0834482,0.15307243,0.05019619,0.04070597,0.44381186,0.025700662,0.15195623,0.08545631,0.07784083,0.053192608,0.74999046,0.12094279,0.10694138
8898,0.12824027,0.3519381,0.060083486,0.019032301,0.6593236,0.027326819,0.017428687,0.42568615,0.17104894,0.06149513,0.0025521785,0.055234894,0.009988219,0.021349013,0.02684753,0.0055661756,0.0005473157,0.18371448,0.025253162,0.007483091,0.039156243,0.026549146,0.1691635,0.036134206
8899,0.20935336,0.017512994,0.0017304337,0.012356015,0.16817662,0.7210579,0.006928775,0.52793694,0.0032328006,0.007396391,0.08303009,0.008464247,0.23231228,0.003962099,0.0022250197,0.45232704,0.0013294131,0.02759155,0.034401618,0.00893198,0.0059096706,0.9073006,0.007113103,0.016077299
8901,0.18149479,0.6927892,0.3740304,0.00661485,0.50648826,0.008552991,0.025791446,0.050970137,0.49511796,0.48333663,0.0015293182,0.016615702,0.34457082,0.03040993,0.039558135,0.034022786,0.0007209298,0.060647074,0.6205851,0.018602509,0.0070964177,0.09525478,0.006998156,0.02557227
8905,0.004740311,0.016947929,0.0058062943,0.031528812,0.9294813,0.05447048,0.0049570943,0.58029485,0.07594948,0.033527628,0.0082372585,0.0073722987,0.0025974165,0.07446409,0.048308082,0.0059334175,0.00033228102,0.5774014,0.0026414008,0.012284326,0.06991446,0.013626319,0.008127388,0.010291308
8906,0.0016880317,0.016775008,0.0010886285,0.0004991607,0.98369473,0.03373827,0.0007884729,0.20623407,0.05149184,0.0093118595,0.00023576508,0.00017544671,0.027888793,0.010472239,0.0030652422,0.0027732896,2.0453394e-05,0.033414368,0.0007708105,0.0011704401,0.005444909,0.014323209,0.00026717797,0.0030912873
8907,0.31283247,0.0601232,0.00083326193,0.00036732806,0.34626254,0.3321154,8.9027766e-05,0.17142305,0.005426524,0.018409248,0.010244777,0.00057474454,0.43240058,0.00047067658,0.0011070615,0.3989965,0.0001268508,0.03102383,0.08791522,0.002310395,0.0006910206,0.93202317,0.0029947234,0.0072566643
8914,0.0022201585,0.0055893767,0.00048830564,0.0010825187,0.93423104,0.048978113,0.00011627515,0.6523743,0.052497,0.048241325,0.003789945,0.00015218474,0.012291879,0.010441775,0.008256868,0.012413124,2.0837448e-05,0.63029957,0.0004226023,0.0010276563,0.013661519,0.019281505,0.00042323564,0.00070645177
8915,0.008533769,0.005024098,0.0019095397,0.030403305,0.25698033,0.15986992,0.010717943,0.8533213,0.0066932025,0.008226355,0.031831354,0.009131787,0.02002314,0.017439019,0.010466474,0.061966237,0.00048840034,0.41194308,0.0039430577,0.008280682,0.010708473,0.2565469,0.008369511,0.017375054
8920,0.007486078,0.02381367,0.008041293,0.008768492,0.8710228,0.028920194,0.0125133395,0.29763886,0.057659466,0.027687171,0.003403885,0.002952509,0.11316886,0.023337549,0.020953689,0.041952327,0.0004415613,0.16808161,0.040369153,0.013392999,0.013428652,0.095264144,0.0047795093,0.0046581374
8921,0.014375078,0.083413176,0.0028419031,0.0017817349,0.09607887,0.042168643,0.00023495857,0.9262279,0.01445118,0.05419197,0.0030390196,0.005118601,0.007619779,0.0010042464,0.00094961555,0.005104849,5.907213e-06,0.045014817,0.0009207829,0.0007091316,0.005481023,0.11846591,0.0076982765,0.010994016
8924,0.008438681,0.07129292,0.025533134,0.032518845,0.8681788,0.01289688,0.0353025,0.25330496,0.22066265,0.052014478,0.002541811,0.010674933,0.008272928,0.42965534,0.11162925,0.0058263564,0.00044220453,0.45296127,0.0065409434,0.011568549,0.05466444,0.0057232096,0.0054339767,0.010420866
8927,0.12570493,0.14939374,0.040214445,0.009213535,0.43861192,0.04901638,0.018678598,0.15940975,0.075904496,0.1569186,0.009919944,0.011255748,0.68682337,0.01440688,0.0108164335,0.11429656,0.0022944238,0.047537174,0.4713635,0.029730307,0.009603931,0.37247273,0.010615532,0.018535605
8929,0.023606338,0.07207432,0.02380343,0.0051434822,0.22847912,0.031214101,0.0030098844,0.2470197,0.088400565,0.2970229,0.019122235,0.006845427,0.92636204,0.04916149,0.013514419,0.18606815,0.0007718495,0.15328011,0.0806856,0.024494933,0.007981226,0.2790975,0.00313768,0.009967047
8930,0.49238107,0.0871298,0.0048926994,0.017475538,0.43229756,0.83380544,0.008816699,0.6559161,0.013407719,0.008591416,0.027733143,0.013812476,0.011439917,0.006589687,0.006555725,0.03439466,0.0015284519,0.11618948,0.015050579,0.009040146,0.01812652,0.46155992,0.017733805,0.058364496
8932,0.6305551,0.026337339,0.0010250966,0.003284623,0.52379894,0.9564882,0.0010634298,0.4718337,0.0045733736,0.0040511144,0.031550102,0.003107869,0.0079750605,0.0016315433,0.005188402,0.051902242,0.00028858634,0.14453049,0.0030954033,0.0032905433,0.005325957,0.70482016,0.007660664,0.032998346
8938,0.179142,0.3491151,0.035317063,0.016674738,0.21476425,0.077415265,0.008742528,0.5244697,0.07106604,0.10151191,0.009158576,0.04443057,0.049451124,0.0091971215,0.011350179,0.008240975,0.0006119332,0.10072508,0.020207765,0.009462399,0.015030016,0.09287268,0.021035828,0.17677918
8941,0.008032557,0.02799205,0.0033921066,0.0047258004,0.87928224,0.13431016,0.001385476,0.34552282,0.068901286,0.028557925,0.0049774637,0.0018943697,0.021746306,0.031264924,0.04902746,0.030947255,0.00017804232,0.30287609,0.0021112685,0.00597001,0.0071020713,0.09959553,0.0010870409,0.011203385
8942,1.0320008e-05,0.00046792848,4.4225117e-06,1.3166903e-06,0.97838974,0.0017811464,1.9429186e-07,0.051747113,0.0034227138,0.00060281326,2.048662e-05,7.761422e-08,0.05200302,3.1835563e-05,3.1525895e-05,0.03555662,1.3054345e-09,0.040191982,0.00021773283,2.2346676e-05,2.3429618e-06,0.12868737,5.9389595e-08,4.022503e-06
8945,0.0060219066,0.0029308398,0.0011451973,0.003880923,0.49194762,0.07566245,0.01863831,0.08303526,0.0028809896,0.0096927425,0.0034916403,0.0016527149,0.84077597,0.012708622,0.002492014,0.07293415,0.00021301668,0.039932482,0.03141719,0.006423776,0.0015576191,0.35340708,0.0009585183,0.0024612448
8946,0.03846876,0.04510526,0.0027088444,0.019166863,0.18863782,0.1385661,0.0038064846,0.9013377,0.006425088,0.02013926,0.028097613,0.018803447,0.031272203,0.010566441,0.004471041,0.1067668,0.00032433227,0.15486096,0.017382463,0.0051654694,0.00913957,0.5512653,0.0257794,0.024118876
8954,0.7849407,0.42546836,0.027735967,0.002145504,0.2539294,0.14645816,0.0007579221,0.26367566,0.06481836,0.09877863,0.0043347008,0.0073601026,0.16328664,0.0017805921,0.008357312,0.074390955,0.00046240562,0.07105512,0.36251682,0.0070146206,0.004477933,0.7344335,0.007951877,0.019398004
8957,0.13671853,0.024525676,0.006450064,0.029352047,0.40734398,0.70455277,0.0864853,0.33860585,0.010217502,0.018147692,0.03167393,0.012890604,0.22854981,0.021188738,0.0051952065,0.29617488,0.0028140428,0.021782065,0.03316095,0.016443903,0.017464021,0.677842,0.006057057,0.019899173
8958,0.14678456,0.26585183,0.12410526,0.099552974,0.27794996,0.10290527,0.24606496,0.43614116,0.14421228,0.13105382,0.032431535,0.1067882,0.122422576,0.08232687,0.040872686,0.09710629,0.010474073,0.09847333,0.13469544,0.053617835,0.06651424,0.23374988,0.08504869,0.09335496
8964,0.012094255,0.07266048,0.035081636,0.012625305,0.83526146,0.029537935,0.049429264,0.11411221,0.23560116,0.115240335,0.0015611167,0.00431153,0.06077901,0.053161893,0.02249547,0.02373109,0.0006474983,0.040596813,0.0151411705,0.018431472,0.025577035,0.026450763,0.0021407176,0.009931996
8966,0.010131479,0.0112364795,0.0011063768,0.018088568,0.12021389,0.013543482,0.016386567,0.8791606,0.002767573,0.004173089,0.0013079933,0.010035353,0.014315093,0.011828272,0.0019488836,0.00430039,5.8979298e-05,0.12064337,0.0067197317,0.002451606,0.002316025,0.07901978,0.014175804,0.0058163363
8967,0.7279132,0.0630311,0.0024373783,0.010582681,0.40913424,0.9564196,0.0064270576,0.41585663,0.0061646462,0.004747754,0.06821479,0.008603512,0.05070028,0.0034974224,0.0042034048,0.17443132,0.0019161463,0.039807785,0.025909193,0.009542402,0.007221874,0.857568,0.021958595,0.036850173
8980,0.07154204,0.13154112,0.02524399,0.14020595,0.29399648,0.05476451,0.075012915,0.6306137,0.028091602,0.027839132,0.018107615,0.17332648,0.014060316,0.04818379,0.028970206,0.018415822,0.0018493475,0.28702688,0.029996391,0.02360534,0.026341392,0.11573168,0.28317794,0.09510546
8984,0.037984196,0.0077610943,0.0008869712,0.013672652,0.77039504,0.81571704,0.0042126183,0.51184905,0.00707742,0.01158831,0.061517157,0.0029171244,0.0082980115,0.008815565,0.0067009837,0.2943138,0.0007048321,0.34047514,0.0033557503,0.010257139,0.0057233856,0.4003357,0.0030970064,0.0057589477
8987,0.19990598,0.6568587,0.03978394,0.0033714413,0.2871756,0.0014021384,0.018210154,0.1529525,0.0634663,0.019726241,0.00023691723,0.022921529,0.031093273,0.0011569511,0.0037556652,0.006705771,5.100838e-05,0.043875344,0.92626953,0.0018258995,0.00053851196,0.1354358,0.012147176,0.023604168
8988,0.112925455,0.18633772,0.07242429,0.03376376,0.51607454,0.038675245,0.0275932,0.33472845,0.1988345,0.23172122,0.015998403,0.022459349,0.10675314,0.037359122,0.09207339,0.056176182,0.0038056746,0.40162933,0.22597189,0.030070098,0.04873809,0.110268235,0.03228752,0.040099435
8989,0.19479403,0.36867255,0.07961666,0.0035756852,0.9140376,0.046968978,0.0037233992,0.13955674,0.1811991,0.090847306,0.0023318331,0.005865826,0.021955876,0.01102059,0.042269077,0.02684076,0.0008700821,0.21276064,0.16143285,0.012329183,0.01964277,0.15293644,0.01012189,0.01767409
8993,0.023403587,0.0063296324,0.0015563546,0.0075975102,0.40182775,0.60693806,0.004357609,0.6455067,0.0070356065,0.015246015,0.039200693,0.002107019,0.12985954,0.011044293,0.006487098,0.28368956,0.0005759342,0.12664706,0.0036071078,0.0096684275,0.006030858,0.6107291,0.003169769,0.010461054
8996,0.3547521,0.03985236,0.00051084434,0.0020253707,0.24149112,0.86153316,0.00034246154,0.7485688,0.0011488713,0.0017557171,0.028416626,0.002840367,0.0043647373,0.0010881724,0.0006407432,0.05770275,8.0901504e-05,0.025982233,0.0014034885,0.001328275,0.002959694,0.8915547,0.01356472,0.018163439
9004,0.039836753,0.0012577407,1.6722444e-05,0.00013223742,0.09325657,0.7174628,1.9550147e-05,0.1909657,0.00010558389,0.003948001,0.006270544,5.209107e-05,0.27535483,5.028038e-05,7.13055e-05,0.70994425,3.077112e-06,0.0138142295,0.008985691,0.0008598553,1.6618045e-05,0.9914845,0.000166308,0.00056912075
9005,0.141703,0.013673056,0.0009588991,0.0072707552,0.5769339,0.74095154,0.0030741422,0.7478883,0.0075328755,0.0071026934,0.045219544,0.0025977844,0.012208678,0.009207151,0.005222625,0.093065955,0.00079085754,0.113111354,0.0025376594,0.007307505,0.02560355,0.4056732,0.0038632995,0.030917082
9007,0.0045277243,0.013719209,0.005803341,0.0015455008,0.1567508,0.015637908,0.05770572,0.039229717,0.007587686,0.055884458,0.0022163242,0.0014007824,0.98098254,0.021053743,0.0010106032,0.22423486,7.722597e-05,0.0061480454,0.19363806,0.0062481775,0.00067498395,0.37879267,0.000434437,0.0013835884
9011,0.0025022908,0.0034215346,0.00039988267,0.011976064,0.5581182,0.029556971,0.0046362286,0.90291303,0.0019995596,0.0022589592,0.0013497969,0.0042784237,0.0020759385,0.008335482,0.0041737664,0.002417971,3.1200572e-05,0.3187904,0.0013415165,0.0015396938,0.00399533,0.027523745,0.007200684,0.0045955186
9012,0.013412458,0.032042306,0.025892831,0.0055219857,0.9617611,0.017346166,0.0042701215,0.13095827,0.45588782,0.13511807,0.0024738973,0.0014916317,0.039807063,0.03626724,0.042662755,0.008478798,0.0004102147,0.18912223,0.010554562,0.017094592,0.25978324,0.010513559,0.0020143948,0.0062916544
9013,0.0028348202,0.07086719,0.0019261396,0.017119495,0.83504176,0.15702131,0.0031375089,0.7804165,0.014851965,0.0093746735,0.004589598,0.003255185,0.00017810566,0.010313946,0.0017077454,0.0041556004,2.688725e-05,0.21364641,0.00038004504,0.0015249396,0.022774218,0.01475471,0.004775383,0.011004199
9016,0.81553054,0.76523054,0.1439441,0.00083817577,0.52820385,0.020241776,0.0010065065,0.017560199,0.2570402,0.40417138,0.00023558486,0.0035533176,0.048538778,0.0019604668,0.008579067,0.0033253485,4.067984e-05,0.023837438,0.1100373,0.002026986,0.00516133,0.062061902,0.003643379,0.03708963
9017,0.47517747,0.6079227,0.02190714,0.013148189,0.1469064,0.15442277,0.0017798328,0.4431498,0.06461412,0.07316855,0.0148023935,0.07108258,0.039036088,0.0031966527,0.008994226,0.071330436,0.00070203195,0.17813188,0.086360835,0.011345706,0.008427158,0.5452932,0.097859144,0.18617728
9018,0.020275455,0.013309646,0.012852302,0.071194656,0.78300816,0.06729938,0.109539784,0.3462498,0.043037303,0.049296476,0.0083134975,0.008253198,0.03194855,0.07695874,0.037904058,0.031765003,0.002257442,0.2427804,0.020031398,0.022446716,0.064852156,0.04907297,0.007142806,0.012874601
9041,0.08408627,0.007894913,0.00072052213,0.0038577379,0.71049356,0.41379052,0.005638643,0.4224332,0.0040511484,0.002083299,0.003158378,0.0026105202,0.04373325,0.0043143523,0.0015375937,0.022894263,0.00018720512,0.03112491,0.013887638,0.003704728,0.0032427325,0.38651943,0.003876516,0.005703725
9042,0.5845763,0.24667946,0.04342981,0.02039795,0.40218732,0.3040831,0.029549489,0.2782388,0.07783066,0.048257116,0.02204188,0.05227115,0.15786855,0.008977495,0.015258721,0.054452974,0.006092571,0.06916127,0.2788885,0.020949546,0.088004395,0.47365427,0.046081055,0.08725142
9045,0.3313507,0.09540327,0.0073568253,0.058700945,0.29183045,0.40728754,0.009373691,0.7372006,0.008807319,0.015239759,0.075076096,0.1148395,0.009402182,0.009667637,0.013014705,0.10759948,0.0020591286,0.25838783,0.0233317,0.012812223,0.016766848,0.626732,0.5801668,0.08878291
9047,0.0005592627,0.0034396837,0.001543038,0.0030189625,0.7891677,0.0018880176,0.0006028251,0.6145583,0.022362074,0.024265712,0.00062166987,0.00042732843,0.01996746,0.014486169,0.013842828,0.0030287032,9.423781e-06,0.53272074,0.00311004,0.0013445152,0.0023538745,0.012342383,0.0007819925,0.0006876614
9055,0.022043532,0.03120989,0.026174286,0.14787315,0.3447893,0.03951501,0.8149408,0.19475453,0.025706891,0.029175766,0.0072605945,0.07098341,0.10073991,0.14013048,0.023746269,0.031811524,0.003828819,0.081539184,0.05760081,0.02881575,0.022632036,0.07145306,0.025866006,0.02260404
9062,0.03188234,0.023196267,0.022161914,0.11663578,0.66326547,0.1791786,0.32924202,0.2818088,0.05024714,0.048576057,0.019864213,0.027090443,0.09407623,0.116421044,0.029252175,0.06068367,0.007131466,0.08148534,0.056218114,0.03808255,0.0806107,0.121755764,0.010677803,0.02536637
9064,0.4266987,0.24528286,0.01918404,0.00353738,0.4524415,0.23017834,0.002684142,0.31114826,0.08379284,0.06637753,0.008282948,0.0055559548,0.19044161,0.0064291134,0.010581087,0.021517625,0.0010103509,0.035915844,0.035757903,0.00871887,0.056450807,0.2621063,0.0077166613,0.1080693
9067,0.0046416232,0.008562147,0.0066516553,0.40189496,0.19352646,0.022726307,0.5915266,0.7224461,0.00977119,0.01942639,0.0143481735,0.18470787,0.025541702,0.3022585,0.016765835,0.014065087,0.0015675044,0.15550478,0.010811148,0.010232112,0.055687178,0.043230273,0.049368665,0.022793395
9068,0.657842,0.056523893,0.0029251308,0.006961279,0.23259284,0.7205945,0.008528333,0.2914302,0.007092354,0.012109539,0.019242514,0.0093198875,0.17047596,0.0029722096,0.0015260625,0.058816392,0.0011597582,0.016632853,0.023582047,0.0066984445,0.014088821,0.6991154,0.013324615,0.050382495
9069,0.07551076,0.057458345,0.018223621,0.04098743,0.39051056,0.445379,0.031370755,0.5432273,0.033377927,0.030657627,0.08174681,0.043335013,0.2642846,0.019274212,0.018927712,0.31902847,0.0052326727,0.1178884,0.06767522,0.04154291,0.02037754,0.7168458,0.030992085,0.05532053
9072,0.008211374,0.021483077,0.0008316668,0.00014525407,0.48121595,0.013161892,0.0011110656,0.032599658,0.0031756018,0.004918343,0.00020565862,0.00026816587,0.9324765,0.0010068973,0.000518511,0.026052812,1.4731619e-05,0.012167505,0.26887923,0.0014245049,0.00011448131,0.4737277,0.0006244468,0.0015942901
9074,0.050169222,0.06278248,0.010372836,0.003645554,0.9843748,0.055395775,0.005761957,0.021329237,0.06588804,0.022450002,0.00071362534,0.002215312,0.017257495,0.032270227,0.04524006,0.01005199,0.0003698332,0.4336485,0.03478526,0.0076321703,0.005034017,0.02110091,0.002329875,0.004898974
9076,0.38121024,0.1525025,0.03606938,0.055097304,0.55654156,0.15372136,0.032130893,0.46184105,0.045147263,0.05299061,0.022242747,0.07714899,0.038048517,0.02290436,0.03204014,0.041490007,0.004910988,0.10662812,0.0917909,0.024719527,0.057215486,0.22951336,0.21067871,0.08632941
9077,0.11174953,0.22930509,0.099321745,0.23340796,0.304777,0.08430548,0.54247427,0.39512107,0.060314827,0.0349935,0.02350519,0.20351107,0.068764456,0.10031332,0.042753857,0.05688039,0.010627339,0.080587514,0.33133206,0.036609057,0.04166225,0.20440634,0.093432434,0.10931945
9078,0.9000859,0.74487215,0.0045056543,5.2714873e-05,0.15928034,0.03174231,5.9036644e-05,0.023356171,0.016191391,0.013359062,0.00014300914,0.00079957594,0.1950816,2.9039653e-05,0.00028273,0.01211586,9.9399e-06,0.0064404244,0.78887236,0.00053997064,6.1906765e-05,0.7173234,0.0012617129,0.011219338
9081,0.0013165179,0.0069411355,0.002443688,0.043763682,0.719712,0.010217776,0.0068059447,0.89212215,0.018410102,0.013119473,0.004018669,0.008936236,0.0010529024,0.09798161,0.041072443,0.0026510684,0.00010095496,0.7610634,0.001553599,0.0044312146,0.03031249,0.0060909195,0.014861736,0.0070403186
9086,0.9939058,0.6154767,0.00027780785,1.1877569e-05,0.1811463,0.3734042,2.3295338e-06,0.062235575,0.0025490678,0.006274441,0.00015797674,0.00012940668,0.0103678,4.0267714e-06,3.6394795e-05,0.0039953417,1.3246048e-06,0.0020283917,0.014660726,4.177468e-05,2.3170769e-05,0.8803842,0.0012856416,0.011159705
9087,0.017241443,0.020066094,0.004393318,0.061867055,0.28902414,0.03301695,0.060977023,0.8494816,0.01244657,0.0080602,0.0050032344,0.022109764,0.011649075,0.024730787,0.0074223983,0.005357558,0.0003199217,0.27272394,0.013265052,0.004906011,0.013132111,0.045808952,0.03905874,0.012827854
9089,0.06956029,0.01858163,0.0035579787,0.009335727,0.7065326,0.2800153,0.0039818804,0.6320505,0.015466203,0.021353392,0.019972153,0.005207164,0.08731805,0.009664135,0.0067228326,0.07312253,0.0010565745,0.11574015,0.024363864,0.013108969,0.027629405,0.41028562,0.011848498,0.012547518
9091,0.12046197,0.005214229,0.00016189757,0.0011269699,0.6296438,0.97366047,0.00064923585,0.35504165,0.0016763668,0.0008127135,0.017397009,0.00077866117,0.017019108,0.0006758687,0.00038597785,0.05403591,8.073066e-05,0.014676578,0.00093661074,0.0013336508,0.0013242234,0.7872417,0.0009947759,0.013241779
9092,0.03547422,0.0043885927,0.0006739275,0.0010826455,0.47674054,0.5472423,0.0011905255,0.16484457,0.002521892,0.016720375,0.010766565,0.0006711823,0.68306875,0.0015921716,0.0008906687,0.5010118,0.00025606525,0.012650836,0.029090406,0.008621332,0.0014938136,0.8376033,0.000644535,0.0029449023
9093,0.078549415,0.14549188,0.004031633,0.008377176,0.25292376,0.04493273,0.00814871,0.76869166,0.015089556,0.0062899888,0.0024600015,0.011271445,0.028092403,0.014427844,0.0030375263,0.005363474,0.00011357902,0.07557055,0.016849581,0.0034112446,0.0037349765,0.116552874,0.0070930864,0.014401166
9094,0.8586477,0.45769686,0.0036262516,0.0017466611,0.14179868,0.049352642,0.00032869304,0.39303964,0.0053619435,0.006002865,0.0006505165,0.019711632,0.004378302,0.00027994154,0.0010735344,0.0014914492,2.5505362e-05,0.012068666,0.010897752,0.0005155727,0.002540426,0.41275316,0.17240359,0.10122142
9095,0.005541457,0.0036531428,0.0007780181,0.0074896677,0.9486208,0.17660323,0.002320611,0.3880186,0.013250928,0.004725639,0.004816838,0.00085199816,0.004653623,0.020008245,0.026335536,0.005528192,0.00017329594,0.15682276,0.0006997669,0.006068243,0.1408823,0.028554361,0.0009260963,0.013604694
9098,0.29108733,0.12134144,0.04736846,0.058798324,0.6612246,0.45905846,0.053767927,0.41011167,0.10774785,0.031201484,0.053859435,0.055721242,0.028512705,0.06600937,0.116429485,0.03217465,0.009481911,0.44505596,0.037907872,0.05598926,0.11260673,0.1530241,0.0668082,0.14064899
9103,0.0021112442,0.019778773,0.0043409183,0.08822821,0.30227238,0.015967838,0.02669044,0.9519294,0.031055637,0.028570753,0.006893965,0.025194826,0.0059889196,0.14269462,0.021761583,0.007567097,0.00024076774,0.48481065,0.0033480881,0.007895021,0.03237321,0.019404287,0.014795685,0.014167245
9105,0.058540925,0.082924664,0.049867008,0.034815535,0.8131149,0.04635654,0.05491144,0.19688515,0.13581596,0.052693427,0.005209517,0.015497289,0.05167643,0.050911866,0.052073713,0.026585486,0.0040827985,0.23637079,0.084222674,0.06322346,0.046516076,0.04954874,0.020591598,0.020530025
9106,0.034848426,0.009852228,0.00034357485,0.0006667278,0.2892078,0.65513754,0.0009272949,0.14610775,0.0036879196,0.010710439,0.017865513,0.00044100566,0.6650727,0.0010281447,0.00046274226,0.31506237,7.12467e-05,0.01037236,0.02969903,0.0017963476,0.0012138678,0.8387386,0.00027142104,0.003128771
9108,0.0005139073,0.0016043518,0.0010366505,0.4248699,0.46893078,0.026273776,0.7043735,0.45469475,0.0030435116,0.006139119,0.0031033412,0.04169718,0.0010485312,0.30540243,0.010063146,0.007467539,0.00018737711,0.16527897,0.00066017406,0.0035351857,0.009257652,0.0057127317,0.0065069566,0.004281108
9109,0.0055658193,0.028177237,0.010755179,0.020498885,0.6604542,0.015454242,0.015164353,0.45752248,0.08109319,0.048384845,0.0053032357,0.009130803,0.15995142,0.04904059,0.01153627,0.0073853508,0.00038760743,0.11649779,0.010119049,0.0068379752,0.061121862,0.018829556,0.004453148,0.021487482
9110,0.040139332,0.010048892,0.004140174,0.018380111,0.931311,0.40737587,0.058702197,0.20571561,0.018950865,0.011122701,0.007962202,0.0033438473,0.021920756,0.027911581,0.018386185,0.06635472,0.0018544261,0.18625689,0.018703518,0.019334728,0.0129015,0.11067386,0.003923407,0.004484502
9111,0.6910954,0.046115246,0.00015921266,0.0018523592,0.15273987,0.92749226,0.00036503858,0.83243513,0.00038938367,0.00014162347,0.01213906,0.0024948535,0.0021391402,0.0003546402,0.00018681124,0.007233271,4.2627707e-05,0.021711294,0.0039650616,0.00032831752,0.0020558774,0.87403786,0.018420402,0.027985824
9112,0.02835681,0.010777087,0.00037650167,0.0003905512,0.5422347,0.23921408,6.4759224e-05,0.1485828,0.0025260039,0.007839019,0.0024530012,0.00075323804,0.13670063,0.00029200717,0.00028242366,0.11458137,1.211622e-05,0.012897906,0.00701918,0.0011835075,0.0004587082,0.6702515,0.00082382397,0.003515306
9120,3.0042213e-05,6.800914e-05,3.2065875e-06,0.0014598124,0.9831065,0.0010146812,0.0014353497,0.58543986,0.00024722016,2.339547e-05,3.9736162e-05,0.00017157709,3.0655863e-06,0.0009878908,0.00096081826,1.159513e-05,4.8975792e-08,0.579438,3.6219008e-05,2.395538e-05,0.00060569233,0.00040276424,0.00037278715,0.00031931687
9121,0.54451716,0.061321717,0.0013182147,0.019581908,0.08536001,0.2896467,0.0024607566,0.8039277,0.0012377783,0.0044212607,0.0866736,0.03272432,0.007943223,0.0010012382,0.0018916073,0.11294253,0.00037595024,0.20819911,0.028566346,0.0033567948,0.004689212,0.8830486,0.22424269,0.051516786
9122,0.00026444977,8.8975576e-05,9.618147e-06,0.0016515037,0.5867594,0.06546823,7.04888e-05,0.9360671,0.00015466173,0.0010474918,0.006343326,0.00014674172,0.0039053946,0.002007412,0.00030386032,0.07227484,2.0442994e-06,0.49761552,0.00032327222,0.00043255207,0.00056657405,0.24411452,0.00020566568,0.00022003769
9126,0.10331396,0.33558834,0.13284968,0.10063722,0.56904626,0.046489604,0.09900854,0.5156595,0.30228692,0.12142115,0.017133463,0.11329774,0.030731445,0.16627946,0.1194629,0.022162715,0.0068160444,0.24375373,0.06707565,0.037977047,0.14605498,0.057290573,0.07009613,0.1402293
9127,0.016826704,0.032622986,0.0044803163,0.007028791,0.601425,0.37175393,0.0028555063,0.6772008,0.048758544,0.034105357,0.017339675,0.0050314646,0.04600421,0.034929805,0.004040476,0.10839938,0.00042779083,0.04250872,0.0039560855,0.014816775,0.010261089,0.32735723,0.0024406768,0.010470802
9130,0.33199355,0.19223031,0.009867349,0.116251096,0.03849535,0.017076157,0.022070091,0.87401557,0.0042108744,0.014451655,0.00575562,0.3987726,0.004081424,0.008875707,0.0068578282,0.0031757788,0.00019892424,0.14522527,0.026087336,0.0028115006,0.008596679,0.114678524,0.8977835,0.0714688
9131,0.072850354,0.2950915,0.11819822,0.13221721,0.23720448,0.046326347,0.13602284,0.629077,0.18493003,0.2086075,0.03378284,0.16474555,0.07308887,0.12782335,0.104873195,0.065291025,0.0075104064,0.32575658,0.048643637,0.049568363,0.093319066,0.10838515,0.12766866,0.10519025
9132,0.006709482,0.031346958,0.0065100864,0.003181821,0.69352806,0.04654475,0.0015904738,0.69558984,0.09626973,0.084594436,0.005284635,0.0021216632,0.058771316,0.015470052,0.004745781,0.026050137,0.0001051688,0.059083622,0.009059752,0.0048214896,0.029774768,0.13192663,0.0019834323,0.0070187906
9135,0.011663912,0.025445532,0.003872252,0.0027291751,0.9626253,0.028157664,0.0010899662,0.2315167,0.0770786,0.024976445,0.002254376,0.0010727685,0.024616938,0.030823987,0.037966065,0.008215791,0.00017123649,0.4116187,0.009673213,0.005165482,0.016420074,0.04546194,0.0024839325,0.007603243
9138,0.15866452,0.04178454,0.0019385105,1.7192146e-05,0.93744177,0.014762573,5.442891e-05,0.0027441238,0.014011423,0.060419712,3.436254e-05,1.8809202e-05,0.66097045,0.00021259442,0.0002439447,0.0070789377,2.4312237e-06,0.0012853385,0.15744378,0.00037608645,0.0002605561,0.10193886,3.1310617e-05,0.0003192106
9146,0.0017273682,0.018862749,0.0065400074,0.08939262,0.7742893,0.0054185335,0.12876941,0.4827518,0.031840675,0.013605512,0.0012656318,0.012002143,0.002876515,0.52165985,0.060272355,0.0019569006,0.00022653758,0.3841404,0.00252179,0.004577052,0.020042568,0.0029782108,0.0050783725,0.0063808765
9148,0.00046370068,0.0021611091,0.00066281494,0.0011663284,0.994526,0.0055982866,0.0013888208,0.24684234,0.03304914,0.003652657,0.00018863624,0.00015812834,0.0017197807,0.0068352073,0.017896228,0.0021298088,1.6551441e-05,0.65327084,0.0046321866,0.0012567964,0.0041182796,0.00440248,0.00028743086,0.00024328737
9151,0.011614708,0.036111407,0.016569493,0.282458,0.1921716,0.044012345,0.40551502,0.70042914,0.019223787,0.021368265,0.016825292,0.26008084,0.008340691,0.21935233,0.019637931,0.021740856,0.0013082275,0.1940455,0.008703758,0.022780903,0.03007908,0.045195263,0.12458366,0.041338798
9153,0.06749058,0.067352645,0.011826108,0.079026766,0.4929818,0.081312865,0.08330636,0.48740226,0.018101411,0.01115718,0.010726872,0.08671019,0.012356066,0.04286941,0.027925175,0.014219806,0.0017255173,0.25744194,0.02077274,0.016095985,0.019591076,0.1281953,0.17112485,0.049344786
9155,0.10508294,0.20671466,0.007052159,0.017768951,0.48499903,0.14822052,0.0024217097,0.7411167,0.034994483,0.0028230504,0.0024551984,0.025161378,0.00096823793,0.0033619325,0.0018894118,0.0020370986,7.416452e-05,0.06823094,0.0029268267,0.0011577277,0.028632948,0.13245527,0.07581149,0.049583983
9158,0.061947223,0.08341629,0.012676289,0.030750291,0.83964676,0.16476262,0.008261184,0.609198,0.08755306,0.0425918,0.015658908,0.011778338,0.014065325,0.029018741,0.040874198,0.017480189,0.0013563205,0.29883155,0.015627299,0.013868759,0.097508036,0.044536423,0.015694106,0.038256437
9160,0.055176124,0.3432689,0.16400033,0.0507493,0.61708623,0.04752671,0.05175659,0.4954345,0.41678065,0.101286925,0.012963306,0.045212448,0.012900449,0.11740599,0.08001494,0.012540892,0.0027977112,0.21795622,0.02123066,0.02794485,0.16905849,0.028050937,0.04746364,0.07149751
9163,0.013818842,0.041581187,0.009708893,0.0006591409,0.25283563,0.009351803,0.005937179,0.0273155,0.016865678,0.048596278,0.00075901684,0.0010677145,0.98096347,0.0046723504,0.0012011463,0.07276888,9.991202e-05,0.0046655587,0.14303198,0.006669948,0.0005528321,0.329101,0.0006452823,0.0020513984
9167,0.34838784,0.43459564,0.13249795,0.00841093,0.7016946,0.055760227,0.021486053,0.12299196,0.27921808,0.30309597,0.005988624,0.013849775,0.21815427,0.026966738,0.0347211,0.07296153,0.0034843527,0.075379156,0.4056237,0.027676376,0.024325132,0.26196864,0.016928801,0.032607112
9170,0.07955588,0.01848939,0.0015672722,0.014384025,0.22676656,0.35877663,0.005041962,0.69654226,0.0038070832,0.012181068,0.015798962,0.006367651,0.14037904,0.0066272914,0.002882805,0.14164299,0.00050344766,0.059562016,0.02401861,0.009111057,0.0021158073,0.7334939,0.00509629,0.014678778
9175,0.13766584,0.02465162,0.006183105,0.035682578,0.7986457,0.6947453,0.012795071,0.29853347,0.029831339,0.023535,0.06567135,0.012666303,0.024514608,0.026266627,0.037037853,0.08389928,0.0030223099,0.2777989,0.0106341485,0.026823863,0.041125864,0.3129095,0.01828712,0.04333843
9179,0.0024804086,0.005658677,0.0020221572,0.023441069,0.76867354,0.03188807,0.004509976,0.827222,0.016386861,0.012923684,0.013429922,0.005047151,0.004002975,0.031305436,0.023421073,0.01826562,0.00023957698,0.7448245,0.0033508993,0.0067469734,0.025370827,0.044591576,0.011103213,0.007016418
9181,0.10033336,0.05662654,0.006187223,0.013910226,0.75074714,0.22034723,0.0021932274,0.61881715,0.048431978,0.053732224,0.019105244,0.0075979517,0.017919784,0.023879431,0.04021531,0.044026993,0.0008604294,0.47810453,0.007657214,0.011777289,0.027522853,0.18127778,0.018125098,0.027281871
9183,0.0048990394,0.0017445408,0.00018276335,0.005578309,0.51833224,0.29934418,0.00052208145,0.8428973,0.0022698033,0.0028627901,0.014609169,0.0004959199,0.022851525,0.003553537,0.003128216,0.028975429,5.018515e-05,0.3374392,0.0005353443,0.0012530994,0.004735596,0.26756182,0.0010096423,0.00444289
9184,0.2779493,0.34659192,0.022014046,0.03461505,0.12810153,0.03879551,0.007949301,0.72391105,0.0163297,0.026294501,0.008105394,0.14161247,0.010689803,0.0064198817,0.010173231,0.018385671,0.00026780355,0.15255223,0.06495915,0.008390287,0.007551378,0.31454793,0.7650185,0.043112937
9196,0.20367156,0.060706984,0.017191535,0.028570041,0.6126624,0.34011272,0.039547697,0.34521645,0.024295429,0.02336005,0.022407496,0.022054473,0.09113542,0.014238219,0.012914319,0.17078082,0.0044394997,0.078372866,0.13253592,0.026450204,0.014383837,0.51570225,0.024942473,0.025255037
9198,0.006239887,0.021887183,0.012644817,0.078028604,0.5439316,0.027436143,0.1262658,0.6018779,0.045067925,0.039892174,0.009968124,0.019164965,0.038843192,0.31245217,0.031375688,0.012899023,0.0014860373,0.18147427,0.013669551,0.022087531,0.06632565,0.028475495,0.012389443,0.019301
9200,0.023206597,0.0028012148,0.00024864014,0.030230679,0.11406426,0.7881098,0.12751257,0.8229116,0.00047015346,0.0012024461,0.042491626,0.046383202,0.016424572,0.008810026,0.00031043764,0.12941119,0.00029627132,0.009474549,0.0040925993,0.0026525122,0.0058837878,0.56399035,0.019674463,0.0069191772
9201,0.03113199,0.040555593,0.015120215,0.050286647,0.75356746,0.070742324,0.020120185,0.6897093,0.0828993,0.053382732,0.014225434,0.01995074,0.02084163,0.07088224,0.035018615,0.026242757,0.001819381,0.3137339,0.030500969,0.025841916,0.03917325,0.07895608,0.018213484,0.0216796
9204,0.017775951,0.0013634982,6.3554005e-05,0.0014394104,0.072929576,0.8273067,0.00032509505,0.7050791,0.00019148589,0.0013570751,0.02397112,0.0006141971,0.40789554,0.0003748121,0.000116417374,0.5990643,4.4337106e-05,0.010340307,0.009636096,0.0019260535,0.00025809693,0.97027117,0.00079827104,0.00091914553
9206,0.014383193,0.0023327675,5.6969435e-05,0.00053683715,0.94734406,0.28216854,6.700674e-06,0.7660498,0.005362401,0.0011080285,0.016582489,2.8192908e-05,0.00017192675,0.0019178962,0.0011418397,0.010995215,5.8032206e-06,0.32257187,0.00017993242,0.0004370216,0.021079635,0.19872436,0.0003257798,0.0015726786
9207,0.43744797,0.23720278,0.075602256,0.10299517,0.21445832,0.41347048,0.06552383,0.55978525,0.06405605,0.1352466,0.19638112,0.1777214,0.29096475,0.047957197,0.050534304,0.39336392,0.035948507,0.14198384,0.20223151,0.10349263,0.07088524,0.7709986,0.23813835,0.17057806
9208,0.2443595,0.009486426,0.00029643462,0.0047368477,0.17979716,0.9379384,0.00092165393,0.7934991,0.00076721713,0.0026896764,0.10809668,0.0026566114,0.018937144,0.0014851765,0.0010752083,0.10724206,0.0001621194,0.07399729,0.004126364,0.0018107865,0.0050374353,0.7827223,0.0050595044,0.010002955
9218,0.1274989,0.020257257,0.0050206026,0.024448302,0.4468292,0.6354836,0.010112922,0.57837415,0.015221722,0.035303596,0.058059476,0.0066134683,0.19683899,0.008143189,0.0066205147,0.16127007,0.0020562545,0.0591977,0.03747301,0.017017609,0.017575648,0.62371457,0.0062689935,0.031004736
9222,0.47201383,0.0074679814,0.00015390175,0.00081355183,0.6713177,0.7439303,0.0001637349,0.120519854,0.0015568511,0.0031598313,0.001853579,0.00022574175,0.014319239,0.00017385003,0.000976946,0.016090263,1.866413e-05,0.120699316,0.0017136394,0.0006924459,0.00027561866,0.5635618,0.0008887533,0.0031962118
9223,6.830096e-05,3.465834e-05,3.0547005e-06,0.0007002472,0.5168195,0.001646892,3.7156278e-06,0.99578273,0.00028788255,0.0013796968,0.00094841485,2.2629865e-05,6.398332e-05,0.00081356504,0.00038934324,0.001324989,7.839158e-08,0.9206983,1.5526935e-05,4.039046e-05,0.0033385705,0.008819329,0.0002066304,4.58403e-05
9227,0.010404018,0.017010955,0.0023369794,0.010334951,0.7854699,0.3646406,0.0024516236,0.6501794,0.0176849,0.0046956814,0.016416717,0.0120393885,0.001979358,0.008690313,0.0041322308,0.020260636,0.0002459895,0.07765983,0.0028374365,0.0041821525,0.032624066,0.19622144,0.022938838,0.016029779
9228,0.39446262,0.3235149,0.003993484,0.025809187,0.14293936,0.011974422,0.0015293981,0.7545234,0.0053628767,0.015323937,0.0022079789,0.106119,0.00055581116,0.0023904128,0.005454544,0.00060363027,3.055449e-05,0.472489,0.009256548,0.000936571,0.005840448,0.052390203,0.66563606,0.09240717
9233,0.00047026822,0.0012823269,0.00010432528,0.0028728615,0.6404151,0.17352165,5.633787e-05,0.62226886,0.0033626962,0.011719579,0.08041341,0.0003272438,0.004366557,0.0095083695,0.003530101,0.41313064,1.2260197e-05,0.71415627,0.00023897242,0.0016041779,0.0016162727,0.2171047,0.00054534443,0.00052514835
9235,0.0017870798,0.0029094552,0.00056146184,0.0027362367,0.9206652,0.073616445,0.0038072928,0.5468806,0.014397781,0.013347692,0.0022996832,0.00072730845,0.041227017,0.013009813,0.0031826666,0.11898254,6.759695e-05,0.12164904,0.0041732294,0.003127196,0.003234562,0.17836854,0.0002891595,0.0013207874
9239,0.28044483,0.03029414,0.0033135747,0.012703221,0.37700894,0.86398274,0.007856978,0.53895843,0.00837754,0.0130965635,0.0699701,0.008606299,0.19947101,0.0061175083,0.0043180156,0.3880193,0.0030119983,0.048626225,0.05100388,0.02020843,0.010497662,0.861615,0.01233944,0.019620083
9240,0.1039986,0.0077007725,0.00012576372,0.0008609855,0.7563225,0.5683168,0.00012679784,0.5548819,0.0013708234,0.0012490985,0.0022574828,0.00022582721,0.0034676027,0.00031244688,0.00029772476,0.021663863,1.6345235e-05,0.05189456,0.0024799318,0.0008496009,0.0008767579,0.4903334,0.0006210382,0.0021095192
9244,0.13417296,0.83121973,0.08610698,0.0013169497,0.19754036,0.001928777,0.011107259,0.041050203,0.17615409,0.12923558,0.00010689092,0.009276801,0.07910981,0.0005847817,0.0014544895,0.005346575,1.5161648e-05,0.013769711,0.90076774,0.0009624674,0.00046222232,0.053161714,0.001026195,0.007556623
9263,0.02436345,0.08796128,0.021264972,0.0070127086,0.85544527,0.047109682,0.014017413,0.225199,0.09678129,0.0333706,0.0022797815,0.00529165,0.042255133,0.040312547,0.024125095,0.015298438,0.0006125473,0.1660129,0.027696779,0.01281489,0.013464429,0.05655438,0.0046169446,0.013769562
9268,0.10482946,0.02216331,0.002586781,0.002472702,0.5129185,0.6971115,0.0038030797,0.4019611,0.018277666,0.012293494,0.0077497046,0.0014717889,0.17495883,0.0025651776,0.0021953604,0.07227733,0.0002009645,0.025477529,0.0078440225,0.004974399,0.0051412894,0.56621957,0.0008917782,0.013642154
9269,0.0018904958,0.0015926447,3.127389e-05,0.003638769,0.7089323,0.21477534,0.00017174914,0.9243101,0.00060901203,0.0010150428,0.0042349743,0.0007840684,0.0004834169,0.008726835,0.0019803424,0.0039044968,4.7514986e-06,0.50920534,5.226089e-05,0.00029437532,0.0015995068,0.10616777,0.00060492696,0.0059497207
9270,0.4198165,0.011742387,0.00046907598,0.0012670774,0.3955186,0.9845758,0.0006999676,0.27937278,0.0024473174,0.0019707277,0.053043664,0.00071000366,0.031773522,0.00030147913,0.0009132823,0.40567896,0.00026687197,0.032549977,0.004468815,0.0026731498,0.0014079718,0.9233255,0.0023747776,0.0075570946
9273,0.18959057,0.14229922,0.043674104,0.01745298,0.28041834,0.15922177,0.012033309,0.22793554,0.062707394,0.18203896,0.033669736,0.020932179,0.8203463,0.021857062,0.02305832,0.15842035,0.006006866,0.10449941,0.33139467,0.060379397,0.02684302,0.53575736,0.024235446,0.05065474
9274,0.011448009,0.0234334,0.009542147,0.0070805103,0.6721653,0.07473135,0.00993496,0.24349974,0.062438793,0.15329868,0.012572908,0.004639489,0.67856145,0.046318393,0.009151618,0.044807207,0.0005081221,0.08389721,0.019200973,0.010002723,0.015221816,0.13412088,0.0016028258,0.009491669
9277,0.05414239,0.037470076,0.020555709,0.018078893,0.43352434,0.062930256,0.035413016,0.5790922,0.06627241,0.053382747,0.009127357,0.019191606,0.24420169,0.031251717,0.012109566,0.037106767,0.0015779313,0.036796883,0.03433982,0.013910238,0.069567844,0.1779173,0.009151876,0.03389149
9281,0.086703375,0.029523458,0.016666641,0.0930548,0.35240287,0.3950204,0.26001948,0.4088609,0.01771964,0.03411915,0.0507283,0.054401882,0.22871782,0.066636235,0.016100904,0.18170744,0.008297815,0.063746534,0.058610942,0.04702993,0.024879608,0.43924412,0.033521138,0.045646332
9287,0.17106672,0.75229424,0.29675406,0.019627722,0.68344384,0.008786929,0.010741459,0.2868373,0.6121292,0.3518664,0.0039322576,0.038352925,0.022218496,0.044793647,0.11129488,0.013410495,0.0009905155,0.3810634,0.21908039,0.01314139,0.058293287,0.04358924,0.02869465,0.048023652
9289,0.020603051,0.020872897,0.00063980796,0.0018937504,0.09631064,0.0068486826,0.0012909664,0.8120185,0.009555292,0.010463867,0.0004320491,0.0015414658,0.019598985,0.0045773974,0.00049455115,0.004083178,1.0670548e-05,0.05354436,0.0045781382,0.0006223314,0.001834266,0.061114572,0.0014056781,0.0015262151
9290,0.013347295,0.018720409,0.01949688,0.03531077,0.8590968,0.02506369,0.009684831,0.48923117,0.16101487,0.114044,0.009870475,0.0067273774,0.052071147,0.07938666,0.0989173,0.036002595,0.0016322813,0.6799494,0.030404974,0.028123578,0.109684184,0.04791946,0.009303268,0.0078082643
9298,0.8197723,0.34509888,0.047329627,0.0019072737,0.6447159,0.14525636,0.0029606214,0.07710665,0.14862765,0.13958836,0.0020531572,0.0057555055,0.073182754,0.0027775033,0.00936991,0.012102643,0.00047754034,0.029754858,0.19968942,0.005595115,0.022049405,0.17113379,0.0060072853,0.025926083
9299,0.42581674,0.016251132,0.00046563608,0.004364155,0.58675027,0.9748664,0.0054593445,0.4687412,0.0021457255,0.0012525778,0.057469655,0.0040079188,0.005437013,0.0007968218,0.0011891258,0.098901935,0.0004521725,0.053126417,0.0042727333,0.0018674842,0.008566742,0.77205205,0.0065746084,0.026482984
9303,0.13335957,0.10253351,0.02711286,0.045696005,0.63699645,0.17497167,0.018644126,0.5122762,0.08589095,0.042906743,0.031638227,0.03275298,0.028644694,0.027877226,0.066105895,0.033525225,0.0033693013,0.5976542,0.03615765,0.019217772,0.047154795,0.141578,0.066154875,0.092015326
9304,0.25138745,0.29663894,0.1504435,0.1372828,0.28958377,0.12477766,0.18301493,0.4758047,0.1447275,0.13370642,0.058335207,0.12260011,0.115383714,0.07883633,0.05900791,0.15622239,0.020092798,0.18156908,0.22604017,0.08743221,0.07977404,0.3176752,0.12162228,0.116623074
9306,0.046381984,0.0011769941,3.336168e-05,0.012803235,0.29823485,0.9554147,0.0036855023,0.8364908,0.00013344659,0.0001540361,0.052760124,0.0017350568,0.001099686,0.0016135497,0.0003416326,0.027911859,6.56045e-05,0.048632238,0.00020644392,0.00081020157,0.0033315965,0.50659865,0.0023079156,0.0073222104
9310,0.04519833,0.07711643,0.006897495,0.030675638,0.49230987,0.13907562,0.008604354,0.7135229,0.03424225,0.04436907,0.015130067,0.020863917,0.027604153,0.04604006,0.029283408,0.012671419,0.00091305166,0.41927347,0.0064482945,0.013218498,0.018561507,0.100931264,0.045199696,0.056530535
9313,0.6185475,0.033605326,0.001006776,0.00051640684,0.96840525,0.6570053,0.003891605,0.021531725,0.004473123,0.00054062414,0.000589733,0.00052952644,0.0071451156,0.00016414915,0.00087002903,0.0051454613,0.00011488023,0.013111956,0.114187844,0.0008995969,0.0023188132,0.40609384,0.0018234522,0.006568619
9318,0.0017170844,0.0020667897,0.0010582317,0.010392581,0.93978965,0.024535587,0.026323166,0.4633475,0.0069582877,0.0016361191,0.00053995725,0.0013778579,0.0011412014,0.0123692015,0.0057280064,0.0028349564,4.346316e-05,0.30229625,0.0011918992,0.0022641798,0.004695902,0.008638058,0.0022199375,0.00066326454
9322,0.09188335,0.118926585,0.047766693,0.17838362,0.29962403,0.11504835,0.1357315,0.57892835,0.07704168,0.07362716,0.038703952,0.102054834,0.04922922,0.123718366,0.076697856,0.039742976,0.0075785974,0.36907005,0.055743434,0.043481026,0.07289679,0.11855159,0.105035454,0.10925502
9323,0.09403972,0.22622852,0.07120977,0.008348029,0.74498284,0.038285263,0.015985623,0.12124795,0.20749643,0.2667111,0.006205376,0.0066203857,0.5690026,0.05923856,0.026199115,0.1623392,0.0016154582,0.09662531,0.24133998,0.023728319,0.019368652,0.2528323,0.003034606,0.019643156
9328,0.014101814,0.01052133,0.0005968173,0.006322849,0.62305,0.28856137,0.000121964265,0.74404514,0.004311381,0.0058763456,0.028602865,0.001938609,0.00065586553,0.0050840154,0.035645343,0.007889174,2.1273605e-05,0.89167595,9.443246e-05,0.0006422459,0.009015391,0.10576927,0.0049503064,0.025479516
9331,0.3747997,0.0075623826,0.0007274859,0.0021079166,0.42185366,0.9602818,0.0008000249,0.39599943,0.0016694653,0.0039072204,0.05762678,0.0009021032,0.13150011,0.00052054104,0.0009878015,0.47896373,0.00047964958,0.024348108,0.014848415,0.005303794,0.0027285237,0.9389481,0.0029859904,0.005680661
9333,0.022034163,0.02023895,0.017053602,0.024280617,0.88595074,0.08666732,0.04728572,0.22039804,0.08317261,0.020493563,0.006544833,0.003592104,0.019808114,0.026783185,0.019395001,0.01799244,0.0016919954,0.110505275,0.039377466,0.0107790595,0.200934,0.0372391,0.0029329949,0.01199948
9337,0.17763163,0.035407584,0.0029170744,0.0029055262,0.8690119,0.7696511,0.00085201074,0.2583102,0.028929617,0.040145677,0.026824143,0.0012539178,0.07917389,0.0050202855,0.011566908,0.19921546,0.0011234707,0.12607424,0.011012319,0.012240894,0.014953161,0.5100041,0.0022924838,0.008700162
9339,0.43542618,0.27385914,0.014507615,0.044092868,0.16029273,0.03720372,0.015419006,0.7171897,0.009277068,0.011208817,0.0060260687,0.18465099,0.010241823,0.008309017,0.009184593,0.011310262,0.0008949524,0.089352384,0.13359238,0.010198066,0.008935513,0.37430277,0.5087961,0.075662896
9341,0.7017388,0.045268342,0.0018828239,0.004535612,0.14463083,0.8723215,0.0014947086,0.48326114,0.005172946,0.019244503,0.04606122,0.0064217523,0.17326401,0.000639455,0.0011253763,0.23133567,0.0006768533,0.024181515,0.038329374,0.005291926,0.0053983578,0.9124031,0.0121491905,0.018401816
9342,0.06971149,0.08190106,0.020438004,0.02775478,0.4164284,0.07505398,0.01465232,0.6686057,0.08400759,0.033998616,0.010009185,0.012738373,0.018813089,0.022426236,0.020976068,0.020398282,0.001094129,0.07168134,0.022884501,0.01168619,0.1647556,0.10916122,0.010940975,0.077409506
9347,0.0013809727,0.02555786,0.008302875,0.09238016,0.5263618,0.009443749,0.102837235,0.44465515,0.027150063,0.03918255,0.0053410493,0.025422568,0.031365946,0.9541062,0.069680326,0.023179505,0.000655848,0.26954257,0.0049504093,0.01903274,0.010217679,0.022262573,0.005600546,0.012093399
9348,0.0004910869,0.0019358057,0.00036191064,9.7330856e-05,0.99751514,6.766253e-05,1.3001968e-05,0.1340732,0.42450294,0.0035450272,2.3329621e-06,2.573775e-06,1.7956698e-05,0.0011263614,0.0073345033,1.5342499e-06,1.2296366e-07,0.17439261,4.455904e-05,2.817098e-05,0.9375025,3.0630545e-05,4.553755e-06,0.00010185986
9350,0.55668557,0.21644293,0.008249865,0.0017354632,0.08126966,0.026000666,0.004239575,0.13184865,0.011377494,0.036970355,0.0025343148,0.008798403,0.6793573,0.00094087975,0.0008585323,0.03185151,0.00021357126,0.016918447,0.6550901,0.0042708837,0.0013122241,0.6498411,0.008131102,0.019300576
9351,0.041078456,0.05588377,0.0052044312,0.032743465,0.37731528,0.04558604,0.009261317,0.89343005,0.013034578,0.006159848,0.00968201,0.060559113,0.0035811581,0.023087094,0.012663596,0.00266974,0.00023535697,0.2585652,0.01562509,0.0043718587,0.035802215,0.07306862,0.0526001,0.11077864
9352,0.47664604,0.7481849,0.066955164,0.014011423,0.06288135,0.008733404,0.015588073,0.39552343,0.10278452,0.14151461,0.0020826277,0.056886066,0.09430538,0.0074332613,0.0059353164,0.017427633,0.00032976962,0.03663633,0.54956955,0.0050064023,0.006888707,0.28716144,0.03962056,0.043664034
9358,0.06169778,0.036382187,0.004582391,0.0030207585,0.26556352,0.10509417,0.0045854365,0.2405701,0.017116647,0.037070967,0.0073937173,0.0026328687,0.7233383,0.0060198978,0.003327228,0.09919561,0.0005380664,0.02011877,0.08222947,0.011516768,0.00514699,0.579785,0.0027322697,0.01675393
9361,0.00031189722,0.0014715968,0.0005408891,0.012947202,0.864237,0.0036975876,0.020785475,0.6696382,0.009497575,0.004808431,0.000914686,0.0021007631,0.000545392,0.04708409,0.020762958,0.0022317497,2.0932353e-05,0.77958065,0.0002983328,0.0014824467,0.008953051,0.0026822994,0.0025310523,0.0021189463
9363,2.0452047e-05,8.230826e-05,1.3277804e-05,0.00172998,0.9751095,0.01311024,0.0014191841,0.70344543,0.0014407338,0.0017300664,0.0006223702,4.6569072e-05,0.001540796,0.013623545,0.00034775236,0.002991546,2.2838558e-06,0.15542936,4.2249634e-05,0.0004212302,0.0023497539,0.005952197,4.453079e-05,0.00018481558
9370,0.045338124,0.025163978,0.010669844,0.13058364,0.35217407,0.22546238,0.6932626,0.39183754,0.017437696,0.011377365,0.013969306,0.04414372,0.024631128,0.06358581,0.009975048,0.018841956,0.0017483156,0.047404647,0.0201848,0.011271706,0.06256884,0.073065616,0.011534614,0.046358965
9374,0.110685356,0.11458782,0.013848635,0.08134146,0.35723174,0.06581481,0.040608913,0.83831537,0.0140401805,0.008104452,0.016635418,0.18649209,0.005802874,0.019184489,0.018481001,0.008855311,0.0012371447,0.20141205,0.021999395,0.008035343,0.026429713,0.13871458,0.5364795,0.08760182
9397,0.21688795,0.46330592,0.047061753,0.026121156,0.23194487,0.062977634,0.009755381,0.56980336,0.09696656,0.09679735,0.007719498,0.08439724,0.043402936,0.019237751,0.015316593,0.012411534,0.00068700337,0.15232691,0.045312352,0.012363237,0.030462481,0.12818168,0.043556947,0.09903572
9399,0.14552061,0.15876654,0.039456766,0.056172226,0.8022052,0.2719268,0.02940005,0.43410048,0.1840813,0.10340038,0.042865496,0.045554493,0.027885433,0.108867265,0.13299632,0.055854086,0.00926853,0.5601728,0.02763268,0.042945348,0.09012555,0.12032045,0.032089077,0.113023005
9400,0.13624614,0.075997986,0.039050464,0.09369638,0.64839303,0.46010002,0.113543876,0.39115986,0.097431496,0.081188954,0.10413852,0.046395607,0.15216053,0.123977564,0.06409657,0.22702263,0.024914214,0.24483386,0.071829006,0.08089321,0.14718324,0.29936627,0.04048693,0.06443492
9401,0.09029298,0.022685476,0.0066364515,0.048837513,0.2519396,0.39211357,0.15994385,0.38704693,0.007983748,0.0090820845,0.017922975,0.043434072,0.1157456,0.019737978,0.0081646275,0.08082484,0.0024337417,0.05517815,0.047131438,0.022781126,0.009594465,0.4443603,0.03059996,0.030875728
9408,0.14790441,0.098407485,0.054419912,0.054976184,0.41611397,0.13622394,0.09572275,0.16369916,0.05458553,0.099415235,0.022193557,0.05192209,0.6021299,0.06996394,0.027047006,0.12333978,0.008768289,0.073644206,0.24905795,0.05719802,0.02245936,0.3557127,0.024906034,0.06393834
9409,0.23086569,0.30321905,0.04529701,0.09278531,0.25079644,0.18278547,0.016080836,0.7349883,0.08878125,0.1050284,0.05737103,0.130739,0.02791437,0.052791264,0.07201823,0.063848406,0.0049140886,0.49040982,0.03591546,0.039614193,0.059264775,0.27673307,0.2236151,0.121274315
9410,0.14664908,0.17739305,0.028945561,0.09622809,0.17403984,0.17144717,0.05168621,0.6189958,0.040863264,0.060362585,0.11342559,0.14108896,0.10434683,0.060077224,0.04888697,0.05801762,0.0052856347,0.26146275,0.027542373,0.023374079,0.06947332,0.30801782,0.07122556,0.49035168
9411,0.009587657,0.011459978,0.0010876905,0.027252307,0.11483645,0.06331032,0.004835597,0.9430014,0.0063286517,0.013720893,0.019867076,0.01503974,0.05269744,0.028196992,0.005175946,0.024714686,0.00017290145,0.23282664,0.003290185,0.0032522266,0.011102417,0.21318977,0.009960193,0.020134678
9412,0.0023856142,0.0032015108,0.00080970686,0.007073025,0.72841024,0.014479459,0.007987247,0.67825687,0.006214939,0.0080672065,0.0011544802,0.0013357316,0.012619338,0.01609227,0.0046541197,0.0038088942,5.9163223e-05,0.18003199,0.0023071647,0.0027881053,0.0074742427,0.027477518,0.001766542,0.0041807787
9419,0.030032547,0.02616847,0.012677494,0.056288972,0.7853089,0.06665246,0.09225994,0.3123668,0.029504562,0.019267214,0.0058863824,0.016726129,0.011144881,0.05664937,0.03723825,0.014385202,0.0016730862,0.35357127,0.017535973,0.02113308,0.023420615,0.034966644,0.021973295,0.0132733295
9421,0.014485666,0.0030108474,0.0009526055,0.0098725865,0.38163388,0.83648497,0.0042777355,0.5564523,0.0048053972,0.0109058805,0.19285382,0.0014185897,0.4157712,0.009493615,0.0048980983,0.292551,0.0005154693,0.0766615,0.0039382796,0.0064932476,0.007151878,0.7502252,0.0013245689,0.006377104
9428,0.008552846,0.038228933,0.0011251313,0.08671671,0.18374692,0.00060955796,0.001170733,0.87426186,0.0057454454,0.020276545,0.00064482406,0.19761372,2.8769797e-05,0.02940715,0.0256712,0.00012162224,3.1539703e-06,0.9217173,0.00044731607,0.00016970727,0.014859754,0.0022317201,0.4292287,0.018965311
9432,0.13707644,0.28249958,0.014276471,0.0028439607,0.88508683,0.3145332,0.001851454,0.0715723,0.12665665,0.050352957,0.0037064184,0.0031976767,0.12537724,0.033121165,0.019302765,0.01857046,0.00046916187,0.1179182,0.008922724,0.007862329,0.0057126395,0.18932924,0.0027417005,0.06816419
9435,0.09244609,0.13223173,0.019800948,0.019432133,0.7190099,0.17732188,0.013115881,0.5950966,0.09050684,0.10625117,0.020503955,0.011882982,0.061518326,0.023040157,0.016592346,0.079533294,0.0021003373,0.29772878,0.0669141,0.014855238,0.0334489,0.18768425,0.01840042,0.025358567
9437,0.42726335,0.25286573,0.002898364,0.0038743715,0.26082367,0.37887463,0.00134479,0.28436026,0.006973595,0.0026023772,0.0065594213,0.011720346,0.036726214,0.0021855636,0.0032181465,0.011083977,0.00022092967,0.044845194,0.05533941,0.0033523042,0.0014479314,0.6657136,0.015705787,0.076937884
9439,0.8034154,0.07197059,0.0005633302,0.0026796795,0.64917713,0.807413,0.0005035362,0.4949114,0.004181894,0.0014671017,0.007613421,0.0031492724,0.0007268778,0.00077468937,0.0018107246,0.00532925,7.4070515e-05,0.06755688,0.0026830076,0.0010428786,0.012801572,0.5098138,0.016056387,0.040907685
9440,0.17739211,0.838472,0.2760463,0.005269951,0.6563512,0.00861215,0.0027073224,0.110729575,0.58448845,0.3919978,0.0012920335,0.024975406,0.0793,0.018306186,0.052962646,0.011256115,0.00037127978,0.23971047,0.15876006,0.0114257485,0.011840612,0.03481707,0.01602278,0.05820152
9442,0.0010023352,0.019203233,0.010172179,0.062759705,0.26924184,0.00640325,0.025787449,0.7721031,0.062231626,0.06832008,0.010026864,0.01384318,0.013273118,0.8324891,0.07545324,0.017246073,0.00029781534,0.44938144,0.001553474,0.00994526,0.023185374,0.02206315,0.003977658,0.014826703
9444,0.022833802,0.044770148,0.0029531368,0.005837052,0.978003,0.12011492,0.0020411925,0.24114887,0.04849995,0.03657539,0.0028758284,0.0016266743,0.0019565157,0.0049038767,0.016128058,0.005241037,9.514217e-05,0.36676517,0.005676391,0.0036340472,0.023549272,0.0194714,0.0021583058,0.0074234097
9446,0.0009636607,0.00727698,0.0023867085,0.019452859,0.8059782,0.0014210249,0.0083996225,0.6004971,0.035226874,0.018063845,0.0006081264,0.002020919,0.0012425298,0.12731244,0.09734544,0.0019140143,6.215336e-05,0.9055958,0.003770685,0.002735724,0.00872516,0.0026331276,0.004113366,0.002382242
9454,0.08228098,0.04056283,0.0019137504,0.008907594,0.6479703,0.58853924,0.0045164395,0.50424445,0.011274034,0.0017483957,0.011151016,0.0050387504,0.005059202,0.0045478963,0.005753118,0.005935038,0.00019898418,0.060840026,0.0020925007,0.004350681,0.02641428,0.19212696,0.005583554,0.100588225
9456,0.12950571,0.07456832,0.03728624,0.0686816,0.8049131,0.3190083,0.0547385,0.33349535,0.0791397,0.08272775,0.028451465,0.044623636,0.16382971,0.117605805,0.06693971,0.08268431,0.013639779,0.15833059,0.06816343,0.059216905,0.066602275,0.2618706,0.032238092,0.047657993
9457,0.29078197,0.16976906,0.027748834,0.002773772,0.9499539,0.2804412,0.00089045236,0.1635498,0.40604717,0.085182995,0.0072691613,0.0024060924,0.016198607,0.007724862,0.052066524,0.016455544,0.000796673,0.23063013,0.012573382,0.0076079895,0.17984274,0.089587525,0.0027389275,0.032511104
9461,0.011821785,0.015012576,0.0037333393,0.019762779,0.6157873,0.20452711,0.012615673,0.59747803,0.07170844,0.08319939,0.03566242,0.005136212,0.030206818,0.053775184,0.011326226,0.2040695,0.0009823228,0.39141575,0.008595292,0.015303329,0.033287045,0.10553562,0.0046361363,0.005679061
9465,0.016526278,0.0012851512,5.314505e-06,0.0020222159,0.5398022,0.9367349,0.0015630577,0.807599,6.4132866e-05,4.2621163e-05,0.010336024,0.0013573451,0.00029659376,0.0010958412,0.0001333372,0.010990191,5.701407e-06,0.013134775,3.8250593e-05,0.00011724848,0.0011628567,0.48102298,0.0011924453,0.017318936
9467,0.0136118755,0.11958993,0.018362692,0.012290271,0.83025014,0.008629365,0.005748614,0.5205072,0.12176796,0.02618975,0.0009213542,0.007854879,0.006632433,0.03884704,0.025969982,0.0052731214,0.00021723453,0.21978043,0.012862155,0.0069443174,0.029352581,0.014303808,0.00854612,0.01104045
9472,0.0001431539,0.0031639542,0.0005937144,0.010749768,0.09636243,0.0019813888,0.00082888035,0.9667172,0.006616176,0.054638293,0.0021569044,0.0023814721,0.11680479,0.035576906,0.0020590385,0.006202209,7.798921e-06,0.106483564,0.0030525038,0.00063738564,0.007128205,0.057128213,0.000503421,0.0014482914
9474,0.6555726,0.18676442,0.00847964,0.020385278,0.22541644,0.5044831,0.0072542494,0.50193787,0.016693946,0.009141164,0.015050163,0.04787097,0.016758204,0.0047451705,0.0056656976,0.0054301717,0.0009140827,0.047603197,0.010835848,0.006957783,0.035408903,0.33340585,0.07773125,0.26761326
9476,0.3463515,0.7363825,0.07478161,0.0040646386,0.36464095,0.0064577716,0.010919967,0.06602979,0.13147081,0.1492618,0.0009901088,0.019368125,0.29986066,0.009378621,0.008649834,0.024202898,0.0004731333,0.06471297,0.8253812,0.01033063,0.0016888476,0.17775714,0.023639422,0.03195078
9477,0.021832002,0.103625126,0.06626444,0.04651453,0.34384826,0.009196913,0.074649096,0.50293016,0.15313914,0.13892503,0.007248249,0.028299207,0.28307858,0.07422988,0.02908294,0.020466235,0.0013810166,0.14305367,0.15123704,0.02690824,0.037742358,0.08213008,0.014072416,0.028764784
9479,0.08830031,0.044109784,0.007293092,0.0023805967,0.91919875,0.11301846,0.0014880629,0.08983256,0.09338281,0.10907725,0.0055988035,0.0010527936,0.07940815,0.019066079,0.023065984,0.055568065,0.00045092276,0.28019837,0.030981941,0.009865788,0.0129721565,0.15756065,0.0011184115,0.007333612
9484,0.24584776,0.28947362,0.044361297,0.027660025,0.32130495,0.11827983,0.024828171,0.55862904,0.06752127,0.06867113,0.015321145,0.035205904,0.11815299,0.022591777,0.027784465,0.058091212,0.002685803,0.13246866,0.12374609,0.024907567,0.022656549,0.32106808,0.058637414,0.06208899
9492,0.06739855,0.32587278,0.11059766,0.017365221,0.84736985,0.022996332,0.026980901,0.09431609,0.24084753,0.18712203,0.0017042055,0.01320338,0.10620086,0.032215033,0.046155926,0.014866547,0.0011500627,0.090256594,0.1958473,0.01896859,0.0370031,0.033628285,0.005108114,0.029264549
9494,0.015537886,0.0001521225,5.9792063e-07,0.00015979381,0.36316836,0.9786181,1.8136163e-05,0.9563991,1.9322679e-05,3.3284206e-05,0.004808645,2.4908726e-05,0.003475957,1.1625633e-05,5.0506837e-06,0.010866377,4.6356396e-07,0.0074241697,1.3082977e-05,5.7568257e-05,6.256171e-05,0.81523633,7.284739e-05,0.0006145305
9495,0.6848629,0.025044631,0.0005814085,0.00047578083,0.45064476,0.9622559,0.00026950176,0.08784912,0.0036363774,0.0032387401,0.011072707,0.00032456644,0.19988069,0.00018690585,0.00032297094,0.07140239,0.00011786074,0.004852683,0.020162025,0.0014374604,0.0011189859,0.92952853,0.0007204903,0.007235818
9501,0.037219442,0.009255998,0.004914364,0.01601615,0.6068684,0.693535,0.036412224,0.19349526,0.012116853,0.035961512,0.056911565,0.005459362,0.33953038,0.0329312,0.01054345,0.40165743,0.002320985,0.091362566,0.031615242,0.025077935,0.008051317,0.48040378,0.0038559132,0.00836967
9503,0.3107181,0.24246092,0.05409957,0.059932716,0.46820956,0.31731358,0.06394716,0.45246443,0.10108459,0.058987726,0.060586438,0.08283349,0.07469611,0.055506874,0.049557142,0.09207121,0.012032952,0.16746943,0.07038947,0.046722125,0.075625785,0.33990318,0.08931523,0.17940511
9504,0.003592976,0.0008705108,0.0003553131,0.012427681,0.09570845,0.13303317,0.022986587,0.7785563,0.0009664642,0.0053530727,0.007608832,0.0017445883,0.1755708,0.009670651,0.0007228761,0.09181925,6.34637e-05,0.044968646,0.0039960817,0.0026306945,0.0009125772,0.4016556,0.0012765769,0.0016229183
9506,0.037443146,0.013779231,0.011137606,0.01217536,0.46729907,0.16019529,0.03816062,0.3827957,0.032939427,0.04557427,0.02899172,0.0059845243,0.56799924,0.031907566,0.011112577,0.21287863,0.0020769779,0.078324564,0.070523,0.03216303,0.01114608,0.4821155,0.0043590283,0.01586166
9510,0.028849725,0.024538564,0.010563798,0.070209794,0.3133507,0.3001473,0.05309644,0.7147604,0.021306545,0.025708126,0.041795146,0.03313996,0.05200302,0.0700745,0.023073453,0.122050285,0.0035321785,0.17432383,0.012435983,0.032551683,0.028569035,0.3299283,0.023332322,0.029207578
9513,0.012242434,0.043341696,0.0056804186,0.010802519,0.30051777,0.13458554,0.0067603695,0.86021155,0.025793608,0.021984022,0.01078992,0.008359999,0.0337834,0.01583496,0.0060910867,0.05314604,0.00042550836,0.09155023,0.006696795,0.011151962,0.0133275045,0.25542524,0.010031181,0.014110734
9516,0.046110008,0.20299609,0.025739556,0.008258426,0.21427323,0.17824864,0.0035051734,0.7798011,0.1524078,0.054357547,0.022708092,0.01659695,0.068022504,0.012087954,0.017327523,0.046407495,0.0005703499,0.19000906,0.0035603547,0.008093481,0.019244688,0.1924499,0.008313612,0.065614946
9521,0.01755894,0.024136025,0.009364295,0.0045393617,0.93330884,0.04003106,0.0058697807,0.078107625,0.24631053,0.2876971,0.00636455,0.0015973205,0.11795953,0.040377222,0.03154855,0.035256542,0.00056836026,0.23692484,0.016079584,0.019210665,0.053618398,0.046587437,0.0012321327,0.01067301
9524,0.0075655067,0.016864555,0.012077948,0.0056024846,0.82608294,0.045733552,0.022709683,0.1699868,0.11414863,0.05014051,0.0033168285,0.00222952,0.11199451,0.027302872,0.015318636,0.085905194,0.0003804864,0.12980859,0.037011888,0.015457971,0.0070833866,0.14637199,0.0011753113,0.0037243918
9530,0.09509214,0.15914561,0.020896321,0.09071808,0.16737425,0.2530775,0.121288754,0.78609747,0.028420703,0.01973766,0.037829407,0.095278636,0.01271751,0.035263237,0.011220989,0.04169897,0.0023905775,0.086788334,0.017435832,0.01618492,0.042896137,0.21277714,0.090606004,0.10516893
9533,0.0030129666,0.004926123,0.0030343512,0.023328403,0.8710896,0.009305036,0.012648967,0.5575878,0.021480992,0.008648232,0.0010988492,0.002407938,0.0019049076,0.050314747,0.018130181,0.0017921245,8.326951e-05,0.53046477,0.004992125,0.0044974396,0.01880206,0.007311062,0.0032556648,0.0023952948
9539,0.0036141549,0.020852357,0.009390545,0.047033798,0.69975483,0.017848343,0.007273378,0.62636054,0.054679338,0.053396698,0.013237986,0.011356745,0.0067742406,0.45757452,0.17176145,0.0268081,0.0005192066,0.7535764,0.0031457248,0.0118850265,0.028515013,0.03176854,0.005899181,0.015112683
9540,4.04109e-06,0.00022781706,4.3799973e-06,0.0002844333,0.9822794,0.00062137475,2.8593306e-06,0.95127594,0.0038732523,0.0020282236,6.900177e-05,7.889474e-06,1.9457575e-05,0.0039258488,0.0015690014,5.9838665e-05,1.3918833e-08,0.9365685,6.35413e-06,1.5132886e-05,0.0013458964,0.00023408851,2.7482933e-05,1.8426383e-05
9547,0.09845581,0.20254046,0.07875394,0.10611003,0.5518447,0.048732705,0.20635714,0.33024526,0.10843829,0.08803193,0.01893456,0.10322222,0.062168866,0.1470912,0.06622856,0.046407353,0.0073625906,0.3155829,0.12675428,0.042157486,0.04251082,0.071942925,0.083195515,0.063083276
9550,0.1591095,0.655631,0.13110603,0.004020085,0.4329221,0.0011624813,0.0030685926,0.1284326,0.3634702,0.3673837,0.00029001315,0.0062375423,0.083044685,0.0036661357,0.03277655,0.0058599864,6.762558e-05,0.30929956,0.7386494,0.0028149707,0.0055316775,0.044172525,0.0031728756,0.010713146
9551,0.7824802,0.16994962,0.0015389975,0.00015239617,0.6559533,0.5616602,0.00014905677,0.019919496,0.008125143,0.016911369,0.0019302518,0.00041300472,0.26844567,0.00046649977,0.0008008162,0.05238145,6.789282e-05,0.0124269435,0.042413626,0.0025724203,0.00037323483,0.7247243,0.00068885606,0.018856272
9554,0.15051939,0.33122706,0.12281579,0.040497728,0.76212776,0.10736166,0.017323986,0.20802696,0.3971691,0.18007596,0.027961524,0.027713388,0.0527542,0.091413684,0.1973665,0.054763656,0.008024047,0.48341784,0.05880635,0.052522253,0.12064155,0.102055885,0.03419384,0.08505299
9555,0.0036410084,0.0004955605,7.028496e-05,0.005962513,0.22957431,0.34222683,0.0016896051,0.9577236,0.0011612865,0.0021697732,0.028905418,0.00079751614,0.01811531,0.0026535492,0.00026320195,0.090740204,3.5881e-05,0.03603295,0.0016460002,0.0013898754,0.010034619,0.3284843,0.00049906195,0.0017400184
9556,0.07143436,0.29367933,0.20595409,0.012058891,0.9378514,0.03373396,0.011212554,0.06934951,0.6745533,0.3717567,0.0036223996,0.0108662015,0.076812364,0.102880575,0.27261442,0.034209818,0.0024162612,0.23177116,0.041748464,0.04779329,0.047076166,0.03361547,0.009222183,0.02062866
9561,0.043578744,0.08380707,0.040631864,0.02096924,0.88055444,0.12205682,0.021339614,0.24129122,0.1705108,0.06552052,0.015046,0.010945553,0.07854858,0.08994179,0.072504595,0.033176098,0.0036518117,0.19597559,0.019106012,0.04095922,0.09279582,0.08898162,0.01175408,0.06097458
9565,0.6882202,0.8868378,0.39530534,0.0028966668,0.6693635,0.020128878,0.0027743091,0.037590597,0.6790879,0.5310898,0.0008696126,0.013347728,0.08263569,0.00943517,0.041476037,0.009169271,0.0004207817,0.085815,0.33024248,0.009819089,0.009537897,0.05409501,0.008974229,0.034369715
9570,0.12981051,0.061305895,0.0047408505,0.0002125166,0.941937,0.09666873,0.00087926013,0.016462607,0.051165644,0.04222124,0.0012217335,0.00046488835,0.24585575,0.0019796677,0.0054108785,0.0369198,8.000458e-05,0.041861597,0.18900996,0.007106852,0.0020968064,0.40761518,0.0002669646,0.007522253
9575,0.06764422,0.2086067,0.08988463,0.11408226,0.52133167,0.063399635,0.026149482,0.6387609,0.20967807,0.14819963,0.024777597,0.10552696,0.014697742,0.13239792,0.18256909,0.026149174,0.0041058287,0.6512313,0.03556848,0.034205187,0.07440987,0.06639318,0.11180633,0.06861562
9576,0.18946539,0.36423743,0.09939262,0.05449298,0.18646893,0.08194849,0.010615078,0.6518346,0.20903717,0.35828742,0.08029936,0.086541206,0.17819637,0.074730866,0.07310569,0.20276026,0.008683982,0.31041858,0.063516185,0.06237359,0.041840076,0.36377028,0.048913803,0.1527995
9580,0.41557378,0.26735425,0.017726962,0.05271125,0.12129226,0.054078083,0.009493422,0.79334587,0.015852218,0.044896595,0.029970277,0.18295968,0.023395713,0.005593001,0.009211336,0.05631137,0.0012724556,0.1679624,0.13981779,0.014131697,0.010873231,0.5862688,0.54215467,0.09422839
9588,0.12833813,0.15203568,0.05302619,0.09548155,0.16240402,0.13966115,0.06667627,0.6419186,0.08914782,0.07253443,0.05518372,0.10366399,0.11356985,0.06034477,0.040703185,0.071105085,0.00589229,0.21697862,0.0497319,0.032364465,0.045390982,0.2552083,0.07214811,0.12924568
9595,0.18053722,0.7329272,0.31032637,0.014400353,0.7091085,0.010032233,0.007040919,0.18269129,0.6775404,0.714025,0.0046223607,0.021691088,0.026854571,0.053643197,0.1641425,0.033284273,0.0009869378,0.58347356,0.16867918,0.020642206,0.026413463,0.044196248,0.017638769,0.030956442
9596,0.018227307,0.056803092,0.017889457,0.007927855,0.9437316,0.020238252,0.0023133107,0.36677918,0.12009563,0.053391844,0.0011865523,0.0021230984,0.0063082073,0.016951442,0.051424876,0.0062812436,0.00026066042,0.3969952,0.008951553,0.009161183,0.033023536,0.024546344,0.0036826897,0.006857591
9600,0.00816681,0.013228167,0.009696775,0.23075011,0.31345263,0.036834184,0.9496709,0.2073749,0.0067440183,0.0056082895,0.002458012,0.07942964,0.007074154,0.1461919,0.0117932,0.007219765,0.0009769776,0.045675512,0.008418051,0.007142194,0.014251222,0.018065676,0.02093409,0.013746955
9603,0.69039184,0.73658764,0.20013629,0.0061656544,0.44357428,0.031826116,0.0062083695,0.07956284,0.39604867,0.29642057,0.001799047,0.03171495,0.14405048,0.013203901,0.024662571,0.014266455,0.00088640815,0.04734335,0.3209668,0.014500091,0.016276943,0.09602126,0.02729453,0.050916396
9607,0.06578267,0.008590991,0.0013493662,0.0020820242,0.54139626,0.28872865,0.0008945231,0.41806537,0.004998465,0.008845353,0.008846067,0.0016015215,0.5189841,0.0017598196,0.0017160663,0.06741944,0.00023643229,0.07438294,0.03945082,0.0058066463,0.0032580486,0.6115687,0.0035566925,0.0050658598
9610,0.057426784,0.43426773,0.09682757,0.012554149,0.8436774,0.011931414,0.047116555,0.08417905,0.4149038,0.12039787,0.0008847112,0.014502176,0.027041547,0.026397286,0.044908375,0.0054306174,0.00041902726,0.20582028,0.0785162,0.0065078167,0.025179192,0.013122085,0.0048431684,0.04908774
9619,0.048964713,0.24565384,0.010593439,0.06738222,0.17784104,0.18730083,0.013047435,0.8259516,0.029183479,0.024721798,0.028821755,0.086834446,0.0051207016,0.041120306,0.017736215,0.04406759,0.0006172322,0.40770426,0.0057558767,0.008942212,0.015392468,0.19428077,0.058404602,0.069015644
9633,0.030368127,0.009523628,0.001674439,0.01937312,0.29727766,0.6237272,0.0076169414,0.87329996,0.007532166,0.0117666945,0.07052732,0.014972276,0.08892789,0.010350955,0.003133586,0.09788403,0.0007657581,0.052303027,0.016088245,0.010214949,0.012916155,0.70153266,0.012304813,0.02181653
9637,0.00074367994,7.904837e-05,1.3270563e-05,0.00045171846,0.07188487,0.49122655,5.4980163e-05,0.39721408,2.7488804e-05,0.0009736171,0.02701884,3.8881248e-05,0.9097281,0.00029790134,6.11164e-05,0.36289045,4.3178447e-06,0.012097536,0.0015697357,0.001072833,5.180523e-05,0.9103855,5.561946e-05,0.00027838425
9638,0.7978914,0.17952147,0.0079218075,0.0012970726,0.548808,0.3339608,0.0009449116,0.07432784,0.032887165,0.03952307,0.003921132,0.0015787653,0.25385007,0.0010541707,0.002316533,0.06507871,0.0005752633,0.018507065,0.18441084,0.004324938,0.0074382164,0.6774608,0.002697251,0.016556088
9639,0.020981068,0.04840164,0.017921245,0.028356815,0.8374271,0.035596356,0.005759679,0.55799043,0.16348642,0.061238617,0.010696201,0.008765356,0.004326653,0.055062238,0.09534977,0.013960448,0.0009552809,0.50381124,0.006956577,0.017080745,0.15337229,0.023319528,0.011160932,0.027192289
9643,0.47047216,0.038785536,0.0025767025,0.019618984,0.30732805,0.8800875,0.017018452,0.5793813,0.0057578715,0.0052420343,0.06380705,0.014015779,0.03516168,0.0030114257,0.0021382396,0.077861294,0.0021033338,0.041277748,0.037825245,0.0079502,0.023190297,0.70521283,0.016356545,0.041232556
9645,0.008705777,0.01728622,0.012207707,0.005452793,0.9703647,0.020375125,0.0017642545,0.17023881,0.117081136,0.029637292,0.0018338434,0.0013870853,0.019523403,0.011349862,0.03791853,0.0068964404,0.00027628985,0.18438591,0.07391473,0.00953397,0.09236511,0.037778534,0.0014109175,0.0040752166
9647,0.4873461,0.06078637,0.005813684,0.02090916,0.32022563,0.37347442,0.026876811,0.3608816,0.00734959,0.006620659,0.013402554,0.01903942,0.087739155,0.0052257404,0.0035727967,0.04913579,0.0016737848,0.034714445,0.1187335,0.00843659,0.012192886,0.61547756,0.036644865,0.04303156
9650,0.21622063,0.14438605,0.086365275,0.063410506,0.34466535,0.093188226,0.14493883,0.2400548,0.12051567,0.2042201,0.030263646,0.0580019,0.5519287,0.06525785,0.03792032,0.12594926,0.014759313,0.09043298,0.39672753,0.07737886,0.052592147,0.3289748,0.02961961,0.07398455
9651,0.061498705,0.21458496,0.06436584,0.07661117,0.71595657,0.22057904,0.09064166,0.3739135,0.15060014,0.034257334,0.038548842,0.090834096,0.04985841,0.1019863,0.06397601,0.04773235,0.008088901,0.16111492,0.08726304,0.04076814,0.08982019,0.15037106,0.041166004,0.19679014
9653,0.13921733,0.15619676,0.0064323735,0.06853226,0.08249818,0.0946222,0.0058707213,0.933895,0.0091182245,0.014468215,0.018722165,0.18972024,0.004211562,0.0138973845,0.007986124,0.0033526737,0.00024956756,0.21003002,0.0029679905,0.0034709987,0.03254074,0.12222343,0.5501325,0.23815712
9655,0.075796165,0.09255469,0.054277893,0.15387417,0.3309653,0.16109051,0.5121061,0.4417665,0.061636142,0.05450084,0.03831049,0.085783884,0.10464732,0.16132143,0.045112077,0.08031104,0.012928264,0.107231244,0.07543517,0.053603448,0.066737056,0.19230565,0.050945196,0.073608086
9660,0.7292634,0.14317732,0.0026165822,0.0023028878,0.14601034,0.5792581,0.0004896963,0.47879958,0.008788051,0.019488437,0.0076693585,0.0054926095,0.05235117,0.0004160486,0.0004406176,0.08569866,0.00018556287,0.016500466,0.03452569,0.0031019447,0.0023837585,0.8158965,0.0076971552,0.016221719
9662,0.024668623,0.025020318,0.0069820113,0.0009270696,0.11323341,0.05558282,0.0031001668,0.046516623,0.015959308,0.16482209,0.0047557275,0.0016059598,0.9839989,0.0034836743,0.0010469282,0.2634844,0.00018055078,0.0089010075,0.06906321,0.011230405,0.00094851514,0.5402087,0.00080996077,0.0038438125
9663,0.08333534,0.066288404,0.04360493,0.025658634,0.6351294,0.08075282,0.09922723,0.21200326,0.11002789,0.076804005,0.014421018,0.020917727,0.4983788,0.040108424,0.023780113,0.11126515,0.007935301,0.06488849,0.3616042,0.0446935,0.04954867,0.24324559,0.010089416,0.025562184
9665,0.14621781,0.10875892,0.047293168,0.0056588245,0.74521106,0.23931332,0.0068784878,0.15331075,0.19355331,0.28353706,0.027816854,0.006725683,0.40977064,0.014319534,0.035096772,0.24927835,0.0026373197,0.1711115,0.45852986,0.028424863,0.0327942,0.4579503,0.0048323697,0.010622045
9670,0.11423255,0.17389525,0.030624297,0.08535136,0.14734241,0.055984173,0.07343649,0.8417851,0.028199032,0.02212785,0.02606653,0.19795503,0.02404493,0.041546673,0.02292845,0.016356038,0.0019877185,0.10652895,0.027696267,0.013504665,0.101295814,0.16762626,0.18458563,0.27172992
9674,0.33579293,0.118507475,0.028035793,0.05082087,0.44531178,0.4437161,0.023384158,0.36830187,0.05640475,0.114385895,0.097114176,0.04647493,0.18419215,0.04325149,0.04370616,0.15620337,0.011780425,0.17576173,0.092964575,0.04491482,0.062124353,0.4882965,0.032003187,0.092215225
9676,0.024463193,0.04827369,0.04769728,0.28113803,0.39224854,0.057848338,0.79143447,0.36767116,0.054417394,0.050816823,0.017683558,0.100056656,0.043886103,0.35998154,0.055898525,0.028973108,0.008180691,0.14672981,0.037471186,0.03541037,0.07693844,0.04891985,0.039336674,0.04115438
9685,0.2755971,0.5100057,0.047833655,0.007333757,0.5717468,0.12714528,0.0069322335,0.19758862,0.1687228,0.07826372,0.0054457868,0.025455538,0.17242871,0.010647829,0.0088258125,0.053247273,0.0017655769,0.05676148,0.17336364,0.015471795,0.0055552544,0.27995723,0.026526125,0.08277733
9686,0.034011994,0.05912839,0.02397809,0.038234998,0.8450917,0.037300378,0.016402993,0.37570927,0.102182,0.05838948,0.008937894,0.017390372,0.012303255,0.07449277,0.12109606,0.011945832,0.0014638905,0.63170934,0.015339681,0.021657504,0.06266443,0.024713648,0.061778735,0.020412227
9687,0.08984276,0.17247702,0.0599714,0.011208547,0.8952078,0.08752025,0.015787154,0.116736665,0.2579587,0.15638532,0.0076240557,0.011449881,0.21090087,0.03922892,0.043341596,0.08299646,0.003072551,0.10165274,0.20072031,0.034822438,0.04256032,0.120646186,0.00622131,0.016908674
9689,0.08502349,0.0841901,0.013583842,0.008425907,0.9400587,0.17382865,0.008684593,0.22878343,0.13459706,0.034447145,0.0066749663,0.005977913,0.039051183,0.029923456,0.020102596,0.012274137,0.0012273098,0.124893636,0.024250854,0.009429018,0.08435355,0.04084533,0.0065319794,0.021532856
9691,0.0009904155,0.0032026982,0.0002108167,0.011357206,0.5707902,0.017904269,0.0010561256,0.9402146,0.0033056533,0.003498127,0.0059281774,0.0030163932,0.0022142297,0.024213975,0.0068414733,0.015453668,2.9436951e-05,0.7549435,0.0011077963,0.0016588229,0.0021948935,0.04873735,0.009022282,0.0030571525
9692,0.09547924,0.03352689,0.0058215307,0.018276555,0.28310615,0.130433,0.015407044,0.55607283,0.01180567,0.018780418,0.015832568,0.013546905,0.16588815,0.0112182805,0.006178544,0.07396658,0.0012822286,0.11136362,0.07268008,0.017721301,0.0068228007,0.48239937,0.019173706,0.022954177
9693,0.019795764,0.0136377,0.006551769,0.024818283,0.20748985,0.097693935,0.02060822,0.6133517,0.014659528,0.07909376,0.03018099,0.010173087,0.5488149,0.034618914,0.006917179,0.3135547,0.0014809481,0.0700881,0.066849634,0.027385708,0.006704218,0.5999854,0.009957861,0.0102969725
9698,0.026914226,0.048014637,0.01714077,0.03804287,0.74373925,0.2274698,0.023161784,0.58926195,0.09043782,0.049696438,0.042318784,0.0174644,0.049364872,0.18660316,0.087146394,0.069881745,0.0040825736,0.2314753,0.023052199,0.035880793,0.09729129,0.19790676,0.014978819,0.06300383
9703,0.0062407507,0.008465708,0.0017570037,0.019515365,0.4106076,0.020587457,0.003802209,0.8330078,0.013851723,0.044600595,0.0042272755,0.0033679884,0.05145673,0.037702065,0.008014568,0.01827854,0.00015927874,0.38943598,0.007801551,0.008544355,0.0094418395,0.07817385,0.004681738,0.005142072
9708,0.02678586,0.028997118,0.0143571785,0.00934725,0.8900701,0.05497061,0.0076076407,0.33009613,0.067503765,0.03128746,0.0055327476,0.004521129,0.040098622,0.017578198,0.030107347,0.009953801,0.00076627237,0.24763548,0.021998674,0.014383525,0.046764314,0.048712675,0.0077580474,0.012084589
9719,0.06569036,0.014292122,0.00045396073,0.0008487739,0.30449402,0.8698062,0.00023678309,0.39822438,0.005752387,0.008774051,0.023521984,0.00051548675,0.5698825,0.00090292015,0.0004936297,0.01071485,5.184704e-05,0.012686367,0.0008003459,0.0017704741,0.006205102,0.5639694,0.0007525642,0.021835456
9721,0.48781386,0.9356641,0.5804535,0.006305849,0.4319115,0.0025722235,0.002945615,0.08424717,0.8092997,0.7864492,0.00067799183,0.037979558,0.049858347,0.013717318,0.04835289,0.0063150437,0.00018080903,0.08818846,0.2956417,0.0069328574,0.014060031,0.021030467,0.029085102,0.04136714
9725,0.06408103,0.01827077,0.004306728,0.008795556,0.5507095,0.43471324,0.002659935,0.42423373,0.020106902,0.10502239,0.07616293,0.0029114876,0.33037233,0.012903401,0.016496055,0.41115385,0.0014116393,0.31101072,0.028390026,0.020974683,0.011142738,0.626853,0.004861831,0.014336614
9729,0.03195152,0.100156076,0.038159564,0.102779254,0.2160806,0.12045415,0.15700561,0.8046287,0.095957294,0.057517882,0.03499316,0.09837843,0.07982614,0.10355031,0.025875788,0.061121725,0.0043613045,0.17907071,0.028629296,0.027524062,0.069562696,0.15492328,0.034536686,0.08205489
9733,0.09741917,0.06914354,0.011682314,0.011638675,0.34976673,0.4175988,0.006629267,0.31341982,0.025412433,0.073448345,0.061643615,0.0067880545,0.3782549,0.012407099,0.016844755,0.35225704,0.0020613638,0.112366006,0.0337712,0.027856093,0.012055887,0.6908949,0.008435749,0.06932582
9737,0.013226672,0.0045939307,0.0015385712,0.0030932701,0.21376525,0.25425515,0.0018756685,0.4443055,0.0035409671,0.02348151,0.027598502,0.0018923888,0.82012874,0.0045831916,0.0027829157,0.60866153,0.00031292983,0.06089822,0.047760196,0.0127146235,0.0009434202,0.8375143,0.001127907,0.0015156039
9738,0.43560886,0.025846967,0.0030182868,0.011367496,0.33756837,0.9049071,0.014108538,0.4198948,0.007814251,0.007489267,0.06244587,0.008024446,0.048007,0.0016583672,0.0018635296,0.30927724,0.001908149,0.030623209,0.021518625,0.008684364,0.013062893,0.85314465,0.012875033,0.023586588
9739,0.00489963,0.010413322,0.0025947692,0.05179625,0.53997755,0.018802514,0.005034294,0.86390764,0.01242248,0.024939906,0.015812209,0.009430297,0.005666391,0.13890076,0.024545895,0.018806847,0.00030634733,0.7183356,0.0055971686,0.00949723,0.025962984,0.04069642,0.014315248,0.009907508
9741,0.0082595125,0.026592415,0.0011033333,0.01457925,0.2963721,0.07343823,0.001607113,0.90555966,0.006234089,0.015746197,0.00885565,0.009351984,0.011440689,0.031379543,0.011457699,0.017159596,0.000110261026,0.34357387,0.0016401376,0.0037039188,0.0034581986,0.14885983,0.009124115,0.019220978
9745,0.1780502,0.13366978,0.059262723,0.0087064635,0.2990449,0.109051555,0.024224931,0.103213556,0.102355056,0.2269605,0.011652243,0.012888833,0.7771466,0.024515428,0.011874878,0.17353034,0.0027404127,0.040512938,0.18156503,0.041905105,0.006905227,0.36423317,0.011318081,0.016336335
9747,0.21669722,0.081100866,0.00680183,0.050767507,0.279019,0.16574818,0.009847201,0.7126141,0.005816537,0.01252267,0.026210614,0.13140151,0.0048273294,0.009600023,0.011623799,0.010883663,0.0004897854,0.25334278,0.008342383,0.006212575,0.017802594,0.2476044,0.71868694,0.097720854
9750,0.09058266,0.07538479,0.012625223,0.0041327844,0.11481708,0.004269813,0.01602459,0.3592216,0.01761597,0.025537616,0.0006503891,0.014986629,0.10693689,0.0024515942,0.0014162248,0.010152782,9.299941e-05,0.022864379,0.19738047,0.0026885495,0.0024401431,0.18416105,0.0128522115,0.012051866
9752,0.02896462,0.17672628,0.14584307,0.28762892,0.36874217,0.04061546,0.40262905,0.46510378,0.2109202,0.13844931,0.020728976,0.21401547,0.03324331,0.47631067,0.115600176,0.021982366,0.008759764,0.2933729,0.029769933,0.04977215,0.12380397,0.043787006,0.07005882,0.102281936
9754,0.7747744,0.9399164,0.25062993,0.015654521,0.17052618,0.010605752,0.0026948021,0.31303656,0.38154718,0.5660347,0.0023287947,0.13396735,0.008683572,0.00853713,0.038541164,0.004821707,0.00029548488,0.1894909,0.050772887,0.0044828737,0.017862175,0.046932667,0.099720456,0.17087217
9760,0.32806122,0.03470366,0.0040805517,0.0015844881,0.9645374,0.41253254,0.0011879145,0.046426028,0.050191,0.045736186,0.004226501,0.00059019885,0.08014554,0.0050080437,0.00975886,0.029120505,0.0003241159,0.11769413,0.054631058,0.0040724208,0.0098697115,0.26560932,0.00087502145,0.0054024174
9762,0.06342901,0.011254368,0.0017349444,0.003363272,0.2881117,0.6073085,0.004625927,0.2708168,0.002901872,0.0054329927,0.01477704,0.0020943377,0.23122466,0.0021102137,0.0012389407,0.2611301,0.00024995668,0.0194817,0.038450643,0.0078738015,0.0021585217,0.89443076,0.0020211951,0.0064118085
9765,0.24416482,0.1933903,0.045397785,0.030557044,0.30995652,0.61856884,0.0676209,0.25163487,0.054926362,0.046874486,0.0487057,0.037155755,0.16915333,0.031904243,0.024013648,0.33098167,0.008160631,0.06988516,0.09072843,0.040154234,0.016893556,0.6018828,0.03681093,0.055999603
9766,0.0070751584,0.0067341044,0.0016285921,0.010840699,0.1681175,0.06298677,0.0012177154,0.88265604,0.0074797845,0.043310605,0.053119328,0.005157984,0.17601612,0.017879693,0.011655132,0.21736725,0.00028389363,0.5786058,0.01185272,0.008414529,0.0043368703,0.4308811,0.00867284,0.007381101
9772,0.10206781,0.020449515,0.0024966353,0.030990575,0.36478356,0.8123723,0.050488673,0.67113656,0.0060971174,0.0033608703,0.034601036,0.011657279,0.0072617633,0.014344809,0.004735504,0.01637165,0.0007699288,0.06734923,0.0038767406,0.0055898507,0.0354169,0.17668626,0.008617816,0.042237457
9778,0.8291199,0.25748637,0.0022084012,0.005837838,0.04799457,0.04900298,0.0005634575,0.6122679,0.0013681027,0.0059819636,0.0027897207,0.118845336,0.008978731,0.00027257268,0.0009067907,0.01827732,7.291348e-05,0.030615563,0.10733297,0.0016750081,0.00093619135,0.80033314,0.7700952,0.029904893
9786,0.045116447,0.07355566,0.040250126,0.101341814,0.50295305,0.15837835,0.10256896,0.622131,0.07552931,0.049948473,0.0412574,0.07240261,0.08399465,0.18368794,0.07307068,0.07404022,0.008514321,0.22729129,0.043787558,0.05956697,0.06045041,0.16035008,0.054653723,0.06665257
9788,0.72501856,0.90601486,0.019924637,0.0022535147,0.042339444,0.004488785,5.9383445e-05,0.5334858,0.036376715,0.19707003,0.0004299201,0.09313403,0.0015542523,0.00024681434,0.0035209414,0.00057331764,5.6962604e-06,0.119167596,0.002636757,0.00026406656,0.0037432115,0.051859785,0.23053344,0.11861858
9789,0.06393756,0.10554635,0.008264571,0.07473814,0.12525107,0.016967937,0.005039099,0.92117524,0.013877709,0.03307892,0.014216611,0.13153659,0.0016974976,0.023688797,0.028202783,0.003180536,0.00012955643,0.67767334,0.0047721323,0.0035277975,0.021488436,0.06445046,0.29467463,0.049977783
9795,0.06902501,0.02490609,0.0033266717,0.0061203097,0.59815645,0.21547695,0.0066912686,0.44788808,0.015042269,0.0059528495,0.008283681,0.008924289,0.13592443,0.0074581434,0.005391859,0.021168321,0.0006613703,0.08286839,0.028224768,0.00852302,0.014432082,0.26195598,0.0053531593,0.082706444
9796,0.009184181,0.06406579,0.013250867,0.0011552067,0.34330702,0.004232783,0.0014446853,0.15193881,0.12663876,0.24944572,0.00063289236,0.0008971414,0.7017878,0.012541973,0.0027061289,0.0358388,5.1690593e-05,0.033491537,0.062823005,0.0045303986,0.0017527578,0.079729885,0.0007701908,0.001676563
9798,0.1351682,0.31852186,0.039914615,0.010834938,0.500609,0.06701587,0.0026035272,0.31399068,0.2394666,0.2840827,0.01520897,0.014397329,0.23245683,0.02292813,0.04059516,0.037758563,0.0008681815,0.27827203,0.053397108,0.014674655,0.020085277,0.24245284,0.0060409103,0.061572485
9811,0.066895135,0.40373832,0.15390629,0.010258722,0.84817207,0.01867695,0.015332293,0.18438774,0.52652836,0.1569426,0.0016861253,0.013557098,0.04845583,0.026835082,0.055359032,0.011741774,0.001136414,0.119309865,0.14902085,0.016827084,0.028562212,0.04021584,0.014843262,0.025053581
9812,0.38198397,0.7185512,0.080456525,0.004037907,0.28689396,0.00489094,0.01085607,0.060507905,0.11860167,0.095600076,0.00047310058,0.025328856,0.2915568,0.005434492,0.008519101,0.0071958117,0.00022251434,0.047159977,0.8750513,0.005618129,0.0015281179,0.113774955,0.00630824,0.02537459
9817,0.6828536,0.56793225,0.06751832,0.004788618,0.3093294,0.21151647,0.0043635853,0.16360635,0.10289849,0.15128736,0.0052634086,0.01054334,0.08833386,0.0027234757,0.0077384375,0.12965842,0.0011573038,0.03478706,0.21687406,0.014284713,0.0051948735,0.5804715,0.0165649,0.027200706
9819,0.012744244,0.04186632,0.045741566,0.048344232,0.74527746,0.027873423,0.23716353,0.23363253,0.07824106,0.036695138,0.007317152,0.029953241,0.07018439,0.17291425,0.0780023,0.023920244,0.0036655557,0.27241197,0.04128019,0.039343778,0.041283388,0.036822904,0.03135497,0.01915388
9823,0.4378306,0.41179746,0.106553316,0.0733065,0.35640606,0.16730271,0.06657461,0.43108213,0.16641434,0.12909268,0.04314449,0.10238875,0.10455591,0.04114373,0.0415534,0.112467706,0.015151996,0.15074907,0.29037157,0.048623733,0.07110202,0.33908194,0.21584369,0.09562937
9827,0.026398009,0.050408565,0.016253969,0.05811695,0.66948503,0.087538935,0.023083415,0.7606842,0.03839372,0.029184386,0.016359331,0.022363883,0.010038992,0.08417366,0.04691609,0.018995827,0.0013360942,0.5395962,0.019521955,0.02290964,0.0316572,0.07923549,0.044625353,0.020354735
9828,0.009229937,0.016643578,0.005284294,0.051876523,0.2827662,0.09631048,0.16823676,0.835282,0.0134716965,0.011086501,0.009396505,0.032597605,0.031271446,0.04544809,0.005032259,0.025908131,0.0007292577,0.05680804,0.0061522606,0.010436091,0.01604208,0.09501116,0.013131265,0.018549418
9831,0.0010956712,0.00043534863,6.9321973e-06,0.0017668994,0.97613496,0.18746528,0.000397889,0.86457795,0.00040759097,0.00057701115,0.0034389514,0.0001532222,5.925181e-05,0.00084991014,0.00048815622,0.010492715,2.8983543e-06,0.7442899,0.00021004264,0.00019004621,0.00041565875,0.044436783,0.0003540313,0.00032642618
9832,0.03350361,0.03453906,0.013807592,0.028767537,0.64870036,0.11120334,0.050226673,0.5211252,0.050280534,0.022508252,0.009770055,0.011498222,0.057490565,0.037824526,0.014203125,0.047322806,0.0021643734,0.117842495,0.039651606,0.021914758,0.04244464,0.17424597,0.011987094,0.016981224
9840,0.00489771,0.0057699494,0.0005009111,0.004591596,0.96832716,0.11183447,0.0010494625,0.46495304,0.013892393,0.0024954672,0.002626123,0.00081990974,0.0011858969,0.00929923,0.0060217236,0.0029867655,6.652949e-05,0.13058192,0.00055512687,0.003193459,0.07145491,0.0153005915,0.001180747,0.004146338
9841,0.14241266,0.09711033,0.024086226,0.04802592,0.5134721,0.031066667,0.058445144,0.5290134,0.08135184,0.024118517,0.004745799,0.0405278,0.013971841,0.0287437,0.017349914,0.0035945487,0.001461323,0.14753397,0.035691164,0.012639876,0.2095242,0.033007633,0.06125553,0.0347702
9845,0.0055132858,0.017530141,0.0048247967,0.006605135,0.983339,0.052938793,0.0019820489,0.24390328,0.075920366,0.024615446,0.0037506446,0.0017338357,0.0041834572,0.022721427,0.09373594,0.013372273,0.00026928802,0.5435052,0.0047899545,0.008724348,0.03695647,0.036864206,0.001833127,0.006043236
9849,0.072467245,0.021095667,0.0061584357,0.011631311,0.73917186,0.6867604,0.003975612,0.47523716,0.021325648,0.014018058,0.037604813,0.0055442876,0.024912644,0.009209243,0.006468725,0.047635254,0.0006103491,0.042909637,0.0062753144,0.012977567,0.018783383,0.42125502,0.0058749137,0.025717767
9852,3.0805553e-05,0.0002277465,0.00044651472,0.0064603793,0.6948329,0.00064051757,0.9303304,0.20604904,0.0036936444,0.00087696925,1.7178723e-05,0.0007328669,0.00095904537,0.04261537,0.0002716219,0.0001764244,1.9709526e-06,0.0035248634,0.00053508236,0.00013707059,0.0044553047,0.00063340674,0.00014240496,0.00018333757
9858,5.8411013e-05,0.000103758684,1.0268527e-05,0.003719054,0.9383161,0.013409177,0.00020839945,0.94412774,0.00095202075,0.0029927294,0.0022764672,7.6323275e-05,0.0002610688,0.023444956,0.002256362,0.014033897,1.5112157e-06,0.9323661,6.215319e-05,0.00027268135,0.00094043795,0.006700006,0.00019374336,7.275991e-05
9860,0.04943109,0.035129942,0.009351965,0.01880301,0.0654491,0.15471978,0.020314394,0.7501837,0.016143661,0.031130997,0.039328758,0.018066136,0.4791224,0.015302123,0.0032637287,0.1889191,0.0014668803,0.03348731,0.069871314,0.018742595,0.013527139,0.6853353,0.01023604,0.02952945
9863,0.03564585,0.020349987,0.00739803,0.001820125,0.9073748,0.047912348,0.0055572167,0.033657435,0.07404116,0.018906813,0.0024262883,0.0006939522,0.1258534,0.012363227,0.02928735,0.056945894,0.00013571669,0.35865623,0.22531305,0.005554082,0.0039487756,0.1597386,0.00030087237,0.0039014788
9865,0.04613422,0.0653136,0.024477264,0.13318624,0.6307728,0.19485907,0.16078417,0.5297321,0.054461922,0.029002074,0.017547593,0.05984033,0.0069227037,0.09052447,0.037850387,0.022021158,0.0028974959,0.12501454,0.014610932,0.022234188,0.07448238,0.067402296,0.031996083,0.062479854
9872,0.0012607074,0.001878295,0.0004737805,0.0032823947,0.67396617,0.015583771,0.0005659064,0.5636849,0.004344809,0.016542561,0.0029068198,0.00038924557,0.09292895,0.013507872,0.012812749,0.06667687,4.14477e-05,0.67193013,0.014276713,0.0032266404,0.0008483276,0.14461344,0.0006778519,0.0008729304
9874,0.0024002998,0.061374303,0.0039625033,0.0005885894,0.9786327,0.005559824,0.0001500626,0.31265625,0.16945061,0.029961867,3.9350503e-05,0.00041142973,0.002290405,0.0015633389,0.0012604168,0.00026574463,1.5851335e-06,0.029401595,0.0031012117,0.00024678494,0.008087049,0.0028281668,8.753664e-05,0.0010882854
9879,0.003087133,0.008282448,0.0010626453,0.003949809,0.5940436,0.043346588,0.0007671202,0.8043153,0.006422014,0.013956162,0.003520799,0.002079084,0.00973468,0.0063719335,0.01322437,0.010874852,3.10803e-05,0.5249284,0.0007756907,0.0017546478,0.003003332,0.09314116,0.006675776,0.005024634
9880,0.0005796316,0.0014223746,0.0003499307,0.01416418,0.5594841,0.02839596,0.003526182,0.96297616,0.008462046,0.008719451,0.006951688,0.0013800898,0.0034359707,0.045701295,0.0043674344,0.016544096,5.7045105e-05,0.43232968,0.00020840165,0.002178589,0.012762304,0.024960523,0.00086813973,0.00298119
9882,0.0028249975,0.009204864,0.0038032061,0.0876654,0.37333372,0.07769801,0.13952239,0.7180139,0.015782783,0.02167303,0.006598655,0.023847863,0.018885482,0.068727486,0.0047856234,0.010316793,0.00035319643,0.07396345,0.004508814,0.006455729,0.013853501,0.037366133,0.006881033,0.0073233014
9888,0.7209915,0.44503704,0.008286486,0.013247788,0.058266364,0.022555344,0.0031867095,0.6682445,0.00734226,0.01067716,0.0019121424,0.09138754,0.008605306,0.0011011793,0.0018762937,0.00264295,0.00010010857,0.02855565,0.02647092,0.0016803639,0.0056619463,0.2946064,0.5708273,0.085116796
9891,0.022779534,0.026565667,0.014495178,0.038280595,0.8947873,0.12412758,0.02050266,0.4480103,0.05228569,0.024765512,0.012408816,0.012765922,0.013912566,0.04866772,0.062725455,0.026386838,0.002284024,0.5330983,0.017079126,0.030970398,0.04019679,0.06292728,0.015900005,0.018406458
9896,0.5115731,0.018065829,0.00023372767,0.0012031341,0.47036877,0.90138197,0.0017749114,0.58797884,0.0020282895,0.001691109,0.0058530318,0.0010335166,0.02018603,0.00038346596,0.00015192288,0.0074010137,4.2487532e-05,0.001597821,0.00286236,0.00034000576,0.0051789493,0.4719897,0.0017575967,0.009908224
9900,0.057241827,0.009321891,0.0036412938,0.069709145,0.13413893,0.6782733,0.1347908,0.60293096,0.005584115,0.016133,0.07851821,0.022213692,0.1584854,0.024694094,0.0032158406,0.31398255,0.0019953665,0.0377678,0.017520297,0.017028682,0.013478668,0.6086879,0.012324341,0.012848146
9907,0.24276733,0.18117107,0.021629872,0.015287077,0.53776854,0.39372566,0.009379609,0.3566297,0.091401316,0.057146866,0.020883817,0.016907023,0.040291816,0.018371541,0.019599013,0.035177838,0.0013970588,0.13421497,0.011298292,0.018730361,0.041390948,0.19958173,0.01457705,0.09657286
9911,0.6797829,0.08449962,0.0018472967,0.0008734238,0.3148639,0.33513412,0.0010858057,0.15666571,0.0044611925,0.024847327,0.006689627,0.0045434902,0.4651511,0.0006854028,0.00062829076,0.07475522,0.00029262362,0.009672098,0.3177428,0.005151328,0.0010546683,0.82790774,0.0071296026,0.013040935
9912,0.6534673,0.010730803,0.00013550204,0.001003281,0.38150105,0.98822445,0.0006820675,0.27450272,0.0005317034,0.00034013693,0.029838786,0.0010309955,0.02036982,0.00013725892,0.00035442694,0.22944936,0.00011868754,0.022047596,0.0052310154,0.0009837301,0.0006587,0.97506315,0.0020611354,0.00524808
9914,0.624043,0.2738207,0.053404495,0.043393813,0.24272111,0.60963714,0.022314187,0.5603493,0.06503098,0.061594754,0.09451582,0.08529844,0.059885427,0.016879775,0.018885976,0.063775375,0.006133864,0.084877886,0.03515906,0.027317706,0.09071651,0.5584066,0.12279735,0.18567611
9916,0.023483222,0.00306261,0.0007227868,0.0033038333,0.72141457,0.37837353,0.0012940428,0.48611897,0.0057911314,0.0049742344,0.011181338,0.000788937,0.020354407,0.0066603567,0.004925651,0.05568079,0.00021095986,0.15220554,0.005470263,0.0051650526,0.0071352758,0.34153166,0.0023073272,0.0035559693
9921,0.51918757,0.6547271,0.10781273,0.0061587454,0.20886344,0.036842205,0.00833157,0.075555265,0.14706472,0.34964424,0.004435036,0.022964098,0.46618822,0.006346161,0.012762959,0.09528696,0.0009002794,0.055386446,0.72767776,0.013611222,0.0030075328,0.43812975,0.025387991,0.030532314
9925,0.02229232,0.14813566,0.008013961,0.0039589196,0.8657104,0.049977355,0.0029511382,0.30721095,0.088423096,0.0131475,0.0009859919,0.0024997531,0.00078612985,0.002482577,0.005065088,0.006314083,5.9402024e-05,0.17173883,0.003434544,0.002047161,0.012247901,0.024340354,0.0012819831,0.015376736
9934,0.56058913,0.08014703,0.0039139236,0.0034459347,0.5701281,0.88914716,0.0030883616,0.28289464,0.013761961,0.0051577883,0.019456018,0.00610436,0.026638018,0.002957681,0.003274529,0.06467299,0.0006484506,0.022144629,0.010250398,0.005736858,0.0059410385,0.77509415,0.012657951,0.060323965
9936,0.051357094,0.047492675,0.025787639,0.11592195,0.29256245,0.107291564,0.11983957,0.7324671,0.070304334,0.07121822,0.04452293,0.045946404,0.11658324,0.07883891,0.026714005,0.0713841,0.0064540035,0.13851497,0.038583152,0.04274177,0.077291705,0.16605367,0.029308427,0.07211272
9940,0.0009090798,0.0008033793,0.0003450222,0.10452569,0.20621607,0.0652827,0.078121945,0.91924566,0.00087711174,0.0024084295,0.0092491,0.010505175,0.010457041,0.042953562,0.0011173221,0.008362071,6.987923e-05,0.107119635,0.0008873191,0.0017154521,0.007685862,0.035347342,0.0018808016,0.002619132
9941,0.49838832,0.5395303,0.16229534,0.04903723,0.42310527,0.05525269,0.03632805,0.32701382,0.2179576,0.16209131,0.013641934,0.08915687,0.10361424,0.036899034,0.06821224,0.037792478,0.006835258,0.13515987,0.3261643,0.033609778,0.045560643,0.20790257,0.1235936,0.11487363
9945,0.36691275,0.7803508,0.112713754,0.0012092672,0.20360179,0.0044126725,0.0019743717,0.04666371,0.26262534,0.6073515,0.00086370273,0.010602159,0.79791296,0.006612798,0.009590552,0.014109838,0.00012279303,0.041805744,0.76218706,0.00558037,0.0036672596,0.18078844,0.002801203,0.02635201
9949,0.007946711,0.0015200495,0.00036847865,3.933591e-05,0.82653993,0.043498337,7.898312e-05,0.009464255,0.0018111736,0.015171533,0.0007515356,1.4720582e-05,0.9674397,0.00013407208,0.000471348,0.27050155,6.6825055e-06,0.019526104,0.45625627,0.0015656532,7.469706e-05,0.7452555,1.3351704e-05,0.00012085218
9951,0.062443454,0.0014547667,6.7960417e-07,7.330339e-06,0.99741834,0.552768,2.6227312e-07,0.41510695,0.00016416231,9.4072406e-05,4.9548547e-05,1.5827604e-06,5.2734835e-05,2.8258966e-05,3.4119403e-05,0.00041272998,3.538011e-08,0.25821787,3.1347907e-05,9.734723e-06,6.992369e-05,0.09925627,1.4720006e-05,9.0369205e-05
9952,0.012840275,0.013311166,0.00021065556,0.0061308616,0.41055334,0.256978,0.00023784995,0.6291798,0.0013839006,0.0016999316,0.030123219,0.0026104546,0.0023863,0.0059995083,0.02291212,0.043275222,4.3346434e-05,0.80810195,0.0011130911,0.001289525,0.0007590537,0.5718115,0.005658586,0.019628523
9961,0.0022876018,0.0049038767,0.0002007678,0.0013303675,0.49186188,0.23368332,7.897438e-05,0.8588,0.005787829,0.0049300706,0.016225643,0.0005374313,0.004111284,0.0024660972,0.003594822,0.0148448795,6.607072e-06,0.3045929,7.306647e-05,0.00036743315,0.0014642223,0.23830342,0.0006018396,0.011901322
9965,0.20717481,0.13243079,0.0048923166,0.0061114226,0.29153913,0.17168398,0.003370459,0.56703365,0.010877437,0.007883868,0.01234591,0.033993315,0.08294414,0.0039851894,0.0025765237,0.021092426,0.0004388815,0.026005514,0.05697453,0.006224105,0.0048789424,0.50651443,0.027690103,0.057700355
9967,0.058153227,0.010144845,0.0007005112,0.004953988,0.7696772,0.8419746,0.0013052078,0.5705629,0.0081243785,0.013951492,0.06124964,0.0010226989,0.027224494,0.005268117,0.002005659,0.107777275,0.00016023539,0.14290422,0.0009871066,0.0031293863,0.009013376,0.4920897,0.0050237547,0.010829277
9968,0.40429667,0.73685455,0.11139473,0.0031720237,0.93281054,0.06393839,0.0035306178,0.03310471,0.4019,0.08441928,0.00089511066,0.008736237,0.024953412,0.017863581,0.056945343,0.0052473554,0.00048478623,0.19937363,0.080147125,0.0070361565,0.011504094,0.036656465,0.005594446,0.07658203
9975,0.010394081,0.034440245,0.005569093,0.027868113,0.6131981,0.037582964,0.017183874,0.6566895,0.055415835,0.033333827,0.0034254228,0.013860043,0.009421268,0.021572284,0.009309963,0.004331117,0.00025578076,0.13640426,0.0020792363,0.005609353,0.036471855,0.017432109,0.008379015,0.011792621
9977,0.025034286,0.0010039534,0.0006612077,0.0002353911,0.24782719,0.009131641,0.0037768844,0.009057104,0.0011262107,0.03001047,0.00033301522,0.00013407948,0.98986346,0.00068311556,0.00019775552,0.019104766,1.5205448e-05,0.008270018,0.22073567,0.0014458771,0.00025914886,0.3954877,4.6547368e-05,0.0007290631
9983,0.15979093,0.27353802,0.14035459,0.00465705,0.6908922,0.041353196,0.010764284,0.032870773,0.3203374,0.412675,0.0042187776,0.0063723926,0.71088123,0.04343257,0.0594857,0.08756703,0.0017686943,0.103539355,0.29702875,0.037102666,0.013464593,0.16638885,0.0066495608,0.020247217
9984,0.025218438,0.022288062,0.0116776135,0.023602085,0.68574774,0.17527275,0.035458233,0.3261552,0.02957598,0.048915796,0.030342674,0.01197096,0.47951153,0.044601377,0.014169827,0.12278771,0.0033780003,0.14833868,0.05858123,0.041317098,0.015786018,0.29466066,0.016643642,0.016804362
9986,0.0021515866,0.0044309474,0.00014924037,0.0029380962,0.4538054,0.3740573,0.0005079156,0.93725073,0.0038181723,0.008628358,0.010368686,0.0010097756,0.018057017,0.0045927255,0.0012956053,0.014378017,1.543887e-05,0.03828853,8.101638e-05,0.0010220045,0.0040868237,0.2327927,0.0006947502,0.016488725
9993,0.009797371,0.15498167,0.021422166,0.011972295,0.94913447,0.027169887,0.020912027,0.14608681,0.19322295,0.095841266,0.001048603,0.007709431,0.014042259,0.044575784,0.037652,0.004109205,0.00028055153,0.21817695,0.0105138915,0.0062410636,0.028966516,0.0065807123,0.0025351369,0.01278152
9998,0.043827917,0.04399381,0.0052745296,0.016812647,0.076325275,0.16111334,0.0043983962,0.7792641,0.012719613,0.049962025,0.060698703,0.021289328,0.12197583,0.029238813,0.015217106,0.17621835,0.0009486173,0.23496075,0.014212915,0.012179157,0.008124382,0.616184,0.019780612,0.038092606
10002,0.12379341,0.6177891,0.07122859,0.102463305,0.18002073,0.021076016,0.0138941165,0.8404929,0.12816298,0.1359454,0.009856453,0.26033747,0.007408412,0.055959545,0.045089636,0.008077843,0.00084496633,0.30559894,0.022101693,0.010486598,0.08353437,0.05627527,0.24699335,0.19195594
10003,0.76184255,0.25029698,0.012812827,0.027177457,0.24692075,0.14147471,0.037506483,0.31549904,0.015526116,0.013103488,0.005892781,0.07087157,0.021502195,0.00601911,0.0040280432,0.011622051,0.0011448828,0.039950084,0.14303565,0.0056965523,0.0074311756,0.281971,0.25025785,0.08043316
10009,0.26690692,0.1347586,0.01016963,0.02222554,0.76451236,0.63132906,0.006691358,0.46464744,0.052063573,0.032884184,0.026411194,0.014842683,0.011214781,0.0111188255,0.017679505,0.056250192,0.0018249219,0.20551014,0.021053514,0.013977656,0.021938194,0.3558659,0.022890689,0.04818002
10011,0.19618703,0.5771364,0.04870527,0.004386841,0.40553355,0.008429557,0.0019551776,0.21085855,0.15930562,0.1904967,0.0014452769,0.011188209,0.08057636,0.01394578,0.029144043,0.009237489,0.0002531694,0.15179494,0.085851945,0.007057687,0.0033492434,0.11085404,0.008094372,0.070029296
10013,0.04047708,0.13409692,0.095320456,0.11373155,0.4126765,0.012712146,0.2303323,0.50662357,0.26288927,0.058358353,0.0061270827,0.08479019,0.01574882,0.11196815,0.053308725,0.006472324,0.0021597103,0.16908304,0.0227655,0.0138037875,0.51746464,0.019097997,0.042997032,0.06162265
10015,0.1508273,0.2592102,0.10434492,0.039873406,0.7870337,0.095621355,0.027946264,0.27392223,0.25086698,0.14268275,0.017536713,0.03280045,0.11365128,0.10389257,0.11019972,0.047302406,0.008783308,0.25583667,0.127259,0.061446294,0.082994446,0.118350625,0.044938393,0.06967014
10016,0.027400894,0.05116996,0.01980515,0.22044215,0.14686371,0.17429091,0.20738532,0.81610745,0.031579632,0.05082405,0.073604874,0.1441293,0.04025266,0.13779192,0.025021544,0.12716699,0.006064049,0.17179266,0.016016532,0.029005134,0.059797667,0.19364664,0.055054408,0.09882197
10019,0.00076979934,0.0036481528,2.0254958e-05,0.009290352,0.3075458,0.26896277,0.00073729164,0.9621694,0.00033109082,0.0018125733,0.01724631,0.00091126346,0.0019081171,0.013976663,0.00044205596,0.01922774,2.9379548e-06,0.37167338,9.044481e-05,0.00024826775,0.0004914611,0.08861503,0.0034272233,0.0041507958
10026,0.08306215,0.013910546,0.000801065,0.0021090661,0.28881893,0.6530591,0.0010371982,0.18268912,0.0024521917,0.014820881,0.013226761,0.00089176715,0.6446522,0.0020040667,0.0012676549,0.46424958,0.00030066824,0.023019865,0.05103083,0.008466233,0.0008986335,0.9214414,0.0012642859,0.00435945
10033,0.082341775,0.08234659,0.031764604,0.06736707,0.60903734,0.116843306,0.08250327,0.46738,0.06041046,0.034087185,0.02133608,0.036991633,0.08200965,0.076158755,0.04397845,0.043926954,0.0066114385,0.15787509,0.073886976,0.05005412,0.0534956,0.16417035,0.03931351,0.065752596
10036,0.0026839327,0.0027227793,0.0021163314,0.022220103,0.6069467,0.07722321,0.6289054,0.064870946,0.0039792075,0.0024429255,0.0005736376,0.002331464,0.03864404,0.014535422,0.0023119,0.009740873,0.00013322842,0.006630353,0.0038850023,0.0026714914,0.0066281045,0.035877526,0.00050904416,0.0026880023
10040,0.0056283115,0.024389783,0.023825547,0.37890998,0.33426788,0.033075493,0.86457,0.4231777,0.02886256,0.027196776,0.008347951,0.1626524,0.028672358,0.4603549,0.032868788,0.015803277,0.0030830519,0.10909963,0.024073083,0.021606805,0.040649753,0.02781303,0.021870632,0.022256866
10043,0.033852816,0.62592345,0.24645002,0.00639318,0.75779754,0.018461797,0.009183265,0.13028315,0.6886327,0.1600512,0.0021235885,0.016394995,0.04067913,0.029875193,0.060287375,0.014624408,0.0005703339,0.1349529,0.055014186,0.011883693,0.017962482,0.027296413,0.008506568,0.058251154
10047,0.00080652075,0.008487671,0.0008557509,0.0073205186,0.50229985,0.003471764,0.00016460966,0.9259994,0.02091262,0.09852569,0.005179716,0.0023500624,0.0054531656,0.024365086,0.00582784,0.018015292,1.3031999e-05,0.7083833,0.00079539063,0.0015019323,0.0077897487,0.01604976,0.003258036,0.0013266937
10048,0.0021397255,0.0049275844,0.0021638006,0.044638082,0.68287504,0.016336096,0.016162636,0.89931566,0.027003083,0.03012518,0.004577739,0.004875686,0.009018971,0.08986548,0.014604179,0.00978859,0.00024875609,0.5611832,0.002197602,0.006684411,0.032772813,0.011363038,0.006638194,0.0023606452
10049,0.011767742,0.008413339,0.0027388856,0.025867036,0.7099968,0.11257101,0.010680398,0.7637261,0.011329131,0.010018224,0.014611028,0.0057704644,0.027063794,0.025686935,0.0147966705,0.034497123,0.00080161897,0.38550898,0.011863927,0.01324444,0.020512972,0.12492818,0.004424127,0.010346915
10055,0.013738831,0.005149183,0.00013575332,0.00012127678,0.05027358,0.41049784,0.00017596777,0.07573238,0.0008544941,0.006462699,0.0017658342,9.8961165e-05,0.99052364,0.00041585113,5.961875e-05,0.02971316,4.664714e-06,0.001224823,0.003911261,0.00053034246,5.513904e-05,0.718498,2.9551768e-05,0.0011783033
10059,0.2536143,0.01154456,0.00030778063,0.008329895,0.42954367,0.8785331,0.00095019944,0.9192547,0.0015290545,0.00081702805,0.02388206,0.0055454927,0.0023200014,0.0020319838,0.0009456858,0.008577189,0.00010605179,0.06949199,0.001354345,0.0019382697,0.013806936,0.34650972,0.011834192,0.016392594
10060,0.25252566,0.00360863,0.00013156778,4.241296e-05,0.95465714,0.78091854,2.698244e-06,0.21146102,0.0021366135,0.0040270714,0.0025164606,2.6771295e-05,0.026879491,0.000119314376,0.00042252234,0.056942284,9.102888e-06,0.05514418,0.0019009194,0.00086974516,0.00049070327,0.7013351,8.884756e-05,0.00037985467
10070,0.073635995,0.0508886,0.0063978285,0.0077302293,0.25146303,0.115484186,0.009961661,0.22733435,0.014786505,0.04715897,0.009251394,0.009241783,0.47072145,0.010490127,0.0065499637,0.053570434,0.00071343017,0.029458592,0.018463068,0.009432048,0.0054104063,0.4652799,0.007843797,0.05231279
10076,0.19223626,0.07446615,0.0021697546,0.00037845245,0.9689124,0.6868636,0.0003502915,0.092305705,0.024850449,0.010902023,0.0040729353,0.0002981406,0.010056432,0.0005010181,0.0034799564,0.08391493,6.657334e-05,0.07237096,0.012379323,0.0017218498,0.004656694,0.55075943,0.0006085177,0.009673719
10080,0.17260036,0.02614209,0.0022915176,0.015771654,0.26126462,0.25063154,0.015587121,0.55701196,0.00446804,0.008173606,0.014793732,0.015759772,0.16083309,0.006465961,0.0023850573,0.14287303,0.00078138243,0.027609954,0.054300573,0.011529416,0.0035758654,0.78764987,0.016789187,0.01074604
10082,0.90295863,0.31801376,0.0041263346,0.0029684717,0.08094754,0.4844321,0.0013340394,0.23253135,0.007987934,0.016357588,0.0114457905,0.012339906,0.124363594,0.0005516559,0.0011756915,0.100361615,0.0005151965,0.01921692,0.10626356,0.00533428,0.0018156137,0.891542,0.025029093,0.045265347
10084,0.6362217,0.016465906,0.00021665575,9.86922e-05,0.9460967,0.9172631,0.0001320231,0.06809869,0.00280146,0.0041047446,0.0016761033,0.00012453325,0.015081827,0.00015684291,0.00086471526,0.013589012,2.5919064e-05,0.024823442,0.003742358,0.00055453746,0.0009161623,0.6950309,0.0007326905,0.0058375807
10088,0.022162797,0.036344226,0.017328482,0.13770427,0.13164675,0.073294714,0.13624932,0.80588967,0.022818213,0.03111281,0.026677765,0.10897898,0.08053163,0.06511129,0.016975949,0.043899357,0.002472133,0.20707455,0.03318757,0.01945598,0.027071072,0.18563724,0.046573207,0.04058721
10093,0.0041224062,0.023118064,0.00411301,0.025143087,0.7189791,0.008783408,0.0076131974,0.7667121,0.03168643,0.01942874,0.0025347644,0.007838392,0.0043359646,0.024971597,0.013269229,0.0032486506,0.00011346958,0.5214991,0.010493082,0.00437007,0.014731887,0.014768011,0.010596259,0.0046733795
10094,0.014928247,0.0007839914,3.1507445e-06,0.0010532878,0.9178712,0.9884183,0.0010121631,0.47848174,0.000101171696,1.8827095e-05,0.004280992,0.000105380415,1.4431926e-05,7.027517e-05,6.290714e-05,0.012499254,3.9077377e-06,0.010625634,4.8657357e-06,4.568329e-05,0.0004669024,0.3122084,0.00025293612,0.0009441962
10096,0.013170127,0.02501886,0.0041706483,0.028877197,0.26609752,0.03701059,0.005849592,0.953249,0.023980098,0.036761995,0.016693685,0.015105461,0.027100626,0.05474369,0.009171793,0.017119022,0.00032499313,0.23939602,0.005839975,0.007950712,0.05549319,0.05348462,0.018247433,0.021669298
10098,0.012044823,0.019885251,0.004977261,0.008846648,0.92099166,0.031728785,0.009831347,0.33521622,0.04745231,0.043701746,0.0055822036,0.0029510835,0.01234415,0.013623097,0.011207047,0.044190183,0.00025372105,0.17520033,0.014774035,0.0057022627,0.03407408,0.10054576,0.0035310707,0.00833529
10102,0.016127354,0.021842001,0.0073625837,0.06982596,0.35206118,0.031037305,0.1126124,0.6962236,0.011850669,0.027116088,0.010947353,0.033337545,0.035039593,0.10209592,0.014940727,0.020949678,0.0011740739,0.19853881,0.015549524,0.015683329,0.018430347,0.078400664,0.040426407,0.02269859
10107,0.6081563,0.32641855,0.058356557,0.0054498976,0.42007926,0.09817084,0.03268928,0.06356658,0.095906444,0.057169553,0.004299843,0.015063216,0.48431545,0.0039173146,0.0065444983,0.048096485,0.0025168078,0.01854218,0.7608199,0.011476807,0.01212455,0.32302463,0.0063164174,0.024297105
10108,0.15181853,0.29013476,0.08342193,0.025443919,0.44266477,0.045016322,0.01256913,0.27552506,0.20010737,0.38252467,0.013426701,0.041143507,0.4080977,0.059088357,0.06255218,0.09200194,0.0044114403,0.20514366,0.1002056,0.036933813,0.026866687,0.17700358,0.04330542,0.06818628
10112,0.80075836,0.004086371,2.9450543e-05,0.001571731,0.4521478,0.99151164,0.0004520805,0.5912874,0.00021291638,0.00011554458,0.02067828,0.00068653637,0.0023065193,8.405342e-05,0.00010740495,0.047319226,5.691025e-05,0.020845087,0.0007991136,0.00039964184,0.0016505944,0.87374896,0.0013497331,0.0056782374
10116,0.0016858305,0.0025021145,0.00010919273,0.041333526,0.13162144,0.025637131,0.002234543,0.9887253,0.0003994057,0.001052915,0.02319442,0.03848563,0.00036888846,0.012579965,0.0013649552,0.006474955,2.6200982e-05,0.38268578,0.00035500212,0.0007530467,0.006499519,0.06290627,0.09275153,0.009939774
10122,0.04425954,0.03059846,0.008784255,0.024455622,0.73096853,0.11301995,0.047087222,0.49134555,0.025609877,0.011165537,0.00900136,0.014569956,0.05706352,0.033241495,0.015546137,0.016402118,0.0018998223,0.16853535,0.038606174,0.015441819,0.02898663,0.118526384,0.021404736,0.0225206
10123,0.26101288,0.042099502,0.0047627995,0.0076156585,0.37069657,0.3129938,0.0053777946,0.3045936,0.015550771,0.019143764,0.008147543,0.005376254,0.07582263,0.0035409045,0.0037006717,0.03853379,0.0005290567,0.053445745,0.040196404,0.00828264,0.0061773937,0.4418067,0.009904902,0.022018893
10128,0.85659707,0.094232686,0.0012919485,0.00090647803,0.35274032,0.656716,0.000111305155,0.19822247,0.0025018586,0.014274223,0.010840746,0.0024711182,0.03726755,0.0001957346,0.0011480198,0.19657701,0.00017811263,0.049607493,0.05880471,0.003147354,0.0010452151,0.9489795,0.018829703,0.012689168
10130,0.09723491,0.10312889,0.02169253,0.019844271,0.29899538,0.044759598,0.042572834,0.4052468,0.0346368,0.039454784,0.006326874,0.024753967,0.29411188,0.01938183,0.018223962,0.02908321,0.0019365795,0.097934686,0.20909075,0.02088546,0.011887226,0.15522231,0.018219171,0.03321509
10133,0.8809886,0.032627214,3.757985e-05,0.0008256071,0.02537513,0.9132751,0.00027617053,0.77732503,0.00011156571,9.092006e-05,0.0028112454,0.0029782467,0.0008595911,1.5863081e-05,1.1926422e-05,0.0013564329,3.0306314e-06,0.0025275697,0.001118209,6.424035e-05,0.0003609395,0.7551861,0.003212588,0.03822795
10134,0.018400922,0.029171472,0.014253022,0.0013066095,0.70230496,0.05901016,0.0037139833,0.068847775,0.08954685,0.1826467,0.005320961,0.0017436475,0.96236473,0.022794725,0.0068526175,0.04941176,0.00024373547,0.048106167,0.050603233,0.014221829,0.008611227,0.19081098,0.00052374025,0.009180603
10136,0.11073991,0.033405907,0.0028421637,0.00019125524,0.9803135,0.36456695,0.00013658014,0.011943759,0.07583924,0.038410395,0.0012265899,0.000103184335,0.21565974,0.0048924857,0.015406437,0.02507125,0.00012218111,0.069720045,0.008485456,0.0050402447,0.0048094993,0.1733866,0.00018224321,0.005930319
10137,0.6341504,0.89608526,0.1847253,0.002282032,0.2837697,0.007040365,0.008366449,0.03833655,0.27856693,0.32554355,0.0004146288,0.015277756,0.21024092,0.0045360066,0.006111779,0.010843869,0.00015144501,0.019513851,0.60736233,0.0033717824,0.0039869105,0.1022998,0.006217255,0.028802136
10140,0.5624814,0.99553967,0.39013702,1.6653516e-05,0.90651166,0.0001098333,4.262253e-06,0.0024053657,0.85237044,0.8840351,3.530799e-07,0.0004260289,0.00077229535,0.00028776316,0.0060126144,1.7318573e-05,3.354344e-08,0.02245533,0.007453557,2.3985693e-05,0.00024805457,0.00032380273,0.00022119355,0.0075845276
10142,0.107852876,0.08578887,0.008827706,0.018567463,0.9021895,0.2886979,0.010382013,0.31461442,0.037248917,0.015045223,0.013049751,0.012270524,0.007944932,0.01695737,0.049374584,0.030157918,0.0012479022,0.5241678,0.012755494,0.014004739,0.016744733,0.11299325,0.052212078,0.024945093
10147,0.01785458,0.018902702,0.01301236,0.01590416,0.70466447,0.053297702,0.009455676,0.14921087,0.057230797,0.13093157,0.018209787,0.003529117,0.29335767,0.051731065,0.079354726,0.14971466,0.00088574743,0.6916908,0.09755151,0.023556942,0.006517829,0.21938547,0.003162766,0.006129932
10150,0.07276424,0.16620648,0.020454125,0.0014516556,0.3719869,0.09256384,0.0025071825,0.1250868,0.053777263,0.079442434,0.006562268,0.004215194,0.92201954,0.01076398,0.0044860053,0.13023503,0.0004503531,0.027892543,0.14102447,0.017277021,0.002846834,0.54248714,0.002057775,0.012916562
10156,0.09993233,0.011951792,0.00071629457,0.0061887335,0.21630707,0.83815694,0.0021690826,0.87943846,0.0031949605,0.003257338,0.049075156,0.0028373355,0.008826304,0.0014127244,0.0010311119,0.14014977,0.00025801797,0.070902124,0.0021277627,0.0030285793,0.006198507,0.59251326,0.005341779,0.008341871
10160,0.14192092,0.030136017,0.0026349868,0.00017927584,0.71828353,0.14391989,0.0002676716,0.041039724,0.010218161,0.033726215,0.0011032536,0.0002785457,0.878756,0.0007990081,0.0010190523,0.07862025,8.2183804e-05,0.009422781,0.11878914,0.004314719,0.000558242,0.59250176,0.0005710018,0.0017583148
10161,0.015902348,0.02022331,0.01108324,0.01722872,0.5136096,0.022594003,0.040306285,0.5929047,0.03683735,0.015093094,0.0014256232,0.016191974,0.005021906,0.013000822,0.0049054497,0.0029453756,0.00013457044,0.13557386,0.003002254,0.003718335,0.027754242,0.016247772,0.009296151,0.015772248
10163,0.11724069,0.41245705,0.11077645,0.00032499593,0.743194,0.0027540028,0.003750283,0.00505226,0.20829055,0.20946994,0.00016813318,0.0010060468,0.6149235,0.0019276867,0.0042513376,0.004398256,3.17349e-05,0.01345633,0.8065424,0.001967066,0.001324758,0.05737816,0.000422027,0.0040610386
10167,0.09784422,0.030693758,0.011004366,0.064284034,0.46195272,0.26848045,0.074513614,0.75213665,0.025295833,0.015846582,0.028932173,0.027266202,0.015735116,0.030213239,0.011196674,0.031035127,0.0026722248,0.196176,0.040050827,0.017674034,0.050315905,0.21905085,0.02745805,0.02946839
10170,0.0007901148,0.0023976353,0.00084302615,0.01411188,0.8785774,0.05056186,0.0021714752,0.61482114,0.0070649385,0.010176088,0.005412434,0.0008963438,0.0046921642,0.02268711,0.010745468,0.010286846,5.546295e-05,0.47519863,0.0010233695,0.0028819896,0.00913732,0.039870255,0.0017093281,0.0012540085
10173,0.004263173,0.017233107,0.007154638,0.018106172,0.7005733,0.052752417,0.8587516,0.052841518,0.009998206,0.0026444197,0.00056355447,0.008682049,0.005458578,0.02706298,0.004601971,0.011156038,0.0002853356,0.012963905,0.00421182,0.0025204243,0.006049796,0.023230238,0.0019345218,0.007002462
10174,0.9166082,0.13486429,0.0013531181,0.0009981628,0.42422888,0.27344513,0.011307233,0.031262122,0.003986952,0.0029866176,0.00023015622,0.0018868266,0.017035795,0.00030038142,0.00026583482,0.0023357002,2.816123e-05,0.008529829,0.14190054,0.00042976072,0.0009765942,0.21842605,0.0026799839,0.010655311
10175,0.1889935,0.039861374,0.010148628,0.04680157,0.64984727,0.55317223,0.08527383,0.36021903,0.015481356,0.008569845,0.024176115,0.024986671,0.025850816,0.017881276,0.016630964,0.04059516,0.0033770665,0.19309615,0.028243344,0.021491168,0.019513523,0.3166629,0.03466799,0.05395272
10176,0.08494084,0.07293344,0.023124807,0.024532659,0.1672544,0.18754789,0.022209473,0.4046255,0.030558242,0.16906722,0.05533774,0.019828133,0.75651765,0.027047984,0.011672711,0.47325668,0.0030581015,0.08146788,0.15890868,0.046775885,0.0064451913,0.6964926,0.016930189,0.020890845
10178,0.48259395,0.24309917,0.0067270086,0.0022545562,0.07772733,0.1205209,0.0017132993,0.2930939,0.01569427,0.06265714,0.006601809,0.0065578027,0.5560304,0.0028405224,0.001921162,0.06115046,0.00033853395,0.010826315,0.08587127,0.004555984,0.0029261895,0.6383772,0.0053761783,0.044324927
10179,0.069712855,0.11566264,0.051819883,0.054026358,0.38694453,0.110010386,0.18152884,0.49791533,0.11752356,0.055822197,0.023941133,0.0760595,0.34106657,0.061489705,0.025866978,0.031488653,0.007320172,0.05233252,0.108178884,0.03480623,0.16066192,0.19557416,0.022752747,0.08808791
10185,0.0017259661,0.035261076,0.008189989,0.054652587,0.5290698,0.0005374328,0.1478151,0.6522155,0.034849565,0.006924914,0.0002656671,0.021966876,0.0002075282,0.13111204,0.024494143,0.00032834944,2.7765547e-05,0.43033838,0.002599328,0.0010414717,0.032892894,0.00080441165,0.05093623,0.0052228435
10188,0.69997776,0.41038203,0.014709085,0.007134529,0.2594795,0.22450459,0.004189041,0.35171077,0.026521357,0.036257375,0.01202235,0.031409465,0.13298231,0.003462518,0.004247436,0.12342054,0.0013261425,0.032648515,0.3037945,0.007960462,0.004978206,0.81353444,0.04695028,0.038669713
10189,0.5717058,0.13207111,0.008016039,0.018173145,0.19117713,0.6517004,0.005429075,0.47824618,0.012863051,0.027582606,0.06360589,0.037279695,0.07515426,0.005113131,0.005462571,0.09561707,0.0019764013,0.08235949,0.02506287,0.013545847,0.014072509,0.6915003,0.05461251,0.16429304
10191,0.0030729498,0.0009393387,5.6835946e-05,0.00419714,0.7333839,0.4884366,0.0005679795,0.9290213,0.0010426495,0.00045125923,0.0071301395,0.00040539983,0.00061772234,0.002324069,0.00038708627,0.007678276,1.7735589e-05,0.16519207,0.00012483702,0.00071722455,0.00745915,0.10776669,0.00089104945,0.0017169905
10202,0.0033605953,0.0066295713,0.0003625616,0.0051076342,0.5017602,0.05169101,0.00079248054,0.888977,0.003762035,0.0077730455,0.0036981604,0.0011298636,0.0052709086,0.0062047695,0.0035511688,0.0124994945,2.0206206e-05,0.6508382,0.0016301854,0.00090672774,0.002138434,0.0825816,0.0018502568,0.002580886
10209,1.2591133e-05,4.699853e-05,2.557168e-05,0.0053771697,0.86771524,0.0009571544,0.55089223,0.31363603,6.5720094e-05,4.371719e-05,6.754509e-06,0.0007870919,0.0003548485,0.005252201,0.0002536935,6.759624e-05,7.179804e-07,0.03127005,9.4713905e-05,9.693389e-05,0.0010200536,0.000774161,0.00016480534,9.0791495e-05
10213,0.21916515,0.21614434,0.009272072,0.008504208,0.3449842,0.0783819,0.011391013,0.31984708,0.016519025,0.017180363,0.0061269,0.015763728,0.066910215,0.0052185096,0.005808323,0.058835857,0.0009309585,0.04481771,0.4125135,0.0109937005,0.0037132776,0.46679756,0.019720742,0.03551363
10217,0.09935861,0.19515984,0.05190347,0.025049113,0.8904183,0.06643111,0.018812535,0.3161943,0.18972751,0.06845965,0.008183327,0.016047267,0.011730016,0.06374936,0.064193495,0.01839524,0.0026727456,0.31452885,0.048433524,0.026044644,0.101694204,0.05061906,0.018714784,0.036765978
10221,0.002628257,0.004915851,0.00097223866,0.011456738,0.87361836,0.028198399,0.0010384822,0.8052011,0.023965806,0.034552515,0.011946343,0.0013695309,0.0012463786,0.033625595,0.039698843,0.016057512,9.7169235e-05,0.9221369,0.0011360233,0.0036262586,0.014341248,0.014912478,0.0023429417,0.0027166994
10227,0.024279403,0.014659721,0.001055569,0.0005156256,0.104159854,0.017113125,0.00035280437,0.43532273,0.003004543,0.018959766,0.0015141036,0.0008860142,0.899617,0.0011826588,0.0010513513,0.07392106,3.5908113e-05,0.060912866,0.23001944,0.0043219314,0.00013470718,0.68374616,0.0013926398,0.0017870798
10229,0.0022781237,0.0048290207,0.0022082794,0.053237934,0.30763596,0.08338706,0.4657528,0.5215539,0.0073518683,0.008408965,0.0059798993,0.013706691,0.05455981,0.062178772,0.0029121733,0.025334867,0.00046435668,0.022568777,0.004073477,0.0065404107,0.02224786,0.046233077,0.0021067918,0.015419707
10230,0.024408597,0.041361712,0.022619871,0.026762612,0.9016625,0.060148537,0.023308046,0.21255098,0.06960822,0.039550483,0.009317857,0.007956943,0.064659394,0.07966439,0.090221934,0.04952445,0.003249146,0.29219672,0.04810614,0.042742904,0.031358693,0.081721,0.007725458,0.018489571
10231,0.08081617,0.07506795,0.04531481,0.10845947,0.69527686,0.15761818,0.120742135,0.43903002,0.14852896,0.047027502,0.032513842,0.047995806,0.067257896,0.09869378,0.06662648,0.031326685,0.011521654,0.22946432,0.056882456,0.049581185,0.29164737,0.07910713,0.042770583,0.07240261
10233,0.07099087,0.009280759,0.0007091205,0.006066943,0.821941,0.8173351,0.001412214,0.49802104,0.0071924254,0.0036264807,0.02035294,0.0018223467,0.0035661943,0.0048163603,0.0099324705,0.03808801,0.00024291906,0.34587166,0.00083896203,0.0050329943,0.008251539,0.2848565,0.005999591,0.011844255
10234,0.1075124,0.11244247,0.04031603,0.042203918,0.64529437,0.0919891,0.033088665,0.5239862,0.122212656,0.10840744,0.02668294,0.03289564,0.12376194,0.052547682,0.043332644,0.047057256,0.0057360614,0.19600868,0.073495224,0.036767177,0.08310908,0.16381527,0.028296059,0.083291106
10237,0.43707135,0.55968153,0.11988305,0.017586542,0.19297084,0.056527875,0.036320094,0.15013729,0.14474839,0.12858716,0.015006971,0.04838619,0.54467034,0.016378285,0.026103301,0.1317788,0.005437431,0.10458036,0.7168454,0.04128636,0.0121976305,0.50116634,0.030524,0.109012164
10238,0.00027790637,0.0009301193,0.0003185871,0.028764665,0.8258929,0.004485801,0.0050318963,0.7821293,0.0033227783,0.00501869,0.00079587474,0.001217909,0.0015257624,0.059397683,0.0065280846,0.0032863033,2.128186e-05,0.5058112,0.0017108341,0.0019423512,0.0033905401,0.009627126,0.0008773725,0.00065741123
10241,0.00091158476,0.00035442508,5.998824e-05,0.11002444,0.03629785,0.041966677,0.104524404,0.9674492,2.264137e-05,8.2846884e-05,0.0062539983,0.18635221,4.0294322e-05,0.009278093,0.00025662204,0.002766738,4.7753983e-06,0.035370957,0.00011535609,0.00028637148,0.0023600669,0.10001037,0.5174545,0.007903077
10243,0.62443054,0.649753,0.07674294,0.008797459,0.18793769,0.18592475,0.004719509,0.26358336,0.18531714,0.37312758,0.021730546,0.031079177,0.41109627,0.021536266,0.027680008,0.14663947,0.0033899746,0.08190202,0.16864027,0.03067581,0.01567277,0.5251714,0.040297315,0.09575991
10247,0.07657462,0.024249062,0.004738529,0.020810511,0.44227168,0.71795166,0.032916892,0.5731518,0.014294821,0.010983761,0.069300726,0.016393896,0.032344643,0.008244351,0.0061096824,0.1888462,0.0016887101,0.053120464,0.011205171,0.008759775,0.03457009,0.64795774,0.012192163,0.033335194
10248,0.005220842,0.06333119,0.0044027707,3.698552e-06,0.9997578,0.00559365,1.0498831e-05,0.00036292727,0.22799633,0.0072524985,1.0228034e-06,1.9500167e-06,0.013966318,0.0004678832,0.005213363,0.00048167288,3.4802156e-07,0.009406119,0.002148725,0.00043874534,0.0003532015,0.004250839,1.8046804e-06,9.955937e-05
10252,0.015984332,0.01538177,0.0039124163,0.0069027985,0.87229174,0.16722423,0.0031580178,0.4336797,0.02700766,0.010679391,0.0074146637,0.0019851085,0.019736327,0.013428785,0.014233327,0.01667061,0.00038369742,0.113648646,0.0065275007,0.010666933,0.018693471,0.113077745,0.002586878,0.012388551
10253,0.016730921,0.020220738,0.010845527,0.026833938,0.7663532,0.04544177,0.021774432,0.32101727,0.053646035,0.02637677,0.007567452,0.005403788,0.060519848,0.03809748,0.03314597,0.01910428,0.0013898456,0.26164338,0.02832553,0.023381867,0.043685764,0.059859507,0.0037463852,0.013999945
10256,0.04944597,0.015105764,0.0035832075,0.0055674743,0.45963493,0.30010787,0.0020449376,0.30129462,0.013635167,0.05404493,0.056017824,0.0019067046,0.46240804,0.007208351,0.013646811,0.35486284,0.00058716425,0.27461377,0.031801194,0.012488529,0.004220689,0.7217295,0.004854097,0.009033007
10257,0.52115667,0.5969039,0.16687788,0.005158195,0.55153525,0.059415415,0.0043185204,0.065443404,0.3935504,0.48299745,0.0062876698,0.0135605475,0.1602673,0.015239596,0.058894478,0.080132484,0.0017724175,0.21408567,0.19138078,0.02543546,0.022304153,0.1857324,0.012032052,0.06116552
10261,0.025373053,0.09156427,0.020679802,0.1412716,0.48689508,0.12164258,0.09821545,0.64637923,0.05677096,0.035355847,0.027836537,0.054239843,0.030383546,0.5890428,0.06215352,0.03906407,0.003933974,0.246921,0.019229228,0.041749388,0.05987078,0.08254165,0.028355218,0.05046898
10262,0.25194648,0.004394288,0.00012131992,0.0013737234,0.70054483,0.9432253,0.00041263006,0.42431638,0.0006527317,0.0009074819,0.009347797,0.0004886672,0.013524385,0.00033434265,0.0004847934,0.16995117,5.7519526e-05,0.025051747,0.008382933,0.0019243979,0.0007181913,0.87929106,0.0015546593,0.0022310086
10266,0.033702176,0.09764878,0.028419044,0.031935908,0.5094234,0.201765,0.024119431,0.38269734,0.1300125,0.08780767,0.052961823,0.020703625,0.4343252,0.06604196,0.031355098,0.23701921,0.0039943303,0.16053045,0.12796295,0.047485847,0.018587185,0.4403198,0.010199254,0.025577117
10267,0.031571,0.02292729,0.010683442,0.03606015,0.43958327,0.20473951,0.110120125,0.4931121,0.018511605,0.01731212,0.012722138,0.018648088,0.12687998,0.04586137,0.01164008,0.0594335,0.002340178,0.071283594,0.028854307,0.023607904,0.01610777,0.2578156,0.011212744,0.019930743
10273,0.009412065,0.007685702,0.0009933771,0.0026301078,0.7167609,0.035106827,0.0005094366,0.72190654,0.020678783,0.028381253,0.0017122892,0.0005522238,0.057979822,0.009185327,0.0059146313,0.011783827,5.9156344e-05,0.103178225,0.004506702,0.0032663543,0.010700243,0.16187795,0.00083834754,0.0053828186
10279,0.0042883134,0.0036181647,0.0011333243,0.030320331,0.8118434,0.0062186606,0.06073302,0.4929984,0.0047930107,0.0044591282,0.0005812484,0.0027665165,0.0029001422,0.02813521,0.0038077596,0.0017254015,5.19321e-05,0.24559793,0.0068031442,0.0025657867,0.0089295395,0.008588432,0.0012616268,0.0026515473
10282,0.29789534,0.15400574,0.016830979,0.03595259,0.37233424,0.5785849,0.034328263,0.49125797,0.030826945,0.02598616,0.07275087,0.03960793,0.063291565,0.022436751,0.01850886,0.062390745,0.0054652216,0.09088591,0.023075094,0.02663431,0.05048504,0.42278337,0.039832797,0.22669332
10284,0.070261024,0.052626114,0.002272074,0.00018405307,0.13036624,0.057547376,0.0012441245,0.046326157,0.0068251565,0.028853746,0.0011935857,0.00051858544,0.9689544,0.0010638406,0.00022552341,0.11146267,3.8551138e-05,0.0034972078,0.08182612,0.0025554677,0.0002812197,0.73297143,0.00043702786,0.0022867618
10285,0.23347564,0.28648925,0.031107184,0.06491996,0.22315452,0.031831156,0.033102285,0.7109315,0.04174422,0.018748924,0.00594174,0.25978097,0.0032715579,0.010958538,0.00820202,0.0040314132,0.0005330235,0.09504807,0.02574713,0.0070742504,0.036416553,0.10170629,0.23960185,0.114820644
10286,0.016039979,0.057574082,0.00420056,0.1117633,0.0743869,0.04005364,0.005233507,0.9410991,0.017591033,0.045899853,0.088523254,0.11143584,0.003311253,0.06238121,0.016559768,0.044258207,0.00021779284,0.80681825,0.0011050939,0.0033363674,0.04635013,0.061431676,0.16300525,0.054735374
10288,0.24396074,0.123143844,0.0030693468,0.00021966812,0.06501809,0.0072157294,0.00043953757,0.034611385,0.014149999,0.114314176,0.00013037772,0.0014514372,0.9421149,0.00042396714,0.00017202253,0.0016575544,8.833532e-06,0.003231985,0.2032119,0.0007430157,0.0007982501,0.1176077,0.00080722506,0.008199655
10294,0.028096844,0.08478864,0.04848488,0.11207922,0.7353385,0.039636392,0.041521523,0.5936641,0.24776195,0.15773888,0.021933325,0.042425804,0.014159793,0.13143119,0.13600694,0.023434766,0.00392138,0.69615406,0.02141366,0.040502723,0.16711117,0.02248718,0.045498457,0.023424003
10295,0.27392885,0.01133968,0.0004082507,0.0014226749,0.41669384,0.777316,0.0025808418,0.29106653,0.0015388518,0.0025874884,0.008141595,0.0011954249,0.09297731,0.0012193007,0.00078053516,0.09853656,0.00020559394,0.035261046,0.019415919,0.0018041297,0.00087224616,0.7983853,0.003916559,0.004682302
10297,0.19096845,0.6305655,0.13278584,0.00802953,0.84343785,0.052844584,0.007005308,0.054261334,0.3493557,0.2842231,0.0037483682,0.0128823975,0.078591235,0.029953279,0.07239081,0.04476149,0.0012242886,0.21885283,0.30579814,0.018138662,0.01541792,0.12823066,0.009269077,0.026181307
10303,0.14460786,0.15990491,0.061359774,0.008806969,0.9411201,0.30599988,0.012021376,0.0755345,0.3612375,0.11628869,0.011223566,0.0052393964,0.1624134,0.027252233,0.07372093,0.0613804,0.004313037,0.19970535,0.07461084,0.03896658,0.07765348,0.10184373,0.0052052587,0.023173837
10304,0.0013715756,0.0019660832,0.0007189378,0.0010517847,0.63952243,0.047185097,0.0006339343,0.38875368,0.0097011905,0.02895811,0.0021458184,0.00025753403,0.5527446,0.005943232,0.0035211723,0.10266187,3.619998e-05,0.117238514,0.0028571498,0.0033263143,0.0014057679,0.2719017,0.00022280712,0.00080744276
10309,0.055837944,0.011097559,0.0024166796,0.02017719,0.4835179,0.28849244,0.021474829,0.76592964,0.0065942146,0.00980252,0.029858211,0.016289491,0.042046804,0.014131053,0.0063505196,0.1337768,0.0008953277,0.1765594,0.021763302,0.011760396,0.01018994,0.5717828,0.02472942,0.012985388
10312,0.17427917,0.33378306,0.021202542,0.0034701678,0.1461991,0.014031649,0.0102231875,0.12945767,0.030333508,0.061970867,0.0019307459,0.034055334,0.4109027,0.0033558013,0.0016579846,0.067933664,0.0002711864,0.0107358415,0.36272144,0.0073306826,0.0011787364,0.5014325,0.04519129,0.012415182
10314,0.0032524555,0.015898185,0.007318163,0.011271186,0.832578,0.029435838,0.005413782,0.40476432,0.09844693,0.050782673,0.009058105,0.0024948986,0.04365162,0.03562656,0.031532902,0.051954664,0.00019694076,0.6244878,0.0059341993,0.010436456,0.010665168,0.06751045,0.0016170754,0.0032855535
10317,0.10425515,0.088258706,0.027564785,0.038361497,0.50199604,0.2621314,0.043362003,0.39690837,0.054008108,0.065469176,0.036914118,0.027374899,0.078193165,0.02090422,0.015030701,0.12100199,0.004219635,0.08912293,0.067795165,0.03478909,0.04202822,0.32760635,0.02131838,0.05231085
10320,0.055750992,0.004910881,0.0015643613,0.018799657,0.26446325,0.73203367,0.0071731787,0.5429307,0.0043864762,0.020196693,0.15665238,0.0036041217,0.2766536,0.014308891,0.0049655642,0.26509807,0.0009827558,0.11340697,0.0116002215,0.01296939,0.01724293,0.61058354,0.0040642987,0.011639361
10325,0.1823344,0.061815545,0.0069074184,0.09633927,0.025593517,0.29642043,0.07887011,0.86870986,0.0075758467,0.01920451,0.060341295,0.14508365,0.030937808,0.014469058,0.0031631226,0.02262289,0.00085364404,0.0631222,0.005911742,0.007601858,0.036843203,0.26535174,0.08274484,0.15673044
10330,0.1735376,0.2825899,0.0737735,0.0005910621,0.93738186,0.033200055,0.00022178995,0.04245907,0.49365517,0.37218693,0.0022822653,0.0014843295,0.09095723,0.004869587,0.03907189,0.024143709,0.00021167756,0.18454508,0.09851242,0.007109907,0.074302986,0.09674101,0.0011547854,0.012649027
10332,0.00651651,0.021589912,0.00035453727,0.007272693,0.8042356,0.047052205,0.0005662045,0.8242767,0.0061902613,0.008164516,0.0057447236,0.0039663124,0.00030778858,0.015248092,0.004111858,0.0028274418,1.6853564e-05,0.56559145,0.00029549527,0.0010167883,0.014477928,0.020133464,0.010097792,0.024652636
10333,0.023943478,0.0073124776,0.0016437989,0.0057258266,0.5189189,0.14574224,0.0058585643,0.5384763,0.0050036074,0.013780134,0.0064846557,0.0028519065,0.2479132,0.009188052,0.0036806415,0.1587834,0.0002990966,0.11618988,0.04395103,0.006696107,0.0015567563,0.5040365,0.0036248788,0.004520056
10335,0.038967565,0.03007526,0.009124852,0.044405498,0.57575345,0.06645607,0.022648621,0.5742208,0.024049183,0.04618136,0.022046367,0.01729484,0.094224535,0.05567002,0.032578833,0.072124876,0.0017185655,0.42991227,0.038385205,0.02327656,0.013986131,0.30146354,0.014585053,0.024850553
10339,0.0010616052,0.004947749,0.00089893315,0.0050936844,0.9696725,0.11148672,0.0011520972,0.64324033,0.11124656,0.01583691,0.0022109812,0.00033643638,0.002320611,0.0378616,0.004779192,0.0033520747,5.426773e-05,0.08483472,0.00042902297,0.002816826,0.06458126,0.0054154512,0.00056057924,0.0011926946
10340,0.042884313,0.033155534,0.011696416,0.04124065,0.7815072,0.12618168,0.011579553,0.38562298,0.049557906,0.07259742,0.018229375,0.013774139,0.039688352,0.03562666,0.0565977,0.030607939,0.0013682259,0.53352404,0.026784629,0.026201043,0.03515673,0.10954958,0.011512398,0.049127243
10342,0.037499387,0.012801735,0.004699188,0.026145834,0.5542928,0.2810756,0.012738889,0.48542994,0.03024688,0.013219462,0.026177548,0.016073272,0.020501455,0.019282138,0.010254981,0.020791966,0.000962302,0.09753067,0.0046912977,0.015277146,0.09623757,0.14000413,0.0075714593,0.072876595
10344,0.31328422,0.67783594,0.04832386,0.0004479047,0.79377353,0.016433619,0.0005403467,0.030501068,0.4753552,0.03753148,0.00023907382,0.0027021512,0.04127201,0.0023611719,0.00856249,0.00036783286,3.4853296e-05,0.058154207,0.07687771,0.0008994022,0.014608069,0.021330053,0.00037527888,0.07483239
10348,0.028142605,0.060439482,0.002431438,0.008523056,0.9162468,0.07154211,0.0006830856,0.5668324,0.030085688,0.01885646,0.0044367444,0.0022500264,0.002185551,0.011923795,0.01886402,0.0067423214,0.00010336554,0.58245325,0.008929912,0.0024256732,0.019957816,0.04795139,0.0052747377,0.005325319
10350,0.253029,0.01508775,0.00056960346,0.010608288,0.769066,0.92965394,0.0037641604,0.61663926,0.0037337528,0.0016849865,0.029973159,0.0038055754,0.0040352405,0.0064647477,0.0026736255,0.022419406,0.00037164753,0.089159735,0.0015642724,0.004167271,0.010295204,0.30602825,0.010546548,0.017358087
10352,0.16475403,0.023243237,0.0020592022,0.0061242296,0.4638779,0.47414684,0.00058352173,0.34744146,0.0075650564,0.015248966,0.03492318,0.0031201004,0.03006741,0.0017433969,0.0059727523,0.17700501,0.00042549538,0.23009634,0.017588668,0.010449593,0.0040570134,0.6338619,0.0056389295,0.01682994
10355,0.00032837197,0.00074650906,0.0002245692,0.0019207351,0.9546767,0.0831024,0.001004457,0.69884294,0.011533227,0.00093794765,0.0008653008,0.0002003362,0.0047289347,0.009761953,0.0019597204,0.0027565144,1.0003777e-05,0.080744825,0.00016569624,0.0011621624,0.011348766,0.017637108,0.00030605777,0.0008689918
10357,0.50942653,0.09093089,0.005438579,0.013754153,0.5459862,0.9298081,0.010096391,0.39731586,0.023590067,0.012974116,0.059655897,0.013073232,0.05690598,0.006025655,0.008561293,0.13896812,0.0036706724,0.120676555,0.047505856,0.01304255,0.025213353,0.6646856,0.021687219,0.05056076
10361,0.013602448,0.050780855,0.014058663,0.011610522,0.8906103,0.020477086,0.0023878294,0.3316152,0.14235786,0.17656945,0.0104288105,0.0030570203,0.011682699,0.09923935,0.1333249,0.024777947,0.0003516828,0.8901252,0.0075637745,0.016530108,0.017034477,0.018615875,0.0052843867,0.0050645717
10362,0.023498092,0.028098315,0.029667096,0.11307459,0.29938704,0.02706854,0.8464279,0.12766613,0.017237,0.023724398,0.0045562326,0.039819274,0.083580956,0.12934734,0.014551572,0.020375216,0.002258582,0.061577607,0.093339436,0.015970929,0.01332497,0.06854432,0.010198701,0.020145463
10370,0.042405296,0.043012436,0.008803029,0.018074235,0.6811334,0.18826121,0.005713254,0.66047055,0.03633785,0.034633808,0.034808446,0.007838705,0.044712756,0.026552483,0.019010698,0.05896413,0.0014760105,0.18951061,0.017569588,0.01805747,0.040821966,0.209304,0.015145892,0.037415538
10376,0.0007813444,0.0021094265,0.0005155703,0.015630659,0.71150684,0.018410364,0.0010917172,0.9036065,0.006915935,0.008703868,0.0069960686,0.0013639644,0.0008978816,0.03254069,0.019739501,0.003805315,3.787245e-05,0.9090046,0.0005489889,0.0020602292,0.010186236,0.010879356,0.0043130917,0.002842046
10379,0.047285076,0.014991895,0.007036686,0.0003455329,0.9878019,0.1015594,0.0006562744,0.010232905,0.13703011,0.028636271,0.00034722596,0.00018570731,0.2621672,0.003229149,0.006993032,0.02407904,9.737469e-05,0.0375756,0.07828452,0.006316944,0.0046957345,0.07661592,4.8286205e-05,0.0010626146
10380,0.019688904,0.041164253,0.03817484,0.034438,0.6996809,0.06377626,0.061668456,0.3550678,0.10668667,0.0811526,0.014240362,0.012660913,0.115461335,0.11892242,0.087511756,0.06620695,0.003436235,0.2869157,0.054703508,0.05062966,0.033568483,0.11470894,0.018327098,0.019230286
10381,0.6838473,0.31808195,0.007724098,0.06808109,0.04521538,0.050069522,0.004388814,0.9377629,0.0041334378,0.009750426,0.012113589,0.3260734,0.0026237,0.0036341026,0.003705772,0.008986634,0.00020939595,0.1455992,0.02845736,0.003441247,0.012192898,0.45799658,0.91880876,0.069575965
10382,0.0069423416,0.0030869758,0.0010066206,0.012334614,0.8838593,0.08364382,0.0050881393,0.69161725,0.009072558,0.011470674,0.006249533,0.0032522718,0.022016412,0.018001202,0.007711664,0.013609,0.00028803604,0.27560422,0.0078002885,0.0101970555,0.03422744,0.085772984,0.0056897774,0.010972242
10385,0.40583885,0.822414,0.4032068,0.034023866,0.3772023,0.059638623,0.021225212,0.269557,0.58259773,0.2638637,0.011696515,0.0910269,0.08754103,0.053860366,0.09232676,0.020256264,0.0037739757,0.18121152,0.1277679,0.028646413,0.04955413,0.09710155,0.05528396,0.19161859
10388,0.05797522,0.04624372,0.015693098,0.2757853,0.18282442,0.19015394,0.12760492,0.86439556,0.01854648,0.03353894,0.10352913,0.15112437,0.027469685,0.112139836,0.036667325,0.059283454,0.007314395,0.30152714,0.021087388,0.030804338,0.10278299,0.20716394,0.14783673,0.12152458
10394,0.0374451,0.016973896,0.0012622735,0.02495641,0.3960684,0.4726416,0.0020142153,0.83148557,0.0062689963,0.039777376,0.1112416,0.0055657215,0.026316179,0.0186864,0.012529607,0.14292412,0.00054849434,0.6557951,0.005465356,0.007059866,0.0051022987,0.44245508,0.025689997,0.019997615
10405,0.10231276,0.60645014,0.16455486,0.014466923,0.5833764,0.0020652863,0.024277858,0.30108625,0.3854374,0.12814659,0.0003722585,0.026722295,0.0032755842,0.027578844,0.041895892,0.0015745979,0.00020903588,0.108883776,0.094526984,0.0038403033,0.020132253,0.010229873,0.015537083,0.04211685
10406,0.19420886,0.044209745,0.009376827,0.047965635,0.52734494,0.79252964,0.030431747,0.4501589,0.028413193,0.047358934,0.14288221,0.020291701,0.2026341,0.025713447,0.019259209,0.29774186,0.010017416,0.14719051,0.05450103,0.042051524,0.033317532,0.6789627,0.027204443,0.05997118
10407,0.025391992,0.049784776,0.00980005,0.013572889,0.5276003,0.10870395,0.003339656,0.60620445,0.03853055,0.08045473,0.028583135,0.011604624,0.17105798,0.039411176,0.023738405,0.19097066,0.001280156,0.25404644,0.04224999,0.026062721,0.016010776,0.3617892,0.012669595,0.020630445
10410,0.051671147,0.079097055,0.035155106,0.18934838,0.26485804,0.11900771,0.5309819,0.5987489,0.03942468,0.03508165,0.032400247,0.15780659,0.047412142,0.13849093,0.039535597,0.05589173,0.008094174,0.16429614,0.069033414,0.039151136,0.053925794,0.15072075,0.07179664,0.065244175
10412,0.0046576713,0.007109237,0.0034289274,0.0050790156,0.6966573,0.050987057,0.0051510446,0.3377471,0.050716057,0.088441595,0.0064032176,0.0012523379,0.3629003,0.03561717,0.009981606,0.12852743,0.00024933735,0.07217298,0.0052040634,0.009397844,0.008964476,0.23807368,0.0017950354,0.0051086475
10414,0.052659065,0.050271723,0.029623726,0.090363875,0.3435116,0.06881533,0.027647354,0.5767423,0.06439124,0.12664065,0.07407518,0.056582343,0.2026177,0.116739616,0.089909986,0.1109197,0.00574095,0.50611174,0.035221558,0.038342454,0.046451207,0.21859634,0.041903123,0.064929366
10415,0.48973048,0.028762732,0.0009256905,0.003423849,0.3353992,0.97663575,0.0036080435,0.4574585,0.0030115403,0.0012604462,0.022014722,0.0030767166,0.009614023,0.0006052667,0.0010538688,0.04182733,0.00020326315,0.009625557,0.0028842734,0.0013416347,0.006330667,0.86139,0.0064203227,0.026039876
10416,0.21107104,0.13298392,0.03273319,0.22443631,0.08589173,0.068438634,0.13572367,0.80409575,0.022154506,0.029589683,0.03052455,0.2538583,0.016713815,0.04375404,0.02351093,0.016348084,0.0029274723,0.19879128,0.034488335,0.018304355,0.06566185,0.16762993,0.45260534,0.12791413
10417,0.09178742,0.20428242,0.05311176,0.031162167,0.35904235,0.06356368,0.07727241,0.1978358,0.11436119,0.093738414,0.005630519,0.025628464,0.31935266,0.048441306,0.01931367,0.035915915,0.0020005542,0.04174803,0.06736323,0.025058052,0.013219026,0.17151105,0.016394049,0.035614647
10421,0.06298084,0.06815498,0.023654787,0.0259676,0.9128148,0.38962275,0.012562014,0.17486094,0.09481597,0.040146146,0.028911985,0.01179101,0.018304981,0.05046896,0.1661945,0.0894257,0.0035137713,0.5980988,0.018566374,0.042112216,0.025829624,0.17569835,0.016989106,0.030595992
10429,0.027330048,0.022785537,0.0031826815,0.0066478318,0.8328819,0.05462105,0.0046142037,0.63807184,0.020602081,0.008423959,0.0033482774,0.0044209273,0.013378855,0.007667899,0.008420403,0.006405159,0.00025388564,0.13262723,0.012523666,0.00616301,0.017117191,0.07635675,0.005861195,0.011606205
10439,0.0049180263,0.005631838,0.0008843902,0.0005721121,0.9966193,0.025625737,0.0001951889,0.20305575,0.10039294,0.034618318,0.00037443155,6.441536e-05,0.003539123,0.006784621,0.0106179025,0.004479753,1.701363e-05,0.45066902,0.0013334582,0.0016151959,0.014848282,0.0074674757,0.00013720212,0.0005412772
10440,0.0013993578,0.002605057,0.0006567071,0.028212775,0.12857515,0.068495885,0.010028321,0.9378519,0.0040915543,0.007771515,0.0173351,0.0069861016,0.015663326,0.035064958,0.0050558937,0.03566077,8.255556e-05,0.26475677,0.0009142726,0.0033558158,0.0031811271,0.1415422,0.0058321096,0.013258756
10444,0.0070962096,0.0068783355,0.0001905461,3.3293127e-05,0.9992382,0.59708637,6.194094e-05,0.00482815,0.014257614,0.004534947,0.00024249003,9.912561e-06,0.07372564,0.0012798237,0.001565174,0.022687994,6.401889e-06,0.020232137,0.0024669901,0.00083929073,0.00029036507,0.09923053,1.079188e-05,0.00016556484
10447,0.10039432,0.11557191,0.004253302,0.075163215,0.35537398,0.09448367,0.008663453,0.68748295,0.01080226,0.016028145,0.00854204,0.11624182,0.0010468308,0.029455066,0.036480755,0.0064964322,0.00026612598,0.6633713,0.002867186,0.0039488766,0.00848864,0.06962714,0.112410404,0.04678966
10449,0.13720867,0.008217271,0.0007206757,0.011537125,0.24074529,0.94442374,0.007710828,0.6993925,0.00261075,0.0031899572,0.0806737,0.0060606096,0.09333013,0.0026177934,0.0011611107,0.2332039,0.0010650889,0.03370887,0.0075126006,0.0062471884,0.011164936,0.7928658,0.005889581,0.010190954
10450,0.19046302,0.2674856,0.092693344,0.03379633,0.44727096,0.08915682,0.05780516,0.28249526,0.13727461,0.12280525,0.013769885,0.040344916,0.13863058,0.035754602,0.02409353,0.07222483,0.0048867436,0.07398716,0.16808096,0.03873325,0.026580121,0.19645993,0.03637064,0.0621588
10454,0.034357306,0.04633119,0.0062629306,0.031030402,0.5962992,0.062217675,0.05008344,0.5418964,0.016131734,0.008454828,0.006157239,0.030984268,0.012597351,0.046381168,0.016919559,0.01210412,0.00078397343,0.15982386,0.014586039,0.010047236,0.017270595,0.1157172,0.035351522,0.0548714
10455,0.25882983,0.14528641,0.021064395,0.038708013,0.41279033,0.10681423,0.03220241,0.49982423,0.045882095,0.061726622,0.011036087,0.042262472,0.060481086,0.039320346,0.03252005,0.022476288,0.0027559376,0.14589475,0.05332457,0.02330735,0.029203251,0.16455303,0.07363303,0.071032815
10457,0.008955364,0.15281409,0.041616153,0.0041969614,0.760833,0.005766441,0.0015155071,0.38996592,0.58722615,0.18905322,0.0012235711,0.0106269885,0.0054026474,0.0141890915,0.020264063,0.0063710185,6.341742e-05,0.29263905,0.0031920823,0.0028173833,0.020590173,0.013878767,0.008392032,0.009734344
10459,0.0002524338,0.004936144,0.00040723325,0.07203194,0.065506995,0.00030305603,0.0106512355,0.9849084,0.0025133148,0.011870111,0.00093336625,0.015236898,0.0008658476,0.060860053,0.00219904,0.0012261713,4.5383294e-06,0.67762756,0.0033758245,0.00043774644,0.0033758595,0.0038910136,0.0066571403,0.0011708104
10460,0.035123263,0.025936693,0.012641496,0.078134865,0.1794348,0.042244915,0.05286108,0.76529384,0.021728594,0.03511504,0.035180606,0.040887237,0.06789871,0.06826951,0.02717941,0.056671835,0.0013301504,0.60597366,0.033508383,0.019618502,0.019008014,0.17939873,0.07594708,0.027126636
10466,0.01861504,0.02645997,0.011006166,0.052242674,0.6087674,0.28020167,0.014443366,0.6954737,0.090251334,0.049836334,0.05658818,0.015866492,0.11984254,0.082457155,0.039646823,0.09071275,0.003825265,0.40105632,0.010583219,0.03297907,0.049328595,0.18353905,0.009299265,0.036974445
10470,0.0032211945,0.004529429,0.004988446,0.0076660016,0.88087463,0.031335745,0.0056698523,0.5675492,0.053962257,0.04501639,0.002367127,0.0015018409,0.022361938,0.014411701,0.005840933,0.013992267,0.00022812202,0.107458055,0.0069995746,0.009622503,0.03831456,0.04161361,0.0023462677,0.0033673868
10475,0.17964315,0.10111186,0.059619986,0.021988964,0.3904346,0.10912508,0.047396455,0.13410932,0.088409655,0.2622173,0.01948764,0.01701161,0.7802683,0.054732084,0.024319863,0.13427915,0.0069606896,0.06539215,0.2742849,0.059491746,0.027772443,0.34027016,0.013314336,0.03793932
10483,0.0059485203,0.015002362,0.005570918,0.0025763384,0.9776139,0.03630134,0.003010807,0.12993237,0.10415943,0.02187671,0.0017969024,0.0008508413,0.07994607,0.014073825,0.019124892,0.015836166,0.00023301653,0.17160812,0.015532627,0.010400097,0.025951568,0.03665223,0.0008260505,0.0029309974
10484,0.23042446,0.35440305,0.051990233,0.054529812,0.0906948,0.034677926,0.06888719,0.45210296,0.03638736,0.061229344,0.0061358586,0.19954641,0.16416214,0.0147402575,0.012520401,0.013719209,0.001064166,0.052060787,0.17380205,0.0126248775,0.011617988,0.20837392,0.14975703,0.097128846
10485,0.034437038,0.0037575623,4.9605045e-05,0.00605832,0.13194382,0.81741655,0.0004802984,0.97456014,0.00020265608,0.00028627896,0.012442732,0.0028140657,0.0013374578,0.0006295099,0.00022342188,0.004982823,1.4214376e-05,0.07592903,0.00030165998,0.000265601,0.001446036,0.4662017,0.0034431163,0.0087405685
10486,0.09603312,0.21196386,0.12131876,0.041890685,0.5661098,0.13017808,0.07559313,0.39949796,0.2173887,0.21577469,0.038605075,0.050544262,0.23512448,0.09155756,0.050902974,0.1300194,0.011636455,0.12201347,0.11707228,0.06400736,0.08530562,0.24300845,0.030420005,0.092935
10492,0.014924082,0.01868784,0.0027417252,0.020661818,0.82770085,0.15871155,0.004966768,0.7694355,0.021355944,0.030109804,0.017646438,0.0039890977,0.006792373,0.0349232,0.009894537,0.024143597,0.00033925215,0.0907369,0.002170817,0.010158976,0.035494197,0.06695613,0.0039181774,0.010422331
10493,0.12037935,0.78159475,0.047259945,0.0037664159,0.05940653,0.045238964,0.0017514335,0.5513797,0.15159117,0.06315309,0.0020067606,0.016990373,0.05389439,0.0036447244,0.0072071226,0.005805391,8.688645e-05,0.052783225,0.010804431,0.002946764,0.00276413,0.13251035,0.007907639,0.11990492
10494,0.17271551,0.16217084,0.040869243,0.0285448,0.16417289,0.086367,0.017332502,0.55930877,0.07046974,0.1279269,0.048122786,0.04398763,0.4020079,0.014456124,0.01959428,0.19772016,0.003806944,0.26137388,0.26077482,0.028589413,0.020755367,0.5389343,0.03819754,0.05132834
10495,0.022565994,0.10831743,0.059114262,0.07889614,0.5092201,0.03718588,0.05820107,0.51428235,0.11332571,0.096412174,0.0191843,0.12371191,0.029761892,0.18217848,0.165482,0.033859223,0.0034229103,0.49353832,0.0143544935,0.025518859,0.056181222,0.05789083,0.19426736,0.06831591
10496,0.025571907,0.0041154814,0.00077722233,0.007369958,0.14287701,0.8016388,0.0077940067,0.71559155,0.001406258,0.0031245498,0.11295574,0.00442085,0.11465055,0.0030051058,0.0012854814,0.13374497,0.00017976266,0.042662937,0.0030761447,0.0027500794,0.0062100794,0.745677,0.0021941084,0.01363999
10497,0.028517758,0.0068294117,0.00084397616,0.010307168,0.9408022,0.32618856,0.0035063946,0.37426302,0.006096644,0.0026973034,0.0057443455,0.0024041792,0.0022627432,0.0091296295,0.010644961,0.010262755,0.00024748239,0.5126285,0.00368817,0.004889652,0.0082870545,0.057049,0.005176098,0.004814475
10500,0.4213601,0.4560517,0.048853066,0.00025874173,0.863692,0.009433865,0.00085274986,0.023733895,0.21401012,0.111151315,0.00021482198,0.0016739259,0.14806996,0.0009829393,0.015369297,0.015898304,8.3425606e-05,0.050209176,0.8601996,0.0025866136,0.0033161414,0.15369578,0.0012193915,0.006605904
10501,0.00066830264,0.0041022017,0.0012934845,0.03358154,0.7324717,0.014638693,0.012144624,0.7416568,0.012983144,0.009447782,0.003450528,0.0036405518,0.0018681119,0.29336149,0.045919202,0.0045893868,8.0326034e-05,0.60515845,0.00033525203,0.003228779,0.016407734,0.014022917,0.0031769897,0.0037930014
10507,0.004402371,0.034081545,0.005675748,0.012612175,0.59618366,0.011724744,0.050494753,0.58444,0.040538598,0.008886973,0.00054277567,0.0046646087,0.024637002,0.08225605,0.006037416,0.0013764892,0.00014019896,0.050897747,0.0031078232,0.003033692,0.01996025,0.011241201,0.004781084,0.0090893
10508,0.0086449385,0.035848815,0.004199419,0.027226742,0.3527523,0.018161062,0.005905431,0.7031595,0.019041354,0.029087726,0.009053792,0.0120134,0.026525727,0.023718117,0.01802448,0.01906357,0.00025726852,0.5209882,0.010114974,0.005947369,0.011486673,0.084324256,0.014799717,0.01582881
10510,0.9397261,0.024650043,0.00010679413,0.0011494877,0.11102929,0.9578342,0.00020022296,0.76440483,0.0002259011,0.00020706569,0.012376631,0.0023154367,0.0020601086,6.340744e-05,8.3653766e-05,0.017133156,3.163766e-05,0.0073654177,0.001551101,0.0004509926,0.0016335982,0.9631226,0.020842295,0.018477652
10514,0.048173197,0.057406716,0.057353858,0.08184838,0.78421116,0.069647655,0.11778076,0.3480309,0.21120507,0.095364675,0.01539489,0.03694159,0.036019918,0.07266203,0.06676719,0.03069859,0.005832616,0.25640196,0.038961787,0.043872938,0.104015864,0.051652074,0.02954432,0.04533085
10518,0.003457556,0.012099588,0.002396774,0.005663581,0.96485966,0.0100489445,0.0014962886,0.38058415,0.051018238,0.031997256,0.0010318849,0.0007646625,0.006314362,0.016303983,0.03387147,0.0068452912,6.7364126e-05,0.7845729,0.0050854026,0.0030176097,0.012161037,0.014751527,0.0013613157,0.0017301998
10520,0.039115,0.075564474,0.0076655447,0.014628092,0.8722357,0.23134075,0.006842685,0.32083338,0.06301112,0.0088836895,0.003976232,0.010201782,0.001550142,0.023551732,0.02903042,0.0038626387,0.00022090944,0.40066305,0.0018158496,0.0043197363,0.014603416,0.017524386,0.011358304,0.03162231
10525,2.8158602e-06,6.8930414e-05,4.5205892e-05,0.010976373,0.88211435,0.0008674853,0.0042693727,0.9436126,0.0029189752,0.0013835337,0.00049706374,0.00023480428,2.6511441e-05,0.27069315,0.0016503768,0.0002698913,9.560274e-07,0.6213918,5.4727934e-06,0.0003177753,0.017228803,0.00024239895,0.00012705478,0.0001254956
10528,0.013675223,0.021075543,0.008435458,0.18231045,0.37220058,0.026109427,0.14672981,0.70069134,0.012616505,0.014326818,0.008018209,0.0978821,0.005598517,0.09249871,0.027798172,0.0030774802,0.0006234472,0.2588695,0.0071656005,0.0063686376,0.042253576,0.022371754,0.06637822,0.042788707
10529,0.15415893,0.6094861,0.14344215,0.009211624,0.6609892,0.046843734,0.022745024,0.21962056,0.39639997,0.081032045,0.0024504168,0.022137808,0.07019803,0.022541251,0.03469882,0.014240855,0.0011861201,0.083870664,0.14244722,0.012054824,0.014694581,0.06965177,0.022874335,0.039807256
10531,3.4706893e-05,1.5280328e-05,1.7295579e-06,0.00038193568,0.94694674,0.0292377,1.5408074e-05,0.93618697,8.028973e-05,0.00023198947,0.0011806142,8.106521e-06,0.00023751908,0.001073333,0.0006001095,0.006056147,2.6753042e-07,0.8278746,1.9533169e-05,8.570723e-05,0.000118435426,0.022540634,2.1224623e-05,3.7036858e-05
10532,0.28422585,0.07307099,0.0017292282,0.0139606185,0.3948076,0.8005551,0.0034803783,0.7653817,0.008688766,0.003998732,0.07481703,0.009317836,0.009045659,0.0034100923,0.0025493675,0.046427634,0.00057749636,0.080588154,0.0095719,0.0038946618,0.018453902,0.54963213,0.033662252,0.06399927
10534,0.016280469,0.012167116,0.004424144,0.04854954,0.61142665,0.07330983,0.01761092,0.6996214,0.01498404,0.007867966,0.009914002,0.013174948,0.0036365204,0.033834532,0.02324904,0.008536925,0.000515983,0.5132865,0.0029868763,0.007947079,0.03956419,0.040588513,0.020694165,0.019443434
10535,0.26350042,0.4383834,0.066714175,0.0196903,0.35870397,0.24573179,0.02778424,0.37994453,0.16855599,0.07260621,0.024958627,0.061345384,0.20274967,0.033447824,0.03445272,0.025465684,0.0037024026,0.06414153,0.061328277,0.024772288,0.06883119,0.25537834,0.053696297,0.24616888
10536,0.00054003805,0.0002872123,3.0980722e-05,0.009848824,0.7941322,0.09920723,0.00010934851,0.9463572,0.0019679947,0.0034362858,0.021385012,0.0003323894,6.9719485e-05,0.00731479,0.002846244,0.0063038175,9.189947e-06,0.86272144,2.4816305e-05,0.00025616857,0.03059472,0.02238445,0.0019050038,0.0011257731
10539,0.005499994,0.023219194,0.01012213,0.035861284,0.7506472,0.037104663,0.047275048,0.55789846,0.080463,0.054924,0.013145886,0.010913099,0.05583611,0.1846812,0.04163332,0.027118854,0.0010332036,0.537057,0.008648244,0.02237107,0.028589342,0.029173147,0.013855181,0.011149822
10543,0.25412872,0.15079315,0.01654762,0.1147788,0.23548563,0.048841525,0.02201363,0.7666278,0.019272057,0.027211938,0.020274162,0.20483425,0.008850383,0.02714194,0.038733475,0.012306273,0.0015736775,0.5863516,0.033339787,0.011767697,0.024603702,0.15318324,0.6859022,0.077217735
10544,0.006236857,0.014454122,0.006306862,0.22136159,0.10588834,0.010864337,0.49852452,0.82720596,0.0059892233,0.013086694,0.005413194,0.19346976,0.008222359,0.24389765,0.016661633,0.005497329,0.0004576181,0.18745048,0.006505921,0.0044592535,0.029541967,0.025797172,0.10134629,0.025195558
10552,0.029381914,0.027063774,0.012821938,0.1138539,0.39783388,0.03915922,0.081427805,0.79678714,0.059675645,0.07812396,0.017458957,0.036588095,0.026891038,0.12916452,0.034403566,0.023156822,0.0023738397,0.3170932,0.026039578,0.02016693,0.14586309,0.046792474,0.020980854,0.023175856
10554,0.012790379,0.008729541,0.00062786724,0.0045577707,0.9626272,0.13971233,0.0009007749,0.78452027,0.008619474,0.005914424,0.0014468412,0.0016401759,0.0021037522,0.0023452255,0.0030927162,0.0072211525,5.3185886e-05,0.19667464,0.006470849,0.0021308854,0.007113139,0.06968362,0.001883904,0.0021227933
10555,0.0013560951,0.0024310078,0.00015732208,0.0023467487,0.9345393,0.21672174,0.00792907,0.20976663,0.0055553066,0.0015515132,0.0014165835,0.00023178916,0.028380834,0.0020012143,0.0008286928,0.038147382,3.9063394e-05,0.029571736,0.0017375238,0.001158078,0.0039829984,0.19464684,0.00011098233,0.00092539634
10566,0.001416013,0.10640093,0.004734998,0.0037519617,0.8370973,0.006490384,0.001549734,0.8566512,0.13106278,0.011159547,0.0015831385,0.0016654052,0.0004955648,0.015575274,0.007529529,0.010392129,4.469676e-05,0.20786387,0.0023750926,0.0021589312,0.02930428,0.013095484,0.0038997668,0.0037023653
10567,0.21407038,0.04751439,0.001215847,0.000382156,0.61661637,0.35080537,0.0006479922,0.039000228,0.006633164,0.010211377,0.004412351,0.00053569674,0.7366576,0.0010282967,0.0014438462,0.114308506,0.0001568513,0.04271593,0.046382803,0.0035476475,0.0005297329,0.76145613,0.0009930434,0.011220872
10571,0.5525687,0.26486942,0.037083775,0.018219536,0.2879827,0.12639685,0.0076140077,0.27392238,0.0415753,0.043644935,0.008070381,0.029060857,0.0516743,0.008005444,0.018278483,0.02514235,0.0012438128,0.15055917,0.1959466,0.012263909,0.013294676,0.29207218,0.039895408,0.050823364
10578,0.004776446,0.04481012,0.0021790648,0.0015518937,0.9556216,0.011349065,0.0003824572,0.4669038,0.077022076,0.0352363,0.000672458,0.0006808255,0.008859803,0.010452926,0.00880774,0.00204248,2.2604047e-05,0.1852176,0.0019714416,0.0015439822,0.021219121,0.01466856,0.0006723048,0.003748557
10583,0.67586166,0.0097970925,0.00014644301,0.002437616,0.277524,0.97990954,0.0005689757,0.7720981,0.001247176,0.0020874664,0.029010462,0.0022631728,0.0038887153,0.00010644439,0.00019125159,0.02276999,5.941845e-05,0.022460647,0.000954062,0.00081467745,0.0055499854,0.66240054,0.0025063525,0.01976776
10584,0.01880439,0.006388711,0.0008868326,0.07826401,0.12074913,0.101274915,0.091129504,0.917978,0.0018361134,0.0016085483,0.005751774,0.032670327,0.0029520432,0.023053052,0.00170496,0.0035822578,7.3474934e-05,0.12906493,0.0023148758,0.001495276,0.007876412,0.04045166,0.014532185,0.0075705
10586,5.502569e-05,0.00018629362,1.1218203e-06,2.4371931e-05,0.5132582,0.2284143,1.2563887e-06,0.8762306,3.3876113e-05,1.1914474e-05,0.0003451102,2.2163815e-06,0.003603639,3.0105652e-05,7.3772208e-06,0.008546099,1.261228e-08,0.0012111479,5.9699305e-05,9.529711e-06,8.5822585e-06,0.7046281,8.653867e-06,1.6370679e-05
10587,0.03020687,0.045335304,0.008286803,0.0006539776,0.8713701,0.008922541,0.0021587382,0.08719918,0.050734326,0.012848413,0.00031878334,0.00038666194,0.31802514,0.0018287714,0.0029620868,0.01632142,8.707126e-05,0.043912396,0.24712531,0.0033058892,0.003953178,0.06133166,0.0006275071,0.0029523086
10588,0.018428681,0.022970522,0.012235372,0.0073973187,0.94219834,0.057110816,0.004642408,0.33884192,0.1539547,0.030945936,0.0048278654,0.0026452271,0.036430214,0.0308633,0.023052158,0.01461085,0.0008569913,0.17614324,0.029887494,0.012308517,0.101439394,0.05307758,0.004092634,0.009585791
10592,0.024674606,0.0012631671,4.0631687e-05,0.0011862381,0.8250332,0.7845364,0.0002108579,0.60141397,0.0006637303,0.0013714788,0.013429605,0.00023248125,0.014065809,0.001577754,0.0008122988,0.030593751,3.4269375e-05,0.06838101,0.00060380634,0.0012873983,0.0026894815,0.41946357,0.0005016465,0.0047248295
10594,0.5483221,0.06439644,0.0017898072,0.0045552724,0.36572072,0.78678995,0.0010319989,0.08605826,0.0032961608,0.008880407,0.029355671,0.0043171095,0.12727712,0.0012746966,0.004551723,0.39391655,0.00066750054,0.11954457,0.10571734,0.006075953,0.001219054,0.9203439,0.021072797,0.016275696
10595,0.0014835319,0.001413499,0.00023462165,0.008985382,0.48974946,0.4672723,0.00021680765,0.87243634,0.00326369,0.0041646184,0.10383927,0.00087613316,0.0050422014,0.013774102,0.0056519946,0.11334425,6.104121e-05,0.7275647,0.00028035152,0.0029999788,0.0041756774,0.18004623,0.00086441176,0.0022576707
10596,0.96397203,0.11329574,0.00033558923,0.00012726917,0.22054331,0.6605636,9.105142e-05,0.06409705,0.000913327,0.0018854837,0.0017594502,0.00037379636,0.048060246,5.168576e-05,0.00012019905,0.04790555,2.7216924e-05,0.0036516315,0.069292225,0.0004234203,0.00015025961,0.94806695,0.0011761502,0.008239802
10599,0.18511468,0.37309602,0.005345768,0.041842304,0.06347723,0.13037561,0.0084688105,0.87709963,0.0066783093,0.002319954,0.010881681,0.19498669,0.00028358065,0.0025510823,0.0029466725,0.003227173,7.862796e-05,0.19111952,0.0014661283,0.0010994608,0.013836685,0.1823809,0.32249346,0.52274317
10602,0.02137423,0.11720597,0.1310799,0.004421355,0.8124608,0.023768552,0.013317663,0.10112307,0.3779145,0.18160795,0.0030355875,0.0035031135,0.503554,0.035232466,0.038243573,0.042848002,0.0007567147,0.04837429,0.14412673,0.03015202,0.028914629,0.08962827,0.0023161802,0.009164031
10604,0.4337896,0.4631186,0.005105643,0.0007446833,0.02610004,0.14019303,0.00019927564,0.49845353,0.014089435,0.01633094,0.0014650488,0.0049204696,0.028614605,0.00022483466,0.0005994421,0.028749881,1.9805793e-05,0.0074385684,0.03036566,0.00088160107,0.0018209873,0.6210668,0.0074066203,0.025864238
10610,0.1266836,0.07640458,0.014028112,0.029991327,0.1506638,0.5173741,0.025436526,0.5598774,0.02915125,0.05788137,0.08635675,0.028476484,0.53955495,0.02773322,0.008412313,0.26871336,0.0044800187,0.039920043,0.05644796,0.036872733,0.025882123,0.62173104,0.014417987,0.04906522
10615,0.014112618,0.17641108,0.024478048,0.00041968186,0.14648157,0.0037738231,0.00092957757,0.15037966,0.13715622,0.31150106,0.0008071943,0.0011265599,0.9409263,0.004493336,0.00260914,0.047532715,4.2324238e-05,0.02303644,0.053249307,0.005338036,0.0011047864,0.18437031,0.0005737486,0.0051148483
10616,0.008947242,0.007522338,0.0024727457,0.009490396,0.9402312,0.0357892,0.025492076,0.30167574,0.018094918,0.0124735655,0.0014422493,0.0016342463,0.010806515,0.01611756,0.0053720027,0.009478995,0.00021935525,0.108864345,0.013860415,0.0060865874,0.01414376,0.020973358,0.0024709182,0.0019295802
10617,0.011991629,0.023710005,0.004599781,0.0051282914,0.9878806,0.15495089,0.0033705246,0.20044394,0.09270973,0.012178549,0.0020186882,0.0012158094,0.008254635,0.014047418,0.025585642,0.0067138877,0.00028207948,0.26731446,0.004229472,0.007075661,0.03460488,0.016890783,0.0036253917,0.0046242955
10622,0.23766586,0.36016676,0.060515277,0.016433936,0.257489,0.14284828,0.017098038,0.2606951,0.114839144,0.20400776,0.03663055,0.036577262,0.46584892,0.017046748,0.016302492,0.26836056,0.0035622688,0.13542992,0.47941965,0.032784317,0.014752921,0.53011525,0.02741308,0.03786417
10624,0.78387284,0.045015737,0.00033403587,0.0011571097,0.4373515,0.9620177,0.0001903124,0.45480642,0.001638821,0.0007681034,0.010296293,0.0015017436,0.006493463,0.00026919512,0.0003697565,0.036013592,7.7713026e-05,0.010757411,0.005433727,0.00119686,0.0009700994,0.9230894,0.0049838875,0.014379024
10627,0.23513755,0.054679066,0.008255795,0.0016127357,0.32321864,0.077889025,0.0011619941,0.11276353,0.03647417,0.2349399,0.005782445,0.0029184797,0.93612605,0.009035252,0.0041764965,0.03997475,0.00044173986,0.041280113,0.1321438,0.01166334,0.011465885,0.31563026,0.0023017027,0.008095089
10630,0.055916697,0.005044938,0.00015007991,0.004639872,0.26069766,0.47714335,6.6113076e-05,0.82663333,0.00091555796,0.0033950724,0.05449796,0.0016375701,0.003184207,0.0009774371,0.0026621849,0.070351206,3.18345e-05,0.6751332,0.0011927362,0.0007437706,0.0014755828,0.6716628,0.017400105,0.0079706395
10633,9.835568e-05,0.0009044929,1.890581e-05,0.00022848076,0.99924976,0.020318275,2.9477827e-05,0.1763807,0.0063529145,0.00087979686,0.00019420686,1.6232969e-05,0.00010893139,0.0031712397,0.001578486,0.00019772215,5.943203e-07,0.6009897,3.778461e-05,0.0002018163,0.0027294334,0.0015098916,5.551708e-05,0.000101765596
10634,0.005298311,0.006393304,0.00086868426,0.012405802,0.72461236,0.08336508,0.001054997,0.88139904,0.009700398,0.009901228,0.011456285,0.003221663,0.001429638,0.010540723,0.010498549,0.016665766,8.634381e-05,0.6911328,0.0015798076,0.002763804,0.011120944,0.059650443,0.007975988,0.006812404
10635,0.24152519,0.36737627,0.1362256,0.010221422,0.40472636,0.032633167,0.027065353,0.091547154,0.12779464,0.2010724,0.0067169666,0.018614927,0.48153087,0.017116575,0.02742206,0.11074818,0.0022728506,0.09081857,0.8186733,0.022708552,0.0095044365,0.3889267,0.010489167,0.02752616
10636,0.016102936,0.28821242,0.04327241,0.011674031,0.21512431,0.005243591,0.021254197,0.6179534,0.18496332,0.24585982,0.003712438,0.02948141,0.114081636,0.027102098,0.009959131,0.0251944,0.00028777032,0.08216957,0.04422499,0.006182967,0.016992196,0.091533594,0.010056209,0.044102523
10642,0.00078602985,0.0010896656,0.0009370123,0.00817189,0.3463309,0.035711613,0.021552132,0.5597724,0.0036152008,0.018555319,0.012119713,0.0019554307,0.52929276,0.03218194,0.001806778,0.2902362,0.00014558606,0.09746855,0.009196409,0.008532591,0.0034230826,0.2663623,0.00070624606,0.0010535622
10646,0.016816555,0.026808323,0.0114702415,0.037355848,0.5359018,0.080244094,0.014947921,0.78304976,0.03767947,0.06368944,0.03829486,0.020853173,0.07968478,0.05809983,0.021111999,0.114903584,0.0018496537,0.25327048,0.05890668,0.028109452,0.034560286,0.25102365,0.01776557,0.020477496
10647,0.008478337,0.0027049116,0.00037797523,0.0058188154,0.92082864,0.28514075,0.0009352214,0.73395705,0.006239343,0.006724648,0.0068963976,0.0009870017,0.006248077,0.008965307,0.0071273446,0.026626302,0.00012707284,0.31934494,0.0031494098,0.005201425,0.010872473,0.08574807,0.0016672384,0.0018150761
10648,0.13257875,0.05042475,0.016656205,0.03467696,0.31845692,0.1453503,0.037344236,0.4725027,0.021494705,0.033549674,0.026331361,0.024061335,0.09079028,0.021306155,0.016747074,0.09457912,0.0031129008,0.20345375,0.07282182,0.026767485,0.017518114,0.38481742,0.03320565,0.03774541
10653,0.023389554,0.036529277,0.012071065,0.006190775,0.74080217,0.030355237,0.035215445,0.1723494,0.10085743,0.15522008,0.0017572287,0.0043369406,0.30850694,0.040849447,0.008391865,0.04419124,0.0006037068,0.043225925,0.027955858,0.009302398,0.012238364,0.08785744,0.0015710114,0.0056846654
10655,0.00022674182,0.0015543203,0.0014921452,0.009181855,0.7387228,0.004424858,0.0031208259,0.73694706,0.035019092,0.035894264,0.0017872916,0.0008615669,0.01803763,0.04525813,0.015816024,0.015536025,3.4524637e-05,0.6120181,0.0016364955,0.0033439854,0.0037680534,0.015840648,0.0017427205,0.0004229461
10659,0.037238754,0.051587034,0.008048436,0.060234904,0.6779444,0.09711631,0.015950317,0.7628865,0.04305727,0.019755783,0.039788604,0.044414513,0.006497137,0.05726327,0.046721667,0.03742119,0.0015578563,0.6203596,0.015899496,0.018875545,0.05367465,0.10792093,0.0978823,0.045107827
10663,0.019469304,0.034747057,0.031019486,0.3110295,0.31839868,0.033154074,0.91924095,0.21890387,0.027405376,0.027378505,0.006318192,0.0975196,0.019809755,0.2640115,0.03277103,0.018409334,0.003961318,0.12195484,0.028001212,0.020737745,0.031172598,0.025789332,0.022074286,0.028163714
10665,0.012525589,0.44402322,0.1572169,0.007659312,0.82953376,0.0010634526,0.0048892554,0.17239985,0.8095595,0.28433657,0.0003820287,0.0092577385,0.0048815454,0.08051886,0.17363128,0.0021131106,8.6886124e-05,0.5518117,0.018767878,0.0048524877,0.025419373,0.0021238623,0.0047985315,0.007587141
10671,0.13107379,0.0873354,0.019692989,0.019483598,0.81879145,0.33280244,0.019647496,0.36112562,0.13728231,0.026321372,0.0122794565,0.0059427987,0.020488739,0.044995055,0.046381075,0.030339854,0.0027018755,0.20369053,0.0195724,0.01754037,0.059799064,0.0836009,0.00810085,0.040056907
10673,0.009766208,0.047337275,0.0022888961,0.005984473,0.8008375,0.029416194,0.00049718004,0.5065017,0.039754134,0.060496077,0.0016977934,0.0021241303,0.0074315555,0.06446855,0.03456,0.008859606,7.8444406e-05,0.6022143,0.0009743042,0.0035118067,0.0069144676,0.043578196,0.0017573484,0.014148569
10674,0.0024392945,0.002675994,0.00058856077,0.03236415,0.34617424,0.0010638705,0.004022535,0.9313632,0.010064012,0.0079670055,0.0036507326,0.006070599,8.642453e-05,0.08288254,0.014351936,0.0005735223,1.8034218e-05,0.77220654,0.00011247601,0.0006604705,0.57242084,0.0016949525,0.006941803,0.007908006
10675,0.009645275,0.0036782415,0.0006222828,0.00189844,0.19432768,0.32371455,0.0002860659,0.8429614,0.0033420662,0.028492773,0.05559451,0.0007676541,0.3146175,0.0024315882,0.0007656297,0.19013207,6.6265005e-05,0.06393652,0.005225897,0.0033809026,0.004794846,0.66770387,0.000791734,0.00256726
10676,0.11655676,0.06422206,0.0020255174,0.006514618,0.34999645,0.15570438,0.0016554821,0.7758229,0.0057074395,0.0028854625,0.0055434783,0.009082379,0.005488751,0.002217824,0.0017649182,0.004384958,0.00011536016,0.028192192,0.00675324,0.0016735402,0.010231828,0.2557958,0.020997984,0.06735743
10677,0.014942123,0.0019024153,0.00062217546,0.0012671837,0.11077079,0.06968107,0.022637794,0.12703551,0.0008173352,0.0048619607,0.0022592407,0.0006818417,0.9059297,0.0028228532,0.00015396706,0.17598115,5.8209334e-05,0.0021461493,0.06718368,0.003581427,0.00038333528,0.77692646,0.00020826478,0.0013214718
10681,0.04783774,0.10541665,0.006690315,0.0050118207,0.41020393,0.034181386,0.0023659335,0.66012144,0.04629606,0.025873767,0.0023333237,0.0063559706,0.037038486,0.009084015,0.0060905265,0.007852615,0.00014995475,0.064443044,0.009591747,0.004943318,0.0070665707,0.06712635,0.006698074,0.022279155
10683,0.07597848,0.09229313,0.05034777,0.23603465,0.23481147,0.1632748,0.2775582,0.6229135,0.06435829,0.0828812,0.06142103,0.1689889,0.13710757,0.17423342,0.053912748,0.08212941,0.01538052,0.16755974,0.05671997,0.06895857,0.09532162,0.21396062,0.0919782,0.1047822
10684,0.014479139,0.03675215,0.0076120766,0.010948892,0.45289266,0.062452555,0.008536634,0.8211474,0.07518025,0.031731244,0.0060105347,0.007179356,0.039846625,0.0132099595,0.0048082103,0.029726429,0.00044672354,0.08081806,0.01884852,0.0071086953,0.035520896,0.15907732,0.0055369604,0.011989053
10688,0.07529041,0.2247267,0.016732858,0.025687004,0.12104067,0.058508128,0.012504057,0.6358552,0.027116682,0.036612853,0.0074477387,0.034833387,0.037624225,0.017574998,0.012385884,0.025053538,0.0005073792,0.17216213,0.020422308,0.0089487145,0.0069293394,0.15286909,0.03783449,0.05191779
10689,0.1639385,0.17226349,0.038503114,0.024283512,0.619158,0.07699355,0.034029957,0.441416,0.11092346,0.104007356,0.009290725,0.04924254,0.07035158,0.037186872,0.020745117,0.031082522,0.0020000201,0.16138855,0.034286823,0.015537782,0.027153933,0.11494164,0.13112666,0.05162976
10699,0.7642708,0.095920205,0.0015629847,0.0025863259,0.1284568,0.88026476,0.0008684599,0.4196761,0.0017859982,0.008467074,0.02402186,0.0018435288,0.021111071,0.0003526265,0.000538355,0.25389794,0.00026376866,0.01708116,0.026995318,0.0024668225,0.0026782753,0.9154247,0.002801051,0.02092751
10701,0.3068539,0.016913848,0.0023645102,0.036903784,0.23460498,0.86431396,0.009148578,0.5868614,0.00485821,0.008949615,0.12924461,0.013394481,0.12801252,0.007857105,0.005033369,0.18523861,0.002349611,0.11487945,0.019696763,0.011824337,0.011080471,0.80955297,0.009683148,0.039586563
10702,0.029770952,0.0023032255,0.00031036072,0.004151186,0.117847,0.6440099,0.00030967762,0.81295323,0.0012928626,0.006470352,0.10177501,0.0009485924,0.2745123,0.0011919376,0.0010096432,0.38338035,0.00019692518,0.1242022,0.0068271384,0.0031518736,0.0021157085,0.85385716,0.0018660992,0.003147394
10703,0.3379794,0.073491685,0.011920508,0.018827891,0.57889247,0.7633331,0.011829374,0.4638781,0.05257479,0.0474686,0.07230882,0.015174036,0.15613581,0.018857613,0.016703052,0.11355023,0.0051690773,0.10463029,0.034230415,0.023576036,0.08737246,0.49832958,0.01635946,0.0784676
10704,0.36442336,0.011077352,0.0017202334,0.003414086,0.86832136,0.8457764,0.0028795325,0.24355656,0.010722197,0.01526588,0.030469079,0.002026678,0.043386348,0.001680532,0.0049136174,0.36267233,0.0010754018,0.071725324,0.042510852,0.005507607,0.015514911,0.77112675,0.0028828213,0.006423271
10705,0.06535901,0.11513867,0.02890868,0.0075988322,0.5045144,0.026901627,0.007823695,0.15714113,0.0812686,0.108483426,0.0074551622,0.012543236,0.72259295,0.014402832,0.019735508,0.09406116,0.001111459,0.14401081,0.54221165,0.020930627,0.0050515505,0.25748742,0.018852267,0.015257324
10706,0.0003900178,0.00014652236,5.82876e-05,0.0011602455,0.6838626,0.043307927,0.0006011388,0.6714711,0.0005398687,0.0068464973,0.0023878023,8.258698e-05,0.16632943,0.0007810739,0.000112934176,0.053305965,4.0702375e-06,0.011963245,0.0047962274,0.00072186993,0.0046495916,0.3884946,0.00011339484,0.00039210086
10716,0.020255856,0.035847817,0.016220013,0.010188232,0.5669957,0.04939764,0.0044693514,0.39384907,0.090054676,0.1632943,0.010869406,0.003930203,0.40694097,0.036176503,0.021123867,0.093951255,0.0010523695,0.15919836,0.017195957,0.025022255,0.014216144,0.3012865,0.0036579273,0.0092857145
10720,0.07136356,0.076056086,0.011681009,0.003938371,0.2894089,0.121163264,0.003461809,0.272058,0.040280405,0.13855527,0.014611296,0.004439795,0.875372,0.009709265,0.008698591,0.12922837,0.000840866,0.0932159,0.087675005,0.016597582,0.007158154,0.5674515,0.0020717955,0.02283674
10722,0.12943313,0.008379003,0.00028299482,0.084978215,0.029439626,0.34915367,0.07281181,0.82841575,8.179624e-05,0.00057524047,0.023929149,0.16520914,0.0023692246,0.0023135669,0.00034990965,0.07851048,0.00011646125,0.017707959,0.006528032,0.0014155809,0.0013779456,0.8303511,0.24066012,0.01840626
10723,0.009578978,0.010789299,0.0042361305,0.101493,0.42840582,0.027038714,0.07014587,0.7725761,0.009547109,0.01864161,0.010866018,0.032127265,0.007500515,0.090720855,0.024163507,0.014342618,0.00073895726,0.5950134,0.007041462,0.011369018,0.01654211,0.035290442,0.041121762,0.012147508
10727,0.007861383,0.01978768,0.004717187,0.0026586244,0.14448026,0.0011325915,0.027523123,0.213767,0.008684552,0.036860805,0.00053031236,0.0036127176,0.71399415,0.0044982727,0.00075850054,0.013921873,4.2686897e-05,0.009841769,0.4530631,0.0034647156,0.0008628975,0.25561363,0.0007641085,0.0040099677
10729,0.42037046,0.16732119,0.010014474,0.006406962,0.16908462,0.037200868,0.005892192,0.24715763,0.012772095,0.062363956,0.003279134,0.033654373,0.353696,0.0015859401,0.0025029276,0.038781457,0.00057068194,0.020956326,0.42794144,0.006180922,0.003868511,0.51731944,0.089344926,0.020559415
10736,0.013260247,0.017669912,0.002207791,0.0043284036,0.78738433,0.029117402,0.0026417386,0.5353219,0.037657455,0.0033918372,0.001825565,0.002482769,0.0005207225,0.0041080345,0.00570293,0.0013211998,3.9791943e-05,0.1469317,0.0010807568,0.0014470168,0.20444202,0.015317384,0.0013726157,0.030769933
10738,0.296168,0.008024297,0.00025779297,0.0022015716,0.14615512,0.9517753,0.0009990638,0.45810935,0.0007496297,0.0010695404,0.050988037,0.0022973367,0.09509703,0.00041749896,0.00034843996,0.4158445,0.00019277117,0.013577671,0.02082002,0.0028492715,0.0013640274,0.96064,0.0027519406,0.005142019
10740,0.23880889,0.25539392,0.054343164,0.022808852,0.3563493,0.33032244,0.0149065945,0.34740457,0.0929853,0.10558486,0.062286124,0.04292159,0.40962997,0.03585972,0.049684968,0.16313198,0.007846602,0.19874077,0.05667488,0.042235818,0.022980204,0.5713665,0.029755812,0.1590649
10744,0.007182694,0.011639509,0.009334691,0.031678937,0.9173068,0.020511063,0.05094938,0.28403267,0.035334382,0.0144825075,0.0025454406,0.007985139,0.0071618394,0.04521051,0.050219297,0.007699148,0.0008441576,0.474183,0.015201459,0.0146941375,0.021893712,0.015077435,0.008407195,0.0063221566
10748,0.13395225,0.07479217,0.025724746,0.05715261,0.5431851,0.20116991,0.0354724,0.5370168,0.054358575,0.059127472,0.037785072,0.033562064,0.07572775,0.030597499,0.036481094,0.06483816,0.0060374583,0.26490983,0.08902817,0.039226837,0.05196508,0.27335116,0.051497992,0.05091278
10756,0.7733052,0.039227564,0.00036669357,0.0023941945,0.095780335,0.9728465,0.0009415111,0.45065972,0.0010649301,0.0016003028,0.05462994,0.001668319,0.021212755,0.00020809945,0.00018303069,0.22824112,0.0002171691,0.007897131,0.011494451,0.0017689284,0.0016880278,0.96511686,0.003243143,0.011045881
10757,0.47439283,0.104718775,0.009957702,0.03427271,0.45569462,0.6142292,0.016916506,0.7079989,0.014853012,0.016386447,0.04557828,0.03427369,0.00820315,0.017596712,0.022720283,0.06486156,0.0036827843,0.22450826,0.016068513,0.017000642,0.030808158,0.47761193,0.120044895,0.079250194
10761,0.7029543,0.030116973,0.00023788464,0.0014852047,0.17593026,0.92280805,0.00046336334,0.61437154,0.001402451,0.00070697063,0.012864957,0.001626545,0.008818095,0.00020883369,0.00016870761,0.018265607,5.0475865e-05,0.0031939205,0.0036347948,0.0006135509,0.0034079459,0.8427768,0.002392052,0.023165258
10762,0.0011664657,0.0073829186,0.00036494632,0.0023430977,0.70972973,0.03983735,0.00038433718,0.6839713,0.003591022,0.0053955675,0.0029367162,0.0005891661,0.08648918,0.011804608,0.0027342723,0.04342258,3.101907e-05,0.14677787,0.0017267754,0.0033069956,0.0009050101,0.2768615,0.00089630537,0.004016619
10763,0.025999567,0.028045652,0.009371079,0.018141279,0.73171115,0.28768882,0.031503696,0.480009,0.057819895,0.014192154,0.0172073,0.009580583,0.073078774,0.042739324,0.022424988,0.052332222,0.0014770488,0.14448696,0.009930149,0.019421082,0.03343329,0.15301433,0.0058203274,0.031232605
10769,0.015338665,0.005631141,0.00046769995,0.001103335,0.21009605,0.36306486,0.0009765048,0.22440553,0.0018707509,0.012163339,0.011541101,0.0007743093,0.90922284,0.0025850544,0.00043972072,0.6483661,0.00011933088,0.0076338425,0.045619763,0.0074574063,0.0002897967,0.86418647,0.00036295515,0.0010155955
10771,0.054863904,0.100221395,0.032403477,0.061280202,0.6073533,0.093771055,0.10684079,0.44545284,0.06926882,0.05160337,0.016243426,0.040264837,0.08227578,0.14735328,0.044918828,0.03723854,0.004923438,0.16642605,0.04927706,0.033365455,0.035430063,0.12443842,0.03487622,0.059141494
10777,0.0010764899,0.0019143416,9.930318e-05,0.00075882557,0.34283927,0.24355145,0.00016594068,0.83630013,0.0013630119,0.0013552855,0.009826205,0.0005354589,0.031832322,0.0012471231,0.0015568102,0.094750695,7.7259065e-06,0.18321052,0.00038722722,0.000770222,0.000362896,0.5604467,0.0007002599,0.0014844312
10778,0.09326738,0.090940416,0.014943969,0.009960734,0.39689583,0.28707895,0.014590591,0.28897688,0.036845498,0.066975206,0.039417595,0.013477407,0.32034162,0.0152295865,0.015490203,0.45483148,0.0019780141,0.11623909,0.16917345,0.021549897,0.005427965,0.6300211,0.008438087,0.016617758
10781,0.041497204,0.021796549,0.002062499,0.0024684917,0.24242757,0.062250942,0.00088570575,0.59313005,0.012083702,0.07048948,0.013704267,0.002465316,0.34797224,0.006137103,0.0043474315,0.18947446,0.0002089803,0.13988832,0.024242692,0.0055535133,0.0037871788,0.6043845,0.0015800024,0.013891269
10782,0.09173626,0.033540633,0.010424298,0.113502376,0.48118263,0.33640015,0.23772728,0.56694055,0.019824056,0.010200535,0.015705174,0.051989105,0.037429538,0.037161022,0.011752951,0.01873175,0.0035323077,0.05696198,0.025796266,0.014619112,0.033536837,0.12053423,0.042408425,0.04440782
10788,0.030070262,0.07585677,0.01440059,0.0025569957,0.3211251,0.029038828,0.0026337954,0.25506064,0.09837441,0.19706534,0.0030519774,0.0029510346,0.7828383,0.0075117187,0.0051091365,0.06858963,0.00029256113,0.023566686,0.047422465,0.0104840845,0.00517977,0.29713902,0.0013320685,0.009164156
10792,0.2601148,0.087852865,0.0060859933,0.0026773901,0.9232571,0.07068135,0.0010052065,0.19742739,0.05152336,0.03781582,0.0026808686,0.002015552,0.009368804,0.009495543,0.02676385,0.01345807,0.00026131835,0.21754608,0.05228536,0.0057399324,0.008192128,0.13626628,0.005310959,0.015804596
10798,0.25197485,0.07134551,0.020193499,0.1793606,0.23310503,0.2843748,0.3424294,0.49234098,0.014262627,0.016887553,0.022331439,0.18936926,0.0151675865,0.032134764,0.017828243,0.033259965,0.0039041038,0.09232021,0.03630751,0.016973274,0.030613145,0.17365956,0.20016997,0.08876412
10805,0.0058545214,0.00957071,0.0035398144,0.016970761,0.7800968,0.026377568,0.0015521168,0.64917386,0.03241374,0.06514681,0.008558415,0.0019456865,0.019209426,0.055951733,0.02583454,0.0350896,0.00022093407,0.6139501,0.0029722648,0.009190567,0.011814574,0.059344545,0.0029238225,0.003943067
10806,0.08200586,0.34008944,0.066362165,0.039805237,0.7031183,0.0840142,0.025883732,0.31032455,0.16629322,0.112829186,0.011351431,0.036062438,0.027310446,0.059136048,0.07197079,0.025056677,0.002275602,0.26483792,0.036146868,0.026003113,0.033435937,0.1097798,0.027643489,0.20109597
10807,0.0014753327,0.0010700367,0.00031235398,0.058665965,0.37761378,0.030865181,0.1617309,0.79370874,0.0011879768,0.001301475,0.0019913248,0.020359334,0.001605709,0.05824536,0.00256779,0.0011470048,4.9083665e-05,0.082328625,0.0005442594,0.0011558413,0.014557322,0.02427088,0.007908803,0.018208478
10809,0.045003064,0.012781543,0.005667006,0.020431953,0.40857935,0.6204288,0.0040870756,0.4277865,0.01198063,0.031251244,0.16291423,0.005406716,0.28219113,0.01682679,0.02484345,0.6844506,0.0023168062,0.31441218,0.03972341,0.022346443,0.011789465,0.7463149,0.008594813,0.009609149
10811,0.0006072431,0.0009815464,6.251692e-05,0.0007088948,0.9022961,0.029617012,0.00023858107,0.7140279,0.005736662,0.0019918042,0.00015418259,5.8524252e-05,0.008862089,0.0035694556,0.0008146503,0.000816025,2.4746398e-06,0.100000806,0.00026765067,0.0004499794,0.0015295991,0.015590042,0.00013204852,0.0007260176
10814,0.10775156,0.006011959,0.0011123249,0.00197128,0.21223539,0.6621052,0.0014078827,0.346702,0.0031502007,0.030579649,0.037104502,0.0009508183,0.7970748,0.0022069518,0.0013634741,0.5241624,0.0005377874,0.014969034,0.0723692,0.0076544355,0.0029230304,0.9098081,0.0011611797,0.002563441
10817,0.0029084245,0.007033059,0.011301046,0.14823504,0.49783227,0.01784826,0.8557977,0.15396547,0.014355269,0.021097858,0.0026431195,0.023975803,0.01845759,0.23680255,0.019409776,0.015213404,0.0008797533,0.05650028,0.007602581,0.00956302,0.022238681,0.016625974,0.0049241995,0.0069713113
10818,0.0024795143,0.011740407,0.002212885,0.003094663,0.9777954,0.017547699,0.00044503872,0.22760312,0.055115562,0.013704725,0.001355749,0.00097248924,0.00044824893,0.1210397,0.3638029,0.0027178365,7.446024e-05,0.893766,0.0002135344,0.0036082852,0.007891048,0.004458519,0.0011169751,0.00377579
10819,9.434212e-06,0.00010641059,3.927489e-05,8.561395e-05,0.98459387,0.0013789146,4.7540714e-05,0.2328993,0.018717509,0.0018559007,1.4990299e-05,2.7643162e-06,0.00652678,0.0024317987,0.00029657962,0.00028700917,5.8506888e-08,0.10605244,7.981581e-06,0.00011481256,0.0004520607,0.0011425338,5.3779254e-06,1.9488682e-05
10831,0.01366997,0.031509027,0.018562812,0.04887737,0.5964816,0.08578548,0.06967008,0.5434959,0.072049834,0.056603808,0.028981522,0.020858299,0.11173187,0.12360578,0.029617846,0.11614767,0.0030516307,0.1707905,0.027587391,0.045867413,0.039482098,0.17148623,0.02442859,0.021622583
10846,0.71327126,0.73520476,0.08356109,0.010881912,0.10023769,0.03611467,0.014538387,0.16669872,0.097972505,0.2089319,0.005616768,0.031349234,0.25184414,0.0056913826,0.00966377,0.06981353,0.0014890288,0.036253884,0.7395712,0.013242931,0.006145917,0.4923623,0.03720004,0.08423967
10852,0.0095383525,0.0071897497,0.0007148625,0.0057805316,0.20186244,0.019464279,0.0019817841,0.92905694,0.0026806989,0.005873324,0.004854917,0.0030639602,0.022074934,0.0058990223,0.001899088,0.014432923,6.292772e-05,0.17539309,0.006210485,0.002377885,0.0039612,0.20974007,0.0024391192,0.01170113
10858,0.015017894,0.033528514,0.004430388,0.02433791,0.8060121,0.21034208,0.04591396,0.5507523,0.01946353,0.005191604,0.009177832,0.014325358,0.006486708,0.038790967,0.022109637,0.01417741,0.00073876994,0.18125564,0.009600004,0.00726502,0.026732234,0.1085832,0.015593805,0.02778668
10860,0.056679152,0.02401274,0.0015305578,0.0020108998,0.12010928,0.39966822,0.0010386745,0.4201121,0.0062711537,0.019539729,0.0151717905,0.0024358772,0.6658845,0.002892556,0.00064586656,0.05883653,0.00017361282,0.005683754,0.0072374153,0.0031971752,0.0039810007,0.6119758,0.0010368091,0.032934893
10861,0.3313059,0.0359546,0.0008832397,0.0023210878,0.07827262,0.022847895,0.003450828,0.0956103,0.0006273486,0.0052828905,0.0018647122,0.015773742,0.53859067,0.00074967975,0.00038178716,0.050726447,8.111371e-05,0.022034228,0.4573615,0.003428893,0.00013417247,0.78819585,0.099540435,0.005206873
10867,0.3813867,0.44502974,0.01516597,0.001958542,0.07869834,0.023255961,0.006015049,0.16078374,0.026387667,0.07413884,0.0029105756,0.0122805955,0.7280016,0.0021534467,0.0012425281,0.06357208,0.00029936366,0.025368044,0.53235525,0.007541236,0.00082472403,0.46796113,0.0067975344,0.02272821
10871,0.19504313,0.035785753,0.0009028135,0.0059218947,0.83983016,0.8862337,0.003095992,0.3481278,0.0051252292,0.0010323229,0.008880344,0.0026866386,0.0033910123,0.0018865285,0.0032042023,0.012043342,0.00030294483,0.079482704,0.004854719,0.0034353845,0.0072314935,0.31896624,0.008325194,0.014791307
10877,0.03356826,0.09801478,0.021353561,0.0005286249,0.36713532,0.01792154,0.00026297892,0.058353174,0.11134378,0.37466645,0.0023989095,0.0018928087,0.96943694,0.0050912397,0.0030301216,0.030704893,0.00010358933,0.020023622,0.07681365,0.011441427,0.0034754085,0.16515692,0.0009702015,0.0058200182
10879,0.07410838,0.023779375,0.010821271,0.07107354,0.33451712,0.51015216,0.03878576,0.62918806,0.016192675,0.027219458,0.18173121,0.026310982,0.06457052,0.03017741,0.025782574,0.29797307,0.0056166216,0.29968905,0.032525424,0.02996674,0.049931027,0.49221054,0.042240966,0.03559003
10882,0.53965807,0.17403866,0.044874847,0.0654614,0.28149843,0.7417785,0.04457548,0.5189188,0.06607258,0.054077998,0.16570905,0.06859152,0.12452732,0.029668134,0.03244484,0.22912627,0.02013757,0.1336079,0.067616455,0.059840884,0.074158184,0.6428088,0.08051502,0.15294665
10884,0.0040925005,0.016348155,0.013883244,0.29203382,0.15520252,0.036646355,0.88106,0.3874128,0.017722977,0.029412368,0.009027096,0.10541204,0.022385305,0.4572985,0.01509997,0.013202262,0.0012969677,0.058794405,0.0096166385,0.012133639,0.035089802,0.029882725,0.021591783,0.02136659
10888,0.0661595,0.25098607,0.08274936,0.030818168,0.661721,0.039321817,0.016065188,0.295735,0.31308007,0.27816072,0.016132053,0.03255754,0.16654362,0.099661514,0.13579424,0.02408896,0.0040242993,0.49872372,0.036392067,0.031425748,0.08791239,0.051927153,0.028754596,0.10417117
10890,0.62305367,0.25263947,0.030371362,0.053498838,0.31424406,0.72464675,0.027683401,0.5365921,0.047485955,0.03451687,0.09833043,0.08917574,0.032211322,0.021678817,0.02574974,0.11685566,0.010157441,0.104257934,0.046885107,0.040845525,0.053864613,0.6219989,0.12347999,0.19794184
10891,0.63159835,0.20878115,0.008976465,0.0008134639,0.7911611,0.12314863,0.0013317388,0.038576107,0.035195213,0.011629032,0.0005366643,0.0013152588,0.052024636,0.00038212104,0.0022642638,0.03236021,0.00012739665,0.013852479,0.5900351,0.0015665069,0.0016267634,0.6445515,0.00079629995,0.008905064
10892,0.04343344,0.58927226,0.07626753,0.0065361084,0.885409,0.011191227,0.008068839,0.21243972,0.42892724,0.084667645,0.0006049881,0.010011359,0.0064599263,0.03147395,0.058822937,0.003682487,0.00021114417,0.27495044,0.016634988,0.004588936,0.016875872,0.0084641315,0.007942205,0.02797986
10895,0.11088744,0.03816282,0.0041001765,0.012250978,0.5372169,0.62146413,0.0078163,0.61348563,0.020299608,0.016525263,0.07854977,0.0063179918,0.023920355,0.007982563,0.0062116096,0.44340128,0.0015391074,0.066344,0.028900594,0.009139699,0.0352363,0.69788694,0.0073080757,0.021943668
10899,0.047277045,0.030522102,0.01078245,0.024524804,0.28909278,0.17509407,0.038179755,0.4838392,0.02569659,0.030927544,0.02231896,0.014444139,0.3913405,0.030277058,0.007308851,0.06141747,0.0018078387,0.061812542,0.04752582,0.019614778,0.021356408,0.32017732,0.0062591657,0.041930772
10902,0.0028821542,0.022764381,0.0054463036,0.007374683,0.8871133,0.005706067,0.0039402493,0.35844755,0.110362045,0.03550523,0.0010046393,0.0030459056,0.018916266,0.046750434,0.051392592,0.004484181,0.0001602887,0.34157035,0.005925548,0.0035180866,0.052066986,0.009261588,0.0011105535,0.011647839
10904,0.041116793,0.012973688,0.0055348757,0.043941844,0.77330655,0.42804456,0.100960195,0.3744234,0.022256127,0.014613439,0.029953256,0.00997941,0.035345852,0.08267883,0.035864566,0.11107975,0.0040851156,0.161223,0.014084462,0.024279535,0.041944515,0.20694844,0.0066639823,0.02383945
10906,0.11191196,0.2795354,0.025356669,0.00523963,0.4700589,0.01190812,0.0098686535,0.41989988,0.18197536,0.0927208,0.00074455,0.0079442905,0.025025971,0.0049341535,0.0050248653,0.0075004795,0.00011447356,0.060371503,0.06827218,0.0026642468,0.012035333,0.06853557,0.004708531,0.018363003
10909,0.06754548,0.11487857,0.021313569,8.8567554e-05,0.4095252,0.00311939,0.001321407,0.0037709826,0.03454877,0.068250954,0.00013195789,0.00033101407,0.98715806,0.0016571655,0.0015882243,0.06597277,3.491304e-05,0.009368901,0.87580633,0.0035609147,0.00023796222,0.2979472,0.00015268884,0.0016284194
10910,0.6042922,0.120726414,0.0020656313,0.00089124555,0.71551454,0.9221502,0.0008696971,0.20257354,0.013708173,0.008412416,0.0070830854,0.00097057736,0.05215991,0.0010714608,0.0025750129,0.031992856,0.00021237318,0.0232083,0.011603519,0.0013880592,0.0031162405,0.60929054,0.0014971702,0.012266342
10913,0.92577577,0.120761685,0.00061791873,4.3463286e-05,0.55212665,0.20996892,1.6022355e-05,0.023592027,0.007823235,0.033496104,0.00016031117,9.827992e-05,0.077472515,3.870109e-05,6.664391e-05,0.004083502,4.3123136e-06,0.0020666155,0.09883002,0.00015038316,0.0011514099,0.38403156,7.248325e-05,0.002251651
10919,0.014859732,0.01894636,0.014613005,0.14033656,0.39899227,0.052610576,0.91535175,0.14322159,0.011390659,0.008039862,0.0033776714,0.045003187,0.010667584,0.13019796,0.01286204,0.014804667,0.0013925948,0.059000455,0.01381,0.010610821,0.014063501,0.028335229,0.01660103,0.012808159
10920,0.04585135,0.06963372,0.016445985,0.13295561,0.32899016,0.044725623,0.18587956,0.59897256,0.02177494,0.010432054,0.0063662482,0.10342783,0.033851072,0.056875844,0.018990124,0.008857421,0.0017781629,0.1265292,0.028838892,0.013535139,0.028282508,0.07377082,0.10862597,0.04265571
10921,0.11673497,0.026624642,0.0054374747,0.071155384,0.19789284,0.07853562,0.03376018,0.7998811,0.011454783,0.011064936,0.0058045136,0.021808462,0.015518671,0.013819661,0.0060701766,0.0040794923,0.0003105267,0.07727857,0.023911033,0.0047915345,0.038084235,0.08352929,0.024103226,0.028215181
10927,0.0047294707,0.0047529233,0.000120921584,0.0041644145,0.5689521,0.5090778,0.0047051357,0.86518556,0.0010438334,0.00019961337,0.0015438905,0.0021164978,0.00015436353,0.0017254205,0.00040928347,0.0013812402,1.0224467e-05,0.009765046,4.7928326e-05,0.0004958133,0.0069548087,0.057521164,0.0005945992,0.02225646
10938,0.012788994,0.003290981,0.000906586,0.0020635673,0.98403007,0.049780212,0.00012987753,0.25140852,0.083717346,0.007861946,0.0013537722,0.00016483897,0.00087962,0.0009703795,0.008022886,0.0008258495,3.1682586e-05,0.09327957,0.00060935086,0.0008990013,0.89075685,0.01001837,0.0002422287,0.0017434093
10940,0.02844154,0.020223532,0.0019351708,0.021444758,0.077768445,0.13952245,0.015854152,0.96064216,0.004739013,0.002973719,0.017028123,0.029939163,0.0017224407,0.0076829134,0.0009273165,0.006076681,0.00011532848,0.026933081,0.000960024,0.0020556345,0.016060486,0.12606366,0.028899677,0.030805482
10941,0.5972876,0.24713723,0.034491245,0.032460522,0.41104925,0.46893692,0.020149231,0.32441866,0.05891318,0.08936302,0.057506353,0.055267114,0.12105132,0.022264777,0.031828858,0.08256377,0.008400893,0.13425882,0.07620596,0.040092323,0.05045317,0.5235057,0.06731613,0.23540725
10949,0.059894383,0.033587184,0.011233869,0.02673935,0.40691045,0.18898149,0.020015111,0.64868546,0.021600028,0.019149859,0.034733426,0.022162104,0.13322762,0.019033678,0.012887195,0.08561713,0.0025861168,0.1276987,0.04999454,0.02635109,0.028176814,0.47736722,0.02808537,0.04012913
10951,0.13456663,0.41262782,0.20231508,0.13120873,0.5817222,0.016833736,0.10080886,0.43824968,0.48592386,0.20996381,0.00927471,0.12670106,0.012493687,0.13726586,0.14001593,0.014772236,0.005989529,0.33760038,0.07021298,0.034838025,0.25274527,0.027463773,0.07257179,0.083895914
10952,0.0021112422,0.0047084102,0.0005942686,0.010064068,0.75688285,0.008480181,0.003779521,0.66061723,0.010101964,0.00680542,0.0012305195,0.0019845727,0.003289344,0.027725533,0.0071489625,0.0033804383,3.6779253e-05,0.6374847,0.0029226327,0.002126632,0.0045025176,0.016220096,0.004655689,0.0031804417
10956,0.022631804,0.008980797,0.000409132,0.0002399528,0.9969855,0.5735666,0.00039411156,0.06107781,0.03406495,0.0023158742,0.00055360503,7.5357144e-05,0.0050685015,0.0012874859,0.0014177753,0.0046282634,3.3392906e-05,0.022638189,0.0009343308,0.0011541009,0.009938169,0.031030122,0.00011400514,0.0019714267
10963,0.31455404,0.10535036,0.0068619675,0.0019552798,0.34417284,0.24752514,0.00095737557,0.113232434,0.014082012,0.03713385,0.009872064,0.003944371,0.7487258,0.0014021372,0.003467357,0.23754963,0.0006109571,0.043838475,0.31917053,0.010214203,0.002388328,0.81332135,0.0040926477,0.015120805
10965,0.10475742,0.046579506,0.010118298,0.061132014,0.38194543,0.4500445,0.037533097,0.6939882,0.022796031,0.017403495,0.040813256,0.029382247,0.05747503,0.024009008,0.019012645,0.051630177,0.0037187852,0.13282822,0.019705268,0.023599146,0.03873502,0.31083125,0.029209578,0.06360668
10967,0.00015633869,8.810031e-05,1.8398323e-05,0.00063289807,0.90946454,0.010233784,6.909158e-05,0.7914159,0.0011719647,0.0038642867,0.00179745,3.6100973e-05,0.0023183632,0.005763014,0.0040895008,0.029815022,1.6426037e-06,0.9318541,0.00014044195,0.00048439341,0.00034857585,0.022907415,0.00016906415,5.5703225e-05
10969,0.00090097834,0.0015997231,0.00019465439,0.005376211,0.9571055,0.0029903387,0.002623252,0.6869407,0.00869033,0.00210446,0.00016016634,0.0005047272,0.00010231488,0.010969882,0.008340174,0.00025568128,4.6000478e-06,0.7115371,0.0005115092,0.00030939878,0.013183669,0.0007979581,0.0014239332,0.00077293435
10972,0.07910929,0.064229846,0.008932734,0.011503492,0.5739236,0.73552173,0.004095765,0.3967979,0.06440116,0.14004037,0.097767554,0.007183772,0.06354203,0.02369624,0.017115925,0.2476518,0.0018028737,0.15550902,0.00454995,0.020174932,0.020634634,0.46144766,0.010476044,0.029215703
10973,0.009000799,0.017835176,0.010548499,0.09639031,0.43091124,0.026273353,0.030504577,0.8733232,0.024039946,0.026590772,0.018432604,0.036716126,0.0046551717,0.06371488,0.04514364,0.009886434,0.0007994472,0.71439743,0.007573452,0.010348194,0.06921027,0.029475562,0.04759886,0.024509527
10977,0.01558757,0.09375652,0.035788853,0.012420158,0.96041656,0.039151184,0.009988454,0.105701454,0.3603325,0.075061105,0.0026490453,0.0034670227,0.01875766,0.11455028,0.14984427,0.01109251,0.0005739215,0.43603414,0.009491347,0.008085065,0.021044744,0.016643165,0.002517233,0.012778897
10979,0.01706466,0.06781887,0.023854557,0.15824005,0.26056135,0.04793961,0.1000427,0.797985,0.05149905,0.07039817,0.025871888,0.103509,0.027656129,0.13377464,0.024517072,0.040654417,0.002797332,0.19146496,0.017063476,0.028017068,0.053991582,0.07921603,0.03719627,0.061731867
10982,7.967686e-06,0.00054091954,2.9563915e-05,0.00027651488,0.051513135,9.461867e-05,2.1383765e-05,0.9961208,0.00336583,0.011978671,4.7610138e-05,6.089661e-05,0.021798683,0.008720362,0.00022159632,0.0027877395,2.1961228e-08,0.16892582,0.00031039322,4.9577047e-05,0.00012945307,0.016893333,3.4118522e-05,2.6841675e-05
10983,0.0043404545,0.035936244,0.0024912995,0.001996498,0.97622055,0.007300929,0.0037175564,0.16245009,0.06376269,0.008626269,0.00022673835,0.001072716,0.0045959763,0.019131271,0.013984375,0.0016898857,3.1842428e-05,0.40044293,0.0034260706,0.0015613313,0.0046024234,0.0042043333,0.0007550933,0.0015156197
10985,0.22193873,0.31434065,0.06375764,0.028334016,0.4000209,0.20515117,0.03084062,0.26845634,0.1641172,0.058764964,0.013502549,0.03796811,0.13500239,0.04029358,0.034257848,0.017850854,0.002617074,0.11746324,0.042167302,0.023923742,0.071385875,0.1535579,0.022363752,0.13798867
10987,0.020266622,0.025245514,0.027216217,0.17144671,0.5943413,0.100075915,0.27081665,0.4955639,0.0361367,0.030382503,0.024339626,0.051793277,0.03949105,0.34184772,0.07080728,0.046327677,0.0076088686,0.2739378,0.028059589,0.051781215,0.050763816,0.08457865,0.04203013,0.02523982
10994,0.008474446,0.02239042,0.0070865173,0.0010724294,0.9916094,0.010369087,0.00048549494,0.04341489,0.13793239,0.025997369,0.00031283408,0.00020229911,0.0055553433,0.020869616,0.14557183,0.006851074,4.4895143e-05,0.80209607,0.007184792,0.0032425416,0.0037989807,0.011744308,0.0003744312,0.0007449779
10999,0.88919353,0.0139206285,2.649355e-05,1.6769809e-05,0.082919106,0.94224113,1.0309111e-05,0.15554726,0.00014993215,0.00036297657,0.0030005379,4.626979e-05,0.15891768,3.939393e-06,6.134432e-06,0.12642214,3.9959223e-06,0.0009518267,0.017174372,0.00010565712,2.6114447e-05,0.98988324,0.0001237961,0.0009380039
11003,0.01947792,0.104937375,0.010990114,0.027064186,0.8863485,0.035621352,0.022403475,0.31456262,0.049773425,0.0059246463,0.0019051707,0.028700238,0.0012484394,0.018797385,0.03348507,0.0027815427,0.00019266058,0.26050013,0.00664968,0.0032274523,0.01457964,0.020764943,0.12732625,0.014343157
11006,0.18571597,0.06671598,0.0049577267,0.004075904,0.95620865,0.5299928,0.0008702712,0.24384198,0.10214025,0.041400634,0.02308177,0.0018085471,0.015644033,0.012459289,0.024093075,0.07454202,0.00085061457,0.17815575,0.009745391,0.008786734,0.04278905,0.24232577,0.00560258,0.02064257
11007,0.040520467,0.064691104,0.022715833,0.03204807,0.8605719,0.19722958,0.08041799,0.23440693,0.13171299,0.09224658,0.018597005,0.013623923,0.14954071,0.107520774,0.03359529,0.076378554,0.0047976114,0.1260923,0.033118024,0.028553342,0.059823345,0.14830917,0.006615639,0.029494064
11008,0.26956835,0.104452476,0.017286073,0.0036181547,0.80302954,0.18784752,0.011198237,0.05207508,0.07423303,0.100771196,0.008708757,0.005637935,0.7132482,0.011325901,0.007862058,0.16997103,0.001872454,0.06346788,0.38979626,0.021071801,0.007077544,0.452123,0.0047178157,0.016131934
11009,0.030771632,0.06400503,0.0240889,0.03462984,0.6968416,0.006430311,0.06483121,0.44807014,0.042529654,0.031004613,0.0018976533,0.017611936,0.01883134,0.030561706,0.025013806,0.0064764824,0.00069751544,0.40919042,0.16439018,0.011215462,0.0112201525,0.025632694,0.018523706,0.009514937
11014,0.15879244,0.44397798,0.07865676,0.0043349867,0.9558867,0.027341956,0.0032849493,0.06061145,0.38048124,0.123024516,0.0018941739,0.0061093266,0.026859103,0.05809143,0.17650524,0.0154003035,0.00060391315,0.48115247,0.08552277,0.015744986,0.012562339,0.049967088,0.009423497,0.023917768
11016,0.37228942,0.05236992,0.008787237,0.05284602,0.36417276,0.7032621,0.041122045,0.54018736,0.013338407,0.015779993,0.06544118,0.032744996,0.112854965,0.014721364,0.009423622,0.08905128,0.0052369693,0.05820363,0.03438765,0.024291454,0.027960114,0.59672546,0.03296943,0.12132023
11017,0.018432809,0.06840561,0.06053556,0.33404619,0.16525728,0.036184207,0.730343,0.50896055,0.032780834,0.032647137,0.016682599,0.2739505,0.035515174,0.7301309,0.118164666,0.027043676,0.006068562,0.12258233,0.029444626,0.03608884,0.08756602,0.06949203,0.10777032,0.099597916
11023,0.01563768,0.013491224,0.0044820695,0.0454863,0.6942569,0.0688204,0.02773459,0.650056,0.016663227,0.013734624,0.0065621845,0.010629069,0.009828297,0.048512008,0.01742408,0.015562339,0.00066742994,0.3120463,0.005398532,0.0127204675,0.02302201,0.048550233,0.019472731,0.010303195
11027,0.025453866,0.0120763555,0.002093929,0.019466458,0.9139546,0.21439563,0.0022791417,0.56876755,0.021933896,0.012693189,0.0059760944,0.0048020873,0.0013632196,0.026818294,0.025351647,0.0020063948,0.00016103892,0.41244185,0.0013828138,0.003064524,0.07589497,0.029723741,0.0058967853,0.01899036
11032,0.0003234322,0.00010646439,1.3658489e-05,0.00072184583,0.8821081,0.049927577,2.291999e-05,0.83895916,0.001181807,0.003166122,0.0013907837,1.8794355e-05,0.0004586951,0.0037741673,0.0016015724,0.012984623,2.2635188e-06,0.7706642,1.0205528e-05,0.0003560082,0.0008593528,0.017089577,4.0266816e-05,0.00014478352
11038,0.096594825,0.02063185,0.008614191,0.2514728,0.09080591,0.44651008,0.47130996,0.68151397,0.003495751,0.006025209,0.04933744,0.19689307,0.011879734,0.043003302,0.005640355,0.06081662,0.0022188986,0.05409861,0.011049347,0.011220343,0.023685906,0.38569665,0.15344048,0.04815993
11042,0.0021643485,0.0014670605,0.00042482687,0.0037526013,0.5977229,0.101177305,0.0025044077,0.6852859,0.005188281,0.01027622,0.007923337,0.0009416076,0.09165386,0.0080479905,0.0043278607,0.061408337,0.00011157677,0.17782632,0.0010269999,0.0036958437,0.0046802806,0.18149339,0.0006962641,0.0046379655
11046,0.013682062,0.09102562,0.007384075,0.026456855,0.45108256,0.05982655,0.0018962658,0.6636044,0.042134844,0.055953834,0.007266413,0.016012356,0.071501054,0.033367153,0.016691228,0.03186151,0.00025175745,0.17671768,0.008630091,0.0072028046,0.010917239,0.17473888,0.011271785,0.019909762
11047,0.3059236,0.6746805,0.11019194,0.001368598,0.7648622,0.013881266,0.0018504172,0.07885342,0.4179949,0.38455224,0.0010158098,0.0055638826,0.16282621,0.014974105,0.016297372,0.01701755,0.00036143913,0.087432094,0.27322063,0.008365401,0.008565697,0.08456089,0.0028656174,0.028695872
11048,0.0057739723,0.009080251,0.0010906922,0.009764244,0.12776513,0.08608146,0.0013042559,0.9071653,0.0047233673,0.026363391,0.01923317,0.002994769,0.10684193,0.0044036107,0.00085270597,0.1267865,0.000108898974,0.049549572,0.0048266496,0.0075932215,0.0034045076,0.51537585,0.0034463378,0.010362929
11051,0.4722863,0.8250941,0.0686821,0.00091974257,0.33730042,0.001617074,0.00027113908,0.0897383,0.15140471,0.20068154,0.00010456162,0.029093463,0.024374017,0.0013104449,0.004919896,0.00065054465,1.111227e-05,0.019791987,0.05474141,0.0009879783,0.001981058,0.033146683,0.038139503,0.029804915
11054,0.23237915,0.2936755,0.05138454,0.06837336,0.16184427,0.08231342,0.012172532,0.66882825,0.0651238,0.3527303,0.067079,0.119959414,0.09489197,0.024531672,0.025121186,0.14470235,0.0036769086,0.32275414,0.08793441,0.02320536,0.034832608,0.33687106,0.15630668,0.09349634
11055,0.3212543,0.29598847,0.02469944,0.007942607,0.3319982,0.08421506,0.0030403144,0.5135367,0.06845805,0.027768526,0.0038905093,0.019150507,0.031480394,0.0045878403,0.008422036,0.0044501177,0.0004997889,0.044581186,0.020693202,0.0077611674,0.027201068,0.14155075,0.026906596,0.142064
11061,0.25935984,0.59674764,0.1440594,0.0104428595,0.40224785,0.027634146,0.016653173,0.057421073,0.35659266,0.40008503,0.0013769657,0.051477928,0.10546936,0.02211339,0.018805798,0.0077677732,0.00047432273,0.06742911,0.030524565,0.005606356,0.02266913,0.032693096,0.009772348,0.04604025
11063,0.18697445,0.03799407,0.007955369,0.010472022,0.28884003,0.5377947,0.012270877,0.5773825,0.015324441,0.028303837,0.034045193,0.008699056,0.090456426,0.011137826,0.008882834,0.22467925,0.0015411284,0.050626773,0.01794971,0.01546486,0.011666914,0.6179378,0.009889311,0.026603637
11064,0.07696724,0.20494822,0.033725377,0.0033645935,0.9167658,0.069079585,0.0047717583,0.11490399,0.22474894,0.04294547,0.0030816728,0.0058151693,0.06689204,0.014973951,0.024005791,0.0053451015,0.0005974083,0.15045871,0.07012184,0.008595793,0.0360141,0.051280264,0.011059225,0.023058869
11068,0.0997085,0.17103168,0.024721108,0.03387559,0.42505822,0.19797175,0.013144178,0.53432965,0.08568515,0.05374813,0.028113294,0.055507313,0.046337467,0.0723533,0.065868706,0.05122842,0.0022740003,0.39501488,0.01113362,0.024182722,0.027437497,0.21896316,0.10333425,0.09414693
11071,0.082598105,0.11269158,0.07333163,0.18573137,0.4274276,0.09800702,0.33843875,0.255824,0.104406916,0.11264601,0.025004763,0.11047055,0.22479042,0.15042326,0.038607366,0.10171564,0.011777278,0.1096955,0.113820456,0.0656906,0.04899112,0.16999933,0.040921092,0.051503092
11074,0.00037227233,0.0037875748,0.0011029693,0.0024353596,0.9273859,0.00089207647,0.009570574,0.27009642,0.030074608,0.00684913,0.00020452368,0.00031938718,0.0019443859,0.020221531,0.011335244,0.0010147755,1.1970132e-05,0.19651759,0.0018881912,0.0011609652,0.0149453515,0.0026698431,0.00047658925,0.0022154248
11076,0.0066717337,0.03342007,0.008429967,0.025223805,0.28420952,0.054070484,0.012656843,0.88852555,0.03482451,0.04151793,0.025716746,0.019279225,0.06619203,0.07817265,0.021691822,0.044812463,0.0005517445,0.2984579,0.004951375,0.0114778355,0.026930977,0.19245012,0.0116894515,0.032308325
11080,0.0557686,0.02549855,0.0028101027,0.00993367,0.20474009,0.45728338,0.006346158,0.779114,0.012074018,0.01338529,0.02991541,0.008107493,0.13702403,0.009951822,0.0024818743,0.19129857,0.00084899354,0.037103225,0.018524237,0.010755824,0.005318637,0.68464303,0.005769854,0.016103342
11085,0.20106772,0.54763806,0.034852337,0.01817561,0.48390076,0.09429445,0.013836802,0.3827544,0.06257595,0.016795691,0.0039220112,0.045897163,0.028369686,0.0123192165,0.016592594,0.011548453,0.0011234911,0.048988722,0.061522447,0.0117126,0.011419906,0.18217571,0.09301141,0.11235471
11090,0.011582953,0.006607719,0.003505483,0.0188902,0.3705073,0.11161848,0.0060686683,0.5843446,0.011320413,0.06355681,0.04336165,0.004349009,0.22267516,0.032192502,0.021129448,0.24674682,0.0009335708,0.58099556,0.014972909,0.023998668,0.0069241202,0.3274418,0.004112379,0.011460075
11091,0.00095235364,0.016623791,0.0031583388,0.00525493,0.92215675,0.0017703755,0.00043432976,0.45326394,0.109073706,0.07832924,0.00068426464,0.0010899917,0.0003517911,0.043490846,0.12332826,0.0018774486,1.4878072e-05,0.97293025,0.00065931305,0.0017700335,0.010030618,0.0022726797,0.0011317137,0.0007690467
11092,0.05416094,0.24665435,0.07328269,0.25855526,0.40589857,0.082335226,0.5717133,0.39584833,0.1196516,0.11899719,0.025026193,0.17880179,0.04506715,0.43575898,0.060194813,0.056439783,0.010523633,0.19365604,0.06335991,0.045481004,0.048388038,0.06314249,0.057153706,0.07793592
11095,0.018487835,0.0011493815,0.00024080995,0.0013656353,0.8332932,0.52136636,0.00017667135,0.44939512,0.0024784568,0.010791962,0.016541235,0.00010698228,0.07214199,0.0015446382,0.0029741547,0.10998518,7.0233364e-05,0.2054124,0.0029236448,0.004315034,0.0026614484,0.63373053,0.00054818444,0.001684932
11096,0.0082206065,0.046147384,0.032935716,0.2000163,0.59310544,0.051467292,0.67215735,0.2820805,0.043235265,0.034622252,0.007639921,0.06921526,0.022349358,0.7173426,0.072474726,0.0231441,0.0033254987,0.11383111,0.016851224,0.022157224,0.03796777,0.027213762,0.016415268,0.021147238
11100,0.0068237735,0.009314157,0.00033435828,0.007978316,0.731117,0.12765025,0.0020789842,0.6888055,0.0033604756,0.007417124,0.015353529,0.0012619009,0.0062292754,0.019179989,0.0059590745,0.04647821,7.843438e-05,0.4535442,0.0023927402,0.0015962556,0.0038165697,0.15218866,0.0013585524,0.010786847
11103,0.1340696,0.08244743,0.02879548,0.34257677,0.0854505,0.25621018,0.3906198,0.7364195,0.018625876,0.050058074,0.11105995,0.35073334,0.07634713,0.09769099,0.019092403,0.09436803,0.009541127,0.082016796,0.04430478,0.034662552,0.0795844,0.33843875,0.23776343,0.114298284
11104,0.49933353,0.07596474,0.0063163787,0.013184064,0.68118054,0.690554,0.012566094,0.38445756,0.012099006,0.0075851013,0.02024736,0.008702711,0.020210572,0.0063350573,0.010319714,0.052063458,0.0022438767,0.107058175,0.027850263,0.0121937655,0.02408422,0.47913477,0.025426919,0.040598482
11105,0.4470385,0.00073553534,1.145244e-06,0.00026606282,0.20809601,0.9991793,1.256417e-05,0.4972814,1.3192744e-05,1.2991829e-05,0.011019207,7.055714e-05,0.0015095279,4.2867896e-06,8.027123e-06,0.018736774,1.1325634e-06,0.004287884,8.588812e-05,6.5124856e-05,3.4467335e-05,0.9784276,0.0003922382,0.001400183
11106,0.0031826484,0.007900355,0.001825142,0.0070224935,0.8951791,0.032335218,0.0045495117,0.33272955,0.023208123,0.018544415,0.0046722596,0.002015999,0.069307216,0.038128003,0.025711644,0.018548017,0.00027485454,0.5103987,0.007234753,0.008980988,0.013997689,0.04768053,0.004455692,0.004847583
11109,0.0058143293,0.016250895,0.012742446,0.13915491,0.26133624,0.01998259,0.9304981,0.22297917,0.01122771,0.013457692,0.0023061892,0.04930876,0.012650473,0.30041838,0.014985017,0.005566118,0.00058285333,0.08681027,0.010195442,0.006142768,0.013549516,0.011671551,0.0130723035,0.01381415
11111,0.023474194,0.0043865074,0.0003445124,0.0021600905,0.8927032,0.569788,0.0012759344,0.21524186,0.003387805,0.0052980417,0.0107304035,0.00071968837,0.05337659,0.005519736,0.005440173,0.10844692,0.00015173818,0.25460392,0.0073507484,0.005758546,0.0013910759,0.44907755,0.0008660243,0.0037962985
11112,0.21949445,0.59423745,0.20481706,0.004783928,0.20192893,0.028483456,0.0069417898,0.22124039,0.4372532,0.5495602,0.0044097365,0.0143301515,0.35135454,0.018069623,0.028424963,0.09245937,0.00073135766,0.049061462,0.21890464,0.01694132,0.011507353,0.2268837,0.005782091,0.038171377
11118,0.011879126,0.01759715,0.0047253114,0.036296293,0.8137996,0.07981517,0.009132119,0.56074226,0.031224567,0.015958821,0.012715259,0.0095643485,0.0046168263,0.049204987,0.08584445,0.013847627,0.0006911257,0.6905477,0.0058238604,0.010489483,0.02791849,0.042298008,0.013102963,0.0114385635
11119,0.011610099,0.015224096,0.0063680224,0.06433973,0.7985185,0.05893244,0.0069105136,0.613201,0.043145325,0.029819984,0.011564864,0.010674293,0.008662478,0.084080525,0.062530845,0.010111948,0.0006428301,0.6861284,0.008135325,0.01708148,0.04029533,0.03561395,0.008990346,0.015026904
11122,0.5108794,0.090241894,0.011134255,0.015384529,0.3486073,0.29121533,0.020199552,0.24884263,0.020218382,0.033809025,0.020265361,0.020371238,0.24639176,0.006808327,0.005129379,0.1533178,0.0029212686,0.06588908,0.44618368,0.015594485,0.0075238836,0.64581764,0.014434191,0.025752522
11125,0.018985972,0.01831801,0.0036321867,0.013338777,0.8849474,0.31045327,0.0043382547,0.44785306,0.024385126,0.017324854,0.024853056,0.0047074333,0.031415842,0.03106287,0.06178822,0.038626414,0.0011423047,0.5989399,0.006118593,0.016608639,0.017959472,0.10345646,0.010717074,0.020795416
11127,0.18037234,0.10383241,0.034571167,0.08057858,0.38652837,0.7344667,0.092580706,0.56933177,0.07137044,0.04527491,0.110824645,0.05291717,0.0966254,0.033144932,0.019537654,0.20552513,0.013242726,0.10545717,0.051516443,0.04861962,0.069398776,0.38224593,0.04060967,0.070872776
11129,0.009322243,0.0100766895,0.002330448,0.01650991,0.06925674,0.029936802,0.037955068,0.62055457,0.0046632714,0.004815807,0.005436495,0.0324811,0.5588642,0.06732387,0.0019901358,0.014656953,0.00025045883,0.015493134,0.020960769,0.0045074336,0.009186546,0.26039055,0.005322877,0.023695715
11139,0.00069873,0.0016748272,0.0002518597,0.0031094414,0.9856868,0.013916622,0.0002916683,0.48885584,0.010477844,0.004955389,0.0015125652,0.0003015849,0.00033611356,0.012655097,0.029114734,0.005607729,2.621043e-05,0.93105674,0.00027737196,0.0037595371,0.0062496318,0.0053605884,0.001383641,0.0005816532
11143,3.6332406e-06,1.8350784e-05,1.6655775e-06,0.0013018246,0.9844667,0.014863036,0.00018434304,0.9277928,0.00040855823,0.00012227423,6.8409296e-05,6.212901e-06,7.70914e-05,0.0014511955,0.00014889058,0.00034333763,9.278544e-08,0.30909356,6.9247967e-06,2.9810504e-05,0.00094531645,0.001337079,1.5286943e-05,9.81932e-06
11145,0.54225314,0.29008743,0.009809535,0.03608331,0.039500978,0.006191194,0.0015421625,0.9316557,0.007742243,0.005054706,0.0045512808,0.17280078,0.00020813497,0.001332444,0.005513516,0.0016586982,4.50908e-05,0.45479795,0.0133024575,0.000977462,0.014061592,0.14923081,0.8361995,0.103340864
11153,0.011658373,0.004357066,0.00094947265,0.0029994638,0.8570805,0.081560515,0.0006752532,0.8109647,0.014286841,0.008890712,0.0023529518,0.0006311352,0.0058401055,0.0033521082,0.003771083,0.011458424,7.094663e-05,0.22321945,0.003803576,0.003856318,0.012669207,0.06965034,0.002462631,0.0017360308
11155,0.026378531,0.033615693,0.009137968,0.080435924,0.38842785,0.11607138,0.03432051,0.8449203,0.024094008,0.021607652,0.03602024,0.053406667,0.01061389,0.041887328,0.02397542,0.03249452,0.0017209108,0.43293333,0.012868604,0.014495887,0.02857724,0.11230238,0.07137503,0.027406048
11157,0.18874133,0.022178767,0.002455794,0.017349662,0.8365953,0.8808109,0.015825007,0.36170396,0.014580682,0.007911504,0.029609555,0.005989788,0.052230533,0.016314926,0.008651208,0.10449365,0.0023456616,0.108042724,0.021533018,0.014944257,0.018407008,0.34290996,0.005987883,0.0114643285
11158,0.10060096,0.014452212,0.0025407728,0.041123375,0.37667397,0.84669536,0.024183333,0.7327383,0.008510188,0.01048318,0.14716975,0.016979076,0.009431045,0.010150496,0.0043723695,0.15332101,0.0020731466,0.12709618,0.0069474126,0.009956695,0.026180685,0.5378408,0.014335272,0.032562032
11165,0.6136253,0.1668414,0.035596102,0.027738478,0.5632906,0.28469732,0.03785165,0.1588578,0.06507629,0.064503,0.015990086,0.02128237,0.08508446,0.01827721,0.019140435,0.058959723,0.0050573777,0.07975846,0.11411684,0.022380391,0.029103823,0.42428568,0.021526828,0.057259295
11166,0.0055625797,0.020728897,0.0020138687,0.0031356553,0.8970747,0.08952578,0.0009627752,0.6536567,0.08551695,0.013357183,0.002799649,0.0018155599,0.0058884807,0.006255337,0.0065170596,0.0040953737,5.2302865e-05,0.20323783,0.0019273998,0.0012366087,0.042718396,0.042027347,0.0008994644,0.009694792
11172,0.32537952,0.026502818,0.0008926874,0.00897713,0.6352637,0.95735824,0.0044845445,0.66571236,0.003513334,0.0022473477,0.078511626,0.006243424,0.00922818,0.004078628,0.003766151,0.05678962,0.0008988381,0.0548739,0.0036585808,0.0071441485,0.013955645,0.66221637,0.009481149,0.04175082
11175,0.00060196244,0.005252976,0.00042685962,0.023051215,0.71310806,0.0039321952,0.001402469,0.7322798,0.0037989502,0.004502368,0.00096778973,0.0020464913,0.00021109467,0.04370306,0.037757542,0.0014937076,9.671227e-06,0.9506526,0.0006431641,0.0007492251,0.0019000418,0.0052681617,0.0037217457,0.0009515587
11180,0.35183063,0.042840842,0.0024126067,0.006721909,0.15788352,0.12630086,0.0023343994,0.66965044,0.0051324484,0.00795637,0.00552603,0.0056286003,0.04926074,0.0024017664,0.0016045085,0.064607605,0.00038799047,0.044400126,0.04789952,0.004985041,0.0039907405,0.7836046,0.015990304,0.01524399
11182,0.02436158,0.01828571,0.004980436,0.0006684211,0.13336083,0.01916245,0.005492104,0.045995224,0.006424963,0.053493857,0.0025047378,0.001300241,0.9871936,0.0037487815,0.0006906404,0.17280746,8.215936e-05,0.010543951,0.6147733,0.009959291,0.00059512566,0.5555128,0.0003198406,0.001942367
11193,0.035317652,0.035824034,0.0067218742,0.26966983,0.13174115,0.32217437,0.3319841,0.7291566,0.0056385174,0.0076604397,0.038681984,0.19933842,0.0043771113,0.053297978,0.007747619,0.020101571,0.0011355354,0.102922484,0.004918035,0.0069135088,0.029942155,0.10971817,0.09956344,0.0686944
11197,0.11870246,0.0318117,0.006324848,0.035355944,0.23559904,0.74068946,0.03820938,0.66107154,0.010697457,0.0128511395,0.07925496,0.019029645,0.1370413,0.012484659,0.0056540347,0.31043327,0.0034049833,0.04335432,0.046694193,0.01893095,0.015853968,0.7408811,0.014595747,0.027822314
11199,0.025965117,0.016805144,0.00023235405,0.0006817127,0.9325004,0.16512454,0.0004819317,0.18636215,0.003232933,0.0005988525,0.00029864302,0.0002584486,0.0004966846,0.0015692293,0.0010093321,0.00033690577,7.3119486e-06,0.02310999,0.00019816945,0.00027070026,0.0067468164,0.019087683,0.00025800517,0.031369414
11201,0.8603693,0.33962074,0.004702055,0.013040758,0.066964194,0.34476256,0.0017435239,0.6807127,0.006286556,0.013910331,0.0151341045,0.08463965,0.0053363624,0.0008794474,0.002368286,0.0073013883,0.00019437377,0.06478406,0.026164472,0.0018692395,0.004657032,0.56925845,0.08948678,0.1682213
11202,0.25115016,0.048101015,0.008136122,0.0073664216,0.36050296,0.37075582,0.0055891196,0.34932107,0.024756432,0.03744613,0.036287885,0.006515359,0.40249836,0.0074025863,0.0072954223,0.12370612,0.0023177234,0.042771935,0.06431656,0.015752206,0.021443833,0.6544045,0.007738533,0.036300037
11204,0.08812774,0.4027254,0.27466893,0.17874783,0.36976907,0.03358836,0.31499004,0.4395285,0.3202681,0.14463401,0.016852068,0.2389624,0.037837468,0.19859292,0.16218308,0.020815263,0.009287097,0.25926974,0.09332955,0.047263764,0.15667588,0.048589952,0.13134578,0.2286476
11213,0.47600862,0.038122006,0.0015031357,0.0036449684,0.34776974,0.8145516,0.0011669579,0.4542328,0.005046238,0.008750949,0.026627159,0.0024557987,0.03749153,0.0019418094,0.0014374878,0.16899434,0.0006898373,0.019576693,0.01564267,0.008090707,0.0035134072,0.8234391,0.00880198,0.012644352
11216,0.062466633,0.017107487,0.0030088169,0.018646596,0.34064028,0.4594086,0.0504216,0.54004806,0.0068065864,0.0065694246,0.019204836,0.0076374887,0.028583221,0.013617837,0.0038176808,0.23359229,0.0009892847,0.06256756,0.028606785,0.011950329,0.0052216044,0.5795006,0.005634642,0.010567651
11217,0.3752333,0.2664838,0.019688984,0.0026528682,0.83085585,0.6452103,0.0024513952,0.25063175,0.22980449,0.018262858,0.0046593077,0.0041017556,0.005761143,0.0049199658,0.008263262,0.008306822,0.00029552175,0.02277935,0.0047919094,0.0032833915,0.0304242,0.14318952,0.0023715352,0.03866723
11218,0.0010943688,0.0013402004,0.0003007984,0.008494849,0.290379,0.003062312,0.011225159,0.940219,0.0061836233,0.0027492633,0.00040884558,0.0010628822,0.0018369823,0.014028937,0.00044414302,0.0009903819,6.4989526e-06,0.13875692,0.00080599025,0.0005107645,0.0052411584,0.0073961634,0.0016964457,0.0013413504
11219,0.002272831,0.00048289666,0.000250703,0.0037412485,0.97761166,0.06762468,0.0005085126,0.54295194,0.020112261,0.06158912,0.0029154732,0.00010564866,0.011569411,0.0093332445,0.0034353535,0.009182893,3.353773e-05,0.31428838,0.0010811774,0.002827075,0.097216114,0.015601249,0.0002494693,0.00027396105
11220,0.3172263,0.10574869,0.0038809911,0.00095303135,0.20224264,0.5425931,0.00073620264,0.1760044,0.019868486,0.03309677,0.011894101,0.0014736259,0.13404079,0.0006046731,0.0009886523,0.16375378,0.000185096,0.010036533,0.02941909,0.0029858653,0.0033442844,0.74006915,0.0022767563,0.016863687
11222,0.23246378,0.57374305,0.087834865,0.02517222,0.17758009,0.017263928,0.002161862,0.5932417,0.16103153,0.26996997,0.012296344,0.110914096,0.014431627,0.0127866585,0.05817214,0.023514431,0.00049945316,0.49873558,0.033223625,0.0111932745,0.02677961,0.16022843,0.1142772,0.076610714
11223,0.012586554,0.03196433,0.0120854275,0.0042356523,0.81564796,0.084075,0.02290301,0.08804476,0.051202793,0.0419099,0.0047526797,0.00447601,0.48335248,0.053737994,0.027500492,0.06064183,0.0012097791,0.081260495,0.03923006,0.018022409,0.018383423,0.1311447,0.0022194856,0.013661056
11226,0.83663946,0.27542514,0.00960917,0.0020269162,0.14347972,0.38333187,0.00033558154,0.24288277,0.022224337,0.070429385,0.005959433,0.0028656842,0.1747937,0.00039370035,0.0035553086,0.10777628,0.0002875962,0.041546214,0.20690098,0.0028381327,0.0008470147,0.84012926,0.0043712114,0.017307691
11228,0.23960496,0.10830377,0.014870228,0.0010504698,0.14414391,0.020476962,0.0049081,0.076222815,0.017933058,0.03518782,0.0010279008,0.0024077378,0.4636683,0.0004041194,0.000759088,0.08320392,0.00011906025,0.0063078213,0.65459263,0.002758569,0.00096079806,0.6516603,0.0025214413,0.0065299813
11230,0.16611911,0.5051565,0.045802288,0.010533166,0.33063903,0.010003361,0.008668693,0.30299562,0.12354036,0.15667,0.0015870422,0.053810515,0.030690255,0.016010312,0.013841175,0.003720054,0.00023758814,0.06520203,0.0729343,0.007264064,0.013407878,0.060125872,0.065886445,0.06544976
11232,0.073399544,0.2255624,0.07219271,0.0843919,0.49170056,0.006100117,0.06147304,0.32015973,0.20466027,0.1697258,0.005805174,0.063696176,0.013880007,0.11674071,0.15986112,0.010178278,0.0014614962,0.66319215,0.0632356,0.013787503,0.039614845,0.018926686,0.051670548,0.042850416
11242,0.007724924,0.014406912,0.0030056445,0.0025185205,0.9921623,0.085235015,0.0020270534,0.16727409,0.07478072,0.009189142,0.0023223776,0.0005517237,0.008234045,0.010395533,0.0139587615,0.008685341,0.00020363402,0.10793554,0.0059685474,0.0045733387,0.0768568,0.020657832,0.0010732705,0.0022923637
11244,1.9168436e-05,0.00031954254,3.6026206e-05,0.0020789295,0.9598529,0.00017238062,0.00020293528,0.6946405,0.0014849077,0.0014089369,7.700389e-05,7.304027e-05,2.075174e-05,0.017662622,0.013396956,0.00015105808,1.5548868e-07,0.98939544,8.683725e-05,9.356086e-05,0.00024519596,0.00026780815,0.00024446298,5.4679927e-05
11246,0.053799704,0.11214586,0.02245465,0.0030756183,0.8328596,0.09907431,0.011397819,0.061280034,0.06600124,0.048458815,0.0048675346,0.0036160473,0.69297755,0.025464384,0.03030385,0.08757415,0.0012391226,0.17381199,0.2181697,0.016186394,0.0066178464,0.2577956,0.004173289,0.0170187
11247,0.05607326,0.099476576,0.0062811514,0.005589329,0.7489479,0.088712364,0.00076229,0.72135544,0.13437495,0.020549076,0.0026310976,0.002887907,0.0010428862,0.0079037165,0.014374896,0.002056066,6.98338e-05,0.29600146,0.001557118,0.0017905836,0.055115562,0.022053842,0.008086613,0.02000977
11252,0.08438668,0.095029876,0.036505695,0.30045635,0.10361606,0.06212861,0.60418725,0.63529295,0.03748268,0.021371946,0.010713146,0.27568373,0.0082743745,0.073953986,0.020745106,0.0063528996,0.0020207008,0.086534195,0.022274796,0.013350409,0.19418895,0.03455596,0.16955729,0.0815588
11253,0.0061347047,0.016898451,0.0008868677,0.016014555,0.62884974,0.13975675,0.0020485178,0.73972005,0.011115806,0.04740815,0.051926166,0.0032380726,0.025139533,0.04207965,0.007833644,0.15065101,0.00029774779,0.31780896,0.0033889855,0.0077518467,0.004582315,0.36181638,0.0056948187,0.01607634
11254,0.03347811,0.060486887,0.008656604,0.017382517,0.7534212,0.07246248,0.00461618,0.6715976,0.08213271,0.046114925,0.009319935,0.0074211936,0.016328903,0.077574626,0.022834482,0.015986469,0.0006135792,0.21482077,0.005265424,0.011416134,0.03673283,0.060591187,0.006054072,0.029552046
11257,0.2787485,0.06070421,0.01085631,0.04282836,0.59235126,0.768901,0.025247088,0.40404025,0.027471447,0.048709568,0.081454456,0.0286189,0.11729922,0.018356588,0.014782073,0.244711,0.006636147,0.14649351,0.03316962,0.03940613,0.017314592,0.5391371,0.02567153,0.03646755
11258,0.015232977,0.09801054,0.010699087,0.0011107789,0.072494276,0.007837429,0.00060748856,0.3596651,0.041632544,0.28090513,0.0055278805,0.0030505282,0.9030012,0.005678507,0.004694986,0.3336871,0.000103218284,0.1567564,0.16213548,0.010271788,0.0008252893,0.42692268,0.001290758,0.002611331
11259,0.023741769,0.019820575,0.010920296,0.07527201,0.67838395,0.27588415,0.029979397,0.7132567,0.035384875,0.035623245,0.08433926,0.017396232,0.03245908,0.10131654,0.047212325,0.06260434,0.0049155625,0.34411463,0.008202922,0.04143843,0.08804261,0.13260241,0.03443883,0.036011763
11260,0.04062353,0.034412447,0.004227595,0.08265455,0.04710108,0.04290159,0.038704153,0.9448393,0.006892855,0.022749122,0.022784924,0.09228479,0.031629104,0.025299184,0.0041203666,0.04635786,0.0006040129,0.11927965,0.019038472,0.007628899,0.011680883,0.24905488,0.119334854,0.02886802
11262,0.0013161594,0.010851458,0.0074134846,0.006470447,0.9005385,0.0038048415,0.0038701775,0.20377916,0.1327517,0.061588954,0.0012035284,0.0011457293,0.008867389,0.42446756,0.112737924,0.011051306,0.00014434957,0.62132955,0.0030304834,0.01064798,0.009385733,0.0102957385,0.00054914795,0.0021740526
11263,0.5697446,0.10754665,0.011577331,0.017847493,0.28246593,0.5965926,0.012215477,0.50141525,0.022544732,0.017522044,0.04199223,0.019185906,0.09198619,0.00616618,0.006363221,0.09903449,0.0031560024,0.05785022,0.07765088,0.016675863,0.016828267,0.72374076,0.039323125,0.055818092
11265,0.0037114858,0.04059165,0.026565464,0.11308806,0.6420174,0.053452544,0.4066258,0.65983796,0.08499293,0.02870697,0.010950458,0.07091111,0.012721365,0.27133033,0.050491415,0.030011239,0.002982089,0.30514354,0.016368994,0.020083899,0.04988921,0.028911013,0.034703285,0.02121808
11269,0.015868774,0.049737293,0.04277156,0.022581546,0.8882118,0.032961704,0.011289906,0.3108119,0.27651536,0.13905317,0.012539941,0.0073610754,0.025061715,0.08447408,0.1330839,0.03887252,0.0016376926,0.66423845,0.021888424,0.019882156,0.065331824,0.03360114,0.006648518,0.010067951
11270,0.05299614,0.75509274,0.27660564,0.009491762,0.9516799,0.009675524,0.0058768024,0.09806826,0.7677819,0.28439057,0.0009902405,0.021374792,0.008336649,0.08075401,0.2503086,0.010430799,0.00042013158,0.40671524,0.03820672,0.012117583,0.026822811,0.010824466,0.016071068,0.023237862
11275,0.19964935,0.10682,0.06427258,0.013098266,0.65966797,0.13242753,0.034630407,0.10757887,0.15271549,0.11071977,0.011736723,0.01217528,0.35656515,0.017259795,0.024617776,0.14229883,0.0044460506,0.05530577,0.4910803,0.037669428,0.017764332,0.31137678,0.007873883,0.017870232
