ID,p_Action,p_Adventure,p_Animation,p_Biography,p_Comedy,p_Crime,p_Documentary,p_Drama,p_Family,p_Fantasy,p_Film-Noir,p_History,p_Horror,p_Music,p_Musical,p_Mystery,p_News,p_Romance,p_Sci-Fi,p_Short,p_Sport,p_Thriller,p_War,p_Western
1,0.0061124135,0.013640171,0.0020991063,0.03039927,0.589831,0.05320741,0.006886206,0.66439044,0.03387392,0.035425432,0.0066815396,0.0067887353,0.01626087,0.016877074,0.027229363,0.024992678,0.00019631718,0.480734,0.006894537,0.0062296405,0.0039728847,0.057575673,0.0033791629,0.007966471
4,0.19001585,0.07790464,0.00495704,0.041147146,0.32134664,0.3212063,0.027677482,0.5533788,0.026043067,0.039815526,0.022508051,0.029184343,0.07222665,0.0031058236,0.006144049,0.10905694,0.000655558,0.12049966,0.059033144,0.012174252,0.005106687,0.36011714,0.02525472,0.04424474
5,0.34510553,0.03270748,0.00013820412,0.018011395,0.16364928,0.7753381,0.0022137307,0.72781277,0.0022740134,0.009937025,0.21431214,0.007889245,0.05737962,0.0002681252,0.0010086937,0.30251604,0.00018988103,0.12162025,0.03245206,0.0010012076,0.00074178725,0.82811964,0.00890658,0.010730248
6,0.4161991,0.11506958,0.0032609983,0.020295536,0.21431725,0.38919005,0.011940334,0.44676638,0.01588998,0.041159254,0.018555462,0.014130708,0.12199155,0.0007194354,0.0019719005,0.14145617,0.00021382535,0.053736847,0.112044975,0.0040677823,0.0014634111,0.54542327,0.015133826,0.032436218
7,0.046105392,0.03013873,0.0024859763,0.0026421468,0.25692013,0.080802165,0.0004696346,0.2609747,0.015656482,0.19081773,0.012244574,0.00034335334,0.8498863,0.00018186911,0.00281151,0.24753097,1.3773399e-05,0.09317804,0.24172713,0.0017516677,3.1191943e-05,0.39784133,0.00018357355,0.0020812112
9,0.10174601,0.32995144,0.18472077,0.052041784,0.5116732,0.016764497,0.09625536,0.3391805,0.35653853,0.2585426,0.0013854955,0.04420243,0.028498717,0.04999096,0.07629769,0.013231074,0.0013383199,0.19522223,0.08322516,0.043120865,0.0331411,0.035828512,0.028881924,0.04588726
11,0.024739398,0.057661798,0.022555338,0.18468075,0.38937047,0.009930679,0.3852938,0.4877737,0.08293091,0.016165191,0.0006063239,0.0703314,0.0006714209,0.3117246,0.08558102,0.0017996946,0.001546672,0.20271744,0.0059376517,0.016507795,0.25637528,0.007122622,0.03463237,0.02867148
13,0.09428754,0.02170807,0.0008654934,0.023453938,0.327172,0.452251,0.0058563873,0.6159457,0.009381699,0.025235243,0.05064892,0.007578002,0.109132685,0.0010627592,0.0030657216,0.17716262,0.00016284944,0.1507046,0.030411908,0.0045683333,0.0010168159,0.47820055,0.0051528555,0.015451529
16,0.0072317123,0.012886965,0.0016815002,0.03088039,0.5683024,0.06933667,0.0068725557,0.6766091,0.02761271,0.030479759,0.008386323,0.0070034666,0.017480295,0.013257172,0.021833649,0.029967863,0.00019659816,0.45460033,0.0070431293,0.0061970153,0.0035864166,0.07229718,0.0036239126,0.008397061
21,0.002157282,0.009127525,0.002065709,0.034251284,0.66180855,0.018059038,0.008633936,0.66624963,0.039521348,0.02527575,0.0023176395,0.0060079913,0.0038830873,0.054406367,0.056485437,0.0069226553,0.0001680585,0.6057703,0.0027961924,0.004724397,0.008095414,0.01615357,0.002485182,0.005172007
22,0.11217882,0.40716648,0.11573185,0.029140413,0.48744836,0.015065734,0.034100786,0.34920812,0.42072266,0.5129125,0.0030872857,0.023032635,0.059423093,0.022365069,0.07434277,0.03007317,0.00094344706,0.25093624,0.13644546,0.017665543,0.025860595,0.06034805,0.025909314,0.033084292
24,0.13025169,0.00807286,0.000118351556,0.009178135,0.20810775,0.7109604,0.0010744837,0.58809507,0.0017724042,0.011740346,0.11300549,0.0014112574,0.23574398,8.5117055e-05,0.00049123605,0.33971766,1.9637353e-05,0.081064954,0.028208004,0.0009839039,7.272356e-05,0.77027345,0.0009050714,0.0046545267
25,0.07006643,0.045360636,0.0038566294,0.041793097,0.3985116,0.20917466,0.021897445,0.6074551,0.028134553,0.03566269,0.0155928675,0.022165574,0.03886955,0.0054800515,0.009489454,0.07140416,0.0004715372,0.19093594,0.026781868,0.010653331,0.0055611,0.21964581,0.016818928,0.029765032
32,0.0028715138,0.010231944,0.0020594257,0.03501508,0.6423589,0.02382679,0.008920804,0.6704036,0.03755081,0.025719887,0.0028835165,0.006736442,0.004786714,0.044273943,0.04818466,0.008896373,0.00018942317,0.5727185,0.0033083977,0.0051068375,0.0076857787,0.021557255,0.0029836076,0.0060697733
38,0.014950633,0.012101326,0.0009925814,0.023480812,0.4819039,0.17243321,0.0039781695,0.67412007,0.016130865,0.031415798,0.023274733,0.005020364,0.06037638,0.0033051965,0.008607869,0.08877089,0.00012960982,0.3438735,0.012512427,0.0051973336,0.0012451131,0.20241813,0.0027771047,0.008169185
40,0.37496123,0.033232413,0.00047188278,0.017017137,0.19240618,0.6893438,0.0052620354,0.5348029,0.003871242,0.014188256,0.06277415,0.0067982688,0.12011386,0.0002375465,0.00076504436,0.22852261,0.00010167403,0.056199964,0.054877754,0.0021445048,0.00045782584,0.73602617,0.0058505433,0.016811818
54,0.045522083,0.28386933,0.24045752,0.029963337,0.60503316,0.010863061,0.04135515,0.3127677,0.48482445,0.48304382,0.0014705033,0.017103536,0.0749013,0.043721706,0.11144442,0.018849727,0.00062229024,0.26880115,0.08978349,0.034939524,0.014077358,0.029861623,0.007954263,0.024622172
55,0.040973753,0.025656601,0.002639178,0.013882867,0.39207405,0.17603251,0.0026312286,0.49017358,0.022847738,0.09052981,0.023531921,0.002664522,0.37514284,0.0010707154,0.0052583306,0.17410448,7.492242e-05,0.17830095,0.065677665,0.005469365,0.00038841786,0.32681915,0.0011319142,0.0072684013
60,0.029680705,0.26142094,0.25981775,0.031411488,0.6390958,0.0065792664,0.044083342,0.31274068,0.53177315,0.48399532,0.00095490686,0.015678603,0.04526763,0.068758756,0.15048015,0.0115689095,0.0005452155,0.3135544,0.06276965,0.031600658,0.018211696,0.017556192,0.006404413,0.019886974
64,0.027076818,0.028686581,0.0029495952,0.020180762,0.49131176,0.10392922,0.0035212946,0.5181782,0.042985514,0.1107212,0.06734085,0.0033984524,0.2204913,0.0069659194,0.027000403,0.15691549,0.0006509682,0.39811903,0.060937703,0.0059115374,0.005088612,0.21853639,0.0025499458,0.014538926
72,0.039828956,0.0689863,0.02438788,0.16184261,0.38158,0.024791263,0.32696354,0.5008321,0.07768899,0.022033744,0.0015267696,0.0790863,0.0026186127,0.14688419,0.05539505,0.0055929795,0.0017831601,0.17662334,0.012360642,0.025925757,0.13547377,0.0194584,0.04029971,0.038939018
74,0.04087067,0.030184325,0.0009558152,0.027245786,0.40023202,0.21705285,0.0056424225,0.7162858,0.01810144,0.03356106,0.05935048,0.010509329,0.018985135,0.0055896626,0.012018783,0.09463094,0.0005338462,0.43684587,0.01431827,0.003198689,0.004808082,0.25752562,0.016669502,0.009994507
77,0.30637333,0.020314204,0.00026186407,0.013511547,0.18815795,0.72222483,0.0030521427,0.54607034,0.002591373,0.012070111,0.07868791,0.0038681233,0.15029754,0.00014333171,0.00055209297,0.26684558,5.561564e-05,0.057327345,0.044859245,0.0015345636,0.00022201569,0.76646423,0.0029960987,0.010589297
78,0.055536028,0.01742533,0.00043664977,0.015879415,0.32484168,0.4330813,0.0020735266,0.653497,0.0074279127,0.04520289,0.18986626,0.0035838,0.1650855,0.0009426447,0.0049915668,0.3511392,0.0001916512,0.22730514,0.0406523,0.0015490451,0.0014412004,0.51977503,0.0038440027,0.0093981195
89,0.008880289,0.030382508,0.0023598524,0.042348992,0.45205522,0.037949085,0.017361293,0.77491283,0.040304393,0.023358233,0.0050771604,0.026469857,0.0034777147,0.016814979,0.033814825,0.023831358,0.0002657188,0.57513046,0.0049465494,0.0041459994,0.015616708,0.04479781,0.028979002,0.0102181425
94,0.0063084224,0.011283138,0.0014369746,0.028749643,0.57143545,0.07022169,0.0056775347,0.68603885,0.025781414,0.029829163,0.009121011,0.0061065652,0.018591717,0.012153098,0.021198016,0.032446682,0.00017445299,0.47493428,0.006571068,0.00553348,0.0030620354,0.07520476,0.0031640488,0.007461713
97,0.16050492,0.093542576,0.005437774,0.0026588521,0.20015734,0.07683949,0.0008911992,0.19118416,0.02190107,0.21836467,0.0063871457,0.00064209657,0.7878464,0.00018775715,0.0025205119,0.18298861,2.1602938e-05,0.048133086,0.41922754,0.0016231393,5.970403e-05,0.41789174,0.00047670465,0.0038342425
98,0.23863563,0.15500128,0.0140932845,0.053952403,0.31539246,0.20186722,0.05723639,0.52234006,0.04949569,0.05173559,0.010578916,0.061602704,0.04631222,0.005890991,0.0094582345,0.06795871,0.0011725012,0.11421555,0.07157304,0.018737255,0.0122655425,0.25886193,0.06772486,0.070156686
105,0.5881171,0.22493477,0.00060440943,0.028162558,0.116895355,0.29589635,0.007842684,0.79662585,0.006109917,0.0084765935,0.015902795,0.058461573,0.003156577,0.0010320098,0.0022388306,0.032477904,0.0010749706,0.10997216,0.02515804,0.0011389338,0.020541828,0.48679265,0.2648628,0.03604022
115,0.055345543,0.030173397,0.002569685,0.0034502377,0.26564905,0.11063001,0.00068473455,0.28907478,0.014842536,0.16132039,0.013770078,0.00049962435,0.81588507,0.0002023977,0.002412773,0.25,1.800928e-05,0.08889276,0.22105996,0.002298418,4.022556e-05,0.42437643,0.00024185854,0.002834784
116,0.034080144,0.049727168,0.0069186804,0.03846839,0.48281592,0.094698094,0.017618941,0.59225774,0.054793805,0.059982978,0.0074000293,0.017158123,0.032019462,0.0113153765,0.018960359,0.042021386,0.0003708109,0.26049513,0.022229942,0.010565688,0.00663384,0.11542625,0.011512762,0.022977367
117,0.074292034,0.046051227,0.0040090005,0.0033133717,0.2539487,0.08954498,0.0008377371,0.25031862,0.01923854,0.19546776,0.009598499,0.00059030857,0.8135292,0.00023056804,0.0027301048,0.21457914,2.0358953e-05,0.074317075,0.2845811,0.0023554338,5.090201e-05,0.3899222,0.00031041633,0.0033811645
125,0.02510158,0.02674864,0.0028551437,0.036433145,0.479472,0.12840524,0.01250729,0.6403095,0.02991563,0.036297355,0.011767592,0.012985557,0.02952804,0.008026409,0.013986827,0.05014653,0.00030709594,0.29095623,0.015089683,0.008651483,0.0044103935,0.13776873,0.00811664,0.016999185
126,0.5857936,0.041212335,0.00033121996,0.013564113,0.14378545,0.7711905,0.004480402,0.4854352,0.0025386275,0.010041125,0.06178885,0.005679175,0.11051976,9.640218e-05,0.00035239127,0.23838045,6.6171924e-05,0.033004507,0.06951157,0.0013395427,0.00026635468,0.8287623,0.005628173,0.01550612
130,0.035974704,0.13951658,0.06763158,0.025420684,0.55292845,0.025387658,0.01875478,0.39373943,0.23247622,0.3104143,0.003092725,0.011495887,0.14087561,0.016241362,0.048441943,0.03734579,0.00034960554,0.26251712,0.07994701,0.023677928,0.0046307445,0.064133294,0.005471705,0.018969338
133,0.18490377,0.027855475,0.00080804195,0.018122993,0.25555035,0.53193057,0.004942118,0.5429833,0.0068133143,0.024971627,0.05236817,0.0057733045,0.17570895,0.00046713944,0.0015672066,0.22101563,0.000114393784,0.08835672,0.0540651,0.003364958,0.00055262615,0.6021575,0.003820538,0.014529959
137,0.021834118,0.03719405,0.011739721,0.16972421,0.39376253,0.01955036,0.29250568,0.5440866,0.052882113,0.012486518,0.0013061496,0.063198976,0.0010468554,0.21554844,0.06547187,0.0032743749,0.0014174216,0.22642703,0.005557807,0.016142223,0.15930048,0.0123732155,0.031859864,0.02728782
138,0.72180885,0.08039045,0.00060781057,0.015919669,0.13301925,0.736441,0.007166377,0.4473434,0.00367261,0.011251318,0.043799896,0.0097815115,0.08457426,0.00013047186,0.00041455412,0.1939781,0.00011001862,0.026971737,0.10037833,0.0016197582,0.0005191957,0.82029426,0.011606544,0.0245002
140,0.011746339,0.017676972,0.0021943925,0.029670801,0.5361302,0.089935295,0.0069507067,0.65447557,0.030702943,0.03970951,0.010545109,0.007660505,0.03013663,0.009219208,0.0177477,0.043872796,0.00020573632,0.3889147,0.0109017305,0.006832922,0.0030296652,0.1042364,0.0042083296,0.01026963
141,0.70847964,0.13398398,0.00042413027,0.01181266,0.10714639,0.70794445,0.0029517333,0.51255536,0.003924961,0.014991544,0.070497595,0.009855909,0.07118539,7.4520976e-05,0.0006860697,0.3115398,0.000121633835,0.04222931,0.12391565,0.0007674851,0.0005602745,0.8769093,0.029598001,0.016395396
145,0.050480124,0.04781633,0.0069046747,0.012223235,0.39627475,0.107820846,0.0030857143,0.41405863,0.044377815,0.16589257,0.012897694,0.0029345616,0.4413638,0.0014167543,0.007642937,0.14660299,7.890806e-05,0.15879895,0.105058536,0.0063055474,0.000452215,0.2658713,0.0012948633,0.008519177
147,0.001717239,0.008573901,0.0021625182,0.03624389,0.6735257,0.01308601,0.00973422,0.6624533,0.042285368,0.023040362,0.0016901472,0.0060285227,0.0025379735,0.07593838,0.06860735,0.00477965,0.00016022484,0.6278308,0.0022049577,0.0043212785,0.010409116,0.011251595,0.0023959728,0.004695969
148,0.005615623,0.01873588,0.0046434016,0.05658283,0.5931111,0.021658396,0.028003672,0.62820005,0.052171662,0.025410736,0.0019239363,0.015046962,0.0029002111,0.08225613,0.060533106,0.0059966,0.00037980147,0.46416607,0.004158457,0.0077788653,0.021471025,0.01727388,0.006940915,0.011001859
153,0.11526919,0.08887901,0.00930682,0.0044804057,0.2692568,0.07400967,0.0017442717,0.228398,0.0333276,0.2414997,0.0063006673,0.0011667445,0.74605215,0.00042245994,0.003800062,0.15619259,3.9241233e-05,0.066922195,0.34573784,0.0036462224,0.00011989958,0.32247984,0.0006314632,0.0058207028
154,0.02796489,0.020829568,0.0021212667,0.021276293,0.44272554,0.18064384,0.0042795474,0.5903611,0.02241785,0.056367178,0.023173686,0.004675656,0.16494508,0.0021370752,0.0070731756,0.12727,0.00012534672,0.24498329,0.03131665,0.0068033026,0.000904598,0.2590326,0.0021779784,0.0093152
155,0.011353485,0.027825883,0.005864785,0.057366878,0.5469351,0.0366632,0.03338143,0.61933845,0.053060602,0.030560995,0.002896836,0.020263653,0.0053312527,0.049900364,0.0430019,0.010715325,0.00048543062,0.37833664,0.007211574,0.010232697,0.018825682,0.031763036,0.010773794,0.016669579
158,0.43049458,0.26218235,0.010794203,0.0028401741,0.15586089,0.066041894,0.001742214,0.14627817,0.03151625,0.21755144,0.0030226505,0.0014314404,0.6443628,0.00019662947,0.0023615067,0.11949561,4.210299e-05,0.02697866,0.5927503,0.0016780928,0.00014622505,0.41905826,0.0015555929,0.0073504383
159,0.040746674,0.047641087,0.0067905937,0.03955726,0.4596284,0.117890745,0.019842604,0.58192635,0.04586612,0.055514462,0.009568456,0.017035188,0.04871045,0.007892888,0.014414004,0.05604067,0.00039657936,0.2274658,0.028609345,0.013064271,0.0052713337,0.14360419,0.0099339,0.023311704
161,0.18690203,0.04203326,0.0017436208,0.007924404,0.2205593,0.31693795,0.002207023,0.365402,0.010050358,0.06495669,0.02240424,0.001925008,0.48380914,0.00022194798,0.0013416475,0.24091268,3.7406546e-05,0.054750476,0.14887282,0.0022393053,0.00015185728,0.57096106,0.0010170038,0.008145389
162,0.0057744347,0.01111861,0.001529937,0.02776645,0.5826193,0.06387123,0.0054166177,0.6772389,0.027245704,0.03241336,0.00871877,0.0056221746,0.02024858,0.01249161,0.022490107,0.03135474,0.00016734068,0.48697683,0.006814963,0.0057199,0.0028674877,0.0699162,0.002780232,0.0069899596
163,0.022638865,0.039178975,0.008079019,0.081005305,0.46772033,0.04793453,0.08077412,0.6019895,0.05113304,0.024466624,0.0030296913,0.03870319,0.0044686957,0.052550748,0.03683378,0.011355942,0.00081310933,0.28163704,0.009315564,0.014378328,0.03287138,0.03794725,0.02302414,0.026639033
182,0.004099793,0.03484475,0.0018162687,0.041165106,0.5375582,0.015764305,0.011644761,0.7796071,0.033151843,0.0231858,0.002317849,0.023427015,0.00052921585,0.0458344,0.05662244,0.005645677,0.00047716562,0.69823647,0.003019877,0.002414282,0.035001628,0.013690141,0.029715078,0.0075335307
187,0.29653612,0.21052358,0.011552481,0.033560213,0.29328385,0.19691306,0.020262951,0.4437122,0.0703441,0.15748999,0.036520287,0.015065713,0.09585777,0.004902953,0.014674034,0.13580151,0.0010591763,0.122415625,0.1028402,0.005914349,0.011182074,0.36553448,0.023837598,0.0392129
189,0.015533692,0.025411123,0.0035381548,0.040195312,0.5257821,0.07643243,0.014825694,0.64099777,0.038426694,0.036420885,0.0069828574,0.013585924,0.016476164,0.015906302,0.022521187,0.028686805,0.00033388622,0.35055065,0.010837626,0.0089470735,0.006702091,0.07864795,0.007895264,0.015454212
190,0.010557993,0.013260541,0.0002829279,0.024979336,0.38417953,0.08827003,0.0035765108,0.81291205,0.008202285,0.010132177,0.01511113,0.0059839874,0.0035602553,0.007588649,0.017541815,0.02798999,0.0003602142,0.5282007,0.002752827,0.0014314055,0.00822786,0.1046277,0.0076851714,0.0058377967
193,0.031995438,0.019567696,0.0014335834,0.027561858,0.43580976,0.22519687,0.0065349783,0.64957213,0.017656516,0.032532208,0.024456434,0.008122691,0.06190031,0.003086087,0.007439333,0.09721138,0.00018992033,0.2578439,0.018051108,0.0062762573,0.0018187941,0.25001556,0.005045331,0.013248516
194,0.057460878,0.036594633,0.0033542307,0.0035307927,0.26944867,0.091810755,0.0007559097,0.2746591,0.018356757,0.1852182,0.011459487,0.0005537107,0.80895555,0.00025159738,0.002951478,0.22657959,2.0289934e-05,0.08960923,0.23990396,0.0023844116,5.0230876e-05,0.38712037,0.0002790499,0.0030246945
197,0.0061453627,0.012033174,0.0016575182,0.03075607,0.5812874,0.060951952,0.0067382907,0.67817646,0.028230887,0.029871156,0.007542293,0.006689133,0.015348411,0.015129705,0.024110898,0.02633761,0.0001915807,0.47753367,0.00634033,0.0060126944,0.0037471754,0.06277302,0.0033740855,0.007810555
201,0.23069623,0.019560674,0.00033771293,0.014283881,0.21478987,0.6612599,0.003116867,0.55129975,0.0033816672,0.01541968,0.07410047,0.00389464,0.16893758,0.00020756696,0.0007944605,0.25799704,6.378643e-05,0.07128485,0.04493611,0.001921258,0.0002681554,0.7133651,0.0027786884,0.010618638
202,0.015319937,0.03507285,0.007144676,0.04547998,0.54165465,0.05152391,0.022172533,0.60573447,0.05843275,0.04789061,0.0044219727,0.01611998,0.016944919,0.02316988,0.029866625,0.022471674,0.00039137117,0.33735713,0.013457445,0.012089259,0.0092895925,0.05661635,0.008079822,0.017108476
204,0.6777146,0.31874168,0.0068217507,0.042704046,0.15784228,0.29079318,0.033389397,0.52144015,0.023233619,0.023150312,0.009819313,0.116985686,0.02299225,0.0015219585,0.0027721373,0.062320866,0.0011227234,0.055297423,0.10202552,0.0068681994,0.009909819,0.48289147,0.29639977,0.10490482
206,0.041644193,0.011532803,0.000610868,0.010424431,0.32229275,0.34015456,0.0012329568,0.5385744,0.007480889,0.043074336,0.052706975,0.0013918967,0.40886614,0.0003515482,0.0020244392,0.27648067,3.3418262e-05,0.15238585,0.045696225,0.0025047949,0.00013910103,0.51462024,0.00057910144,0.004430638
207,0.053013746,0.12176559,0.05532083,0.12014076,0.42484275,0.02024152,0.24878435,0.42726612,0.14189835,0.056699466,0.0014534089,0.063946135,0.006769943,0.11499016,0.06367523,0.007300438,0.0017215096,0.17424999,0.026011,0.034224257,0.09065387,0.022162627,0.032232523,0.041682195
213,0.03819454,0.27143484,0.24492195,0.02878252,0.6196376,0.009309761,0.038279086,0.31115025,0.50201344,0.5018126,0.0013682806,0.015274793,0.07422051,0.04765265,0.12305849,0.017588759,0.00057583756,0.28812787,0.08393535,0.03369898,0.013568286,0.026254172,0.0067057176,0.021897126
224,0.006502741,0.012840625,0.0017569604,0.03300896,0.57745767,0.059482895,0.007794065,0.6805085,0.029090898,0.02824231,0.006854088,0.0076430496,0.012548973,0.017251918,0.025266862,0.023698406,0.00021146252,0.46968213,0.006000922,0.0060698856,0.004572937,0.059182923,0.003974159,0.00851524
225,0.5192014,0.3091139,0.011378369,0.05082145,0.19335547,0.18982463,0.044177122,0.54486567,0.03639689,0.031381283,0.0070940834,0.13605924,0.020856194,0.0030569243,0.005042744,0.048552,0.0013621224,0.07780676,0.08231949,0.010234079,0.015156302,0.33845168,0.31575966,0.10650193
226,0.08963043,0.015628735,0.00051991275,0.018206025,0.30616716,0.5062612,0.00345309,0.60925376,0.0063534086,0.022491042,0.06524448,0.004515846,0.15141691,0.00058886857,0.0020648816,0.21762101,9.208044e-05,0.13960353,0.030492656,0.0032145188,0.000498582,0.54811394,0.002821372,0.0106213335
232,0.16517754,0.16799581,0.016024094,0.10122696,0.29021707,0.08808167,0.12085572,0.6153257,0.05618316,0.026150582,0.004550924,0.17857489,0.006814131,0.019598596,0.018366259,0.020258335,0.0019564573,0.16143519,0.024847424,0.02140529,0.049125906,0.11034944,0.27491987,0.08927042
234,0.108566314,0.015480695,0.00044151905,0.01700548,0.28318086,0.5509592,0.003213362,0.6002488,0.0052824463,0.020255202,0.07049225,0.004179985,0.1588241,0.000450033,0.0016263314,0.23368742,8.071133e-05,0.12163529,0.032256007,0.0027628408,0.0004118514,0.5937344,0.002663384,0.010283686
235,0.067078,0.059532523,0.007383257,0.04699391,0.4159836,0.15174764,0.03215514,0.5764798,0.041606996,0.046040148,0.010549564,0.02598206,0.041646603,0.0075542233,0.012225947,0.05922903,0.0005771374,0.18464404,0.033427,0.01517633,0.0074829147,0.16976526,0.017233444,0.032860845
236,0.26424688,0.66299534,0.24209167,0.021231329,0.37087655,0.009335397,0.05778884,0.18717475,0.54192173,0.61759984,0.0014197457,0.025873749,0.11126193,0.030437592,0.08433333,0.029002283,0.0012287569,0.09284984,0.30340365,0.015662238,0.03474888,0.053152822,0.024598403,0.042734038
249,0.28173152,0.30867368,0.017816974,0.118589886,0.21816242,0.055253685,0.117701635,0.6587508,0.05926054,0.019705024,0.0024595582,0.37231985,0.0025469156,0.02153485,0.017213808,0.010149059,0.0025758033,0.14269684,0.023996536,0.017090786,0.10958804,0.09181218,0.67494345,0.12415723
255,0.057469692,0.01571173,0.0007858726,0.005305198,0.26049626,0.25724176,0.00065075525,0.40821788,0.007667899,0.06861013,0.032737125,0.00065133005,0.6376003,0.0001549376,0.0014488363,0.3061205,1.4977553e-05,0.09543301,0.09400854,0.0014960456,5.1532854e-05,0.5509342,0.00028211018,0.0030552305
258,0.16951054,0.015579661,0.0003055248,0.014921096,0.23506272,0.6466719,0.0028833942,0.582124,0.0034682753,0.015289389,0.08030378,0.0036975788,0.16158025,0.0002498647,0.0009439542,0.26102692,6.212279e-05,0.087897725,0.035472523,0.0019840798,0.00028058738,0.6867051,0.0025201812,0.009743988
260,0.08836442,0.08299801,0.010309226,0.07233086,0.37933356,0.121234275,0.08174253,0.5849832,0.04772163,0.032651518,0.006722905,0.061304428,0.014024466,0.01540048,0.016580742,0.032435257,0.0010877888,0.17545073,0.025645839,0.018983647,0.021966314,0.12091472,0.05477674,0.05190805
262,0.0667157,0.074348904,0.011534847,0.056941077,0.42151836,0.11241035,0.05327281,0.5628338,0.05511204,0.047723595,0.0069872923,0.036305524,0.027144004,0.012353232,0.01650066,0.04121874,0.0007612413,0.18567243,0.031756863,0.01883769,0.012878523,0.12308116,0.02474416,0.039085925
264,0.09251307,0.11834638,0.01703332,0.19924964,0.2788262,0.025227755,0.30853388,0.57168996,0.057982918,0.012292069,0.0014482217,0.21479118,0.0010371301,0.12382204,0.043095287,0.0036676566,0.002176377,0.15639132,0.009633648,0.018875288,0.23866342,0.023427455,0.24530126,0.0646538
269,0.00073844055,0.00760822,0.0008000916,0.020097034,0.6235908,0.0040715723,0.0038253197,0.743191,0.031919725,0.019097423,0.0007179429,0.0030021372,0.0003934561,0.033727527,0.050557386,0.0018548532,3.733944e-05,0.71996105,0.0008087981,0.0010358192,0.010019306,0.004627699,0.002190935,0.0018974997
271,0.0029544428,0.012331064,0.002851329,0.03305381,0.65207285,0.020976126,0.008550286,0.6499182,0.048095576,0.03427968,0.0026749673,0.00659853,0.006051011,0.04639588,0.05422751,0.009302271,0.00019069169,0.57420707,0.004025383,0.0053639174,0.0075752735,0.020865493,0.0028486243,0.0061841537
276,0.32840705,0.51325214,0.09365872,0.06493953,0.28602776,0.024942514,0.09121122,0.444817,0.2064729,0.103925906,0.0010547453,0.17345941,0.010651671,0.023424307,0.027539233,0.012210645,0.0020204142,0.11996228,0.07911387,0.022119287,0.05496469,0.07211733,0.3168601,0.09216174
277,0.005967249,0.01347988,0.0020732144,0.032144617,0.5915473,0.050833516,0.0076600444,0.6679416,0.033394102,0.032411255,0.006102957,0.0072851935,0.013214181,0.019180166,0.028552072,0.02191816,0.00020827609,0.48297867,0.00627944,0.0062701167,0.0046045403,0.05242242,0.0036380393,0.008183589
281,0.013750434,0.047280803,0.0062976256,0.040055037,0.5690864,0.04052729,0.01183529,0.638264,0.08620884,0.10228515,0.018609686,0.013758375,0.009193489,0.037274048,0.07537377,0.032185614,0.0010761063,0.5332612,0.011896556,0.0054942323,0.04463434,0.049829867,0.013026202,0.01965313
282,0.015614972,0.013445385,0.0011281788,0.025433483,0.48346388,0.1643642,0.0047094296,0.6770537,0.01774277,0.030956946,0.02059238,0.0059564337,0.049128655,0.003969889,0.00946488,0.079672545,0.00014897861,0.34172535,0.011919245,0.00539686,0.001594687,0.18850331,0.0034255562,0.009177319
285,0.029964773,0.122254685,0.05926976,0.030163428,0.5688212,0.023318853,0.023346215,0.41152304,0.21300006,0.25330174,0.0028266462,0.013035554,0.097228006,0.021943573,0.05420929,0.027718471,0.0004118814,0.28213736,0.06230965,0.026364008,0.0061090076,0.051245086,0.0058803246,0.01958391
294,0.16614652,0.021626204,0.00054977386,0.017960422,0.2594116,0.57417023,0.0042753713,0.5740571,0.005515827,0.020243095,0.06390252,0.005416951,0.14881526,0.0004384339,0.0014745671,0.22540064,0.00010309021,0.09816455,0.04088478,0.0029226942,0.0005050737,0.6188427,0.003778717,0.013264159
301,0.024086945,0.046040043,0.016650269,0.18024583,0.39437327,0.015629306,0.35079423,0.514894,0.06490714,0.014279597,0.001005848,0.06946081,0.0009823865,0.24902429,0.073074915,0.0026991605,0.0016105912,0.21263216,0.006285844,0.019012704,0.19372316,0.010242065,0.033614013,0.029534172
302,0.59454894,0.16181561,0.0010730287,0.027173555,0.18064693,0.52496797,0.008522552,0.58810997,0.008934043,0.01703455,0.04875193,0.02896249,0.017342469,0.0011385563,0.002785883,0.111408085,0.00042377808,0.099561825,0.07802067,0.0016557319,0.006115155,0.636084,0.043909393,0.018726787
306,0.10855561,0.010662955,0.00023099913,0.013161905,0.2530065,0.6269129,0.0019161563,0.602813,0.0031499474,0.015543021,0.09168396,0.0025237424,0.19157791,0.0002243725,0.0009783197,0.28155044,4.2687832e-05,0.107083455,0.029042687,0.0017622899,0.00019268737,0.6749876,0.0015548519,0.0069926544
317,0.0345051,0.050665163,0.0133628715,0.12167679,0.40965158,0.04120429,0.18156053,0.5431802,0.05795347,0.022598127,0.002796917,0.056328908,0.00421864,0.0840768,0.04143119,0.009473032,0.0012657878,0.20584236,0.012150237,0.020356892,0.067449264,0.031929962,0.030827805,0.034370318
329,0.25939074,0.04400106,0.0010046293,0.003264877,0.14976263,0.29865932,0.00076857157,0.27738556,0.0062289005,0.06683014,0.018365953,0.0006682342,0.621837,5.32451e-05,0.0006580302,0.27643278,1.0776917e-05,0.031262014,0.21572788,0.0007743443,3.7676164e-05,0.6748176,0.00045631523,0.004185432
331,0.22081992,0.19839631,0.021989727,0.005525825,0.26068154,0.059823,0.003496349,0.19683342,0.0592875,0.29586127,0.0039023964,0.0023497748,0.6272857,0.000703376,0.0051103197,0.11006621,7.699332e-05,0.054911494,0.4319265,0.0046455814,0.000306615,0.28072265,0.00155449,0.010069758
338,0.005362317,0.010740654,0.00143952,0.03150648,0.5852338,0.057850696,0.006767901,0.69141495,0.026287343,0.0258424,0.007037633,0.006703504,0.0118560875,0.016896067,0.025108023,0.023257406,0.00018826536,0.49563566,0.005225269,0.005512308,0.004102393,0.056921262,0.0034202535,0.0074365092
340,0.05712012,0.20415343,0.10678464,0.03411546,0.54386306,0.02386847,0.03888531,0.368274,0.2757742,0.2960135,0.0025299166,0.019845493,0.08647662,0.02439439,0.057982437,0.026557937,0.0006496964,0.23044862,0.08785594,0.034021206,0.010123343,0.053984772,0.010431055,0.029050507
341,0.0016495849,0.0073932023,0.0016816123,0.029979767,0.67509604,0.017345835,0.006477421,0.67665124,0.036486864,0.025190152,0.0024880632,0.0047005513,0.0042921063,0.048062634,0.055436835,0.007384016,0.00013431866,0.6414002,0.002539084,0.0041436497,0.006187768,0.01603497,0.0018819128,0.004229677
342,0.0023805741,0.009327991,0.00199608,0.034989674,0.65373147,0.020069432,0.008895899,0.67000526,0.03782061,0.024450997,0.0024951275,0.0063279085,0.003982075,0.05114211,0.0530585,0.0074136877,0.00017647991,0.59378695,0.0028773658,0.0048263883,0.008114129,0.0177629,0.002693069,0.0054811873
345,0.1598978,0.15608467,0.022028621,0.010170974,0.31745297,0.07206516,0.006194059,0.27482826,0.06760112,0.24528472,0.005489566,0.0044517512,0.47807246,0.0015017528,0.00775666,0.10252274,0.00013951721,0.08634807,0.2785985,0.008093358,0.00069123314,0.24483989,0.0027932383,0.014151535
352,0.040562447,0.06904674,0.018679366,0.09347387,0.4375622,0.04822995,0.1347757,0.5368571,0.07480424,0.03688525,0.0030288445,0.051172063,0.008470512,0.049500708,0.035519738,0.014492216,0.0011201323,0.20654324,0.018902449,0.023845538,0.040905233,0.04423835,0.028288634,0.03710662
355,0.054098126,0.08278935,0.017499765,0.08195766,0.42275205,0.062462036,0.11477229,0.5541341,0.07277034,0.039312504,0.0034373128,0.05763158,0.009264555,0.033726037,0.028989125,0.018236618,0.0010973747,0.20088844,0.021051321,0.022193225,0.03360298,0.06048961,0.039639585,0.043561846
358,0.35091326,0.029259935,0.0004166084,0.015511867,0.1915929,0.68906754,0.004349463,0.529922,0.003548516,0.014331042,0.06502314,0.0055119814,0.13696395,0.00020336763,0.0007025162,0.23993136,8.283685e-05,0.05593509,0.054498807,0.0019450531,0.0003555581,0.74168724,0.0045014876,0.014343062
359,0.080941275,0.017919777,0.0005249935,0.0070959814,0.35310853,0.4707955,0.000860876,0.47663754,0.009403581,0.034663465,0.06734502,0.0017693527,0.17194472,0.00024166904,0.0024681485,0.34182212,3.6443766e-05,0.15488924,0.025849309,0.0010864881,0.00014880572,0.65438926,0.0015453838,0.004905464
362,0.009599787,0.013609648,0.0016240838,0.02522096,0.5399737,0.095917426,0.0047259396,0.66030014,0.025808554,0.03989878,0.01320351,0.00543756,0.041547365,0.006835365,0.01545235,0.05406167,0.00015612478,0.41291496,0.010803656,0.005978763,0.0019173842,0.117512256,0.0028321408,0.007901821
364,0.04173847,0.061723206,0.015336808,0.120068125,0.39481544,0.042879555,0.19408463,0.5455384,0.062964246,0.02412197,0.0026246982,0.06591088,0.0040549194,0.07651995,0.040011283,0.009860987,0.0013230522,0.19751431,0.012973524,0.020854933,0.06973456,0.034766093,0.040555336,0.03909546
365,0.017591083,0.034653608,0.012490635,0.16772844,0.4164662,0.015405135,0.28586653,0.53164935,0.057520118,0.013272732,0.0010964015,0.05528279,0.0009517342,0.25328547,0.07531314,0.0026783235,0.0013238892,0.24349132,0.0051045846,0.015805434,0.16382003,0.00968769,0.025376363,0.024100544
374,0.5154649,0.10015132,0.00081472326,0.019611057,0.11833922,0.68070126,0.008359034,0.506876,0.004698136,0.019339731,0.097536296,0.012307774,0.11986881,0.00030038858,0.0016302514,0.39579132,0.00037820375,0.0683349,0.12730266,0.0017831152,0.00085610856,0.8217578,0.022048876,0.02623861
382,0.09453929,0.09680701,0.015304091,0.010426253,0.3532301,0.07637627,0.0046699853,0.31252047,0.05733035,0.22822036,0.0074105198,0.003415071,0.5324397,0.0014478714,0.0079784375,0.116733864,0.00011226,0.112061456,0.21940345,0.00863883,0.00049432233,0.24080428,0.0017608855,0.01065123
384,0.561053,0.0864633,0.00046586563,0.011120588,0.11053103,0.5680934,0.003765156,0.49685156,0.0035819544,0.021128848,0.052904774,0.00515591,0.12064469,0.00016228332,0.000782022,0.22703944,7.529529e-05,0.036911685,0.14428832,0.0008871643,0.0006735548,0.7679156,0.006318641,0.0144674545
386,0.05660842,0.054750033,0.007013293,0.040321007,0.43063074,0.14366256,0.022527102,0.5733793,0.043484025,0.054385904,0.010783927,0.019498175,0.05343877,0.0066699386,0.012291387,0.06510102,0.00043761168,0.19775039,0.03375325,0.01324831,0.005438329,0.17298308,0.012240393,0.027272737
390,0.6075959,0.6932278,0.07946929,0.006485135,0.21087766,0.0197018,0.0075453236,0.16027293,0.18020001,0.35621718,0.000757397,0.011717845,0.1703149,0.0014506696,0.009195501,0.029725397,0.00025313997,0.03905107,0.54306906,0.004478222,0.0027613582,0.16224532,0.023666248,0.023521293
391,0.4353858,0.030589458,0.00033231365,0.014290274,0.16941112,0.7365608,0.004072628,0.5182504,0.0028071965,0.011700981,0.06769936,0.005200098,0.12781751,0.00013771423,0.0004958126,0.24620502,6.9494396e-05,0.04533574,0.056909237,0.0015781762,0.00028265317,0.787563,0.004534838,0.013825777
392,0.53943634,0.071105756,0.00035163265,0.009708609,0.090761766,0.5177957,0.0018442607,0.43812785,0.0029590551,0.019694995,0.04919922,0.0035116547,0.14093316,7.125255e-05,0.00048096612,0.27905434,3.661785e-05,0.031695716,0.14479503,0.0004896413,0.00032504206,0.7727492,0.0050715446,0.010050044
395,0.4971023,0.05673444,0.0005826819,0.0161732,0.16742574,0.635105,0.0053025847,0.4928831,0.0046615126,0.015034888,0.05096956,0.0074264887,0.08436319,0.0002507788,0.0008596862,0.1968161,0.00010695057,0.05017809,0.072728835,0.0015598366,0.00060449727,0.7469052,0.008563268,0.017187545
396,0.3677362,0.6752845,0.2267502,0.0138563225,0.39359394,0.012136407,0.02146932,0.17631562,0.5127128,0.6245639,0.0023470637,0.015917473,0.13644078,0.019867819,0.11588326,0.039196912,0.0013515346,0.13192303,0.4777412,0.012656938,0.02530213,0.084618166,0.021644155,0.03168599
404,0.11475318,0.010361178,0.00018504447,0.0054169972,0.19447479,0.5598992,0.0005606023,0.48309344,0.0024760482,0.022960827,0.072606534,0.00070757256,0.4194785,5.958476e-05,0.0005226085,0.35255957,1.0673134e-05,0.06906563,0.05018959,0.0007125143,3.5443278e-05,0.74479175,0.0004398737,0.0031041438
405,0.73318774,0.08756784,0.0006559064,0.015880423,0.13127974,0.7240078,0.0072783004,0.4404493,0.0038808014,0.011672403,0.04107653,0.010169472,0.08319342,0.00013542428,0.0004306026,0.18788372,0.00011497952,0.026416264,0.106218964,0.0016147447,0.00055520306,0.8167826,0.012467588,0.02528912
406,0.20611729,0.023804016,0.0005750237,0.013469813,0.21937858,0.568981,0.003137273,0.5091232,0.0047026686,0.023033392,0.05427784,0.003383632,0.24884298,0.00022567868,0.00091323175,0.2640652,5.9650938e-05,0.06644161,0.06410232,0.0022481785,0.0002531955,0.6715597,0.001993721,0.010031773
412,0.084853604,0.04333932,0.0029523757,0.0025862632,0.22258605,0.09894284,0.00062639866,0.23556066,0.01472137,0.17774767,0.010011255,0.00044403668,0.83500963,0.00014189532,0.0020133194,0.23474695,1.4152507e-05,0.062077656,0.30316904,0.0017157503,3.3225406e-05,0.44158447,0.00025472842,0.0028392342
417,0.03120723,0.042958982,0.0066988347,0.037135173,0.48385164,0.10019186,0.016356384,0.58402014,0.04894379,0.060335305,0.008869966,0.014272592,0.050282482,0.00857637,0.016289024,0.052145638,0.00034487405,0.2547914,0.026170457,0.01252474,0.0046862396,0.12689343,0.007799499,0.019809678
419,0.049923692,0.021490661,0.0015787241,0.015752569,0.3627172,0.26566586,0.0028363331,0.5404147,0.015471098,0.057692662,0.03320915,0.0032029718,0.2876837,0.0009160283,0.0038531248,0.1970472,8.0176884e-05,0.1667565,0.049255405,0.004489081,0.0004411503,0.40029973,0.0014911445,0.008250014
423,0.015378398,0.03104838,0.0055129975,0.050772574,0.5308063,0.052809287,0.02675611,0.62197644,0.049517244,0.035151944,0.0042493357,0.019348616,0.009222985,0.03010517,0.03215011,0.017204493,0.00046357294,0.34777936,0.0098067615,0.010682821,0.0130721005,0.05002741,0.011078432,0.018495703
436,0.1768333,0.18388398,0.024269123,0.08389188,0.32305527,0.09553535,0.11360475,0.5511308,0.07247065,0.043012004,0.0047172494,0.12332053,0.015710954,0.015342533,0.017061014,0.029453637,0.0018315719,0.1412096,0.04333365,0.02647994,0.033203747,0.12712169,0.15173866,0.08293779
441,0.087840736,0.024901966,0.0007017192,0.008159817,0.20468402,0.26628736,0.0009571206,0.4825269,0.0069612237,0.08988009,0.13794577,0.0016713103,0.68537605,0.00034957437,0.005824589,0.47031653,0.00012219032,0.1453722,0.18337469,0.0013507857,0.0004374067,0.6275814,0.0018604393,0.005182783
442,0.3852682,0.0398742,0.0006218271,0.018662576,0.19829236,0.6647519,0.006493792,0.5317135,0.0047599184,0.015846966,0.056718633,0.008406722,0.11285522,0.00030429606,0.00092170975,0.21424547,0.00012958844,0.057956293,0.05904578,0.0025308721,0.0006162375,0.7141645,0.007502748,0.020053787
448,0.0074967532,0.016461743,0.0025576723,0.03498116,0.57962495,0.052584566,0.0096042985,0.6584687,0.036652952,0.033876453,0.005769846,0.008885071,0.012769997,0.020420752,0.028822817,0.021435486,0.00024394818,0.45068967,0.0070430264,0.006997255,0.0055850022,0.05370473,0.004585152,0.009821534
454,0.12802437,0.046023056,0.00047294304,0.056390714,0.1941025,0.32434526,0.017460864,0.8303454,0.0056770584,0.010815556,0.05815874,0.050186336,0.009835199,0.0035528145,0.005180362,0.08816578,0.0012897116,0.22694378,0.012548973,0.0024765157,0.025153788,0.33634683,0.110222615,0.027057014
458,0.27094656,0.02904574,0.00059533014,0.015842283,0.21178018,0.6119844,0.004430487,0.52058387,0.004642293,0.019523231,0.056758337,0.005015812,0.18842354,0.0002559681,0.0009124333,0.24467099,8.71441e-05,0.062823065,0.063807674,0.0025336011,0.00037551127,0.6878446,0.0033928403,0.013400177
459,0.2873966,0.013859059,0.00014362985,0.010847884,0.17390253,0.77328247,0.001947872,0.55885804,0.0016818797,0.009368994,0.09762519,0.0024632835,0.16497202,7.8743586e-05,0.00036090714,0.30562663,3.1459072e-05,0.053720564,0.036500502,0.0010530032,0.00011255316,0.81097865,0.0018952732,0.0073528853
460,0.06929876,0.06553965,0.007919042,0.06412609,0.3984642,0.1261558,0.060914822,0.5963398,0.04292279,0.03242443,0.0073733777,0.04564426,0.015209299,0.013877534,0.015833091,0.035229594,0.00084376876,0.19121315,0.022486256,0.01600811,0.016656477,0.1229386,0.037323114,0.042581525
466,0.11335425,0.012876663,0.00031120842,0.0147138545,0.26430526,0.59630466,0.002444689,0.5970944,0.0039307335,0.017537585,0.081735,0.0031750666,0.18036368,0.00029933767,0.0012019508,0.25938848,5.74498e-05,0.110774495,0.03180002,0.0021878048,0.00026950406,0.6427019,0.001979697,0.008398507
470,0.020138286,0.08149534,0.035577413,0.022555076,0.5736867,0.02520212,0.010946972,0.43431827,0.17142323,0.2592661,0.0036620258,0.0074039395,0.15271658,0.014280873,0.04391669,0.038774464,0.00024278848,0.31803894,0.057563577,0.018349411,0.0028399134,0.062796995,0.003104848,0.01253575
475,0.31716233,0.30686617,0.015683673,0.10582411,0.20968233,0.072745636,0.10101576,0.6566421,0.05196353,0.020245554,0.0032577112,0.34056103,0.0037066685,0.0147293005,0.013639195,0.014131445,0.0024211693,0.13268507,0.028503206,0.016305758,0.07911075,0.12390255,0.6516607,0.12728806
481,0.7370285,0.2990564,0.005512765,0.023664834,0.15947852,0.36615616,0.01787877,0.41898766,0.020514904,0.034171406,0.011556506,0.039354026,0.059221096,0.00073502254,0.0018086857,0.09441732,0.0005422506,0.036743212,0.18317665,0.0043018907,0.0036502522,0.5940536,0.07942649,0.066075444
482,0.8455807,0.32101777,0.0016480144,0.024096113,0.13106693,0.50360894,0.0126404725,0.42106938,0.01270755,0.020391166,0.035143606,0.032491468,0.014257735,0.0009849088,0.0030723233,0.092200324,0.0006663949,0.049453862,0.11024696,0.0014235049,0.007944873,0.72055066,0.07649465,0.034404002
488,0.00347302,0.010901098,0.0020360947,0.034614094,0.630407,0.02932443,0.008733185,0.6710641,0.035918538,0.026778989,0.003505718,0.006960851,0.0060923314,0.036089562,0.04212954,0.01110891,0.00019870851,0.55036914,0.0038699317,0.005493501,0.0068239477,0.027075615,0.0031781723,0.006625826
490,0.30576745,0.08141891,0.0033116117,0.0075744307,0.19992673,0.27193028,0.0032353324,0.3034072,0.014069222,0.08387024,0.014541749,0.002525791,0.479682,0.00024098752,0.0014682199,0.20380889,5.02987e-05,0.04061589,0.23695,0.002550196,0.0002066978,0.560554,0.0015398982,0.011247489
502,0.0074072625,0.014510766,0.002040365,0.03359318,0.5731593,0.060629196,0.008442265,0.6700289,0.031343754,0.030871656,0.0068418295,0.008147932,0.013914882,0.01698421,0.025191331,0.024544174,0.00022504611,0.45176858,0.0068251635,0.006598614,0.004709036,0.061391324,0.0042394726,0.009240264
504,0.0022464348,0.013355833,0.0008200379,0.027330196,0.5811161,0.014435975,0.0053460244,0.7980908,0.023049101,0.01685218,0.001865363,0.011031832,0.000626427,0.041184384,0.053669155,0.004528092,0.00022821558,0.7022541,0.0012896196,0.0014423043,0.023467176,0.011730065,0.011882473,0.0045479825
512,0.19369484,0.011654725,0.0001618531,0.01171938,0.20275423,0.72725403,0.0018844986,0.581602,0.0020361266,0.011103264,0.10031046,0.0024089315,0.1792457,0.00011701649,0.0005266105,0.30261537,3.448742e-05,0.071778126,0.032341782,0.0012773698,0.0001345399,0.7650788,0.0016689424,0.0070126886
514,0.0028329527,0.01194129,0.0028434035,0.02926558,0.6574702,0.022095563,0.0068447394,0.6442042,0.048739824,0.04038511,0.0031201462,0.005487663,0.008910575,0.03701815,0.05086834,0.011510054,0.00016653302,0.58226466,0.0046710363,0.0054757963,0.005477396,0.023742728,0.0022754092,0.005626764
515,0.0021378254,0.007772953,0.0015354084,0.03035868,0.656206,0.023699561,0.0064346865,0.68340164,0.032524027,0.02459766,0.0032638777,0.0050626425,0.005444677,0.037138283,0.045565907,0.00974778,0.0001469526,0.61217475,0.0029564379,0.0044742553,0.0054931412,0.021948995,0.0021489053,0.004794853
521,0.45773485,0.035168648,0.00039300026,0.013235189,0.16345827,0.7145479,0.003899291,0.49030858,0.0030836833,0.013461231,0.059337746,0.0047825314,0.14566293,0.00012787813,0.00048386914,0.2460453,6.379731e-05,0.041079123,0.06820427,0.0015072348,0.0002576684,0.786985,0.004123279,0.013523626
522,0.46159124,0.18199722,0.0011252428,0.046064574,0.17231564,0.26571327,0.03105879,0.72548854,0.010967818,0.008582308,0.013188919,0.10927405,0.00264735,0.0034120425,0.0049674823,0.038394082,0.001361236,0.11460895,0.026110426,0.00234019,0.051541764,0.34929523,0.31094673,0.041627984
523,0.09182368,0.111621425,0.01665365,0.124954246,0.32523465,0.05638387,0.19810061,0.58340466,0.06110482,0.021911526,0.0029228358,0.1349931,0.0038709205,0.04722283,0.029207401,0.011642177,0.0017649904,0.16856442,0.01620709,0.02220225,0.079424985,0.05567894,0.14211363,0.06416538
525,0.0017122916,0.007851278,0.0018321475,0.034389924,0.67139465,0.015118908,0.008531575,0.6723336,0.037783492,0.022240998,0.0019916783,0.0055947406,0.0029181133,0.06332993,0.061445817,0.0055713644,0.00015131928,0.63058233,0.0022333208,0.0042403266,0.0086802505,0.01303921,0.0022538975,0.00455593
526,0.1581307,0.014352853,0.00028494955,0.012933919,0.2314715,0.6353456,0.0022468495,0.56564116,0.0032756885,0.01645167,0.08022807,0.002826219,0.19914547,0.0002008513,0.0008536982,0.27488482,4.7240956e-05,0.08491769,0.038367137,0.0017699827,0.00020091716,0.6950692,0.0018233333,0.008105188
529,0.019737747,0.01897517,0.0017868109,0.029677631,0.4841657,0.14647335,0.0071766167,0.65767527,0.023298865,0.034776222,0.01585959,0.0084364675,0.0405938,0.005447471,0.011426647,0.06499251,0.00020676697,0.31718206,0.013676201,0.006745472,0.002508597,0.16449721,0.0050277077,0.012216944
536,0.0048163193,0.024767503,0.002597535,0.036764856,0.534034,0.013829536,0.010322189,0.6838587,0.04761225,0.040234037,0.0045082853,0.010179533,0.0022383777,0.052207246,0.06861044,0.00894348,0.00036271146,0.6165694,0.004483806,0.0028671601,0.029030899,0.016224548,0.009337682,0.0077719595
537,0.75587445,0.12950926,0.00045543202,0.0049033253,0.07724119,0.52719164,0.0014531869,0.31908944,0.0038363703,0.026000805,0.03840438,0.0020994153,0.17215714,4.6641653e-05,0.00044075452,0.27485508,3.1591746e-05,0.018544845,0.21094877,0.00028750297,0.00022574929,0.8544641,0.004562751,0.009061979
539,0.6732749,0.24170844,0.0044980315,0.036915366,0.16751438,0.40805516,0.027752753,0.50613236,0.017711926,0.022291776,0.016206589,0.07184392,0.03454041,0.001120097,0.0022619867,0.08860417,0.000831401,0.051921062,0.10745856,0.0059607327,0.0061200224,0.57150286,0.15578964,0.08495566
541,0.12911923,0.02718529,0.0010662863,0.0043587317,0.21059206,0.2800782,0.0008751244,0.33528376,0.0072373915,0.071720555,0.02296603,0.00073647976,0.6654581,9.095579e-05,0.0009468321,0.2828685,1.3476211e-05,0.052253805,0.16245568,0.001483142,4.4243887e-05,0.5971745,0.0003546887,0.0040607103
545,0.010671539,0.011950542,0.0011513035,0.026559314,0.5179467,0.12328945,0.0049100076,0.6857265,0.019534761,0.029546242,0.015879909,0.005867661,0.03467955,0.0058504352,0.012509322,0.058731183,0.00015598415,0.3955763,0.009303703,0.005495775,0.001949288,0.13769358,0.0032306167,0.008293064
552,0.08337984,0.010870657,0.0002963041,0.01349684,0.27939728,0.55961674,0.001900685,0.6014348,0.004090215,0.01944213,0.08236691,0.0025102838,0.20651701,0.0002991471,0.0013133237,0.26736683,4.650007e-05,0.1260033,0.029595733,0.0020728032,0.00021896907,0.6230095,0.0014588308,0.00689725
556,0.12939173,0.15496653,0.025687348,0.0068028714,0.32355604,0.05119841,0.003703771,0.22770306,0.076398365,0.33489585,0.0044337586,0.0024359063,0.6241956,0.0011137116,0.007578712,0.10639002,8.214713e-05,0.081706285,0.3426047,0.006443518,0.00036201553,0.22215793,0.0013149,0.009456791
557,0.1381231,0.58044815,0.45529777,0.03685119,0.5477958,0.006766164,0.0917699,0.2407341,0.641706,0.51240814,0.00053316174,0.043271765,0.027884891,0.068106465,0.11883842,0.008768806,0.00103645,0.16943745,0.12633523,0.038278796,0.040931195,0.0203876,0.029621376,0.045550745
559,0.6120986,0.10131919,0.0013809187,0.022549678,0.17341937,0.6261582,0.012344423,0.48363814,0.007564956,0.018167214,0.03697348,0.018080141,0.08027296,0.00039915598,0.0010511195,0.16377684,0.00025360667,0.04310008,0.09892537,0.0032849305,0.0013752162,0.71620774,0.022246959,0.037910186
560,0.14370918,0.08419826,0.006801083,0.05461962,0.34559038,0.22621608,0.046065547,0.5798526,0.034224495,0.035483062,0.013797108,0.046655223,0.032188468,0.006371716,0.00958798,0.065879785,0.000876162,0.14679079,0.038829822,0.014797019,0.010648226,0.24039607,0.046194106,0.052645106
569,0.8171359,0.3921367,0.0061407834,0.012260537,0.12895893,0.26669517,0.009472218,0.2961194,0.020746734,0.04812852,0.0060356795,0.017682796,0.10012376,0.00035356247,0.0013089798,0.085888684,0.00024522893,0.020949861,0.3293373,0.0023980138,0.0016976835,0.60132504,0.034675486,0.03998403
571,0.053162936,0.06097376,0.0092056375,0.056387722,0.4335726,0.1087655,0.04730653,0.58110845,0.049533166,0.042123433,0.007014279,0.032612886,0.023433983,0.012985307,0.016778314,0.038523324,0.00068832096,0.20295414,0.02585265,0.017047856,0.012206057,0.11446496,0.021341568,0.03443932
572,0.0022406806,0.010415514,0.0018635384,0.021733873,0.68162715,0.025536269,0.004198887,0.6660547,0.041146662,0.041216336,0.0055066543,0.0041481126,0.009795595,0.028391356,0.044959832,0.015785525,0.00016783286,0.654688,0.00480795,0.0040680333,0.0049082185,0.027448563,0.0021459113,0.0048607956
574,0.21851738,0.22232026,0.016954906,0.10616794,0.2534811,0.080776095,0.11353634,0.63526046,0.055782467,0.024039822,0.0040972005,0.2505207,0.00543275,0.017663714,0.016829962,0.017659288,0.002257919,0.15443501,0.026011894,0.020306893,0.059332512,0.11601892,0.44660506,0.1074017
575,0.33703235,0.10119401,0.004401057,0.007977894,0.19922782,0.25416422,0.0038361535,0.2917234,0.01710845,0.094047315,0.012590342,0.002958744,0.45840558,0.0002908017,0.0016616231,0.19209732,5.947973e-05,0.039182927,0.2554306,0.0026942592,0.00026100784,0.5452248,0.001884164,0.013020881
580,0.06617242,0.25411412,0.09434595,0.011333335,0.46562886,0.013827045,0.014192607,0.24222349,0.36647484,0.64245486,0.0028090351,0.0050908555,0.28380817,0.009461036,0.050384488,0.06626162,0.00022735768,0.19587074,0.24533938,0.012445215,0.0023840715,0.058512807,0.0031852166,0.009373053
581,0.04010487,0.018885998,0.001171386,0.02664405,0.40946987,0.28214476,0.0061856634,0.6512431,0.014514543,0.029328557,0.031054879,0.007936469,0.07036011,0.002339441,0.0059024985,0.11710289,0.00017963946,0.23264991,0.019369453,0.0057325405,0.0015617774,0.30462837,0.005053833,0.013560291
583,0.015888302,0.034029048,0.013183663,0.1572422,0.43831918,0.014668898,0.25495255,0.52329385,0.061888967,0.015288039,0.0011101485,0.048539538,0.0011219885,0.2519866,0.07891826,0.0027438719,0.0012439823,0.25569335,0.0054168073,0.015936814,0.14620808,0.009446029,0.021067843,0.022654006
587,0.044244796,0.04182837,0.0045975232,0.046814673,0.4387958,0.13830325,0.026317414,0.6163676,0.03466431,0.03509308,0.010127453,0.023378054,0.02374482,0.009601826,0.013960816,0.045817275,0.0005014983,0.23036742,0.019628532,0.011650245,0.007899653,0.14049232,0.016427968,0.027342077
593,0.12786853,0.013639208,0.00031231644,0.01427639,0.2539851,0.6068101,0.0024426293,0.58589387,0.003785069,0.017401049,0.080438524,0.0031358134,0.18561319,0.0002705426,0.0010963525,0.2626467,5.569919e-05,0.101696156,0.034254596,0.0020852226,0.00025382874,0.65765995,0.0019809683,0.008485821
597,0.061939735,0.10889604,0.012980609,0.14671986,0.35774112,0.020417236,0.2168226,0.57133484,0.0734329,0.021178719,0.0013959854,0.10521287,0.0008544285,0.16368055,0.07838179,0.0030646622,0.0033593662,0.19089623,0.007934672,0.009448992,0.4601863,0.016747434,0.11604179,0.049740426
600,0.09494875,0.024216138,0.0011385231,0.005353393,0.24141449,0.2525335,0.00096196146,0.3627326,0.008401457,0.074045524,0.025261784,0.00085112016,0.6404005,0.00014791728,0.0013738509,0.26761916,1.825245e-05,0.07079443,0.13770002,0.0018650229,6.3911124e-05,0.54380715,0.00039515097,0.0041349046
606,0.60128105,0.091587916,0.001315951,0.015847778,0.15943684,0.59712636,0.007786487,0.42313018,0.00651042,0.022332147,0.032084674,0.008974705,0.15464996,0.0002134432,0.00072064437,0.19425707,0.00013182069,0.03292551,0.1432874,0.0025873606,0.0006065972,0.7369127,0.00830298,0.024005475
610,0.1273674,0.15706214,0.028051924,0.008491143,0.34236196,0.053948276,0.004882699,0.24876325,0.08380145,0.31904292,0.004767329,0.0032599117,0.5634943,0.0014820063,0.00890868,0.09985692,0.00011001726,0.091682576,0.30749574,0.008148881,0.00052041555,0.21134087,0.0017679611,0.011300189
612,0.1337051,0.10162492,0.011506344,0.059688088,0.36212462,0.17053306,0.061603133,0.55465055,0.047451,0.044068586,0.009860922,0.05161986,0.033877704,0.008430454,0.011975426,0.056132395,0.0010356742,0.14477581,0.04550318,0.019852387,0.013585574,0.19142777,0.045110147,0.05513901
614,0.16736636,0.12256529,0.012138585,0.00565559,0.26035988,0.08104468,0.0027844473,0.23087195,0.038739175,0.23009813,0.005790568,0.0018957929,0.6595601,0.0005578649,0.0040999157,0.13890953,6.07329e-05,0.06139952,0.35701156,0.004249015,0.00021403808,0.32466203,0.0011510097,0.008466225
619,0.08374107,0.008823544,0.00020397158,0.011415816,0.26019505,0.60276383,0.001386017,0.60063434,0.0030262466,0.016806522,0.095734246,0.0018414783,0.23322617,0.00019350724,0.00097052474,0.2984284,3.1622127e-05,0.116168566,0.02824356,0.0015844097,0.00013625495,0.67186826,0.0010595158,0.0054882355
629,0.010405354,0.02621388,0.0052811312,0.050326396,0.5613576,0.038428493,0.024584169,0.62403244,0.052235313,0.033890754,0.0032827049,0.016751848,0.0068093142,0.04142169,0.040670704,0.012447208,0.00041612022,0.3957518,0.007506868,0.009592902,0.014287609,0.035293736,0.008832518,0.01510822
630,0.24642026,0.13690773,0.010570141,0.055213597,0.30768976,0.2426537,0.054759346,0.5402893,0.040303003,0.043308645,0.013623666,0.061271492,0.045667715,0.0052378834,0.00844446,0.075419344,0.001186146,0.11438693,0.06714448,0.017693093,0.011665533,0.2922063,0.067926794,0.069431685
631,0.15680794,0.024255289,0.0004759083,0.0098828,0.22491634,0.51826644,0.0021851498,0.4780557,0.0050971364,0.027960883,0.15000705,0.0020417238,0.2386571,0.00032790803,0.0023563472,0.38655886,0.00010420727,0.1058529,0.076462924,0.0014775547,0.00040423922,0.6865314,0.0016622964,0.008169707
632,0.0053338977,0.032287575,0.0033611178,0.05789542,0.4539748,0.010409705,0.037740108,0.7279316,0.050039764,0.029363735,0.0015875779,0.02365517,0.0007842088,0.09039379,0.08202218,0.0034877334,0.0008120884,0.50793576,0.0022008135,0.0038785622,0.04835808,0.010765823,0.028504202,0.010179874
634,0.0048769475,0.014331802,0.0026363067,0.034621846,0.61383843,0.034818567,0.00919683,0.6585258,0.041185502,0.03315066,0.004033723,0.0079493355,0.008565875,0.030817188,0.03908218,0.014377916,0.00022542731,0.51036346,0.005266575,0.0061647254,0.006690274,0.03475699,0.0038419617,0.008067611
635,0.30924585,0.020056413,0.00025340245,0.012953755,0.18559907,0.7238239,0.0028726526,0.5407698,0.0025105323,0.012108881,0.078896515,0.0036135986,0.1576943,0.00013111516,0.0005225906,0.27048922,5.1632556e-05,0.055754744,0.046106134,0.0014775583,0.00020082408,0.7717104,0.002782663,0.010123635
638,0.0008801591,0.008359958,0.0017312551,0.023950852,0.73961437,0.00934799,0.005625764,0.6432786,0.04689733,0.03315114,0.0020935235,0.004276098,0.0015476694,0.062338334,0.07662482,0.0056565767,0.00011667933,0.75991464,0.001875406,0.002211908,0.012193243,0.0076033543,0.0019448478,0.0029970706
643,0.33320364,0.06479496,0.0017079306,0.0038373913,0.1595496,0.28959215,0.0013571759,0.26312372,0.008300385,0.07552731,0.0146333305,0.0010325315,0.6075609,6.778815e-05,0.0007261294,0.24090981,1.766451e-05,0.02846297,0.28176427,0.0012973816,5.6557776e-05,0.6538073,0.000665016,0.0061243195
645,0.1115634,0.10331734,0.014161284,0.063686,0.3784587,0.13364261,0.07247125,0.55093145,0.05614867,0.046297576,0.0074812043,0.0539792,0.027306348,0.011266128,0.01464673,0.04497523,0.0010621337,0.15411134,0.04071895,0.021563636,0.016612524,0.1498381,0.044630613,0.05382347
646,0.049834803,0.057015073,0.00799703,0.06229076,0.428531,0.10165215,0.05556736,0.5961638,0.04643988,0.034195002,0.0062415903,0.038380157,0.0138571495,0.017109156,0.018928846,0.0296885,0.000752933,0.2160032,0.019463236,0.015619956,0.016317127,0.09791544,0.027925313,0.03603355
659,0.11094536,0.21457113,0.06720181,0.05104133,0.4410616,0.05067095,0.07483103,0.4347592,0.17639904,0.14884719,0.0031073168,0.04719716,0.039463,0.020337656,0.032294177,0.03091796,0.0010594089,0.16634628,0.069784045,0.029178219,0.019351913,0.08413626,0.03606426,0.05330972
660,0.003593944,0.013172017,0.0028383017,0.04201369,0.6274433,0.021646524,0.013495762,0.656809,0.044210132,0.0255985,0.0022807287,0.009242282,0.0035477304,0.060175665,0.05483768,0.0071185124,0.00024285444,0.53670704,0.0033860093,0.005638628,0.01214752,0.018721582,0.004230934,0.0075586718
661,0.0023785322,0.009589976,0.0020897873,0.03760665,0.6507572,0.018377438,0.0102430135,0.66958785,0.03888424,0.022820847,0.0021803258,0.0069444887,0.0031423518,0.060473595,0.05693276,0.00631557,0.0001869932,0.5904459,0.002621556,0.004729954,0.009910587,0.015721615,0.002986814,0.005658017
663,0.08975221,0.08051635,0.009664619,0.004497844,0.2887814,0.06438737,0.0015775536,0.23488766,0.03710946,0.26378503,0.0063246232,0.00107297,0.75486124,0.0004827195,0.004483314,0.15384988,3.7296373e-05,0.07819339,0.32066414,0.003742548,0.00011844627,0.2932847,0.00055122096,0.0051837373
666,0.004405294,0.011671066,0.0019843413,0.030143851,0.61420125,0.041188657,0.0066511105,0.6676495,0.0344938,0.03314749,0.0053997124,0.006139605,0.012310309,0.021656256,0.032586783,0.019058226,0.00018280011,0.52481794,0.0055136876,0.005801221,0.004313156,0.042976882,0.0028817607,0.0068131494
667,0.058059357,0.026845874,0.0017980788,0.0024850236,0.23279327,0.11681056,0.00044526847,0.2700442,0.011219175,0.15109548,0.0144860465,0.00032826868,0.84833217,0.00011526769,0.0017619275,0.28018662,1.1054694e-05,0.07611682,0.23327625,0.0015381477,2.2728163e-05,0.47719947,0.00017275907,0.002150638
669,0.009900583,0.0432521,0.015415437,0.027028704,0.6091379,0.025635194,0.009676603,0.52767396,0.11883023,0.14187959,0.0035810084,0.0073290896,0.05698297,0.0207712,0.0458123,0.027020723,0.00021929103,0.4092942,0.022783551,0.012292215,0.003951466,0.046376906,0.0028961902,0.010082327
671,0.12809384,0.47135264,0.32973415,0.028136821,0.53186333,0.01434348,0.051344123,0.26344877,0.52341986,0.5371062,0.0014171692,0.024914175,0.098408714,0.029698322,0.08328774,0.02355369,0.00087130215,0.17737278,0.17655283,0.040533025,0.014398202,0.04639353,0.015620009,0.03794513
674,0.199799,0.10307304,0.0062700207,0.0031347328,0.19964878,0.09614177,0.0013308136,0.1962678,0.021751847,0.19718528,0.0061471337,0.00089263124,0.7630276,0.00019099902,0.0021222266,0.17929222,2.6981777e-05,0.041598856,0.42534748,0.0021136194,7.2753115e-05,0.43467548,0.0006076519,0.00534589
685,0.67780924,0.54001284,0.02455174,0.004100681,0.14716804,0.04698568,0.0035515707,0.14164387,0.06038737,0.23364396,0.001479874,0.004519298,0.36471322,0.0003470087,0.003078835,0.0640677,0.00011173777,0.022466676,0.6572329,0.0022310796,0.0005929563,0.35052118,0.007239958,0.014267964
686,0.046230353,0.08633492,0.014267307,0.13484035,0.35825384,0.027346743,0.23431854,0.5948565,0.06521816,0.016139496,0.00125527,0.11252744,0.0009805225,0.11195898,0.047160238,0.0041739033,0.0013993097,0.21767102,0.0078305015,0.015314097,0.15011317,0.021614715,0.101166144,0.042494003
687,0.024081234,0.05557998,0.010074759,0.024091417,0.51370597,0.055902906,0.00830282,0.5311977,0.09119202,0.16755752,0.010592765,0.009178819,0.12927851,0.010360988,0.027933093,0.07817321,0.00029134224,0.3386966,0.049532287,0.008955666,0.0038251413,0.11688583,0.0055073537,0.0130289905
688,0.29519007,0.112862684,0.005703811,0.045122493,0.28346232,0.34886247,0.03572848,0.54492486,0.026249357,0.036048554,0.021805476,0.044773635,0.057673756,0.0030185666,0.005624206,0.101782404,0.00088646717,0.10274634,0.06976462,0.012298643,0.006946083,0.4012522,0.051010933,0.06093573
689,0.03613048,0.05109027,0.008367276,0.03947998,0.4768496,0.09685348,0.020294998,0.57294846,0.055300873,0.0639349,0.007964154,0.016892465,0.046677448,0.009563992,0.017280681,0.049369056,0.00039182638,0.24110374,0.028383268,0.013573386,0.0057179458,0.122668356,0.009614431,0.022815736
695,0.061175123,0.035431013,0.0027231083,0.03556041,0.40351036,0.23355487,0.01417707,0.6161223,0.023236617,0.03526394,0.019932179,0.015702685,0.0513588,0.0040619215,0.0081451535,0.08606025,0.00035354745,0.2009378,0.025826998,0.00890833,0.0035841851,0.25025913,0.011157385,0.023478862
697,0.0035394093,0.022695454,0.002676111,0.06317919,0.51420784,0.005480873,0.04170165,0.6907465,0.044512577,0.014404774,0.0005837448,0.020081082,0.00025503244,0.15986063,0.08002183,0.001168562,0.0003588338,0.48838806,0.0011180966,0.0022003576,0.15578592,0.004384068,0.01598209,0.007926193
698,0.24046141,0.4644872,0.15823759,0.012929957,0.39640456,0.025807826,0.017742945,0.21564242,0.29641423,0.48688263,0.0018629949,0.012329397,0.26175642,0.005738874,0.025135387,0.04458079,0.00039521648,0.09586616,0.337088,0.016943512,0.0034653607,0.11089925,0.009573772,0.028049929
699,0.06392303,0.08702088,0.022689084,0.15148993,0.35018158,0.039674517,0.29315853,0.5187901,0.070303254,0.023205707,0.0023314508,0.098454416,0.00414523,0.08628885,0.039179627,0.009199158,0.0018727349,0.15404265,0.016879015,0.027590437,0.10648726,0.034640513,0.06318334,0.050282013
703,0.19125175,0.022423124,0.0005140787,0.017253364,0.24560209,0.5970814,0.00418512,0.56462145,0.005001953,0.019128514,0.06508254,0.005273737,0.1519685,0.00037241363,0.0012725792,0.23100254,9.716506e-05,0.08851733,0.04364571,0.002700334,0.00045733445,0.6444552,0.0037506716,0.013217029
707,0.04884999,0.043916292,0.002085712,0.056412432,0.40165153,0.17951351,0.014201949,0.6920593,0.02407677,0.033147126,0.0335501,0.024447953,0.013086935,0.013640164,0.02221468,0.060997177,0.0007629451,0.33513582,0.013191215,0.0052504046,0.017959991,0.18913324,0.026419863,0.020063426
716,0.0073313555,0.019237516,0.0073379553,0.12279676,0.5103337,0.012198108,0.12108037,0.5556709,0.052493595,0.014748985,0.0012272147,0.026098924,0.0011136046,0.2565489,0.08810216,0.002487075,0.0007389143,0.3497358,0.0034894543,0.010401884,0.092038415,0.007855881,0.010010864,0.013424983
717,0.07478429,0.17230852,0.06159001,0.062461812,0.46258444,0.03761749,0.09993021,0.44737756,0.17002717,0.11752439,0.0024618625,0.048946798,0.024084628,0.03386803,0.042627815,0.019884195,0.0011657547,0.19266942,0.0491818,0.03299823,0.027235825,0.055063084,0.032092217,0.046212845
719,0.09939472,0.03139745,0.0018458801,0.007578733,0.2672021,0.23955967,0.0015965635,0.38200054,0.012393201,0.08312998,0.022501692,0.0014594254,0.5556387,0.00029144142,0.0019940787,0.23657887,3.287929e-05,0.08055799,0.1297642,0.0026064522,0.0001323773,0.49263227,0.0006712977,0.0060695345
726,0.0021869182,0.02664573,0.0072402554,0.03781578,0.63207734,0.0052759615,0.018568005,0.60266244,0.09175875,0.05218021,0.0017177989,0.011235749,0.0023925367,0.1217637,0.13708828,0.004975594,0.0004825217,0.6838511,0.0044688717,0.0051771416,0.022679484,0.007916221,0.0059388373,0.006996642
727,0.0029277327,0.014318558,0.003043208,0.019119266,0.62575966,0.018238965,0.0042717312,0.6085774,0.053384133,0.09009057,0.010473539,0.0036101458,0.033114213,0.022744786,0.061063644,0.030956747,0.00031194746,0.61999667,0.013789617,0.004072344,0.007962616,0.03040804,0.0019902182,0.006457282
728,0.27286175,0.38851175,0.028422039,0.08696443,0.29195112,0.10525586,0.100355156,0.5614549,0.12176672,0.10173008,0.017067084,0.18994457,0.018407483,0.04318391,0.044565793,0.05287753,0.007197426,0.19722307,0.07927163,0.019607527,0.09364919,0.1592522,0.315443,0.10162792
739,0.75395525,0.50619334,0.003694162,0.030250194,0.10534946,0.2692365,0.013829035,0.5558188,0.021729724,0.027779693,0.014920836,0.0594002,0.013393025,0.0020462293,0.0037859362,0.06440337,0.0022907667,0.06988682,0.12739356,0.001722453,0.009781419,0.57296026,0.26658392,0.040914785
760,0.006669044,0.04184364,0.018674904,0.023599098,0.639534,0.016281316,0.0077251396,0.51678103,0.15008754,0.17732538,0.0025928002,0.0056875627,0.055563614,0.026966425,0.061367385,0.022392815,0.00018300924,0.47053418,0.020798292,0.010752673,0.0036272889,0.03365269,0.0021007175,0.007490387
767,0.10564339,0.1388712,0.016751204,0.15562847,0.2851975,0.04047497,0.22187993,0.6184523,0.059821695,0.01593455,0.002131733,0.22815678,0.001730138,0.06429176,0.033980228,0.0067170053,0.0021484094,0.17705522,0.011946625,0.02032184,0.14036681,0.04186748,0.3080776,0.07489482
768,0.054816704,0.009591407,0.0003129164,0.015484103,0.31975126,0.5082048,0.0020861805,0.6405648,0.004914986,0.019979248,0.07982947,0.0028422275,0.16924143,0.00046092126,0.0018752456,0.24279046,5.6725483e-05,0.16821244,0.02254919,0.0025185994,0.00029773926,0.5558815,0.0016204315,0.0069531524
769,0.0034253919,0.010620798,0.001983317,0.030659784,0.63297784,0.03213307,0.006865289,0.66842794,0.035988834,0.03112332,0.00425303,0.005906689,0.009026192,0.028252978,0.038809292,0.014326124,0.00017640505,0.55690646,0.004508202,0.0054525887,0.005006884,0.032206394,0.002654482,0.006143071
770,0.69181645,0.3767713,0.008106441,0.04241167,0.31663495,0.46810284,0.038835112,0.46063954,0.059222642,0.054883864,0.02955918,0.11031103,0.019052587,0.0042839223,0.008107032,0.105382815,0.002774755,0.11222055,0.10561325,0.009450835,0.03688732,0.56863016,0.22483411,0.09959196
771,0.014007755,0.10149152,0.0278745,0.020584995,0.64027846,0.024299918,0.011006328,0.45953107,0.22739676,0.3369976,0.010849954,0.010113395,0.054760076,0.037308645,0.12102287,0.060011525,0.00059894647,0.527755,0.04798467,0.0084839435,0.010079762,0.05438557,0.008153175,0.018210784
775,0.26859027,0.016077047,0.00020270012,0.011794161,0.18725161,0.73047304,0.0022726601,0.54920983,0.002198107,0.011630325,0.08669677,0.0028436913,0.17441924,0.00011028195,0.00047858866,0.28796062,4.0036655e-05,0.05843427,0.041536037,0.001313963,0.0001503988,0.7779952,0.0020973373,0.008327296
778,0.00415947,0.0099403085,0.0013865207,0.026976906,0.62046874,0.050020747,0.005598578,0.68687093,0.02855522,0.02715365,0.0070949127,0.005411264,0.012163173,0.019107487,0.028962897,0.022443835,0.00017906641,0.55118555,0.005042892,0.005165494,0.0041420776,0.049922675,0.0028011894,0.0063028475
780,0.098498695,0.009758233,0.00021526587,0.011963505,0.25374413,0.61781526,0.0015895237,0.59620166,0.003021372,0.016238375,0.09378764,0.0020841614,0.22020711,0.00019592523,0.0009340352,0.29216903,3.5406014e-05,0.10824783,0.029799676,0.0016533595,0.00015285783,0.6786762,0.0012337228,0.0061003603
781,0.23152503,0.01550065,0.00022384366,0.0126672685,0.20093727,0.70821714,0.0024074789,0.5609461,0.0024736514,0.012509782,0.08615013,0.003035618,0.1717684,0.00014111298,0.0005859533,0.28198922,4.507825e-05,0.06663258,0.039062165,0.0014736111,0.00017947631,0.75304115,0.0021676403,0.008613702
784,0.092613,0.030749079,0.0013813028,0.0021524797,0.18784942,0.14596231,0.00041848415,0.25478888,0.008495869,0.12285717,0.01432247,0.0003209913,0.82725674,7.3238705e-05,0.0012003816,0.28749993,8.667471e-06,0.055023696,0.2518209,0.0010647359,1.9368248e-05,0.5498434,0.0002026926,0.0022082299
785,0.19926767,0.019155754,0.00036789916,0.015941376,0.23026547,0.6403583,0.0035073243,0.5728303,0.0038554166,0.0158167,0.073425785,0.004516039,0.14770694,0.0002824172,0.0010045518,0.24653156,7.671431e-05,0.0830035,0.039108977,0.0021462503,0.00035470087,0.6819719,0.0032700342,0.011499371
791,0.013448756,0.026950827,0.0048664915,0.059839576,0.5214199,0.046036795,0.035640176,0.6345252,0.044405933,0.025600236,0.0034177434,0.022563849,0.0051520974,0.04210203,0.035852414,0.01230937,0.0005187356,0.35571122,0.007108325,0.010102445,0.018666513,0.038507123,0.012858795,0.018098833
793,0.10882866,0.021262739,0.0007596865,0.020613095,0.30610502,0.48307344,0.004844256,0.59674144,0.008083202,0.025139824,0.054762125,0.0062238164,0.13390051,0.000770269,0.002429995,0.19761272,0.0001302578,0.13253938,0.034699786,0.0038636262,0.00073696,0.5244256,0.0041554323,0.013933136
804,0.0023493972,0.008431701,0.0016564335,0.03267675,0.65067756,0.023395553,0.00749742,0.6811416,0.03352548,0.023722015,0.0030199904,0.005736613,0.004722025,0.041297626,0.046851937,0.008932768,0.00016291963,0.5985714,0.002920995,0.004631979,0.006536771,0.021049004,0.0024849444,0.0052282987
806,0.053949766,0.04719025,0.00579492,0.027065262,0.42656952,0.15648763,0.009806881,0.5401013,0.04011126,0.07747915,0.014769849,0.009781355,0.13329601,0.0035319552,0.009738887,0.09943083,0.0002434881,0.19391398,0.047354545,0.010156875,0.0020983396,0.22875553,0.005424362,0.018265095
814,0.019922389,0.037971813,0.006408632,0.031811513,0.52839434,0.07258716,0.010868848,0.59155357,0.060214628,0.072489545,0.007463049,0.0112445885,0.03959764,0.012017289,0.023497337,0.04203126,0.000282026,0.32967308,0.019288953,0.0093008075,0.0045741876,0.09809103,0.0066319206,0.015705874
817,0.19978519,0.012557755,0.00017930372,0.011361517,0.20162617,0.7143178,0.0018636751,0.5673038,0.0021655052,0.01208648,0.094428055,0.0023515788,0.19254498,0.00011532859,0.00053093064,0.30048224,3.4126788e-05,0.069218464,0.035805717,0.0012954505,0.00013078477,0.7619833,0.0016132208,0.0070318403
818,0.046741717,0.022726063,0.0015539061,0.0025036815,0.24247104,0.11361757,0.00038668019,0.28451356,0.010901171,0.14751656,0.016320877,0.00029565056,0.8488022,0.00012117886,0.0019163443,0.29091778,1.0772365e-05,0.08849022,0.20576195,0.0014797674,2.179911e-05,0.47237852,0.00015390395,0.001898225
822,0.0011302738,0.0066681122,0.0004693222,0.012660137,0.6455223,0.015753035,0.0020624716,0.7710764,0.018694088,0.021578409,0.0029803938,0.0033743808,0.0021545617,0.01437874,0.027974322,0.007047156,7.76885e-05,0.6666348,0.0016306356,0.00086174224,0.0096763875,0.013290328,0.0034572012,0.0020855365
823,0.041485023,0.26319277,0.22571644,0.042165615,0.6040599,0.008992113,0.06830302,0.32901245,0.45827907,0.36359188,0.0010259392,0.0238343,0.02987869,0.074787766,0.1271983,0.01041122,0.00077259896,0.27221957,0.0587978,0.035985596,0.027552275,0.019797219,0.010943942,0.027590621
824,0.2527808,0.25466335,0.016024824,0.10996312,0.2316447,0.07576386,0.11023804,0.6534956,0.05299283,0.021190898,0.003699315,0.30289087,0.004190945,0.017026063,0.015714318,0.015272628,0.0023792859,0.14865114,0.025262633,0.018530743,0.07131704,0.115826815,0.5623636,0.11747878
825,0.2430666,0.03482077,0.00093793287,0.007978301,0.18996878,0.44979072,0.0020503493,0.39386067,0.0060345577,0.040300317,0.030787487,0.0018843766,0.41125935,0.00013334407,0.0007681857,0.27219316,3.1055737e-05,0.044937346,0.12065454,0.0016037103,0.00011994487,0.66948843,0.001076026,0.0078406995
827,0.19910441,0.053861596,0.0022795778,0.0322438,0.29878387,0.42758074,0.015516724,0.5689079,0.015461672,0.030810587,0.034736283,0.018832961,0.083970405,0.0017133508,0.0039298786,0.14134525,0.00040799525,0.11420639,0.051151216,0.007517071,0.0026678615,0.46076345,0.016434574,0.033539858
830,0.0030160577,0.017059918,0.0056942548,0.027903795,0.6676346,0.017046843,0.0071921605,0.6047827,0.07544733,0.06691196,0.0025292882,0.005180593,0.0156126125,0.037556827,0.05835297,0.01298906,0.00016434178,0.5647923,0.0072241444,0.006936571,0.004947817,0.022328258,0.0018124948,0.005585005
832,0.7468443,0.09379037,0.0005789086,0.009378974,0.107630804,0.6589774,0.003486441,0.36969635,0.0036055658,0.014827204,0.03090064,0.0048544495,0.1236575,7.053385e-05,0.00034288608,0.20315225,5.55815e-05,0.020494921,0.1444023,0.00082473626,0.00024840675,0.83141375,0.0065656635,0.015030511
845,0.17312896,0.019706616,0.00035613074,0.0119181,0.24890612,0.5999173,0.0017975193,0.5431359,0.0047972747,0.019145217,0.113490455,0.002595644,0.17068093,0.00028957246,0.0014369048,0.30833846,6.956268e-05,0.11715489,0.041934323,0.0014964439,0.00024810538,0.7265439,0.0020039023,0.007205322
846,0.017481426,0.03636069,0.013514184,0.18177798,0.40802503,0.012325589,0.33472848,0.5242809,0.059977185,0.012125824,0.0008453239,0.05975645,0.00067303784,0.30203524,0.08213977,0.0020286911,0.0013853788,0.23838432,0.0045408015,0.015494704,0.20871274,0.007646757,0.027539376,0.024144642
851,0.0042738193,0.020133156,0.005714693,0.027121864,0.6561053,0.021673458,0.007224702,0.5974499,0.07679949,0.07091106,0.0031745804,0.005969552,0.016386077,0.035313718,0.05663757,0.014905593,0.0001999631,0.5445269,0.008231535,0.006934424,0.0054909093,0.027938861,0.002546569,0.0069298805
853,0.17439398,0.103228666,0.0096308,0.04767707,0.34411335,0.2285962,0.041661,0.5315367,0.04098739,0.05133446,0.014356772,0.03797223,0.063653976,0.0050267065,0.008950259,0.08335727,0.00086778286,0.1262027,0.06510783,0.017240748,0.0080574285,0.27189726,0.031960793,0.051382072
854,0.07567811,0.038270973,0.0026960727,0.034260653,0.38415092,0.26494983,0.013827038,0.6068183,0.022201208,0.03618495,0.022301294,0.01573358,0.059908725,0.0034121415,0.0071599134,0.09860802,0.00034962903,0.18238392,0.029619757,0.008494555,0.0032575778,0.2876249,0.011549573,0.024770757
855,0.07874914,0.029965417,0.0017792068,0.027652463,0.367365,0.32534537,0.008546148,0.5994251,0.01633416,0.035520032,0.03227054,0.010163651,0.09797157,0.0019713973,0.0051249987,0.13377996,0.00023894325,0.17115963,0.033843316,0.006848147,0.0017270361,0.36346933,0.006746989,0.018858902
860,0.0017527018,0.008576552,0.002136897,0.030039333,0.67863905,0.015940364,0.0068377485,0.6616862,0.04291011,0.029655145,0.002293292,0.0048772246,0.0047125057,0.05182876,0.06014725,0.0072714156,0.00014214868,0.6352449,0.002876336,0.004420476,0.0065584304,0.015335474,0.001913601,0.0044220923
863,0.11787878,0.20356518,0.05737197,0.016348898,0.41471356,0.048625734,0.013050709,0.30665544,0.15695998,0.33275625,0.0044750795,0.008789945,0.3283102,0.004664571,0.019295152,0.07395822,0.0002851558,0.13330214,0.20990656,0.016360834,0.0020572953,0.1522612,0.005198389,0.021167155
867,0.004106706,0.006995334,0.0004075603,0.011667629,0.62907934,0.08054334,0.0026027127,0.7012583,0.013071743,0.017544273,0.00590994,0.0024390498,0.0048312442,0.005460538,0.0102856755,0.019787753,9.24832e-05,0.46277377,0.0022302773,0.0011798965,0.003239113,0.05703434,0.002330496,0.0031112467
874,0.19536781,0.018683912,0.0003736284,0.008101141,0.19188017,0.5682321,0.0014497548,0.4657632,0.0033216397,0.023841264,0.054725178,0.0015004372,0.37576538,8.983486e-05,0.0005521767,0.3092203,2.3838085e-05,0.05347652,0.07553454,0.0013483313,8.353723e-05,0.72495854,0.0008513814,0.0057530343
876,0.10364007,0.14829594,0.03196009,0.07873754,0.3959957,0.066751234,0.12440121,0.51046085,0.098237865,0.058675155,0.003553608,0.076849185,0.016185323,0.024881165,0.0260055,0.023363942,0.001466539,0.16233331,0.039423663,0.029830193,0.033492055,0.08054233,0.06271531,0.06070111
878,0.019903822,0.022569042,0.0023989608,0.03462081,0.49374336,0.120899975,0.010391335,0.6523753,0.028268509,0.034611076,0.011754069,0.01114566,0.027877659,0.008193057,0.014463884,0.04838978,0.0002692606,0.31859484,0.0128897615,0.007818089,0.0039557586,0.1296394,0.0067613237,0.01454589
882,0.0695371,0.013974043,0.00046203838,0.002768874,0.20248908,0.26718134,0.00031069582,0.3487349,0.0047146846,0.06440888,0.031326447,0.0002944845,0.74901336,4.6917296e-05,0.00076241954,0.35351372,5.5861865e-06,0.06460144,0.11935904,0.000778728,1.5774423e-05,0.6366526,0.00014484883,0.001857769
888,0.7573203,0.23283099,0.0031936653,0.025243804,0.15003212,0.49907312,0.018067498,0.4437051,0.013054032,0.022523627,0.018378694,0.036545675,0.0562775,0.00053339836,0.0012689573,0.11522823,0.00045849296,0.03385724,0.15293342,0.0038243877,0.0029183729,0.6758051,0.065907344,0.062201608
891,0.22011977,0.38371384,0.010831959,0.07797038,0.21136616,0.041848406,0.079902925,0.7179688,0.067769475,0.041429747,0.0031872385,0.20458668,0.0018249594,0.01773398,0.021465437,0.012269091,0.002222734,0.19144431,0.022290973,0.007763184,0.15805404,0.077931546,0.5014491,0.08096771
892,0.02440163,0.031047031,0.003821885,0.045526527,0.48312563,0.099099524,0.02111367,0.6385609,0.035593655,0.032444213,0.00783514,0.018746158,0.016047915,0.013868467,0.018481959,0.032931995,0.0004209801,0.29297733,0.012784499,0.009938507,0.008168887,0.09776304,0.012042269,0.020513983
894,0.0063957735,0.01532585,0.0024892797,0.034737803,0.5913611,0.046423297,0.009301655,0.6607948,0.037230693,0.033004623,0.0052049938,0.008449744,0.011143016,0.0231159,0.03155125,0.018906813,0.00023529012,0.47276172,0.006287974,0.0066583757,0.0058203274,0.04685582,0.0042653573,0.0090857195
899,0.40594408,0.038450655,0.0005418212,0.018037817,0.19040665,0.686732,0.0061324015,0.5317365,0.00422025,0.014391896,0.059139144,0.007984553,0.11027481,0.00026148907,0.0008036274,0.21909916,0.00011749616,0.05456648,0.05779964,0.0022921457,0.00055021205,0.7336001,0.007198022,0.019181482
905,0.018656624,0.05436452,0.02767841,0.19539598,0.42238566,0.0064851744,0.4223178,0.46067443,0.09422571,0.016781012,0.0004330484,0.061251994,0.0006047572,0.39694235,0.10406199,0.0013026178,0.001618112,0.21810451,0.005782108,0.019100271,0.28386876,0.004664053,0.024493948,0.024534127
910,0.10902888,0.08017569,0.008259083,0.004733299,0.26964158,0.08101557,0.0017225678,0.24346451,0.031250045,0.22573122,0.007018349,0.0011986867,0.73368514,0.00043100427,0.0037403656,0.16464846,3.9137973e-05,0.07049622,0.31619143,0.003544559,0.00012259051,0.33438608,0.00064842583,0.005821111
913,0.09272102,0.11890909,0.01881941,0.18701692,0.2862372,0.029593874,0.30111632,0.5653647,0.061530814,0.01453547,0.0017171089,0.19612971,0.001535962,0.10520017,0.040957768,0.0049183033,0.0021815212,0.15516476,0.011400693,0.021208987,0.19272746,0.028309654,0.21301766,0.06503579
917,0.22215703,0.016850071,0.00028255107,0.009593486,0.18756442,0.65229833,0.0017557171,0.50465286,0.002640868,0.017121462,0.06827972,0.0018763302,0.30044392,8.7427776e-05,0.00046589162,0.31437585,2.7908529e-05,0.053106245,0.060616996,0.0013775665,9.765756e-05,0.75639945,0.0011015014,0.0064441534
918,0.1793609,0.2423442,0.04625559,0.0078106695,0.32932717,0.042830944,0.005869149,0.21123245,0.11492697,0.38609338,0.0033526914,0.0037817587,0.53675735,0.001633424,0.010035681,0.08461268,0.00012962737,0.07762347,0.3791986,0.008206041,0.00066150015,0.19278285,0.0022998103,0.013123537
920,0.039621204,0.046829056,0.007864457,0.006013908,0.36374116,0.0600401,0.0014612103,0.30734012,0.04195592,0.2595642,0.009211385,0.0010607125,0.72857666,0.00078347576,0.0068932567,0.16305795,4.2174277e-05,0.14169686,0.19739147,0.004958569,0.00013907556,0.24979305,0.00044826005,0.004065175
922,0.15203546,0.087851405,0.0033025756,0.005959948,0.19655524,0.21988958,0.0023355868,0.330191,0.021201404,0.21269234,0.04244931,0.002032505,0.7547146,0.00033616353,0.00551707,0.48800316,0.000101428355,0.077631555,0.3365321,0.0019159128,0.00033465427,0.6033875,0.0016394148,0.0090188505
923,0.78964454,0.3329069,0.0011565009,0.053184014,0.09658649,0.32489187,0.023882322,0.6533127,0.01089326,0.010867632,0.027563157,0.1499818,0.004974152,0.0035995063,0.005580129,0.044828627,0.0021209414,0.094143555,0.05920326,0.0021736573,0.041807648,0.54982734,0.42856959,0.037324738
924,0.05329617,0.018265396,0.0011764073,0.010039333,0.31912822,0.26924828,0.0014910203,0.4788368,0.011227838,0.06377485,0.03501284,0.0015642078,0.46268016,0.00041953108,0.0024611382,0.24806067,3.8919163e-05,0.13105565,0.06930091,0.0029415889,0.00016669427,0.4709886,0.0006581102,0.005266573
928,0.0915623,0.06855768,0.0076879202,0.0057815653,0.29420373,0.086619414,0.0019723433,0.27388558,0.031241747,0.20779297,0.008326403,0.0014042184,0.70335007,0.00053777045,0.0042436495,0.16163777,4.7429592e-05,0.08511344,0.26826862,0.004427413,0.00015040784,0.32022035,0.00071792,0.006098097
929,0.006855955,0.020918636,0.0043616304,0.030309608,0.6057739,0.038075905,0.008150943,0.6194627,0.05649104,0.057172596,0.004819534,0.007542496,0.019914899,0.02208001,0.03662046,0.022138482,0.00021840172,0.4689799,0.009448938,0.0074680834,0.004827515,0.047105424,0.0035855372,0.009008058
933,0.014200261,0.0115211215,0.00093487167,0.023282094,0.48312432,0.17238785,0.0038445413,0.67878217,0.015639096,0.030436328,0.023565663,0.004887161,0.05886091,0.0032859035,0.008557116,0.088895194,0.00012570353,0.35005158,0.011930189,0.0050443755,0.0012161955,0.20176113,0.00270095,0.007918113
935,0.05418917,0.044820134,0.004716338,0.04238252,0.42513227,0.1640348,0.02236542,0.6021048,0.033537228,0.040102016,0.012453312,0.0206965,0.03838434,0.006743009,0.01143424,0.06127518,0.0004589759,0.2077376,0.025955347,0.0118187,0.0058585554,0.17796634,0.014061347,0.027184146
936,0.025870867,0.24395329,0.2489536,0.034348436,0.64458656,0.005649426,0.049049772,0.31899866,0.5239295,0.44369832,0.0007966502,0.016397156,0.031839255,0.08606293,0.16327998,0.008929177,0.0005519115,0.32630914,0.051409543,0.029937953,0.022524463,0.014107657,0.0064942013,0.019129012
939,0.11051207,0.01724028,0.0005800408,0.012229646,0.25856277,0.48278677,0.002128908,0.52271926,0.005567509,0.029589463,0.055010594,0.0023312843,0.31682962,0.00026673233,0.0012454368,0.27210408,4.556612e-05,0.092246175,0.056009125,0.0023786228,0.00019902688,0.6107146,0.0011666178,0.0072482903
943,0.6880855,0.69065666,0.063374735,0.0064201676,0.1850953,0.02790737,0.007379065,0.15748906,0.13735437,0.30799446,0.00084051554,0.010934186,0.19253136,0.0009786307,0.0060702623,0.03581784,0.00025051233,0.030294932,0.5993214,0.0041929157,0.0019792647,0.21673512,0.021318609,0.02434957
946,0.009346114,0.018346392,0.0027155431,0.03520088,0.56383395,0.06154804,0.0100789005,0.65289813,0.03635706,0.035691552,0.0065798336,0.009483034,0.015624423,0.017249202,0.025606034,0.025339562,0.0002555436,0.4198953,0.008353689,0.007529197,0.0052678618,0.06415078,0.005019602,0.010917815
948,0.22436585,0.33054405,0.013406256,0.045949467,0.31429464,0.10222323,0.02733775,0.6525235,0.08546664,0.09940842,0.009856812,0.09840966,0.010573677,0.0053907027,0.016813952,0.04574807,0.0016035617,0.19142227,0.05208974,0.0070439563,0.06189808,0.14892972,0.31819412,0.044961665
950,0.06807324,0.09361943,0.024417251,0.15024517,0.34951946,0.03923325,0.29189095,0.51397,0.073702104,0.024599096,0.002298559,0.1013625,0.004380098,0.08430907,0.0391571,0.009308997,0.0019150923,0.15172423,0.017991366,0.028426927,0.10627707,0.03529182,0.066522025,0.052049562
951,0.27241868,0.017889282,0.00024098039,0.012449255,0.19149745,0.71362585,0.0025539354,0.5443789,0.0024903885,0.012608172,0.08127702,0.0031864145,0.17225204,0.0001295163,0.0005391807,0.27757242,4.6550384e-05,0.059471413,0.044349536,0.001459711,0.00017951292,0.7643261,0.0023490507,0.009153165
953,0.007781545,0.03702919,0.014702928,0.058267396,0.60333073,0.01587488,0.040242437,0.5548599,0.10087099,0.052689645,0.0014357724,0.01759794,0.006142646,0.08981175,0.07432204,0.006771219,0.00044840068,0.40827662,0.008969715,0.013049924,0.023657534,0.016031057,0.006750489,0.013938744
954,0.20783308,0.01983429,0.0002328866,0.008153633,0.17349891,0.58962035,0.0009063861,0.51822597,0.002878195,0.02014069,0.12216098,0.0016372441,0.27389094,0.000102121776,0.00081259187,0.3577184,3.167615e-05,0.08039017,0.06394715,0.00080052356,0.00011522779,0.780628,0.0014517049,0.0048739444
955,0.25112233,0.021207485,0.00035335138,0.015316621,0.21185237,0.6719872,0.0035890841,0.55699456,0.0034618273,0.0146596655,0.07281595,0.004559962,0.14781956,0.00022652376,0.0008086212,0.25152594,7.286726e-05,0.06983156,0.043553323,0.001960827,0.0003182859,0.715809,0.0034056471,0.011922457
956,0.12373291,0.06445475,0.005529666,0.0076331277,0.28007847,0.14156695,0.0025914232,0.31312382,0.025117975,0.14606546,0.01163385,0.0020267817,0.5892166,0.0005171574,0.0034024166,0.17667264,5.3753705e-05,0.07607952,0.21369033,0.0040459866,0.00021651038,0.3848839,0.0010234499,0.008338778
959,0.023842286,0.042674016,0.0022077856,0.028903032,0.45272526,0.11662116,0.005015736,0.77427006,0.03546969,0.065359466,0.027661137,0.019229326,0.013327641,0.0055328733,0.02084749,0.07776911,0.0008384354,0.4957104,0.013427552,0.0033029919,0.009181314,0.1437893,0.035846055,0.012439796
963,0.08456626,0.10443767,0.018445296,0.11073871,0.3535241,0.063366875,0.18179698,0.5609182,0.0654422,0.027777027,0.0033058592,0.101631664,0.0062391977,0.039480217,0.027251778,0.015304033,0.001623933,0.16512242,0.020544287,0.024659673,0.058655865,0.062306304,0.08839263,0.058854897
966,0.004499659,0.013009666,0.0024197141,0.029153166,0.61953676,0.038001664,0.006531574,0.65343034,0.03989999,0.039561555,0.0051489114,0.0060067754,0.0144079225,0.022018405,0.034787416,0.019486181,0.00018163152,0.5235944,0.0062487517,0.006064304,0.004191466,0.0420163,0.002759998,0.0068497825
968,0.002412368,0.012893565,0.0036032076,0.02957026,0.67367536,0.016045844,0.0073736394,0.6319585,0.060034666,0.044539288,0.0022831971,0.0055346265,0.007050142,0.05098888,0.06445607,0.008740899,0.00016745178,0.6030508,0.004301054,0.005207908,0.0068360227,0.017522097,0.0022087984,0.0053591365
972,0.13946009,0.010533335,0.00018218951,0.012351319,0.22800493,0.6819104,0.0018302936,0.5973568,0.0024444773,0.012841206,0.099372715,0.0023896508,0.18633509,0.00016011746,0.00071697205,0.29535216,3.7067493e-05,0.08989516,0.029528137,0.0014755018,0.00015647097,0.7228316,0.0015510345,0.006785961
974,0.39989156,0.3548652,0.015201515,0.09329643,0.19113624,0.07888541,0.08665638,0.6431954,0.049733825,0.020938484,0.0032106251,0.3355773,0.0043234066,0.010781179,0.01078621,0.015766695,0.0023283104,0.11249796,0.036493495,0.0142145585,0.069432765,0.14991085,0.6771661,0.13314629
979,0.44221234,0.33018354,0.022341333,0.051594596,0.23854339,0.1354991,0.05529817,0.49687758,0.060204014,0.051673472,0.0051698964,0.117497474,0.02998797,0.0046195067,0.00757332,0.044796746,0.0015585923,0.08505956,0.1055777,0.015945094,0.01717493,0.25713235,0.2189131,0.101561815
980,0.098695904,0.3211227,0.18140106,0.03623743,0.52568316,0.021143438,0.05382051,0.32506046,0.36033216,0.35662818,0.0020647142,0.026913008,0.076240666,0.028562821,0.065617815,0.02368913,0.0009468312,0.19728558,0.12075408,0.040557206,0.015007683,0.053187747,0.016384162,0.03833548
984,0.011503762,0.029070977,0.0060515907,0.031148577,0.56742036,0.051460642,0.009432199,0.59905267,0.060600992,0.07025324,0.0059581227,0.008580263,0.038747218,0.0141377915,0.027062861,0.03484332,0.00023453018,0.3826032,0.015976032,0.009678037,0.0039697764,0.07128566,0.0039546536,0.011236945
986,0.16958196,0.41080108,0.18139918,0.041319758,0.46837705,0.02205258,0.07087995,0.32326105,0.34017786,0.28866383,0.0016491798,0.04615976,0.04716471,0.027727623,0.05314741,0.019068789,0.0013220615,0.16026123,0.13096973,0.03881116,0.023451248,0.057168283,0.03839085,0.052592535
987,0.32277015,0.017339682,0.00017367773,0.010516948,0.16622809,0.74690956,0.0019582019,0.53252286,0.0018999352,0.010485375,0.086956196,0.0025892844,0.1642137,8.4874475e-05,0.00040197984,0.289755,3.427999e-05,0.05071872,0.04336676,0.0009977448,0.00012755115,0.8058751,0.0021547945,0.007667623
988,0.70699394,0.083252795,0.0006880557,0.016694978,0.13836166,0.7206893,0.0077009075,0.45155331,0.004072771,0.012162411,0.042701054,0.010583813,0.08555783,0.00015329833,0.0004739824,0.18973684,0.0001232959,0.028768234,0.10163955,0.0017955671,0.00059421675,0.8070638,0.012458145,0.025904272
989,0.048258644,0.07884284,0.025159508,0.1774604,0.35376707,0.023825511,0.37314314,0.5038337,0.076220244,0.019296125,0.0013454274,0.098720856,0.002052742,0.15426795,0.0538011,0.004904987,0.0019852172,0.16175283,0.011915999,0.02606575,0.1678508,0.019020835,0.055853486,0.043633994
995,0.031612564,0.024566323,0.002437163,0.025171215,0.44449627,0.1799014,0.006048712,0.6050838,0.024763077,0.05078233,0.020141764,0.006783275,0.109320484,0.0029001713,0.008085186,0.10646747,0.00017019635,0.24377419,0.027355842,0.0074154953,0.0014593934,0.237917,0.0035583084,0.012164892
1000,0.0515061,0.019545745,0.0010890046,0.02489313,0.38547748,0.32947403,0.0057018185,0.63579476,0.012972308,0.029939614,0.03742138,0.0073532606,0.091140926,0.0017634949,0.0048512765,0.13914938,0.00016751663,0.20560172,0.023530535,0.0054021305,0.0012639507,0.35960206,0.004670009,0.01366173
1007,0.24980469,0.2285138,0.014252413,0.10249843,0.23639306,0.09450662,0.10195442,0.6480121,0.047838118,0.021752294,0.004735566,0.26071715,0.0056948243,0.013847496,0.013916969,0.019895496,0.0022080904,0.14620812,0.027147649,0.018342027,0.054086227,0.13850926,0.48906395,0.11293208
1012,0.4303372,0.034257498,0.00042102786,0.014164347,0.17108324,0.70464265,0.0042557227,0.50073266,0.0032309792,0.013808293,0.060427383,0.005142692,0.1511717,0.00014413349,0.00053153397,0.24562125,7.221514e-05,0.04399849,0.06838583,0.0017637106,0.00029031467,0.7730533,0.004210673,0.0139992945
1013,0.0031759855,0.010417961,0.001981731,0.026484294,0.6403371,0.033327777,0.0052533424,0.6681943,0.038356494,0.036387045,0.004914564,0.0049399543,0.012150907,0.024431827,0.038640432,0.017805247,0.00015990644,0.57821107,0.004946744,0.0049269153,0.0040714885,0.0364058,0.0022791147,0.0055591487
1015,0.05162803,0.034638826,0.0034226745,0.024877902,0.41120803,0.20050806,0.007248209,0.56158113,0.027745407,0.06173793,0.020516392,0.007696798,0.14861214,0.0024692276,0.007283335,0.12151757,0.00019399014,0.19261219,0.042404447,0.008247737,0.0014743515,0.27724057,0.0041137915,0.015108858
1016,0.071890965,0.049314823,0.0048291055,0.0038155941,0.2702917,0.084869675,0.0010051783,0.2577379,0.022590583,0.20576373,0.009218855,0.00071106845,0.7945765,0.0003005579,0.0032174536,0.2008349,2.5007548e-05,0.08070857,0.27572334,0.0027858857,6.6283836e-05,0.3624402,0.00036183148,0.0037877636
1019,0.19160914,0.17189409,0.014029523,0.09594769,0.2789968,0.10719589,0.10688559,0.62010396,0.049707383,0.025385924,0.005603749,0.1782488,0.008154825,0.015021915,0.015322656,0.024474224,0.001939878,0.15357168,0.027841305,0.020338723,0.04207649,0.13661185,0.2899361,0.09367087
1021,0.12447356,0.03467223,0.0016046192,0.0038432102,0.21367012,0.20635438,0.0008428527,0.296226,0.009775731,0.09943442,0.017118484,0.00068758766,0.71286714,0.000109101355,0.0012496117,0.25924292,1.3832345e-05,0.052119005,0.2059029,0.0015218296,4.669243e-05,0.54447496,0.0003419019,0.004006195
1023,0.03527116,0.03706292,0.004239952,0.045694478,0.45607194,0.12380714,0.02347351,0.6247704,0.03482501,0.03455074,0.009424997,0.020980554,0.02142428,0.010673825,0.015295233,0.041595764,0.0004599986,0.25274953,0.016924564,0.010948443,0.007679587,0.12513395,0.014168629,0.024261547
1028,0.08989673,0.13897695,0.023489565,0.006120492,0.33631378,0.036368635,0.0025693919,0.2303778,0.088357344,0.38148144,0.0046389867,0.0019083504,0.6335974,0.0013460995,0.01104233,0.10418866,6.554359e-05,0.10551649,0.3082749,0.0051061036,0.000359795,0.19012982,0.0011306631,0.0068023265
1037,0.005124077,0.010747922,0.0015030575,0.031002657,0.5913284,0.054710004,0.006613951,0.68735003,0.027368465,0.027065748,0.0068175495,0.0064809057,0.012195954,0.017429437,0.026196152,0.022724392,0.00018606888,0.50285125,0.0052943313,0.0055584693,0.0040443875,0.054510433,0.0032476408,0.0072333836
1040,0.14607593,0.009902453,0.00015739679,0.009443472,0.20901917,0.68743145,0.0012419111,0.5648756,0.0020956553,0.013645978,0.09829216,0.0015678558,0.24988371,9.4747425e-05,0.0005239796,0.32600713,2.2778831e-05,0.07576459,0.034480583,0.001125912,8.371402e-05,0.75716794,0.0009822948,0.005215349
1045,0.025525229,0.022861864,0.0020893437,0.03397694,0.46740606,0.15539025,0.010163939,0.655103,0.024154734,0.03215144,0.014781442,0.011418093,0.032865983,0.006130368,0.01143126,0.060339276,0.0002646274,0.28771344,0.014314264,0.0075293896,0.0034843194,0.16485864,0.0072401282,0.015530585
1048,0.023825511,0.059754685,0.0039675822,0.03553333,0.5052786,0.035261326,0.014823269,0.63549316,0.04850491,0.051144276,0.006206095,0.014120806,0.004688226,0.024037844,0.033049066,0.010774876,0.00047375023,0.35909408,0.00929959,0.0039463234,0.052865494,0.041650936,0.015004752,0.017625554
1050,0.46351135,0.17087264,0.0062458273,0.04096042,0.2331724,0.37263507,0.034305286,0.51398355,0.02479959,0.03465468,0.019460274,0.05372138,0.058404934,0.0020415823,0.0040192185,0.10246183,0.00092412625,0.07526051,0.10024773,0.010258082,0.006645533,0.47635877,0.07645863,0.07288517
1054,0.0137739,0.019394865,0.0023107082,0.029785631,0.5233437,0.098709255,0.007111772,0.6527187,0.031159712,0.040988486,0.0111973705,0.008167458,0.032530345,0.00847902,0.016654978,0.04834637,0.00021317636,0.36891323,0.011869049,0.0068004285,0.0030477624,0.11630177,0.004682091,0.011141004
1058,0.006980583,0.01840396,0.0057187728,0.093328126,0.53491324,0.017476086,0.0690829,0.588771,0.049303114,0.017553907,0.0016909175,0.02138197,0.0017585726,0.16178001,0.07262232,0.0039386647,0.0005941659,0.38505098,0.0038131247,0.009246565,0.051395036,0.012046973,0.008842588,0.0126838405
1059,0.36534998,0.32425907,0.015512886,0.092952006,0.20268732,0.084766425,0.08767134,0.6385051,0.050100375,0.022309234,0.003663959,0.30668265,0.0051719695,0.010811042,0.011315135,0.017759688,0.002274866,0.11922379,0.036201514,0.015444464,0.060372233,0.15301453,0.6190701,0.12799272
1060,0.009507858,0.019597825,0.0030525737,0.031922363,0.5656565,0.061466947,0.00846415,0.6419461,0.040269457,0.044038966,0.0070522493,0.008400619,0.022102924,0.014733831,0.024956826,0.030231275,0.00022872532,0.41849333,0.00989599,0.0074663796,0.004228741,0.070890725,0.0043614497,0.010359468
1062,0.079805106,0.04688434,0.0038461562,0.0029810697,0.24353151,0.091140874,0.000776737,0.23909716,0.017936533,0.19529957,0.009290813,0.0005323163,0.82911634,0.00018996414,0.002408978,0.21923538,1.7933768e-05,0.06740444,0.30525663,0.0021983457,4.23868e-05,0.4046201,0.0002824463,0.0032355355
1063,0.07839296,0.019104727,0.00078827527,0.022782788,0.3372643,0.4394656,0.0051629534,0.6272655,0.009227919,0.025033325,0.051138975,0.006805807,0.10835801,0.0010751018,0.0031648413,0.17766304,0.00014515579,0.16337553,0.027068635,0.004335866,0.0009350798,0.46607733,0.004502958,0.013842834
1065,0.11377947,0.12707797,0.014551605,0.11211834,0.3145962,0.07262744,0.15455806,0.6132562,0.055672716,0.0222116,0.0037296733,0.15418616,0.0046256236,0.030830378,0.023545515,0.014998622,0.0018145458,0.17391688,0.01807858,0.021456258,0.062821925,0.077524774,0.19813658,0.07365769
1066,0.27490294,0.22223796,0.013723682,0.088523746,0.24233258,0.11956179,0.08776222,0.6228273,0.045780126,0.02516267,0.0059343907,0.2091616,0.00906126,0.010195309,0.0116952695,0.027345221,0.0020066383,0.13451949,0.035092905,0.01794554,0.037718877,0.17499065,0.3952212,0.10858382
1069,0.54499197,0.3096322,0.011907782,0.004226561,0.15257859,0.08963586,0.0030253376,0.1710262,0.03204947,0.1723519,0.0032826753,0.0027629961,0.5013745,0.00025290743,0.002208604,0.1135435,7.54253e-05,0.025697911,0.5646609,0.0021694512,0.00028211717,0.45413432,0.003282276,0.011869921
1072,0.09839093,0.35746688,0.23166324,0.025685402,0.5305249,0.018928314,0.036473036,0.28463137,0.42633012,0.5034609,0.0021748242,0.017625337,0.15119308,0.021159574,0.06811384,0.03357261,0.00069619785,0.19120356,0.17149685,0.037119523,0.008601991,0.059780784,0.009871127,0.030665645
1077,0.03638451,0.061502185,0.01633907,0.09426992,0.44028533,0.047930066,0.12963912,0.5458344,0.06922462,0.033578604,0.0030581076,0.04878814,0.007777445,0.051315624,0.03556472,0.013960514,0.0010756222,0.2138546,0.01696035,0.022444345,0.040462848,0.042611536,0.026380599,0.03478713
1080,0.022534914,0.0137651125,0.00097631733,0.023036042,0.44589567,0.22524577,0.0040615415,0.6633477,0.014580968,0.03157666,0.029071614,0.0053188466,0.076720916,0.0024089874,0.006701558,0.11197553,0.00012905608,0.2905245,0.015655732,0.0050363266,0.0011147907,0.26241413,0.003075032,0.009292436
1081,0.27522147,0.27488944,0.016081303,0.10892204,0.22349113,0.07375502,0.10716905,0.65496355,0.05308937,0.020900613,0.0034921896,0.31925705,0.003955009,0.016350616,0.015068219,0.014651774,0.0024066486,0.14314474,0.026319658,0.017759815,0.07508198,0.11758119,0.5999428,0.12142365
1088,0.11399496,0.12586722,0.021972839,0.014329081,0.36423156,0.07885898,0.008283384,0.3358332,0.07559101,0.22271837,0.006764745,0.0061331433,0.39535508,0.0023848293,0.010398977,0.101414256,0.00018883313,0.11830919,0.1942683,0.011191981,0.0010436026,0.22229819,0.0035744403,0.016268201
1089,0.0706183,0.060073294,0.007260413,0.044373956,0.41265792,0.16025226,0.028856717,0.57090545,0.041082487,0.04893892,0.011395638,0.024027513,0.049353488,0.006679344,0.011539289,0.065367036,0.00054260937,0.1804223,0.0363854,0.014734213,0.006531571,0.18399327,0.015833186,0.032087944
1098,0.24217239,0.013394437,0.00016458862,0.011617753,0.18881522,0.7457696,0.0020428365,0.5679095,0.0019441462,0.0104883,0.09597184,0.0025910833,0.16944955,0.00010331075,0.0004556337,0.299431,3.5437974e-05,0.061988726,0.035332095,0.0012080612,0.00013429599,0.7840684,0.0018928321,0.007550349
1100,0.05873987,0.014891024,0.00060036586,0.021961698,0.3495132,0.43623346,0.004223626,0.6546843,0.008190009,0.022495728,0.054448403,0.0057778032,0.10044858,0.0010361479,0.0031231795,0.17949815,0.00011997963,0.18460324,0.021240449,0.0038788791,0.0008055787,0.45713934,0.0037309777,0.01146516
1102,0.024581969,0.030322371,0.0036661008,0.042742394,0.48505497,0.104987554,0.018390922,0.6360122,0.034796666,0.03453233,0.0087106265,0.016900945,0.019610364,0.01203695,0.017413968,0.036833912,0.0003899639,0.29277065,0.013770002,0.009847424,0.0068779904,0.10656148,0.010675013,0.019608146
1106,0.0026584503,0.0127481455,0.003573508,0.05225209,0.63821554,0.011641622,0.021483868,0.6382816,0.052492756,0.020998321,0.0011923499,0.010661435,0.0014761788,0.12812723,0.0829088,0.0032711595,0.00026011374,0.55877864,0.0022868703,0.005234341,0.024115335,0.008983888,0.0044842293,0.0068782894
1120,0.71857107,0.52646434,0.017810317,0.0033689153,0.12641332,0.05429236,0.0027815702,0.13159803,0.04539817,0.20262723,0.0015434561,0.003500897,0.3981475,0.00022534671,0.002291943,0.0723231,8.558293e-05,0.018171934,0.68626803,0.0016389943,0.0004038369,0.4122894,0.0059832223,0.012357621
1122,0.32944825,0.5906488,0.20212868,0.013934006,0.37541825,0.020197483,0.022436004,0.2064183,0.34995064,0.48344195,0.0011683316,0.017793285,0.16820164,0.0068621007,0.027055038,0.03127481,0.000527115,0.08595285,0.35727245,0.017537657,0.005348454,0.09659912,0.018085768,0.03480862
1124,0.15301648,0.010111118,0.00015688138,0.0115859285,0.21598473,0.7078008,0.0016809402,0.5938546,0.002117717,0.011745448,0.10420692,0.0021778273,0.19045417,0.0001279096,0.00059658656,0.3072874,3.2169133e-05,0.08230165,0.029525049,0.0013058848,0.00012913228,0.7478095,0.0014355746,0.0063864407
1125,0.20501849,0.007853232,6.6257926e-05,0.008378425,0.22789702,0.8304907,0.000991417,0.56591976,0.0014316012,0.0050558113,0.20873679,0.0018487824,0.08231734,9.771894e-05,0.0006339672,0.401336,3.5221743e-05,0.09564597,0.017060045,0.0005851797,0.00017156305,0.8454673,0.0019376451,0.0039965715
1130,0.10618622,0.167442,0.039818358,0.069620304,0.4053441,0.063066974,0.10850894,0.49349308,0.118049,0.077429995,0.0033319402,0.068330914,0.01996195,0.02336736,0.027113993,0.025935905,0.0012958724,0.16151555,0.044762444,0.028163146,0.02896281,0.0826369,0.055732783,0.05969546
1136,0.04485427,0.073773384,0.01695775,0.078183234,0.44120848,0.05977064,0.10160528,0.55431604,0.07282271,0.04121379,0.0034897327,0.04836089,0.010758812,0.032962225,0.029352156,0.019030068,0.0009768371,0.2107577,0.020859722,0.02201932,0.029126976,0.05821812,0.029583609,0.038251314
1137,0.022825425,0.050215565,0.022160994,0.17995065,0.41095054,0.013828424,0.35914686,0.4946357,0.077187285,0.01752217,0.0009235831,0.06494475,0.0012888791,0.25682148,0.07798709,0.002836777,0.001660863,0.211353,0.0075673084,0.02200814,0.18574059,0.009626313,0.027482547,0.028574508
1138,0.44668874,0.23758435,0.011155312,0.005104747,0.17799538,0.10406012,0.0034990944,0.1960907,0.030762333,0.16775723,0.0044441246,0.0028383974,0.53215647,0.0003253366,0.002473815,0.12460781,8.369454e-05,0.03284624,0.4990715,0.0029569457,0.00028863753,0.44149113,0.0027765566,0.012182669
1140,0.10445673,0.07274287,0.00698888,0.0040307106,0.2591996,0.081552215,0.00137886,0.23452759,0.027181542,0.22232693,0.0071959505,0.0009416905,0.7702919,0.00033468043,0.0032679166,0.17658207,3.1194322e-05,0.06661243,0.32898325,0.0030672858,8.912002e-05,0.35238737,0.0005078369,0.0049741003
1141,0.7538293,0.12970948,0.0005502412,0.01857311,0.114478454,0.7389313,0.0055789785,0.48460865,0.0045649107,0.018656952,0.074774384,0.014297906,0.06076314,0.00016682768,0.0008061627,0.23588401,0.00017065785,0.038009997,0.10159711,0.0010329684,0.001073949,0.84432435,0.025365887,0.018342825
1148,0.70461494,0.2738685,0.001822758,0.008319732,0.097099915,0.23779331,0.0029826576,0.34236708,0.011029403,0.039761797,0.013240441,0.0072283,0.120632835,0.00019827642,0.0011799684,0.1357475,0.000101365025,0.031647295,0.26832008,0.0008131577,0.00062489725,0.6799289,0.015667848,0.012655043
1150,0.06063072,0.025757456,0.0015855671,0.024956208,0.38073343,0.3014633,0.0064054625,0.60905653,0.01645586,0.03752199,0.03133274,0.008120067,0.100745775,0.0019167289,0.005301432,0.13530293,0.0001865446,0.1900515,0.029167578,0.0058144666,0.0013968173,0.3505459,0.0053136647,0.015516631
1154,0.002107759,0.0124092195,0.001602163,0.02492877,0.6450019,0.013400267,0.004579934,0.6860744,0.039059654,0.037066933,0.003996365,0.0052658934,0.0023645754,0.051066473,0.06521687,0.0067626494,0.00016549397,0.67794085,0.0025695409,0.0020254143,0.01769737,0.0124288285,0.0036476867,0.003937634
1159,0.003273832,0.010109653,0.0018547237,0.032570355,0.63323975,0.03062846,0.0076203267,0.67435634,0.034190737,0.027187059,0.0038586927,0.006269383,0.00696999,0.032092433,0.040113043,0.012255316,0.00018290716,0.5598168,0.003925392,0.0053390716,0.0057990104,0.028902614,0.0028300004,0.006180705
1165,0.18760207,0.10331416,0.008092479,0.054645002,0.3294315,0.24243572,0.04905671,0.5604262,0.035989914,0.038998734,0.014740868,0.05143706,0.04079197,0.005614638,0.00889978,0.073070586,0.0010195067,0.13051336,0.051887825,0.016453331,0.010685827,0.2712736,0.052459575,0.059283808
1167,0.033245448,0.10467304,0.038876355,0.028616907,0.5352738,0.035776645,0.01808145,0.4494951,0.16596068,0.21636546,0.003869202,0.012627022,0.10666947,0.014708131,0.037985507,0.040503938,0.00034472084,0.2681408,0.059134755,0.019506503,0.004821917,0.07632399,0.006448026,0.019624006
1169,0.23613153,0.024524625,0.0005268799,0.012880264,0.20686807,0.59317577,0.0030801923,0.50077224,0.004181384,0.021341167,0.055464003,0.0032680284,0.2548677,0.00018348834,0.0007678388,0.26929885,5.5927732e-05,0.059344172,0.06911645,0.002123258,0.00022440801,0.6965645,0.0019567476,0.009867502
1171,0.013644668,0.025256963,0.0039134054,0.046361513,0.5338923,0.060469776,0.020078555,0.6416054,0.04082044,0.031671166,0.0051383367,0.016109873,0.010039452,0.02414558,0.027907014,0.019772332,0.0003919147,0.36363947,0.008812217,0.009343894,0.00998888,0.057074208,0.009211702,0.016083054
1177,0.072145954,0.014606277,0.00055463845,0.004258908,0.22645304,0.3062733,0.0005135525,0.3932452,0.0054604947,0.057706602,0.035209976,0.00050467905,0.663679,8.361445e-05,0.0009237733,0.33508363,9.908015e-06,0.074352875,0.09919261,0.00110647,3.1302465e-05,0.6187031,0.000230311,0.002668468
1179,0.69032156,0.62536514,0.036342967,0.0046574697,0.15691449,0.034009203,0.004391788,0.14461546,0.08816848,0.27092862,0.0010889588,0.006588538,0.2730391,0.00052805437,0.0042458847,0.046565577,0.0001486188,0.025294732,0.63794434,0.00256753,0.0010615501,0.2792493,0.012311056,0.016790072
1184,0.17887464,0.42527914,0.09924095,0.012902314,0.3838195,0.030523486,0.024724845,0.2523222,0.29546684,0.5388283,0.0022149633,0.011828718,0.20215897,0.007296137,0.030053083,0.061564144,0.00030414292,0.106138155,0.22614807,0.011686515,0.0038959016,0.10155035,0.008956228,0.02497788
1185,0.38725194,0.18573202,0.008109877,0.05716843,0.241434,0.27051336,0.05100469,0.56565446,0.03058991,0.029421112,0.013508654,0.10034782,0.027532337,0.0038209066,0.0060869777,0.06557805,0.0013543366,0.09865246,0.06454452,0.013042904,0.013487199,0.35453898,0.1766322,0.091091506
1191,0.0035390647,0.010631009,0.001899266,0.034165956,0.6264458,0.03139645,0.008354443,0.67635703,0.034261137,0.026112964,0.0037598854,0.0068804882,0.006320139,0.03357043,0.040013682,0.011893541,0.00019587314,0.54886854,0.0038638667,0.0053669866,0.006481925,0.029083062,0.0031981114,0.0066210753
1196,0.03671752,0.05106591,0.010395131,0.100040965,0.41396275,0.054902453,0.13122481,0.5796019,0.051868886,0.022929853,0.0033159677,0.05500334,0.004702843,0.05345864,0.033105325,0.012437219,0.0010910205,0.2204441,0.011979258,0.017797153,0.046315856,0.043888602,0.035133816,0.03545358
1198,0.18134207,0.22836116,0.029102886,0.109564364,0.2874456,0.05969319,0.14707229,0.583929,0.08174458,0.033505533,0.0029144487,0.21234679,0.006754174,0.024861204,0.02241031,0.01621379,0.002351894,0.15272658,0.030532468,0.027035834,0.06297891,0.087177135,0.3148465,0.09580919
1202,0.007551686,0.013353401,0.0017409065,0.031075072,0.56589806,0.07028849,0.0070201866,0.67482483,0.028085914,0.031040298,0.008414374,0.007176725,0.017828763,0.0131565,0.021702206,0.030413825,0.00020026632,0.44878808,0.007257949,0.006282229,0.0036356656,0.07362977,0.0037387968,0.008630288
1205,0.85058254,0.23771314,0.0006427505,0.014045627,0.1369891,0.56779873,0.005989141,0.40952128,0.009842753,0.008836569,0.04768112,0.012950787,0.00630196,0.00093516486,0.0026363945,0.07402239,0.0005254045,0.054174755,0.050464403,0.00085979013,0.008856972,0.7701805,0.04382121,0.02225129
1207,0.5146959,0.06888748,0.0010148474,0.019547902,0.18284003,0.6344939,0.008806321,0.48855418,0.00627307,0.018526746,0.042950533,0.011544093,0.10557572,0.00033394957,0.0009696684,0.18737745,0.00017190904,0.047074206,0.08667577,0.0028489642,0.00086630986,0.71553594,0.011799359,0.02709548
1214,0.07787679,0.35959783,0.27717787,0.040068824,0.5672866,0.012482473,0.07034146,0.30731022,0.48503518,0.42529708,0.0013344665,0.027855873,0.049354453,0.052551296,0.10689036,0.015716333,0.0010027445,0.22601789,0.0993284,0.04476929,0.022957679,0.031787813,0.015262583,0.036083326
1218,0.047764245,0.02818826,0.0024706798,0.025791395,0.40992075,0.22784443,0.007018983,0.58846664,0.022174897,0.048748016,0.02404743,0.0075670034,0.13043593,0.0022956596,0.006512323,0.124986075,0.00018849544,0.20008631,0.035226572,0.007813767,0.0014403209,0.2903895,0.00400699,0.014302216
1227,0.19360492,0.013012623,0.00019731048,0.012072777,0.20752461,0.7033467,0.0020410002,0.57149386,0.0023558694,0.012520383,0.09191579,0.0025880141,0.18408825,0.00013551807,0.0005939334,0.2930248,3.8514572e-05,0.072605595,0.035332337,0.0013972856,0.00015359432,0.7487469,0.001770812,0.007514865
1228,0.005548649,0.01894317,0.004156323,0.040715292,0.61299515,0.027141573,0.014188858,0.6337552,0.053568494,0.036218807,0.0028203346,0.010530687,0.006389807,0.04636309,0.049407165,0.010386717,0.00028250233,0.48643106,0.005536774,0.007154509,0.010743618,0.026301961,0.005015274,0.009756142
1229,0.5178021,0.31176925,0.01027218,0.059203576,0.18234529,0.17896536,0.050150927,0.5793575,0.03332054,0.024768857,0.0068372395,0.17854111,0.014323728,0.003467817,0.0052397964,0.04075574,0.0015567621,0.08261097,0.06684905,0.010527949,0.020132944,0.317038,0.42247364,0.116470136
1238,0.17513792,0.15854461,0.01681232,0.0046394626,0.25863993,0.05674416,0.0024009391,0.1950641,0.050662246,0.29611558,0.0042172372,0.0016272275,0.6853136,0.00056691136,0.0048007383,0.11999706,5.3301956e-05,0.057537477,0.41689464,0.0037585692,0.00020504404,0.28297693,0.0010379688,0.007580351
1239,0.20982246,0.22754148,0.016733246,0.11678973,0.24667458,0.06923824,0.1235159,0.65202653,0.0556988,0.02110287,0.0034909816,0.29078695,0.0037963002,0.021370156,0.01844214,0.013867384,0.002387222,0.16069973,0.021903824,0.019867666,0.07681252,0.098627575,0.516749,0.110082485
1240,0.17419285,0.5439615,0.33708024,0.022629868,0.5043467,0.014203905,0.043353714,0.23820597,0.52411306,0.55442834,0.0011711953,0.025946265,0.106919564,0.022050628,0.06625958,0.023125775,0.00076345203,0.14467968,0.21785924,0.032607652,0.012927601,0.050404083,0.018733943,0.040452115
1241,0.010876524,0.017618561,0.0022481359,0.03368181,0.54380286,0.079345964,0.008930954,0.6622611,0.031125002,0.033823393,0.008517119,0.009123607,0.019288233,0.012656884,0.02047437,0.03293283,0.00023926469,0.39871925,0.008985013,0.0071312026,0.004287943,0.0838458,0.0050353566,0.011040662
1246,0.026396116,0.06390719,0.003173586,0.039199688,0.45403782,0.09152085,0.01344823,0.7287209,0.038309887,0.045365326,0.021451306,0.03088199,0.007197198,0.01719536,0.045022424,0.041065976,0.0018348354,0.40490934,0.011103186,0.0054718973,0.04053185,0.08347381,0.06798656,0.02713494
1248,0.24859655,0.019975219,0.0003242136,0.013732066,0.20608236,0.67238,0.003003595,0.5442027,0.0032012821,0.014964226,0.073224284,0.0037419721,0.16967987,0.00018483287,0.0007163079,0.26232883,5.884088e-05,0.066132374,0.0459794,0.0017553169,0.00024413457,0.72773576,0.0027046725,0.010403724
1249,0.22463132,0.14162405,0.014450087,0.02682923,0.32719225,0.18641825,0.021226326,0.4172848,0.053043608,0.10510022,0.011639049,0.018117398,0.17413783,0.002799489,0.007684767,0.10478069,0.00047407052,0.09684738,0.13833787,0.013171026,0.0032199319,0.30883223,0.013539489,0.03839914
1252,0.028943812,0.10676758,0.024310654,0.05442815,0.6382134,0.04548391,0.024587069,0.5531863,0.1902062,0.18483295,0.014022767,0.022997553,0.015822247,0.08042551,0.10058313,0.026606767,0.0031844433,0.4919355,0.020674665,0.01343458,0.04059294,0.058907337,0.026727658,0.037510615
1256,0.042459354,0.054874618,0.008703308,0.047321294,0.45901695,0.10155193,0.031101707,0.57861704,0.052280292,0.051520847,0.0073668887,0.023249058,0.03239487,0.0113878995,0.017206257,0.042861134,0.000517235,0.22362904,0.026538394,0.015244255,0.008429282,0.1160017,0.013977945,0.027826712
1264,0.43401593,0.13306488,0.0008809582,0.044780638,0.15671618,0.3939812,0.020282859,0.69566894,0.00867359,0.013342153,0.045248453,0.0564432,0.008722038,0.0020368998,0.0038783117,0.08668425,0.0009684958,0.122947864,0.038165182,0.002757815,0.013625979,0.5171906,0.10971197,0.030803889
1265,0.14965989,0.17174128,0.0155939795,0.123618975,0.2735385,0.06534706,0.14682345,0.6453284,0.05515776,0.019791307,0.003412268,0.2415697,0.0034163336,0.028931808,0.022413978,0.01268411,0.002209141,0.17520696,0.017447108,0.020840436,0.07989059,0.0797653,0.38838014,0.09272337
1266,0.06209529,0.032220393,0.0024256352,0.0026147985,0.24044222,0.104116924,0.0005375319,0.2571477,0.013474948,0.17116648,0.012228671,0.00037801743,0.8501557,0.00013763901,0.001995249,0.25762388,1.2968397e-05,0.0738189,0.26174986,0.0018154563,2.7194612e-05,0.44480863,0.00019444997,0.0024401033
1267,0.11532255,0.282738,0.12304055,0.027443314,0.4807991,0.0317721,0.031481437,0.31791413,0.2698412,0.36173344,0.003182473,0.01742782,0.1694018,0.0133620985,0.041205946,0.04151226,0.0006920505,0.17146562,0.17248775,0.033867724,0.0062369932,0.090836525,0.010596279,0.031695157
1274,0.51126325,0.081113234,0.0014439637,0.021045238,0.18756029,0.5942337,0.01078114,0.47980604,0.0077739973,0.021917429,0.03749029,0.013252843,0.119390234,0.00039224082,0.001113017,0.18449995,0.00020887649,0.046687763,0.10319157,0.0036168383,0.0010635589,0.6891695,0.012749958,0.030301504
1276,0.7351331,0.09031958,0.00066577754,0.014666315,0.13239457,0.69515,0.0062427497,0.41806445,0.0041097924,0.011787749,0.037111983,0.009022644,0.075295046,0.00013502121,0.00046624526,0.1797979,0.00010572857,0.027088681,0.107387096,0.0014147527,0.00051720266,0.8120146,0.011827893,0.023312235
1279,0.24479052,0.17035781,0.008741515,0.030087955,0.3336786,0.2245895,0.032667667,0.42538285,0.054146457,0.049944106,0.01916696,0.026307244,0.03606337,0.00501566,0.011395417,0.099191345,0.0006358473,0.123981774,0.040850874,0.0079260655,0.0057352125,0.37389365,0.03447588,0.041517865
1283,0.03625057,0.057231117,0.007571033,0.010726533,0.3326153,0.070155,0.0024849633,0.37263033,0.04248471,0.3554702,0.03405333,0.002323641,0.8166963,0.0014121946,0.016660312,0.41395727,0.00022562491,0.24511681,0.3048062,0.0062059313,0.00036713885,0.33521906,0.0013465734,0.0053853034
1286,0.021118024,0.00952689,0.00013097233,0.012845255,0.3561816,0.35379595,0.0011261146,0.78787017,0.0034257483,0.015809804,0.08059278,0.0031148514,0.033381168,0.0006302207,0.0027302217,0.16056818,9.488414e-05,0.35484967,0.00852335,0.00090687204,0.001014658,0.37589905,0.0049330303,0.0035837488
1290,0.559589,0.4068939,0.021837624,0.005437733,0.1725683,0.06624276,0.0044763195,0.17552105,0.05403452,0.21620823,0.0024647838,0.004657313,0.39782023,0.0004804154,0.0034488593,0.084149644,0.00012341507,0.030120235,0.5522636,0.002982567,0.00060256023,0.36384237,0.005955599,0.01590969
1291,0.12048901,0.22433119,0.07007224,0.020560373,0.43319982,0.04669914,0.01903781,0.3253944,0.18150057,0.31756762,0.0041431044,0.012683505,0.24160825,0.0067185764,0.023845926,0.06231774,0.0004082758,0.14508055,0.18217003,0.020504596,0.003395274,0.13384302,0.00798852,0.026670825
1296,0.039618343,0.094254956,0.03070071,0.014238512,0.4829838,0.03963398,0.0061638514,0.3598065,0.1301008,0.32275963,0.0055943932,0.0044622663,0.40993452,0.0044552456,0.021604938,0.08089907,0.00015059096,0.20855613,0.13356915,0.014070717,0.0009964487,0.12763132,0.0019247616,0.010584253
1300,0.06439657,0.27288803,0.17708111,0.019731069,0.5459051,0.018399557,0.021334738,0.29109123,0.3884997,0.53004426,0.0025897243,0.010995677,0.22525498,0.015591484,0.061571058,0.042736735,0.00042924262,0.21282326,0.16295211,0.028462375,0.0049321596,0.062859595,0.005315308,0.021100473
1301,0.081405684,0.11919872,0.026321888,0.087568276,0.39458525,0.06252389,0.14237201,0.5281689,0.087509364,0.04646382,0.0032895005,0.07485238,0.0113827195,0.03160826,0.027818477,0.019955589,0.0013805886,0.16900282,0.029120328,0.027025675,0.03964229,0.06783843,0.056424096,0.054760896
1304,0.0037736367,0.010875961,0.0018894416,0.030994872,0.6230888,0.036071286,0.006850285,0.6759598,0.034642838,0.029960847,0.004641119,0.0062480057,0.009066987,0.026563924,0.036511593,0.01571895,0.00018496878,0.5472654,0.0045464565,0.0052841334,0.005111035,0.03614107,0.002963811,0.0065157693
1306,0.23076534,0.03113677,0.000808387,0.008463942,0.19425628,0.47155303,0.002054332,0.41293526,0.005523287,0.03617427,0.034899212,0.0019511731,0.39349172,0.00013639951,0.000764618,0.2742606,3.280046e-05,0.048175372,0.108720325,0.0016629058,0.00012544681,0.6733856,0.0011106208,0.0077404077
1307,0.723798,0.091759995,0.00073789444,0.01638275,0.13471316,0.7081026,0.0076532406,0.44169673,0.004300341,0.012587195,0.039178953,0.010800451,0.08292039,0.00015660784,0.00048393352,0.18363324,0.0001243178,0.02764477,0.1071081,0.0017047044,0.00062161376,0.8059162,0.0132708335,0.026417859
1308,0.019273013,0.012183901,0.00086981565,0.021904942,0.45306417,0.21708447,0.003542591,0.6683455,0.013842125,0.031144494,0.029709974,0.0046350234,0.0794397,0.0023202254,0.006677459,0.11336475,0.00011652233,0.30709684,0.014665336,0.004770756,0.0009709737,0.25748128,0.0026085284,0.008184255
1312,0.12629811,0.024386272,0.00085946906,0.021247244,0.29996157,0.4847313,0.005505017,0.58496696,0.0084605655,0.025881035,0.052653763,0.0069357045,0.13434273,0.0007858191,0.0024317617,0.193118,0.00014772687,0.124203846,0.03907489,0.004154401,0.00081469485,0.52780855,0.004752711,0.015489156
1316,0.0030503285,0.017635655,0.00411414,0.027130967,0.65437555,0.015850412,0.007508847,0.61137754,0.065058835,0.072125785,0.0058660978,0.005727167,0.009015026,0.04771334,0.07630872,0.01452856,0.000368599,0.6140393,0.0078122737,0.0052036485,0.015194007,0.019228203,0.0038824144,0.0078990925
1324,0.45085582,0.37211934,0.019445907,0.07067333,0.20028013,0.09783704,0.0709773,0.57471913,0.05523884,0.031539418,0.0036772736,0.22805566,0.010821935,0.0065930123,0.008505981,0.025922835,0.0019921202,0.093394585,0.06444905,0.015005923,0.03561523,0.2012225,0.49051717,0.123322174
1325,0.3354211,0.6982959,0.20355122,0.01296416,0.35940996,0.0077596693,0.019943865,0.21059872,0.44939315,0.5158771,0.00065165263,0.024062136,0.07655725,0.0111610675,0.043338884,0.016511992,0.0005215374,0.10039389,0.31855944,0.010862707,0.014021657,0.056433067,0.04136225,0.029864104
1331,0.20757224,0.18896954,0.014437155,0.098490074,0.26578054,0.102118045,0.10617201,0.6278381,0.049804203,0.02448029,0.00530868,0.20273724,0.007354799,0.014831893,0.015095205,0.022912335,0.0020449483,0.1522891,0.027677204,0.02003503,0.04552008,0.13627297,0.34867054,0.099727556
1333,0.1399759,0.025781315,0.00022973155,0.009965631,0.29682317,0.6316947,0.0015221708,0.6561053,0.004343485,0.013491001,0.059590664,0.0034726122,0.032394093,0.00025716453,0.0013475189,0.20737985,7.24762e-05,0.16021304,0.016448045,0.00078349956,0.0003876507,0.6739459,0.004696711,0.0053187027
1341,0.058768883,0.3280443,0.26872697,0.024660507,0.5868752,0.012219299,0.034643084,0.2878191,0.5057874,0.55930173,0.0017157503,0.015319735,0.12494397,0.030631715,0.097888716,0.02643135,0.0005870842,0.23997357,0.12918627,0.034957185,0.010212685,0.038831294,0.0073817233,0.024722176
1342,0.00468563,0.014021111,0.002647061,0.03393303,0.6181453,0.03396603,0.008945332,0.6547619,0.04129544,0.034099262,0.004037117,0.0075570983,0.009108233,0.030188374,0.03918291,0.014387068,0.00021673305,0.5143128,0.0053764246,0.006303976,0.006276888,0.03412677,0.0035452466,0.0077763037
1343,0.7041155,0.46816692,0.017191412,0.006412173,0.15022735,0.08720834,0.005553571,0.19126026,0.042867776,0.14918457,0.0025244437,0.007216266,0.2856537,0.00040781175,0.0025646412,0.07552001,0.0001776838,0.024803862,0.56884354,0.003040605,0.0008553881,0.42661604,0.011654067,0.02139232
1348,0.4357554,0.29713574,0.016443301,0.0038861341,0.18036596,0.06592914,0.0027871153,0.15851761,0.042728055,0.23704717,0.00291241,0.0022424934,0.59040606,0.00032368113,0.0029644412,0.106650196,6.7985085e-05,0.03061151,0.57506454,0.0026176004,0.0002472374,0.37797403,0.0021930207,0.0101127215
1353,0.2623886,0.022027498,0.00012389637,0.008439303,0.17067944,0.707423,0.001582785,0.61748064,0.0019419,0.01097884,0.0797569,0.0029143642,0.08471781,6.5761145e-05,0.00040391483,0.27694923,3.3080323e-05,0.057000745,0.032707337,0.0006578757,0.00017080485,0.7912828,0.0034624706,0.0059621627
1356,0.18963881,0.5875742,0.37384075,0.025965806,0.50531983,0.01190089,0.05466458,0.23862012,0.55989766,0.53532237,0.0008958375,0.03404139,0.06967008,0.02920714,0.07411575,0.017275993,0.00090239546,0.14405699,0.19819055,0.03400126,0.019114604,0.041340318,0.026841091,0.046015367
1365,0.0709225,0.06826411,0.009665848,0.0061427164,0.32522574,0.07068109,0.0019744302,0.28126892,0.04105952,0.24677671,0.0077209263,0.0014335815,0.69983184,0.0007154015,0.0055762855,0.15294383,4.939136e-05,0.10237147,0.24742782,0.004905734,0.00017144873,0.27658856,0.00068121176,0.005816959
1367,0.27422166,0.2592695,0.016039612,0.10027251,0.23066963,0.08626861,0.09970814,0.64045477,0.05226685,0.02331824,0.0041587786,0.27455023,0.0055472674,0.013840328,0.013992121,0.018594362,0.0022563587,0.1404841,0.029673154,0.018118512,0.05720376,0.13567057,0.5237839,0.117012
1376,0.07615218,0.025234984,0.0015233635,0.020274747,0.3443207,0.3383326,0.004847539,0.5590638,0.013566978,0.042663258,0.037377685,0.0052783266,0.20985426,0.001012277,0.003497103,0.18517907,0.00012739447,0.14583714,0.0482096,0.0055241515,0.000728379,0.428539,0.0027217474,0.0122574
1377,0.15663983,0.17078348,0.024138132,0.0058887936,0.29618755,0.05151088,0.0033274144,0.20898503,0.069331914,0.32965827,0.0040583215,0.0022013506,0.64031833,0.00088713015,0.006455573,0.10698966,7.308947e-05,0.069087155,0.38406935,0.0053385524,0.00031185854,0.23942305,0.0012862749,0.009112857
1378,0.60525006,0.056804962,0.0005335288,0.016580446,0.15242106,0.7333474,0.006631053,0.48503318,0.0036105334,0.011854446,0.05225986,0.008700593,0.09531696,0.00016106931,0.0005067857,0.20936729,0.000105687344,0.035520595,0.07807835,0.0018057061,0.0004915138,0.79734755,0.009087072,0.021515477
1380,0.43572283,0.3504558,0.008401073,0.0017427091,0.1173209,0.024035538,0.00088955596,0.13610211,0.031620637,0.23253784,0.0015662459,0.0010707169,0.6179732,0.00020096009,0.0041406676,0.10077621,5.1585852e-05,0.026513455,0.73093235,0.00082316715,0.00031847652,0.32552862,0.0023140965,0.0062678233
1381,0.051069006,0.039925415,0.0017117742,0.027637035,0.4255202,0.2526815,0.0057036085,0.7023779,0.026374616,0.032143846,0.02245513,0.017851053,0.017608587,0.0022158097,0.009266454,0.11223287,0.00032031478,0.35890716,0.011114747,0.003669668,0.0022336193,0.3155439,0.022394009,0.011750187
1382,0.053964965,0.022556683,0.0016928785,0.0066431197,0.3028212,0.1877831,0.0010376904,0.3944249,0.013697437,0.09987301,0.02325595,0.0009727325,0.62650025,0.00030936717,0.002486848,0.25006118,2.5267816e-05,0.1099897,0.11149989,0.0025055828,9.432455e-05,0.4478011,0.00039715515,0.004104556
1386,0.7241771,0.086359896,0.0006775232,0.0166543,0.13490482,0.7257768,0.007777739,0.44854778,0.003993883,0.011695529,0.041980706,0.010837186,0.08132917,0.00014758437,0.0004530786,0.18755996,0.00012300021,0.027581928,0.10234933,0.0017307746,0.00059926795,0.8125266,0.013112191,0.026392838
1387,0.07039223,0.011767737,0.0003782041,0.01682422,0.31135872,0.5191175,0.0026547103,0.62956595,0.0053292983,0.020206131,0.07487888,0.0035701934,0.15679337,0.0005078858,0.0019088802,0.23244712,7.0731214e-05,0.1531732,0.025304528,0.002778806,0.00038183338,0.5581969,0.0021355078,0.008541007
1388,0.005735751,0.013292035,0.0020625805,0.033571083,0.59403753,0.04792044,0.008313647,0.67071784,0.03330692,0.030238958,0.0055642016,0.0076687913,0.010976527,0.02167198,0.030117687,0.019369964,0.00021696172,0.48738664,0.005743373,0.0062325196,0.005228128,0.0476287,0.0038348143,0.00827686
1389,0.17426066,0.117328204,0.0014922831,0.033855073,0.20095767,0.14956492,0.009486888,0.6359451,0.01568753,0.037280027,0.025122887,0.023655485,0.0327925,0.0029246833,0.005934953,0.085950546,0.00048234648,0.17831573,0.07315984,0.0022892533,0.007344116,0.31002817,0.033647392,0.012656509
1390,0.052669555,0.040223714,0.0047462313,0.018869571,0.4082611,0.15903579,0.005168158,0.49525014,0.034254927,0.0973424,0.01773334,0.00516731,0.26250374,0.0019513877,0.0074947383,0.1328332,0.00013867764,0.17772362,0.06587491,0.007922272,0.0008949975,0.27513823,0.0024985813,0.012142255
1394,0.038412657,0.021441221,0.0015990173,0.022271117,0.42377472,0.39674622,0.005045541,0.592654,0.018822592,0.050466195,0.1637932,0.007338987,0.22133325,0.0031117613,0.016505877,0.45553145,0.00061013224,0.36510175,0.042953424,0.0064580534,0.0017602401,0.51548415,0.0060702944,0.015955145
1401,0.08547365,0.112652756,0.018871149,0.19110519,0.29031858,0.025845725,0.31774047,0.5545119,0.062379025,0.014012945,0.0014556403,0.18394706,0.0013012587,0.12312376,0.04377278,0.004142329,0.0020906308,0.15367678,0.01045128,0.020097464,0.21184741,0.023858678,0.1879936,0.06094097
1403,0.0043687304,0.011131169,0.0018361554,0.028271427,0.61107415,0.04461235,0.0057428335,0.6708152,0.033084948,0.034428447,0.0061811684,0.0055903336,0.014863342,0.018474374,0.030273298,0.02231171,0.00016913815,0.5276034,0.0057930145,0.005554195,0.0036120573,0.04849808,0.0026408758,0.006472486
1409,0.08954695,0.10524805,0.014899784,0.14794515,0.30579516,0.049245592,0.23297876,0.593029,0.054998074,0.016754393,0.0027346523,0.15937756,0.002615271,0.061573137,0.032175906,0.008880718,0.0019202927,0.16791414,0.013081909,0.021375017,0.110182695,0.046322133,0.17491123,0.06458159
1428,0.0038716688,0.010331825,0.001700869,0.032142937,0.6177329,0.038290486,0.007259485,0.68099177,0.03134838,0.026854895,0.0047709118,0.006420335,0.008414838,0.025806999,0.034330744,0.015384933,0.00018664548,0.5396099,0.0043399413,0.0054111714,0.005145525,0.036736235,0.0030362052,0.006607491
1431,0.0041381884,0.016864974,0.004798827,0.057845306,0.61192787,0.015135056,0.028703988,0.6218453,0.05638605,0.024277125,0.0014128947,0.013783289,0.0020559046,0.11293285,0.07491354,0.004186456,0.00034326478,0.49821514,0.0033033404,0.0069646197,0.025417311,0.011804981,0.005913101,0.009293442
1435,0.54198503,0.04054336,0.0003630005,0.012137835,0.14653328,0.7341785,0.0036867564,0.468868,0.0027960245,0.012319032,0.05741051,0.0046167225,0.1372635,9.7403565e-05,0.0003911013,0.24331333,5.805694e-05,0.034297228,0.076441415,0.0012624202,0.00022758954,0.8147558,0.0044079986,0.01351147
1439,0.5459497,0.41547853,0.018098818,0.058500826,0.18166035,0.11219303,0.057090092,0.54979634,0.051073756,0.032844134,0.0036385788,0.20429626,0.013185361,0.0045089666,0.0062803244,0.030108852,0.0017763585,0.07579468,0.08354651,0.0118615795,0.027614402,0.24919519,0.47887105,0.12438986
1440,0.09413348,0.106982075,0.013099874,0.13865337,0.3015087,0.057335854,0.21170484,0.61473846,0.051463682,0.016087553,0.0029805752,0.16442944,0.0025634386,0.051597152,0.029273927,0.009957175,0.0018669316,0.17112868,0.012779492,0.019633822,0.10077169,0.053871088,0.19572306,0.066365846
1442,0.7421853,0.74665666,0.03621137,0.0028753264,0.13103372,0.014082455,0.0043859496,0.1211312,0.14073327,0.36402005,0.0006443173,0.0036244602,0.14541143,0.00064339954,0.0076634088,0.035900816,0.00021413014,0.023247357,0.68199086,0.001107704,0.0015165306,0.20028672,0.012644621,0.017006125
1447,0.2858721,0.04260511,0.0011284718,0.016881278,0.22100863,0.52871716,0.0059026526,0.4853002,0.0071926373,0.027874622,0.04168013,0.0061872173,0.2110446,0.00036008545,0.0012400085,0.22140037,0.00011923011,0.061475635,0.08769835,0.0034116893,0.0005288522,0.6367515,0.0041361437,0.016688498
1449,0.20510776,0.015656106,0.00025769274,0.013577377,0.21465154,0.6823175,0.0026088895,0.5682318,0.0028565465,0.013707141,0.08359332,0.0033049718,0.16947863,0.0001798278,0.0007174854,0.27295658,5.199955e-05,0.074596636,0.03816771,0.0016852401,0.00021748611,0.72608376,0.0023064644,0.009109667
1455,0.10151526,0.116804145,0.015048941,0.110551685,0.3285552,0.07008846,0.16152261,0.59993494,0.05783082,0.023336519,0.0035482058,0.13425237,0.0048065814,0.033640668,0.024829129,0.014795732,0.0017175104,0.1737381,0.018021861,0.021825373,0.061300706,0.07178987,0.15474565,0.06792076
1460,0.075057514,0.2533778,0.13608804,0.038572058,0.53261995,0.022600539,0.053267334,0.3546265,0.30784377,0.2959984,0.002186917,0.026257701,0.065459475,0.029419256,0.06243437,0.022684515,0.0008565354,0.21317464,0.093005456,0.03782111,0.014927272,0.050436214,0.015079901,0.035524115
1461,0.016869364,0.044223458,0.011524804,0.06474806,0.52677315,0.03363304,0.05457361,0.5758356,0.07553892,0.040905524,0.0023992746,0.02757805,0.0062906137,0.056673683,0.047300354,0.010727256,0.0006087683,0.32502282,0.010684439,0.013779238,0.025744174,0.030954676,0.014686449,0.022135703
1466,0.0066182977,0.0128522115,0.0017722853,0.031398058,0.5775736,0.061834753,0.0071296194,0.6752672,0.029191984,0.03057007,0.007459765,0.0070788176,0.015406096,0.015294479,0.024124803,0.02646215,0.00020045659,0.46756136,0.0066083637,0.006184271,0.0039420947,0.06380523,0.003615163,0.008251076
1474,0.02312657,0.019261355,0.0016654782,0.0290688,0.4678239,0.16960637,0.006975052,0.65694267,0.021359894,0.0339189,0.0182206,0.008426883,0.04605407,0.0045286445,0.009911587,0.07457801,0.00020172051,0.2969643,0.014824628,0.006557044,0.0022805962,0.1901362,0.0051348135,0.012635301
1478,0.046576902,0.13439827,0.05256358,0.028027307,0.52061534,0.03528778,0.021452656,0.40701494,0.18090455,0.24813166,0.003791834,0.013510339,0.13685717,0.013339724,0.03729301,0.041290287,0.0004086706,0.23294622,0.083706096,0.02460979,0.004779428,0.080487,0.006962002,0.022258084
1481,0.010694419,0.07383496,0.015175767,0.05147955,0.5257212,0.0104311835,0.032175317,0.572049,0.15049225,0.09719821,0.0033319057,0.016664023,0.0033379123,0.13996121,0.15683562,0.008587393,0.0011952547,0.5149283,0.008715111,0.0066371216,0.063737035,0.014896004,0.012808852,0.01562174
1484,0.6725872,0.4433223,0.018974714,0.009137813,0.16375346,0.10574174,0.008025868,0.23515935,0.047612395,0.1364544,0.0030692227,0.0111632105,0.21883123,0.0006408354,0.003011718,0.07964318,0.0002508364,0.03067142,0.46209684,0.003748283,0.0013702583,0.42257506,0.018532313,0.028961135
1492,0.41477627,0.2880828,0.0147501705,0.0033889855,0.17274378,0.05868098,0.0022224835,0.15147753,0.04101516,0.2441245,0.0028215677,0.00185098,0.60731995,0.00029296504,0.003064502,0.10591277,5.506385e-05,0.030795585,0.5752051,0.0021252127,0.00021514461,0.37023616,0.001941912,0.008547434
1495,0.014873911,0.05513655,0.0039982894,0.024654943,0.4158104,0.045669887,0.009622367,0.6860727,0.052418936,0.07263611,0.013660438,0.012419649,0.017642114,0.008434313,0.03157671,0.06148907,0.00029677254,0.46713483,0.015920252,0.0034342045,0.009185613,0.08516241,0.016125621,0.010605201
1497,0.0174446,0.0700443,0.02649595,0.027701948,0.5786847,0.02802525,0.01305915,0.48634684,0.1514706,0.1871925,0.003515946,0.009636237,0.078833856,0.018744785,0.044586387,0.03195989,0.00026968244,0.3408949,0.036816902,0.015568665,0.004425276,0.056771476,0.004292867,0.014015607
1500,0.07412209,0.012950884,0.0004892204,0.011576273,0.28097513,0.45684448,0.0016528252,0.5418105,0.005352306,0.03021171,0.06154596,0.0018103101,0.35791346,0.00026085682,0.0013517123,0.2840495,3.7392245e-05,0.11232134,0.049125206,0.0024554948,0.00015813301,0.59058,0.00081339874,0.0056711403
1517,0.19183794,0.024576938,0.0005928602,0.01884977,0.25060812,0.58612,0.0049292515,0.5729084,0.0056722476,0.019567752,0.06101022,0.0063173324,0.13236895,0.00045916715,0.0014513357,0.22071236,0.000115852046,0.09195659,0.041435145,0.00290629,0.0005852222,0.6270435,0.0046822065,0.015076197
1519,0.07500342,0.10327393,0.02326018,0.10371343,0.38195157,0.058468595,0.17665203,0.5300573,0.077176854,0.03621023,0.0032272083,0.08002584,0.008795609,0.040680025,0.029412974,0.016679352,0.0015174587,0.16430853,0.024790784,0.027578661,0.051241223,0.058474228,0.056832377,0.05325207
1521,0.16243042,0.021162558,0.000545594,0.016946588,0.25785106,0.5664203,0.0038820016,0.56487906,0.0054433523,0.021154962,0.063140586,0.004845603,0.1649749,0.0004033125,0.0014196207,0.23031406,9.2574875e-05,0.09623529,0.04307391,0.0028099206,0.00044206588,0.6212891,0.0032762943,0.012313955
1524,0.08402284,0.17766204,0.0073584937,0.032552842,0.40945894,0.07979085,0.018027464,0.6891165,0.08449914,0.09835458,0.011056273,0.053404994,0.0057848585,0.0064651673,0.021981116,0.036220156,0.00052092527,0.31136727,0.0173895,0.00400527,0.035954773,0.11507949,0.1354922,0.023943184
1525,0.45935297,0.035453867,0.00039480813,0.01508821,0.16973954,0.7261741,0.004686874,0.5118965,0.0031444738,0.012351289,0.06311241,0.0059934314,0.12221961,0.00015572201,0.00053823256,0.2356555,8.07235e-05,0.044607263,0.061638206,0.0017238548,0.0003400077,0.78060806,0.0053652297,0.015594542
1528,0.14426719,0.30202153,0.10625072,0.013533051,0.4224684,0.032484688,0.013688009,0.24779965,0.23562616,0.45856884,0.0031000313,0.0084282225,0.35541165,0.005178458,0.024375234,0.06281733,0.00029714912,0.120131366,0.28068942,0.017203366,0.0022452753,0.12429556,0.0050088367,0.021217857
1529,0.12809213,0.051813528,0.0027958374,0.002954436,0.19837111,0.12756607,0.0008051025,0.24242575,0.013361086,0.14674267,0.010387369,0.0006019119,0.77790844,0.00013962436,0.0017032347,0.23406897,1.6777823e-05,0.051843654,0.29825386,0.0015495112,4.425486e-05,0.49133614,0.000389769,0.0036687863
1531,0.6345298,0.09361215,0.00020120588,0.017346622,0.08149103,0.6621363,0.0039368486,0.65836185,0.0023619772,0.011421058,0.12005795,0.015727054,0.036309965,0.00013218836,0.00094760687,0.2191406,0.00018752992,0.04925902,0.064885624,0.00064225943,0.0023807746,0.81626606,0.052130118,0.016502092
1537,0.2137441,0.1723858,0.013453514,0.08579255,0.2814947,0.12967044,0.09319365,0.6047926,0.04767081,0.028219555,0.0067105847,0.1535337,0.011456603,0.011625771,0.013146771,0.03116634,0.0018152723,0.14343035,0.034152023,0.019735178,0.03260887,0.16634184,0.24730983,0.0926508
1540,0.0038191155,0.02241683,0.0058020377,0.035538577,0.73387796,0.03064549,0.008413534,0.6572504,0.09125442,0.07532239,0.008770478,0.009709665,0.0031693336,0.06721317,0.12554368,0.013019154,0.00064274867,0.7154114,0.0033503976,0.0054056263,0.03407669,0.020790523,0.009065705,0.009477666
1542,0.069789305,0.017281977,0.00075281714,0.018712632,0.3376135,0.4150253,0.0035605559,0.60023695,0.008954921,0.029806176,0.052293446,0.004599453,0.1604179,0.0008223698,0.002893765,0.19459538,0.00010237782,0.1614361,0.032008816,0.0038646064,0.0005851859,0.47650656,0.0027488947,0.010641362
1548,0.07738185,0.07974337,0.011797439,0.05914298,0.4080897,0.121323034,0.058696255,0.56140023,0.05370532,0.04592377,0.0073212674,0.040573537,0.027082577,0.011842224,0.01561742,0.042830396,0.00084086077,0.17522554,0.033767328,0.019591022,0.013788093,0.13204639,0.028997151,0.042751648
1549,0.6451383,0.051268145,0.00038848087,0.013714531,0.13690934,0.766591,0.0049988925,0.46560287,0.0027456495,0.010301192,0.05565006,0.0063381107,0.10502274,9.478384e-05,0.00034198552,0.22736326,7.235473e-05,0.029411605,0.081126675,0.0013571772,0.0002979505,0.8334991,0.0066382033,0.01736889
1552,0.5700207,0.41721296,0.012146078,0.0051171486,0.14331408,0.031125074,0.0032882388,0.15540172,0.056564774,0.18502572,0.003076702,0.0037549569,0.33305663,0.00086099165,0.0070906486,0.09495726,0.00019255145,0.04234908,0.6084751,0.0016872276,0.001522869,0.35679945,0.006653218,0.009330696
1555,0.31484258,0.031635504,0.0005899683,0.013436184,0.19050223,0.6160735,0.0037886528,0.48610702,0.0042353743,0.020148069,0.05102851,0.004047868,0.22360885,0.00017681981,0.00069368305,0.25776714,6.4981614e-05,0.050093014,0.077800766,0.0020837013,0.0002636432,0.71809244,0.0026676257,0.011911042
1556,0.09106391,0.031254593,0.0019699642,0.010470633,0.29258445,0.25904593,0.0022033404,0.4327395,0.014341727,0.07507991,0.025437618,0.0022166108,0.4411064,0.0004742999,0.0025357697,0.2228833,5.114627e-05,0.09936593,0.09719992,0.0031823472,0.00023612389,0.4692287,0.0010511876,0.0076754247
1560,0.13963929,0.37468717,0.18947563,0.02967642,0.490323,0.024283266,0.042935126,0.29728886,0.35637066,0.40559667,0.0022905585,0.023338497,0.12042628,0.0189815,0.053200535,0.031408366,0.0008925279,0.16748668,0.17765424,0.038013197,0.010239891,0.072289824,0.015508765,0.038028084
1571,0.0019147223,0.009448675,0.0023754134,0.03887639,0.6647587,0.013065028,0.011210957,0.6599848,0.04425582,0.022716632,0.0015925938,0.006851051,0.0022801273,0.083184876,0.07046771,0.004534893,0.00017754459,0.6126833,0.0022218174,0.00439496,0.012337134,0.011080355,0.0028012975,0.0051404773
1577,0.117132,0.07063449,0.005352631,0.003100531,0.22790238,0.08420206,0.001007129,0.21555084,0.021606822,0.20980102,0.0072157914,0.0006938425,0.79929954,0.00021783021,0.0025808665,0.19067639,2.2328162e-05,0.05625032,0.35848582,0.0021946244,6.0039114e-05,0.39347962,0.00041496236,0.004107787
1581,0.35242954,0.04554522,0.00083549967,0.0061562117,0.15179105,0.45778006,0.0016165682,0.34753907,0.0052213715,0.038583074,0.02714518,0.0015447278,0.40223873,8.258871e-05,0.0005768233,0.2696809,2.3590723e-05,0.032476116,0.14940508,0.0009956609,8.951087e-05,0.72187585,0.0011174956,0.0071362387
1585,0.013420455,0.011981718,0.00046441218,0.024594314,0.4590869,0.19446312,0.004876346,0.7463027,0.010001979,0.023058735,0.031513564,0.007686593,0.014127115,0.0058945883,0.013414622,0.057953443,0.00039566663,0.41709322,0.005651515,0.0023568394,0.008618399,0.14828272,0.008517543,0.0074386005
1588,0.04305328,0.0766403,0.019510236,0.21001351,0.328522,0.011717176,0.43519768,0.51100636,0.06878494,0.011374621,0.00056586106,0.11601162,0.0004779985,0.27172834,0.0654932,0.0016357235,0.0018225298,0.16106592,0.0060529043,0.016694523,0.33207858,0.008742957,0.075795285,0.039016448
1589,0.5074949,0.26654714,0.014579072,0.02276008,0.23999871,0.22204307,0.020735228,0.37194103,0.045033712,0.088635,0.009324044,0.02495567,0.14251003,0.0015889835,0.004431821,0.097356565,0.00057336,0.056208108,0.22749467,0.009109723,0.003527033,0.42074066,0.029176226,0.053609762
1591,0.0041586165,0.011810527,0.0020332867,0.036912564,0.6152731,0.03351115,0.009837443,0.67711437,0.034878984,0.024897657,0.0036795994,0.008091629,0.005590628,0.035890684,0.039776463,0.011598155,0.00022490046,0.5277624,0.0039055208,0.0055405484,0.007827838,0.030006273,0.0039540343,0.0075432532
1604,0.11754487,0.059840042,0.0041058813,0.003075468,0.22041573,0.10265933,0.0009408515,0.22902365,0.017488904,0.18109483,0.0085499585,0.00065519667,0.7994961,0.00017766416,0.0021174445,0.21011883,2.0015397e-05,0.054939814,0.3344047,0.002066062,5.056914e-05,0.43351117,0.0003869684,0.0039466457
1605,0.061756752,0.07495187,0.012980907,0.103031345,0.37529153,0.06742896,0.15468195,0.57624155,0.055144615,0.024632594,0.0036215773,0.077552125,0.0055439253,0.040181607,0.027230233,0.015215327,0.0013241767,0.18476447,0.016123103,0.020665929,0.049555127,0.059220746,0.060786653,0.048479598
1607,0.021943545,0.04261808,0.015617435,0.17513116,0.40349963,0.015649598,0.32877234,0.5177671,0.06359125,0.014387751,0.0010445258,0.06423145,0.0010124202,0.24886155,0.07410002,0.002739261,0.0015230748,0.22210921,0.006052297,0.018245377,0.18150307,0.010151099,0.030382553,0.027875708
1619,0.30005482,0.28244397,0.030258441,0.0055793696,0.249227,0.052092753,0.004278003,0.17992301,0.07397512,0.3181965,0.0029841724,0.0030787636,0.566569,0.00077895104,0.00552733,0.09149379,9.936028e-05,0.04836585,0.48596132,0.004812241,0.00043069356,0.26799017,0.00235059,0.0120310765
1622,0.03008257,0.043745928,0.010719556,0.114577845,0.4198898,0.043113317,0.15396106,0.56017804,0.052306358,0.020979188,0.002963522,0.051055398,0.0039472757,0.07980455,0.04053757,0.009528937,0.0011518268,0.22313067,0.010589827,0.01812587,0.05952773,0.032456398,0.02826739,0.031529743
1625,0.1659523,0.40273464,0.17733242,0.03988162,0.47413027,0.022348631,0.066700995,0.3192689,0.3362958,0.29538813,0.0017574028,0.042305794,0.05306549,0.026432473,0.05310593,0.019781167,0.0012912226,0.16218098,0.13729973,0.039749783,0.021503566,0.058520224,0.033942353,0.050296508
1627,0.40807307,0.029926313,0.0003504436,0.013189967,0.1717112,0.71314627,0.0035748663,0.5050063,0.0029473046,0.013293535,0.064834304,0.0044556307,0.15080048,0.00013256629,0.0005116108,0.2508909,6.222227e-05,0.04581445,0.061556816,0.0015454782,0.0002446381,0.77893317,0.0037258058,0.012522423
1628,0.040694755,0.06701152,0.0025716424,0.03222134,0.40435782,0.1517053,0.014071756,0.7270752,0.029782647,0.05299799,0.024607817,0.028262347,0.010777041,0.005215951,0.015619547,0.083240785,0.0007990226,0.36081824,0.022744972,0.0033766446,0.011960737,0.14959818,0.04376734,0.021992892
1629,0.004358165,0.022669947,0.0057735094,0.030814053,0.6529057,0.018042931,0.009449402,0.60127735,0.07736146,0.060070653,0.0029427444,0.0074352915,0.008218826,0.052813496,0.06605895,0.010486816,0.000281998,0.5627997,0.0068830373,0.00602555,0.010429894,0.021365512,0.0037510702,0.007531992
1633,0.5781238,0.0584533,0.00012196566,0.0077570747,0.08533424,0.65237767,0.0013451198,0.5422065,0.0015789678,0.007218152,0.05530237,0.0022452434,0.051437337,3.9767325e-05,0.00026676743,0.25809163,3.2099295e-05,0.041877434,0.05124665,0.00028047265,0.0001873864,0.8616678,0.0037226724,0.006937219
1635,0.71532524,0.58340645,0.027166635,0.0043131723,0.14470646,0.046122853,0.003947892,0.1411545,0.0650565,0.23256108,0.001318967,0.0053733736,0.32572702,0.0003692118,0.0030513841,0.058182985,0.00012712131,0.021244239,0.66333395,0.0022992073,0.0007104287,0.34599772,0.009120097,0.015850307
1636,0.022264255,0.05332155,0.02025761,0.2051629,0.38909584,0.0075397305,0.44102654,0.4876519,0.07676442,0.01238813,0.00044380693,0.07373318,0.0003963424,0.38597038,0.09178305,0.0011759888,0.0016221954,0.20384216,0.0046679154,0.015988428,0.3324352,0.0050560245,0.03554477,0.027397234
1638,0.11269705,0.24201511,0.04510263,0.013990662,0.35878965,0.06578119,0.016385917,0.37557372,0.18017702,0.4101423,0.02016586,0.011496169,0.40298998,0.0078039323,0.061410546,0.23849522,0.0010659832,0.21110865,0.27187428,0.012299553,0.005528649,0.24731046,0.014516828,0.03117152
1639,0.1278803,0.03778802,0.0018101792,0.029517699,0.32950976,0.3935424,0.0110844895,0.5884335,0.014745043,0.03149093,0.03601358,0.0134231625,0.09058308,0.0017434689,0.0042729,0.14259158,0.00030384958,0.13938639,0.04014326,0.006862666,0.0020444298,0.42349273,0.010200575,0.024693524
1640,0.28332064,0.25336322,0.025853164,0.0053707743,0.24635658,0.05601452,0.003869406,0.18240103,0.065186255,0.30346584,0.003267353,0.0027178403,0.5943113,0.0006950284,0.0050679846,0.0988861,8.8617744e-05,0.048223276,0.47948027,0.004550099,0.0003618965,0.28200725,0.0020066663,0.011174696
1645,0.6797012,0.06510861,0.0005094558,0.015322585,0.13739549,0.74879354,0.006327315,0.46009213,0.0033004766,0.010943513,0.04933503,0.008312519,0.092632845,0.000121217694,0.00039977327,0.20788105,9.4965595e-05,0.029038426,0.08953011,0.0015590688,0.00042765585,0.8222059,0.009213673,0.02141454
1646,0.07009931,0.08066312,0.013287327,0.043317355,0.43491182,0.11414362,0.032740537,0.5274418,0.06319861,0.07346186,0.008219187,0.024477188,0.05785301,0.008631063,0.015681678,0.055209443,0.0005725015,0.18323646,0.0463343,0.018159242,0.0073451283,0.147341,0.015457006,0.033689633
1648,0.72464323,0.10821309,0.0009296604,0.01631504,0.13575663,0.6606753,0.007836454,0.42953518,0.0051955413,0.014804487,0.033463817,0.011588168,0.08443159,0.0001870301,0.0005840306,0.1706604,0.00013991688,0.028291466,0.12048877,0.0017780893,0.0007404047,0.7847392,0.015051647,0.02789001
1651,0.80313647,0.11689376,0.0007035647,0.015068764,0.114773326,0.70459664,0.007265715,0.4122591,0.0039625396,0.010818846,0.03253419,0.011520655,0.067331694,0.00012257964,0.00039629606,0.16678159,0.000117942036,0.021631265,0.12254743,0.0013413121,0.0006352842,0.8249477,0.016859228,0.027267741
1653,0.32754278,0.025788587,0.00036448668,0.01500368,0.19282503,0.69542384,0.0039058826,0.537237,0.0032758443,0.01375608,0.06891496,0.00496157,0.1404481,0.00019044819,0.00067519455,0.24752872,7.423478e-05,0.05774779,0.050370988,0.0018263386,0.00031484506,0.7447933,0.003963533,0.0130568035
1663,0.10674389,0.06791716,0.00673456,0.042372182,0.3772537,0.21470885,0.028083982,0.55672467,0.03583071,0.04887819,0.015208897,0.024993671,0.0665463,0.004773292,0.009008684,0.08531422,0.00058412994,0.1516569,0.04804212,0.014383173,0.0056307996,0.24855591,0.017640727,0.036234114
1664,0.013619002,0.032662675,0.0012180982,0.05567617,0.37297606,0.09541804,0.014378518,0.8354193,0.022880837,0.021669054,0.01089791,0.029231017,0.0022160849,0.017114362,0.024358401,0.022371827,0.0010478975,0.5075896,0.0024637592,0.0034444223,0.018769428,0.07068051,0.067757316,0.010903416
1667,0.08091624,0.14042002,0.0056779715,0.09387702,0.30885243,0.056003176,0.072398014,0.6954266,0.04443415,0.018801738,0.0047537396,0.14537582,0.0017492281,0.024871109,0.028138353,0.019987723,0.0013782856,0.31285957,0.01589678,0.007895619,0.10868549,0.064398594,0.28081217,0.041212324
1668,0.0052506565,0.011495187,0.0016650731,0.03242333,0.59302855,0.051213138,0.0073798895,0.6832223,0.029191667,0.027274547,0.0061303424,0.007018282,0.010882296,0.019684797,0.028002394,0.020490477,0.00019916147,0.49911693,0.0052377116,0.0057500536,0.0046479567,0.050213322,0.0035232208,0.007614412
1673,0.027929287,0.041795954,0.006768029,0.06271358,0.46980998,0.07056447,0.048908092,0.61207974,0.046930127,0.03046723,0.0046489825,0.03146207,0.008759566,0.026733147,0.025814297,0.019768963,0.0006568254,0.27110082,0.012575122,0.013448565,0.018102963,0.06349346,0.020351702,0.027306248
1674,0.033772156,0.012226483,0.00043722102,0.009999083,0.38101304,0.30870196,0.0012901258,0.5749103,0.008768944,0.035071623,0.09367308,0.0018418983,0.2046618,0.00091241027,0.0048287776,0.26849934,8.399885e-05,0.2541248,0.03228936,0.0016093049,0.000485105,0.4451262,0.0012665138,0.0045091566
1678,0.08647253,0.025019085,0.0011773675,0.026009569,0.34649906,0.3967615,0.007226754,0.61544216,0.012047019,0.028465262,0.041673396,0.009165728,0.09592842,0.0014850094,0.00397127,0.15388009,0.00020401338,0.16286205,0.030285198,0.005518232,0.0013934809,0.42273507,0.0063147265,0.017499568
1679,0.48710757,0.10042776,0.0023794295,0.021781884,0.20038393,0.51518947,0.012614552,0.4589781,0.011318231,0.030436462,0.029222494,0.0145718865,0.13677782,0.00053889345,0.0015023714,0.17242187,0.0002537806,0.049115553,0.12377541,0.004556323,0.0013388118,0.63673615,0.013617382,0.03382395
1682,0.35209826,0.3331754,0.009640956,0.0013217127,0.13332881,0.018083433,0.0009497961,0.11100867,0.039714985,0.2680264,0.0009449152,0.0008136596,0.63602346,0.00013996573,0.0031756004,0.093425676,1.7405035e-05,0.024172133,0.6986215,0.0008361153,0.0001547507,0.2846076,0.0012212506,0.0058591776
1685,0.18692583,0.19969547,0.028070632,0.006376669,0.29294485,0.05264647,0.004101333,0.20680027,0.075301684,0.32842514,0.0038266229,0.0027140873,0.60294485,0.000983926,0.006668242,0.10064298,9.058161e-05,0.065815255,0.39892575,0.0058783963,0.00039534425,0.23988631,0.0016707145,0.010740801
1686,0.2724394,0.65050375,0.3497655,0.023109203,0.45374772,0.012463267,0.047941897,0.2259153,0.52797353,0.5157988,0.0007851618,0.035328366,0.07158928,0.021132117,0.057031635,0.017336123,0.0009200625,0.11803128,0.24927382,0.029766291,0.016578851,0.05055058,0.03442228,0.048011616
1687,0.16920474,0.13519953,0.016058572,0.059945896,0.3496549,0.1587798,0.06844969,0.5308574,0.057223525,0.052448876,0.008627588,0.06066253,0.03715911,0.008589723,0.012449612,0.054908987,0.0011967893,0.13279791,0.057302695,0.021865144,0.0152028,0.19396427,0.057842087,0.06398645
1689,0.3890242,0.24576141,0.01085329,0.06966112,0.215779,0.17216681,0.06249031,0.59933424,0.03626288,0.025558637,0.007787531,0.17476842,0.014049855,0.0052258214,0.0072872974,0.039852217,0.0016989688,0.105703816,0.05127917,0.013827566,0.023309125,0.26642612,0.36543807,0.110170804
1693,0.038996227,0.17259069,0.098825015,0.03622084,0.56599855,0.019914132,0.03966688,0.39477265,0.28363398,0.27589598,0.0020966348,0.019526506,0.060830228,0.032490272,0.06894496,0.021856623,0.00056943117,0.26677072,0.061924692,0.030030485,0.011797379,0.042032365,0.009685659,0.025729222
1697,0.73674494,0.70239097,0.030979536,0.012822512,0.19221382,0.07261519,0.01641345,0.3003265,0.14811681,0.25197318,0.0043918523,0.038138516,0.026130116,0.0031078884,0.01627323,0.059249412,0.0011355808,0.07259064,0.27721816,0.0030530645,0.025567433,0.3165713,0.17999797,0.07055886
1704,0.3366107,0.19801025,0.0019292533,0.051780585,0.1693614,0.25865662,0.03173843,0.7504601,0.014005562,0.018703677,0.016250117,0.12818572,0.004735351,0.0031379936,0.0052322214,0.03886164,0.00071322493,0.1316081,0.021207357,0.0040459023,0.022770217,0.2925372,0.29386702,0.04373765
1707,0.15729278,0.20829865,0.038612623,0.00792643,0.33277404,0.045800816,0.005341406,0.22325894,0.103258155,0.36422446,0.0037644338,0.0035250026,0.54599684,0.0015771104,0.009657425,0.08973283,0.000117212934,0.08230281,0.35029233,0.007843148,0.0006070035,0.19785309,0.0020708896,0.012291092
1708,0.4286719,0.030809958,0.00034411257,0.014768068,0.17170995,0.7335067,0.0042629824,0.5227612,0.0029064973,0.0117853945,0.06711777,0.005466684,0.12332567,0.00014964194,0.00052342634,0.24385498,7.310913e-05,0.046609916,0.055331986,0.001620886,0.00030634878,0.78221685,0.004777165,0.014293216
1709,0.011207115,0.028708993,0.007498055,0.075036064,0.5307795,0.027680265,0.05978907,0.5992805,0.0577084,0.025527932,0.0020526524,0.026272468,0.003136936,0.08604755,0.05519764,0.006876788,0.00062501366,0.362386,0.0062072403,0.011390385,0.033711683,0.021291342,0.013031763,0.017745895
1712,0.0012726792,0.008309859,0.00067137193,0.02162216,0.614486,0.009175893,0.0032023902,0.79700685,0.027132427,0.015288929,0.0012985703,0.0052344208,0.00035899016,0.021612639,0.039221868,0.0026874358,7.72519e-05,0.6964663,0.00046552182,0.0008500945,0.014159488,0.006931653,0.007118661,0.0025134904
1715,0.57233644,0.60917604,0.06223963,0.006384006,0.21367037,0.028271949,0.0069261836,0.16301095,0.13936165,0.33337873,0.0010993168,0.008883597,0.24307023,0.0011464384,0.007312571,0.040917695,0.00021522606,0.038032476,0.5517334,0.0045952876,0.0017283525,0.20132978,0.013873332,0.021235306
1724,0.07938616,0.014830575,0.00051763625,0.01772454,0.31205148,0.49007776,0.0031573887,0.613147,0.0065698423,0.023416929,0.063942604,0.004198245,0.15408643,0.0006037865,0.0021543908,0.21920389,8.519355e-05,0.14671645,0.028875284,0.0030768102,0.00047192883,0.5386068,0.0025822488,0.009936424
1727,0.10382212,0.016945291,0.0005738381,0.0058910856,0.22209756,0.39161313,0.00085534627,0.422247,0.005165715,0.04502833,0.03931466,0.0008479696,0.55459756,0.00010235643,0.00083376275,0.31960803,1.520062e-05,0.0669272,0.090637736,0.0013328051,5.2825228e-05,0.64386237,0.00039631705,0.003950599
1733,0.20339902,0.01795008,0.00032891968,0.01495401,0.22432616,0.6559119,0.0031479148,0.56798446,0.0034725938,0.015227127,0.0765535,0.003996693,0.15927662,0.00023635814,0.00087827793,0.25711903,6.618815e-05,0.07886945,0.039739132,0.0019815343,0.00029154177,0.6994981,0.0028223165,0.010576624
1734,0.33014804,0.06129428,0.001774306,0.02292236,0.23233245,0.51489925,0.010772671,0.50403374,0.010168641,0.028883807,0.037741795,0.011905381,0.14717603,0.0006311578,0.0017801505,0.18837243,0.00023670793,0.06691857,0.087449655,0.0049984064,0.0011902439,0.59965324,0.009412673,0.027096495
1735,0.22122039,0.06524034,0.0032806743,0.009263894,0.23266567,0.2611,0.0035305894,0.34158742,0.015398715,0.08347513,0.016760334,0.0028842653,0.4585689,0.00035837467,0.0019494876,0.19979835,6.211871e-05,0.05506406,0.18805884,0.0032746908,0.00026672645,0.5103127,0.0016195717,0.011409
1742,0.056663707,0.24967784,0.16262464,0.021664906,0.5568577,0.018292528,0.022585744,0.3079432,0.3746638,0.49339023,0.0025622526,0.011596653,0.19136567,0.01778916,0.064401254,0.03851605,0.0004444049,0.22796652,0.13873948,0.029265493,0.005491677,0.058328718,0.005545726,0.021297105
1749,0.030551508,0.04494417,0.009550604,0.098889686,0.4274518,0.050304476,0.12189566,0.58260936,0.050762314,0.022182083,0.0031633466,0.049448483,0.004327929,0.059259396,0.035623793,0.011332866,0.0010209881,0.23601978,0.010628096,0.016702164,0.04550222,0.03915923,0.029892944,0.03176731
1750,0.027452834,0.059307065,0.021444414,0.19971965,0.37579095,0.010040106,0.42862937,0.49217653,0.076868795,0.013673777,0.00057055434,0.08106402,0.0005600401,0.32234567,0.08217872,0.0016248549,0.0017251667,0.1914533,0.005714235,0.017797036,0.29293257,0.0069546043,0.041006662,0.030995136
1751,0.010648653,0.021806728,0.0034524356,0.043020368,0.55412686,0.054144114,0.016126607,0.6480841,0.040312536,0.031844467,0.0049477466,0.013410571,0.009744255,0.025173474,0.029910192,0.018554829,0.0003391794,0.39830485,0.007708253,0.00839606,0.008880209,0.05168401,0.0073730703,0.013572646
1753,0.06513768,0.3979734,0.35625255,0.039145365,0.5928296,0.0074321716,0.07886831,0.2844675,0.5806501,0.47283787,0.0007664049,0.029067863,0.031110775,0.0764176,0.13691117,0.010088864,0.0008338342,0.23140839,0.08175438,0.037572436,0.033298183,0.01911465,0.014987136,0.033278044
1757,0.1044912,0.12726803,0.022402838,0.008009561,0.34484458,0.056097735,0.003937948,0.259314,0.07358031,0.30738872,0.0053100693,0.002693411,0.5985563,0.0013084514,0.008306039,0.10999976,8.947417e-05,0.09738683,0.2855891,0.0073743477,0.00040487052,0.21905254,0.0013798873,0.009584416
1759,0.06651149,0.2808935,0.05773226,0.0058814283,0.40494826,0.007893239,0.0052029253,0.21427594,0.27229804,0.59452343,0.0020798855,0.0025687758,0.4331325,0.0037121084,0.036943827,0.05466364,0.000110764326,0.13720872,0.25573388,0.0063166237,0.0021788771,0.073092304,0.0023364003,0.010052421
1761,0.16647843,0.040336765,0.0016120226,0.02801679,0.30220896,0.44730175,0.0107992375,0.578025,0.012656944,0.0290182,0.040064514,0.013333181,0.096704885,0.0013480553,0.0033887457,0.1577272,0.00028915206,0.119462475,0.044996127,0.0060740644,0.0017962698,0.4805763,0.010642064,0.02574807
1762,0.26783445,0.08358318,0.0014030027,0.025073422,0.26955953,0.4165123,0.007704114,0.6041068,0.014182896,0.023335397,0.03611668,0.013106373,0.016677186,0.0014448735,0.0040678284,0.10996676,0.00032262012,0.15860146,0.023640342,0.002660088,0.0023400623,0.5257963,0.01648799,0.024107555
1763,0.0053154444,0.04025773,0.013606159,0.014956399,0.64123535,0.01538778,0.005756076,0.4807696,0.16738945,0.30388054,0.011171571,0.0039530615,0.11664956,0.020921009,0.1150998,0.082178526,0.0003540561,0.58966243,0.036444202,0.0065218685,0.00423967,0.04878563,0.0029295834,0.007817347
1771,0.3868761,0.043182556,0.00071806024,0.018591482,0.2002588,0.64394474,0.0066907206,0.51997375,0.005218977,0.0175465,0.053304333,0.008468471,0.12303311,0.00031726525,0.0009757534,0.21118516,0.00013592445,0.057374023,0.06606581,0.0027247209,0.0006361031,0.70387185,0.0074098255,0.020476049
1772,0.076097295,0.094684854,0.02059803,0.12563254,0.35565972,0.05525606,0.22187546,0.53390384,0.06717865,0.027251402,0.0031820235,0.09324234,0.0065243007,0.051802035,0.030421358,0.01393898,0.0017164976,0.15458216,0.021116242,0.027329238,0.07008243,0.052083414,0.06700406,0.054474853
1774,0.13706875,0.20359829,0.046172384,0.01115981,0.37688193,0.046805754,0.008051528,0.25616995,0.12462249,0.35191292,0.004253536,0.005233122,0.4633214,0.002577179,0.013335212,0.080761395,0.00018402323,0.1043238,0.2912555,0.012058391,0.0010257942,0.17384301,0.002937145,0.015479533
1778,0.0041902843,0.011927593,0.002056661,0.034738354,0.61528623,0.034819093,0.008726418,0.674616,0.0353985,0.027519787,0.0040273964,0.0075028474,0.006998601,0.03124021,0.037948117,0.013302315,0.00020941632,0.5278006,0.0043070614,0.0055684648,0.006596814,0.03298671,0.003627594,0.0073424964
1787,0.27596772,0.100246765,0.005049821,0.041473873,0.28816736,0.36076018,0.030451844,0.5420139,0.02459314,0.03704563,0.023418177,0.03644186,0.066570915,0.0026935558,0.005283256,0.11036285,0.0007510433,0.103043534,0.069317594,0.011348665,0.005616451,0.4120362,0.03830973,0.054102197
1792,0.10695529,0.49033123,0.39828974,0.030104004,0.5626121,0.01041453,0.060475398,0.2583642,0.5982591,0.5726633,0.0010587596,0.026577132,0.07301301,0.04286931,0.10894107,0.017881483,0.0008673976,0.19384812,0.1505928,0.04205841,0.019384399,0.03286126,0.01553458,0.037172113
1796,0.21300535,0.02653247,0.00067820057,0.013880007,0.2224631,0.54946065,0.0034837152,0.5002488,0.00522124,0.024943836,0.050807282,0.0036613627,0.25622624,0.0002467379,0.0009891632,0.25549692,6.760223e-05,0.0660404,0.07117807,0.002537499,0.00028418392,0.6583276,0.002146762,0.010789457
1798,0.5999056,0.05095098,0.00045291905,0.015461274,0.14925992,0.7469076,0.00579053,0.48410428,0.0031885111,0.011198742,0.055377305,0.0074835056,0.10087155,0.00013441141,0.0004454653,0.21905883,8.97317e-05,0.034482047,0.075615756,0.0016294469,0.00039668105,0.8089002,0.0076364945,0.019176815
1800,0.08682915,0.0154897375,0.00051844603,0.01837349,0.3069425,0.50509256,0.0034508724,0.61529326,0.0064522857,0.022316463,0.064459115,0.004586734,0.14399144,0.000610407,0.0021036852,0.21771824,9.1863985e-05,0.14199132,0.0288118,0.0031183122,0.0005123646,0.54593956,0.0029018417,0.01065702
1802,0.043366328,0.016475221,0.0010245845,0.005413181,0.28994638,0.19397281,0.00066402514,0.40394938,0.0100313,0.087709524,0.027332807,0.0006402612,0.6602811,0.00020335444,0.00194911,0.28707758,1.6886399e-05,0.11394813,0.09774234,0.0017670164,5.5719855e-05,0.4859082,0.00026878915,0.0028218443
1804,0.6559799,0.40057972,0.003170221,0.034893513,0.12514502,0.14819838,0.018504336,0.62444127,0.023736935,0.022311049,0.0063607693,0.08975563,0.0042462316,0.001800602,0.004501426,0.029218119,0.0005163367,0.064020954,0.058562297,0.0019430954,0.03154954,0.33484268,0.34720913,0.05303193
1809,0.10791063,0.036513742,0.0019571558,0.030046547,0.34608892,0.35800943,0.011061169,0.59288955,0.016260525,0.03336224,0.032864653,0.013200434,0.087202325,0.002013244,0.0048716436,0.13330369,0.00030313982,0.15183467,0.03747296,0.0072367163,0.0021617261,0.38835463,0.009709792,0.023733594
1810,0.1824225,0.52461517,0.3076587,0.022143153,0.48607266,0.016418943,0.0399642,0.2401,0.4875618,0.54712474,0.0013854026,0.02276661,0.1312259,0.018557137,0.06001269,0.027758949,0.00075604406,0.14093308,0.23829179,0.033006493,0.0101849865,0.060587637,0.016385863,0.03820198
1815,0.009349838,0.013640973,0.0016188385,0.026645925,0.5425129,0.09272184,0.005210893,0.6666799,0.0259126,0.03700292,0.012211037,0.005932523,0.034028344,0.0077517624,0.01627779,0.04864091,0.00016594907,0.4173188,0.009820874,0.0060015875,0.0022319814,0.10927168,0.0031322706,0.008234716
1816,0.0026054522,0.012104611,0.0030486146,0.032042496,0.66314244,0.018148335,0.008247314,0.64281666,0.051513188,0.036559228,0.0024167683,0.00611714,0.006007561,0.050154693,0.059035473,0.008518259,0.00017874075,0.58924675,0.0039510494,0.005302102,0.007440139,0.018376116,0.0025183968,0.005715533
1819,0.3661415,0.11319356,0.0047737965,0.008706037,0.20460829,0.25074482,0.0045674983,0.29475412,0.017988607,0.09138639,0.012494758,0.0036373017,0.4363785,0.00032408777,0.001813496,0.17496437,7.915783e-05,0.04030728,0.274635,0.0033561157,0.00032731023,0.5356061,0.0024305994,0.014770836
1823,0.01361995,0.018077437,0.0020518836,0.032965533,0.5219093,0.10065875,0.008667467,0.662433,0.027614478,0.033142533,0.010682989,0.009170483,0.02440841,0.009463904,0.016517483,0.041584425,0.00023454583,0.36672923,0.010375783,0.0072283656,0.0036573906,0.10712384,0.0052011046,0.0117140515
1826,0.6140578,0.10828165,0.0016823378,0.014076162,0.15482187,0.5472264,0.0070590307,0.3900934,0.007824702,0.027895756,0.02515308,0.00789095,0.17208539,0.00021713534,0.0007635215,0.18963186,0.00011570675,0.030235566,0.16608968,0.0022858165,0.0005559364,0.7258057,0.0073603853,0.022994885
1827,0.14703496,0.14733464,0.020452688,0.078033164,0.34748784,0.108094834,0.10568132,0.54796803,0.067048796,0.043820757,0.0055193207,0.09201066,0.01856582,0.014719939,0.016735025,0.033657428,0.0015496498,0.14513665,0.04189705,0.025507083,0.027589137,0.1307432,0.09555759,0.07135716
1828,0.025894845,0.049880136,0.0136436485,0.15457627,0.37854078,0.020363085,0.26053905,0.55489564,0.060653497,0.015493586,0.0013179003,0.0701215,0.001250418,0.16721329,0.059185103,0.0037734879,0.0011797375,0.22043033,0.0065161586,0.015748652,0.14085734,0.014951712,0.041760862,0.030306483
1829,0.3730111,0.03234839,0.0004539672,0.016743973,0.19143392,0.69239414,0.005083398,0.534808,0.003761186,0.014001856,0.06351158,0.0065573337,0.121555634,0.0002285982,0.0007436034,0.23090692,9.744147e-05,0.055868875,0.05430175,0.002084072,0.0004358191,0.7391126,0.005608608,0.016333247
1838,0.0383905,0.015939236,0.0011770934,0.009476479,0.3393587,0.2334738,0.001226309,0.48732778,0.012365154,0.07157898,0.034505688,0.001312229,0.48761174,0.00045605545,0.0028526173,0.25305447,3.5157605e-05,0.15519136,0.06304181,0.0028502909,0.00014620413,0.4442203,0.0005260928,0.004386718
1841,0.15543647,0.011552988,0.00019663622,0.011639394,0.2202433,0.67825264,0.0017782054,0.5765475,0.0024813302,0.013710043,0.09377212,0.0022655244,0.204997,0.00014305061,0.0006638471,0.29747388,3.5128814e-05,0.081645265,0.033997998,0.001436056,0.00014107424,0.73092556,0.0014644294,0.00673959
1842,0.043035902,0.021240216,0.0013861946,0.027779467,0.4107595,0.26997605,0.0070303455,0.6420411,0.016032968,0.031201823,0.028631847,0.008773504,0.069210544,0.0025708096,0.00631475,0.11091699,0.00020140338,0.22747,0.020903269,0.0062753055,0.0017725003,0.29313627,0.0056324764,0.014804738
1843,0.07698553,0.029718269,0.0020921973,0.010280669,0.3086965,0.23211662,0.002079459,0.4312153,0.015496668,0.082216784,0.024616322,0.0020503365,0.46761662,0.00050564547,0.0028562262,0.21645007,4.9873706e-05,0.10904738,0.09793836,0.0034902287,0.00022558297,0.4411242,0.0009293252,0.007070828
1846,0.004214351,0.010125741,0.0015659917,0.029170008,0.61199975,0.0470292,0.006023856,0.6821444,0.029617924,0.028828977,0.0062515326,0.005779817,0.012005525,0.019615998,0.029839363,0.020822562,0.00017711174,0.5346314,0.0050559742,0.005347747,0.0040151626,0.04722228,0.002802346,0.0064767343
1847,0.0041813003,0.01165131,0.0019910063,0.03460707,0.6153376,0.035573807,0.008647937,0.6750863,0.034408975,0.02711256,0.004139189,0.0073785065,0.007158168,0.030347522,0.03715145,0.013506678,0.00020772655,0.5276592,0.004323261,0.0056367405,0.0063841664,0.03348086,0.0035405112,0.007271361
1852,0.29217207,0.01750457,7.055148e-05,0.012187994,0.11248933,0.6815525,0.0010184967,0.6756232,0.0011396359,0.007655341,0.14200462,0.002660303,0.076449506,6.229886e-05,0.00039772745,0.28677502,3.804153e-05,0.06933561,0.027296351,0.0004585985,0.00024488804,0.81586945,0.0042508594,0.0045623393
1853,0.027347486,0.015566824,0.0010840275,0.024229,0.43725073,0.23776478,0.004732385,0.6542938,0.014939499,0.0318296,0.029185606,0.0060401116,0.07731335,0.0024171406,0.006563192,0.11139067,0.00014560603,0.27027,0.01748497,0.0055008833,0.0012481754,0.2706843,0.0035426547,0.010549016
1854,0.055334713,0.018087698,0.0011092345,0.006303265,0.28536397,0.23330615,0.0008744293,0.41150108,0.009923592,0.0783664,0.02927878,0.0008438467,0.619609,0.00022617608,0.0018691694,0.27862737,2.0687818e-05,0.10440851,0.09779984,0.0020532305,7.379943e-05,0.502715,0.0003466091,0.0036782993
1856,0.15061226,0.019662825,0.00055148476,0.008437963,0.21631372,0.4850884,0.0015147894,0.45678318,0.0046627605,0.032456614,0.04634951,0.0015244778,0.41722178,0.00013249413,0.0007913984,0.29759178,2.678271e-05,0.06293126,0.08072209,0.0016589011,9.9900775e-05,0.66695774,0.00077684317,0.0059229364
1863,0.020429224,0.031779412,0.0046414887,0.04902911,0.5019659,0.07534106,0.025135979,0.6302048,0.041464575,0.033305258,0.0058906972,0.019934349,0.012302698,0.019901846,0.023658061,0.024377808,0.00045672714,0.31235188,0.011541808,0.010697477,0.010482611,0.07244113,0.012198355,0.020292258
1865,0.23133036,0.0113885645,0.00012900405,0.0103320535,0.18296228,0.7634988,0.0016301466,0.57081866,0.0016370314,0.009684927,0.104622185,0.002063737,0.18315373,7.785129e-05,0.00038045607,0.31856108,2.6808342e-05,0.06034635,0.03298316,0.0010255651,9.59473e-05,0.8025792,0.0014973825,0.0063485308
1868,0.09526192,0.07339564,0.009103078,0.019791491,0.37346077,0.154915,0.008510039,0.44427156,0.04714433,0.121572435,0.013021303,0.007676376,0.25409618,0.002192661,0.007868219,0.12509415,0.00018716641,0.1343245,0.09783864,0.009042628,0.0013181759,0.28226325,0.0043157344,0.018728813
1875,0.019929651,0.038841125,0.0074427733,0.03957114,0.5261003,0.066642694,0.017635224,0.5901673,0.057646036,0.059812393,0.0061491732,0.013993951,0.03301649,0.01424577,0.023422966,0.034431998,0.0003496012,0.30600953,0.019500483,0.012849357,0.006057686,0.08191561,0.0070168204,0.017440228
1878,0.0046181516,0.019562073,0.0052361144,0.041394345,0.70625025,0.023217024,0.009468407,0.6394255,0.081630625,0.0642094,0.006217157,0.009932264,0.0052683316,0.091932796,0.10768373,0.009907465,0.0006403858,0.68644047,0.0054757753,0.007685164,0.024761427,0.020903043,0.006858961,0.009082075
1884,0.08570517,0.021373983,0.0009645619,0.0034178714,0.2212113,0.23152706,0.0005551774,0.32565415,0.007298676,0.08518086,0.022641145,0.00046692105,0.74508613,7.757176e-05,0.0010074165,0.30340314,9.215408e-06,0.06020188,0.15939833,0.001283824,2.771243e-05,0.5750818,0.00020956874,0.0028400228
1887,0.28049523,0.1746572,0.011145617,0.0036029043,0.19939066,0.07731477,0.002035553,0.17544542,0.032532994,0.23025702,0.004279277,0.0013875404,0.70133835,0.00028320617,0.002749699,0.13937007,4.3770382e-05,0.037679356,0.49645066,0.0025552257,0.00013645986,0.38964424,0.0010590319,0.007424071
1895,0.079613775,0.09530229,0.0166362,0.042299353,0.42957672,0.10977507,0.034596063,0.5104782,0.07308302,0.08552329,0.0075649056,0.025637373,0.062378448,0.008713002,0.016336072,0.05654766,0.0005826526,0.17479385,0.052656308,0.018554548,0.007643979,0.1488537,0.016769506,0.036072914
1898,0.1484092,0.056302104,0.0037748322,0.022830268,0.31859595,0.29755116,0.009617207,0.48792815,0.021840803,0.05957094,0.024445008,0.009268285,0.20655,0.0013640118,0.004234813,0.15568066,0.00023510735,0.10801096,0.08587638,0.00781009,0.0013149946,0.408428,0.0056565576,0.021570643
1899,0.0049067517,0.021669956,0.0032099413,0.032398093,0.6161252,0.023782628,0.009071699,0.667257,0.051383294,0.04243751,0.0052541546,0.0117684845,0.004820053,0.04951822,0.060909003,0.013902973,0.00039439867,0.60886854,0.006659666,0.00408939,0.020207712,0.023747211,0.008417553,0.008086436
1900,0.17220323,0.012934747,0.00022510256,0.008649111,0.19385037,0.6506866,0.0012932417,0.5192505,0.0024035287,0.016985841,0.07604834,0.0014312188,0.32510588,7.778494e-05,0.0004588112,0.33571655,2.0722116e-05,0.059503444,0.051061716,0.001179225,7.228225e-05,0.7577217,0.00080695236,0.0051620984
1906,0.0055561257,0.027376994,0.009909436,0.060838863,0.6084143,0.01245794,0.038177952,0.5744115,0.08784501,0.03721069,0.001115299,0.016776951,0.002606244,0.13572809,0.08966523,0.004059287,0.00040672155,0.45470658,0.005033682,0.0084309755,0.033849966,0.010857085,0.007087738,0.011726335
1908,0.0028878315,0.016934255,0.0059828055,0.048533373,0.65608025,0.009892677,0.021556482,0.59912616,0.0724963,0.03294349,0.0010895373,0.010336769,0.0023597537,0.12749897,0.09357542,0.003567338,0.00027175504,0.5504885,0.0034142109,0.0065311748,0.021531383,0.00871236,0.0039737867,0.0073845754
1913,0.08003154,0.045126934,0.0030234437,0.0022688487,0.21812776,0.08272348,0.0005313893,0.2194186,0.015440935,0.1955667,0.009149917,0.00037737776,0.8499588,0.00013816064,0.0022212593,0.2282259,1.2696603e-05,0.062617205,0.3228315,0.0015113164,3.0521405e-05,0.4227945,0.00023005312,0.002484851
1917,0.026814388,0.06181083,0.024820521,0.20723587,0.37968612,0.009138132,0.45517138,0.48219642,0.082270056,0.014259436,0.00052132044,0.08140319,0.0005997405,0.3366134,0.08488134,0.0015895079,0.0018227545,0.18811382,0.006144819,0.019802261,0.3017001,0.0064738994,0.0380843,0.03063805
1925,0.08740845,0.09662643,0.013675764,0.09248783,0.3628927,0.08525338,0.13091141,0.5843022,0.056024544,0.028105387,0.004370483,0.089919955,0.007561713,0.026370123,0.022112919,0.02008082,0.0014145696,0.17575863,0.020972705,0.021600416,0.04032379,0.08332717,0.08565146,0.058497753
1927,0.033074677,0.057112623,0.018131271,0.18089163,0.36505213,0.018620152,0.362873,0.5191986,0.06633883,0.014793377,0.0010935804,0.08387352,0.0010872906,0.21134388,0.06423094,0.003232864,0.0017092205,0.18902114,0.007316517,0.019309364,0.19713198,0.013030456,0.046394896,0.035187855
1929,0.23957019,0.029062489,0.0006766762,0.0069157802,0.18113984,0.48289272,0.0015873171,0.3975393,0.00473261,0.035438254,0.034493957,0.001469723,0.43591642,9.033043e-05,0.00059427426,0.29138637,2.2937482e-05,0.042375732,0.114919566,0.0013462662,8.0946185e-05,0.70196307,0.0008387986,0.0064621177
1930,0.092797644,0.020273076,0.00080999476,0.016729062,0.30711353,0.43388665,0.0033254607,0.5668334,0.008650464,0.032058828,0.049874265,0.004230336,0.18894188,0.00064007787,0.0023650199,0.21157908,8.990831e-05,0.13122956,0.040085904,0.0032810704,0.00048032586,0.5199797,0.0025858437,0.010762731
1931,0.028076565,0.12467175,0.026477847,0.009966671,0.5893973,0.028338065,0.0077482164,0.312026,0.24015239,0.3200931,0.0061966274,0.0039006912,0.10484023,0.00841731,0.054765083,0.07353708,0.00013228986,0.30876115,0.054882564,0.0061213686,0.0027034061,0.08773356,0.0033591886,0.011374551
1932,0.002581248,0.017643956,0.002533323,0.017979538,0.67451906,0.013365883,0.003397363,0.6560766,0.05447268,0.053126894,0.0026883371,0.004311985,0.003562949,0.022891656,0.04834142,0.007371629,0.00010731917,0.62048197,0.0034769252,0.0021779328,0.009013103,0.0152019495,0.003344677,0.0048305583
1933,0.5411991,0.22496326,0.0012557082,0.06582754,0.11458293,0.236091,0.024033163,0.7467944,0.01135567,0.0097202845,0.015562573,0.13737693,0.0034405093,0.0025084135,0.0040638354,0.032156773,0.00088080426,0.0878087,0.0235821,0.0030239155,0.060484894,0.35064328,0.4117562,0.037480082
1936,0.010132068,0.025775112,0.0059133032,0.06509308,0.5441072,0.030925555,0.042308047,0.6184256,0.05243994,0.02584602,0.0023649784,0.022195734,0.0036076647,0.068026446,0.04958147,0.008030388,0.00052929483,0.38487136,0.005922103,0.010094561,0.025090931,0.024622275,0.011369463,0.016148895
1938,0.11293616,0.109017104,0.015435294,0.06981019,0.374393,0.12206111,0.086099416,0.5528661,0.058518462,0.043448098,0.0066674333,0.0632921,0.022296814,0.01319576,0.015847601,0.03899863,0.0012056723,0.15464786,0.038516365,0.023127465,0.020475559,0.13564394,0.054321025,0.05742363
1939,0.5907625,0.09912919,0.0015845569,0.015755808,0.16321097,0.5659484,0.007987103,0.4136792,0.0075648837,0.025709458,0.028758518,0.009045436,0.1619838,0.00024325466,0.00081318675,0.18975884,0.0001364881,0.033581566,0.15119104,0.0026910435,0.0006468969,0.7196601,0.008308054,0.024678674
1946,0.005092711,0.014570284,0.0026890736,0.04062954,0.60560465,0.03243837,0.012765086,0.6607693,0.039733395,0.027157525,0.003335364,0.00976281,0.005568367,0.039842356,0.04182411,0.0109224655,0.00026334976,0.49601686,0.004509313,0.006459528,0.0094866,0.02907283,0.004756719,0.008917985
1948,0.011721507,0.04594986,0.0047259172,0.025805075,0.5703902,0.055454664,0.015061632,0.71457624,0.06180689,0.086273216,0.006842225,0.021939287,0.003366707,0.012061521,0.038627613,0.022734936,0.00047354074,0.44134697,0.00681825,0.004072284,0.029540801,0.03882085,0.04205787,0.0186398
1949,0.0018097941,0.019412803,0.002552187,0.009316265,0.70783913,0.006109926,0.0018487428,0.6303444,0.08510538,0.07650785,0.0015178011,0.0022301574,0.002750902,0.013676425,0.049462736,0.0054592225,4.7954476e-05,0.64388037,0.0026806279,0.0015255364,0.007177191,0.010755707,0.0021667401,0.0037855278
1958,0.05702828,0.09861696,0.024459962,0.020263396,0.45512673,0.06272833,0.010309911,0.41106153,0.10409502,0.21597634,0.00660225,0.008125178,0.25613907,0.005083089,0.018448858,0.0781542,0.0002346203,0.19058582,0.105016835,0.014949859,0.0018539442,0.15162092,0.004276661,0.016915753
1959,0.06725891,0.027745593,0.0019706497,0.02145446,0.36555216,0.2905497,0.0053973235,0.5578065,0.017058808,0.048988167,0.0316216,0.0058208955,0.19771086,0.0013209829,0.0044151866,0.16557321,0.00014521061,0.15976387,0.047613837,0.006351479,0.0008855736,0.3802698,0.0030036564,0.012969963
1960,0.030601686,0.062782526,0.02478092,0.17531613,0.3899258,0.015507971,0.36324096,0.49039268,0.08246253,0.01930841,0.00095607026,0.07466541,0.0013811825,0.22615357,0.07178852,0.003175285,0.0017222858,0.19160204,0.008752803,0.02203717,0.18808852,0.011490263,0.036033224,0.03350824
1967,0.039603587,0.28520948,0.26107636,0.0331844,0.6181799,0.008520925,0.04922037,0.31531698,0.5159389,0.4682263,0.0011129857,0.018834556,0.048780132,0.06059933,0.13253094,0.013746502,0.0006381141,0.28490946,0.07238826,0.03371148,0.01943316,0.022198575,0.00854049,0.024289778
1968,0.034485787,0.052978255,0.009820472,0.064211935,0.46216434,0.07164394,0.058182854,0.58823407,0.055574924,0.037323527,0.004575664,0.034182157,0.0125605175,0.023814008,0.024484482,0.023041146,0.0007151463,0.24040267,0.017546508,0.016872717,0.017901678,0.06931584,0.020738868,0.03058863
1969,0.69228166,0.55958146,0.022915537,0.0036572374,0.1360935,0.042288307,0.0030339705,0.13638647,0.05899325,0.23859288,0.001384376,0.0042087836,0.36179072,0.00030629215,0.0030779906,0.06168247,0.00010020789,0.021532025,0.6704709,0.0018484903,0.00057674473,0.3500003,0.0076351073,0.01284265
1970,0.6718652,0.10679749,0.001211243,0.020344945,0.15675728,0.6490056,0.010918469,0.46287048,0.0064681424,0.016434172,0.035915233,0.015904063,0.08231905,0.0002880473,0.0007966715,0.16770908,0.00020757428,0.03537352,0.110249996,0.0027011211,0.0010999275,0.7498179,0.019634636,0.03498374
1974,0.095916264,0.088796556,0.012143395,0.056440778,0.39332145,0.139257,0.055687215,0.5522995,0.053056154,0.049284533,0.008307347,0.0411638,0.03361061,0.009795052,0.013931951,0.050487228,0.0008548626,0.16156763,0.04026756,0.019478016,0.012478259,0.15689401,0.0310138,0.04592379
1976,0.14999464,0.03907851,0.0003240566,0.004177401,0.13881192,0.26781532,0.00080127956,0.50248456,0.0044748266,0.059576765,0.05324141,0.0013786072,0.33260846,5.0517418e-05,0.0013926884,0.35143346,2.8248214e-05,0.06880029,0.10297132,0.00038153626,0.00021919215,0.67227376,0.0030676005,0.003969724
1980,0.15494135,0.13768896,0.01244276,0.09469425,0.3029269,0.11140856,0.112333104,0.6153654,0.04784504,0.024802005,0.005866312,0.14342593,0.00831297,0.016690696,0.016255004,0.025056683,0.0017422694,0.15927267,0.025187714,0.020295303,0.03998413,0.12766093,0.20467912,0.081631094
1986,0.028550116,0.033351637,0.005271079,0.0067585157,0.38137817,0.06713151,0.0013045329,0.3581282,0.035487667,0.21723022,0.011967243,0.0010238605,0.6879218,0.0008251309,0.006980976,0.1786382,4.149065e-05,0.1768984,0.14331716,0.0047201677,0.00013608848,0.2579646,0.00043175044,0.0034431657
1990,0.010262203,0.0138142165,0.0015014054,0.030277526,0.5335064,0.0990084,0.00663456,0.68003285,0.02373762,0.029723871,0.011556788,0.0073310263,0.023793848,0.008850528,0.01607195,0.042517297,0.00019325188,0.40390283,0.008545647,0.0061797653,0.002960904,0.1051794,0.004040466,0.009414657
1994,0.016143683,0.094858214,0.02463549,0.042513117,0.57962066,0.0096909385,0.029774347,0.5069772,0.18694726,0.110240735,0.0014384505,0.01955329,0.004408803,0.0882681,0.107063636,0.0061601955,0.00041427082,0.43407977,0.013036186,0.008189223,0.0443231,0.015723275,0.011621794,0.015904002
1997,0.24646449,0.6096529,0.3277338,0.028532201,0.4650925,0.013376722,0.05794893,0.24699298,0.50675267,0.46566036,0.00091427,0.040229265,0.058764637,0.026080642,0.062622204,0.01651049,0.0011011604,0.13188761,0.21200563,0.034683425,0.02064161,0.04883827,0.037510194,0.05061575
1998,0.053251553,0.012549097,0.00049673265,0.012071236,0.31466854,0.38561478,0.0015324004,0.56861377,0.0068551498,0.03321518,0.056777067,0.0020306343,0.25798357,0.00044139216,0.0021637278,0.23890288,4.4603385e-05,0.1565567,0.034422975,0.002242632,0.00022145733,0.51960325,0.0011206808,0.0056805965
1999,0.086318105,0.014302524,0.00022159844,0.004584995,0.21240559,0.41416174,0.00030013357,0.48840886,0.0044400604,0.036020797,0.14211576,0.00062249065,0.4397405,0.00010016501,0.0014502138,0.48028854,1.6601682e-05,0.1527139,0.06063042,0.00053162035,5.4856042e-05,0.76185864,0.00050440495,0.0024406395
2000,0.006921852,0.017295685,0.002979003,0.035102803,0.5916288,0.044627998,0.009955765,0.6492823,0.041577242,0.03687648,0.004966042,0.00888849,0.012001254,0.024021497,0.033034682,0.018853365,0.00024781463,0.46277347,0.0069951746,0.0071235094,0.006118819,0.04624659,0.0044685174,0.009664259
2005,0.027182234,0.052729,0.011316604,0.05320765,0.50132126,0.060352266,0.038981345,0.5738482,0.06742724,0.052753627,0.004455229,0.02432781,0.019195048,0.022214623,0.027428541,0.024826445,0.00055118685,0.2673269,0.019862011,0.016506085,0.012629764,0.065991156,0.013148646,0.025219256
2007,0.0018998294,0.016618414,0.0034019542,0.020458909,0.68355376,0.010959432,0.005442222,0.67213476,0.071101695,0.07882669,0.004203754,0.0060225227,0.0069753393,0.026085217,0.07994583,0.012190101,0.00026466796,0.6824048,0.006031964,0.0036667087,0.018996177,0.0133689465,0.005224479,0.006714197
2010,0.8308711,0.21291457,0.0015910828,0.011434455,0.10552655,0.5191282,0.0063264146,0.33192357,0.007184619,0.020671695,0.014393108,0.01038386,0.094054244,0.00013914629,0.0005239127,0.13762406,0.00011449986,0.017324228,0.22010319,0.0012161825,0.0006746495,0.77336705,0.016834214,0.026382448
2011,0.38369477,0.36184695,0.017616803,0.094958276,0.19839017,0.070437625,0.09167567,0.63464355,0.056327358,0.022864442,0.002846585,0.33411238,0.004251396,0.0123568345,0.012030872,0.014703999,0.002377342,0.11526282,0.036655027,0.015096297,0.07386193,0.13594364,0.66436434,0.13117678
2014,0.39366493,0.026133325,0.00029292342,0.0132666,0.17209002,0.73404753,0.0034061663,0.52096486,0.002619081,0.0118674785,0.071227625,0.0042999433,0.14299023,0.00012485881,0.00047852597,0.25811446,5.8436755e-05,0.047248982,0.05392372,0.0014689122,0.0002284252,0.78713346,0.0035784282,0.011897403
2016,0.019656602,0.025757793,0.0030984373,0.03994518,0.5008823,0.09934116,0.014758702,0.6459551,0.033080623,0.033827767,0.008823502,0.01415421,0.019458234,0.011988387,0.017923579,0.03609828,0.00033700294,0.31993672,0.012067075,0.00889906,0.0059572808,0.101445414,0.008621255,0.016681736
2023,0.3114893,0.03587245,0.00036016357,0.0057191513,0.14744315,0.56901395,0.000892866,0.42653963,0.0037211713,0.02823737,0.075334415,0.0012923079,0.28610402,6.840786e-05,0.0006606887,0.3570204,2.822285e-05,0.05355528,0.085213445,0.0005612682,6.6821005e-05,0.81155,0.0012922267,0.005428305
2026,0.0012940471,0.0118671805,0.0025546327,0.028542474,0.6622525,0.0049856184,0.007615316,0.64984477,0.05066193,0.03658986,0.0018706591,0.004962297,0.0017785879,0.08555667,0.08677533,0.0035810014,0.00019178446,0.6832106,0.0025977436,0.0026867932,0.021251434,0.0058260495,0.0031678667,0.0044670817
2027,0.05528537,0.033269156,0.0025434,0.0030287046,0.2500529,0.08957622,0.000562004,0.27068263,0.015798865,0.17504476,0.012288789,0.00043960128,0.8145536,0.00020645495,0.0028052297,0.23933631,1.609074e-05,0.089865364,0.2320831,0.0017551932,4.1311912e-05,0.4074694,0.00024887186,0.002454772
2032,0.41444105,0.26502675,0.011108313,0.068147786,0.20726806,0.1661533,0.060424913,0.59715664,0.036543645,0.025500368,0.0072261314,0.18203637,0.013525128,0.0049511986,0.0069654277,0.038487583,0.0016939992,0.101241775,0.053569097,0.013166415,0.023580948,0.2691562,0.39315414,0.112870894
2033,0.007422486,0.016239464,0.0013468696,0.01562635,0.6496873,0.05856501,0.0040680123,0.60970914,0.03868444,0.022325505,0.007034308,0.004157584,0.0017095323,0.010976579,0.024696965,0.018333288,9.390767e-05,0.5127612,0.0017877299,0.0015173431,0.0063508535,0.047191866,0.0038045647,0.006385167
2043,0.093423516,0.007898633,0.00015349008,0.010014002,0.23863468,0.6485986,0.0011298206,0.59682024,0.0023459129,0.014572188,0.10568415,0.0015006557,0.24750775,0.00012995051,0.00071663084,0.3245631,2.3490105e-05,0.10218576,0.027614813,0.0012424287,9.369934e-05,0.71809447,0.0008809184,0.0047821137
2044,0.24793857,0.014110715,0.00017317073,0.012153997,0.18967435,0.7455263,0.0021881233,0.5721599,0.0020210731,0.010588499,0.09707141,0.00280134,0.15849572,0.00011495925,0.00049012084,0.29429278,4.011542e-05,0.063482955,0.03510452,0.0012303003,0.00015275391,0.78095,0.002093986,0.007832032
2047,0.21135694,0.1294772,0.0116764195,0.055260602,0.32607242,0.21812603,0.056063768,0.5354403,0.044346515,0.047179945,0.012445023,0.05606473,0.04729901,0.005910506,0.00945196,0.07184269,0.0011467666,0.120744385,0.065341495,0.019078633,0.011741607,0.26204696,0.056218073,0.06466707
2048,0.07166576,0.051480945,0.005604934,0.005127851,0.29327476,0.09027706,0.0014139696,0.28532335,0.02611354,0.19719237,0.0097896345,0.0010372596,0.73839957,0.00044212784,0.0038705526,0.18525337,3.598627e-05,0.09227792,0.2418005,0.003670946,0.00010603106,0.34040415,0.000511466,0.00474391
2049,0.10283387,0.013217533,0.00012728773,0.016247101,0.2619098,0.65438485,0.0018841345,0.7241148,0.0026936247,0.010157752,0.11047143,0.003493511,0.032148458,0.0004365208,0.0011754541,0.20470046,9.674208e-05,0.21939066,0.01177998,0.0010974349,0.00047003294,0.64027077,0.0041411608,0.005738482
2050,0.17620507,0.20731555,0.017457224,0.12437633,0.2585209,0.060694084,0.13933821,0.6497077,0.05862761,0.020537823,0.003088554,0.28337735,0.0031855996,0.027433896,0.021665033,0.011860663,0.0023759175,0.17053442,0.018808711,0.02058413,0.08684967,0.08118468,0.48092723,0.10271787
2051,0.0028336886,0.009939839,0.001971418,0.03523459,0.6417321,0.024024853,0.008954806,0.67298824,0.03638656,0.024744548,0.0028938462,0.0067230524,0.0046107466,0.044270724,0.0476761,0.008777042,0.00018848074,0.57373697,0.00320557,0.005060969,0.007705478,0.021458743,0.00298157,0.0060192356
2056,0.0032372694,0.017563952,0.0028427476,0.038586415,0.67316955,0.025789851,0.007925965,0.72910416,0.055974696,0.063863866,0.008881712,0.01318311,0.004300229,0.06659451,0.087171175,0.013103998,0.00084754504,0.7499296,0.005350839,0.004741139,0.030944008,0.019405589,0.01457664,0.0074177245
2060,0.46272588,0.043236163,0.0005453106,0.017661711,0.178828,0.7002953,0.006336153,0.5184835,0.0040582814,0.013707729,0.05688559,0.008249763,0.106179364,0.00023024599,0.00070942164,0.21632302,0.0001143386,0.048316903,0.063133724,0.0021501142,0.00053702627,0.7524196,0.007745658,0.019942338
2062,0.112026505,0.47685263,0.3625725,0.028756352,0.5542402,0.011871073,0.0551655,0.26127017,0.56394744,0.5526975,0.0011819842,0.02615858,0.08079971,0.036325343,0.095768414,0.019596584,0.0008351753,0.18697686,0.15620746,0.039913494,0.017496936,0.037037853,0.015706172,0.037659004
2064,0.013275784,0.017539324,0.0020424323,0.027416402,0.52186024,0.1051633,0.005984306,0.6494466,0.028421005,0.042200245,0.012839736,0.006868996,0.04167018,0.0068554,0.01489413,0.05532452,0.00018392834,0.36962235,0.012688989,0.006644438,0.002322138,0.12763394,0.0037715486,0.00993496
2065,0.11365922,0.027459951,0.0013097218,0.015852425,0.29277897,0.38449362,0.0038181448,0.5079546,0.010370662,0.042343583,0.039017428,0.003965364,0.2831347,0.0005601066,0.0022284586,0.21750751,9.061117e-05,0.10420242,0.06795753,0.004094345,0.00043659503,0.51163274,0.0020538832,0.01100773
2066,0.045173787,0.07822311,0.017674662,0.05468959,0.47410008,0.06796584,0.051668223,0.53589976,0.08160682,0.06706547,0.0047077606,0.030631816,0.026590595,0.019125218,0.02565343,0.029588813,0.0006876617,0.22044168,0.030744646,0.021057082,0.013895568,0.07979751,0.017881835,0.033357076
2070,0.45243663,0.09173178,0.0023604566,0.016023913,0.19500753,0.46760857,0.008217159,0.40969265,0.010949254,0.03845771,0.025005663,0.008291045,0.20980753,0.00038443645,0.0013020231,0.18727976,0.00014985555,0.04366541,0.15203403,0.003592976,0.0007169,0.6364553,0.0066077597,0.023739133
2071,0.52357376,0.37015796,0.011585601,0.07064154,0.16775338,0.123147234,0.061371017,0.6144075,0.037505798,0.020991497,0.004465523,0.26688582,0.007539716,0.0050191833,0.006264022,0.025505504,0.0018951234,0.08566736,0.053521276,0.01077228,0.037146598,0.24443282,0.61561346,0.1321811
2074,0.1791173,0.05089215,0.002600431,0.009157287,0.24314629,0.2687141,0.0029507903,0.36161208,0.01368214,0.077840045,0.01946865,0.0025019837,0.4737033,0.0003395471,0.0019164345,0.21042827,5.465855e-05,0.062037133,0.16309385,0.00318978,0.00022783966,0.5099237,0.0013228531,0.009794651
2078,0.46466404,0.03733777,0.00042311868,0.015804553,0.1711899,0.72319245,0.0051126285,0.5147016,0.0033156637,0.012443574,0.061750982,0.0065828827,0.115582876,0.0001714005,0.0005709343,0.23040313,8.849327e-05,0.04524751,0.06142665,0.001810523,0.00038554263,0.77559006,0.0059903986,0.016721252
2079,0.18097112,0.09754232,0.008358232,0.044931594,0.33759212,0.2516008,0.036655463,0.53199106,0.037081257,0.050185144,0.016230965,0.03422819,0.07136515,0.004294885,0.008026708,0.0924741,0.000793711,0.12256984,0.06697582,0.015836895,0.0068477322,0.29817614,0.028415095,0.04897946
2082,0.062316056,0.26292655,0.16855516,0.022252684,0.55084383,0.018942751,0.024258466,0.30654818,0.37732652,0.48910102,0.002528581,0.0125539135,0.18305531,0.017860452,0.06331884,0.038220666,0.00047079503,0.22028562,0.1419795,0.029715773,0.005929892,0.059694238,0.0062159617,0.022835875
2090,0.08775343,0.11607722,0.024319053,0.1118439,0.3602287,0.05699647,0.19496556,0.53334993,0.07705903,0.033502318,0.0030619667,0.09755815,0.0077244597,0.042174295,0.02908307,0.015565729,0.0016980786,0.15624325,0.024718832,0.02800314,0.060196448,0.058890156,0.07743063,0.059115097
2092,0.05723698,0.019547535,0.0012256381,0.0047526592,0.2707847,0.1994328,0.0006977288,0.36453968,0.009995454,0.09444807,0.024139922,0.0006150599,0.70816064,0.00016437784,0.001699387,0.28313446,1.5150605e-05,0.09009308,0.12809156,0.0018473241,4.8395275e-05,0.5008361,0.0002514372,0.0031369568
2096,0.007711011,0.013582915,0.0017954841,0.029621983,0.56526196,0.071879305,0.0064558596,0.66912574,0.028728424,0.03392819,0.008954307,0.006719286,0.02148244,0.011888073,0.021001719,0.033543397,0.00019034871,0.4461413,0.0079550715,0.006313312,0.0032030498,0.078518495,0.0034635304,0.008407898
2097,0.027077552,0.14771509,0.094949305,0.047759373,0.5820453,0.01343456,0.061303593,0.40977156,0.28304374,0.20670971,0.00132792,0.023758011,0.023883618,0.0652628,0.09332552,0.011298015,0.0006496587,0.29699236,0.03707183,0.028590206,0.023043288,0.023233084,0.010679456,0.024405608
2100,0.054065313,0.078966945,0.016168315,0.07281385,0.43201882,0.07282256,0.090712376,0.5558717,0.06895989,0.043327827,0.004212356,0.048287734,0.013881873,0.02467755,0.02469407,0.023833673,0.0009738662,0.19893731,0.024528518,0.022255994,0.024247589,0.07381176,0.03139491,0.04107823
2101,0.4111732,0.12603374,0.0044874814,0.0061229607,0.17460248,0.23048118,0.0031180528,0.25326702,0.016648652,0.10053706,0.010128036,0.0024446484,0.4876663,0.00020439422,0.0014327618,0.18358542,4.7503734e-05,0.031025836,0.31955025,0.002075093,0.00020188576,0.5673592,0.0017592275,0.011709073
2105,0.3057274,0.038667597,0.00034203412,0.018804844,0.22419149,0.6714768,0.003776732,0.6565592,0.005102459,0.011570802,0.120862335,0.0070237904,0.033042155,0.0005852846,0.0017216088,0.19734575,0.00023970242,0.13450989,0.023341605,0.001795343,0.0010242478,0.72627544,0.008670778,0.013692508
2106,0.06510049,0.021493347,0.0012980317,0.0046332697,0.26190636,0.20052831,0.0007301377,0.35299033,0.0100078015,0.095552,0.0227402,0.00063419354,0.7099855,0.00015582466,0.001624609,0.2782458,1.5051984e-05,0.08246594,0.13925679,0.0018239383,4.8728056e-05,0.50584346,0.00026605063,0.0033022193
2113,0.04336891,0.045583393,0.006013566,0.037092667,0.45087805,0.13288662,0.017090483,0.5821581,0.041843336,0.05555009,0.011094577,0.015445355,0.058290433,0.006452811,0.012699729,0.06494605,0.0003630372,0.22064315,0.030397346,0.0122467475,0.0043649427,0.16440138,0.00900919,0.02232347
2116,0.0016100368,0.008906702,0.0024154005,0.037660636,0.67772675,0.010964379,0.010707287,0.65623975,0.046337362,0.023043131,0.0014084164,0.0062788306,0.0020786328,0.0922076,0.07722965,0.003978308,0.00016285286,0.6334566,0.0020467737,0.004188267,0.012439257,0.00937889,0.002469378,0.004643838
2120,0.043306407,0.08405078,0.028711611,0.19500367,0.35110256,0.013929566,0.42790756,0.48460436,0.085952125,0.017362257,0.0007285099,0.10136981,0.0010479914,0.23170948,0.06671383,0.0026145459,0.0019839157,0.1604959,0.009204897,0.02290048,0.24833304,0.011127306,0.055733886,0.039904814
2125,0.002845727,0.008784794,0.0015738155,0.031007217,0.6378328,0.030584734,0.0066900104,0.68324524,0.031375714,0.025566174,0.004036392,0.005602625,0.0069201277,0.03033174,0.03912172,0.012461096,0.00016437988,0.5782571,0.0035821302,0.004928197,0.0051595233,0.028808303,0.0025029525,0.0055621127
2130,0.030976066,0.0259974,0.0006843132,0.028239394,0.3219008,0.14181378,0.006970423,0.7186657,0.010361952,0.027021315,0.030371876,0.0118003925,0.022692284,0.0029968526,0.008295221,0.106979564,0.00031371816,0.3500828,0.021768006,0.0020362108,0.00588098,0.19738954,0.01857915,0.01063301
2136,0.0017157316,0.007968512,0.0018715354,0.0328342,0.67352974,0.015593862,0.007853525,0.6713556,0.03875226,0.023943389,0.002108618,0.005353426,0.0033584083,0.05901474,0.060546342,0.0061129206,0.00014834384,0.6334903,0.0023876112,0.004232636,0.007947439,0.013875198,0.0021562541,0.004507864
2137,0.0012518783,0.02226416,0.005054207,0.027518215,0.74292445,0.0044326847,0.009618669,0.63552076,0.106258355,0.07009636,0.0016414538,0.008077732,0.0012730629,0.09754455,0.12693256,0.0032771681,0.0003314524,0.73091197,0.002653855,0.0032248255,0.029245641,0.004586573,0.0055694734,0.0057106363
2139,0.085469104,0.0111681335,0.00030850153,0.011199276,0.26729268,0.5365426,0.0014749104,0.56659895,0.0040572523,0.022599544,0.07651502,0.0018942037,0.26747212,0.00023140958,0.0011637105,0.2826693,3.5142555e-05,0.11344515,0.036104485,0.0017903408,0.00015175017,0.63668966,0.0010571334,0.005859008
2141,0.02416965,0.05551524,0.020239415,0.20722006,0.38158795,0.008052037,0.44748747,0.48994237,0.07540046,0.012176622,0.00045931508,0.07817621,0.00040784944,0.3713202,0.08797552,0.0012285536,0.0016755314,0.19709764,0.0048430515,0.016518792,0.33351094,0.005418855,0.038645376,0.02874017
2143,0.10851235,0.008377276,0.0001509354,0.0112037435,0.23503937,0.67641044,0.00139916,0.6082814,0.0022530078,0.012840927,0.1085569,0.0018558229,0.2094365,0.0001412398,0.0007033455,0.31387532,2.851911e-05,0.09900859,0.026343582,0.0013311433,0.00011794215,0.72382355,0.0011412253,0.005536052
2151,0.17895456,0.015280533,0.0002810918,0.014443887,0.22843656,0.6612208,0.002758821,0.5794388,0.0031937792,0.014545411,0.08273383,0.0035269645,0.16434431,0.00022165824,0.00085563556,0.26601154,5.7996618e-05,0.08379629,0.035914995,0.0018749448,0.00025467743,0.7011938,0.0024170405,0.009428021
2156,0.033087447,0.054954324,0.017130755,0.11863156,0.42583537,0.037616935,0.18017529,0.52534974,0.06775594,0.027673673,0.002654001,0.051727127,0.0056577194,0.08296489,0.043091767,0.010150309,0.0012467391,0.2029902,0.01463943,0.023186516,0.062402908,0.030989816,0.025113253,0.033159222
2158,0.06994658,0.08061678,0.014547681,0.12772062,0.34661856,0.05776563,0.2109621,0.56252974,0.05523633,0.02098899,0.0032752934,0.097402945,0.004378903,0.054829784,0.030282354,0.012088337,0.0016168831,0.16707781,0.01555968,0.022511216,0.074549414,0.05027874,0.07825664,0.052983526
2159,0.005691013,0.01172703,0.0016502291,0.030864555,0.58656585,0.05703873,0.0067137666,0.68065345,0.028724195,0.02935642,0.007077175,0.006655916,0.01391067,0.016428685,0.025511289,0.02452486,0.00019066186,0.48890373,0.0059199864,0.00581461,0.0039410675,0.058382437,0.003355283,0.0076114107
2160,0.0050671096,0.016835367,0.0040140566,0.056264594,0.5944017,0.021153359,0.026407363,0.6379341,0.048476484,0.02296612,0.001887953,0.014335211,0.0025336577,0.084089614,0.060388625,0.0056463433,0.00035675787,0.47698063,0.0036206017,0.007101365,0.021350125,0.016495368,0.0066397563,0.010198672
2162,0.15576074,0.039743148,0.0019185718,0.011088949,0.25585762,0.3196917,0.0031099557,0.41319796,0.011779624,0.06100333,0.025970474,0.00287355,0.40444562,0.00038485334,0.0018972309,0.21973488,6.310578e-05,0.073146425,0.11887034,0.0032998472,0.00027392505,0.52330554,0.0015024629,0.010053138
2169,0.2703792,0.27809724,0.016686158,0.11164639,0.22520044,0.0689395,0.11098108,0.6546337,0.05498291,0.020854514,0.0032654498,0.32743138,0.003641491,0.017777283,0.015905885,0.013525912,0.002459709,0.14507167,0.025651988,0.018096995,0.08135234,0.10989778,0.6082715,0.12129398
2171,0.37171784,0.22170192,0.014265906,0.005986354,0.20302007,0.09814588,0.0041752234,0.20809193,0.038188588,0.19369085,0.0046185837,0.0031512685,0.53320396,0.00048533184,0.0032038428,0.12419448,9.3808405e-05,0.039756417,0.44795555,0.0036434915,0.00035350182,0.39497972,0.0027165483,0.013115517
2172,0.054569528,0.51157683,0.21751028,0.029468333,0.5226133,0.0067234696,0.056693964,0.40714327,0.565109,0.5664686,0.00070621114,0.043953825,0.017138207,0.034225132,0.10543382,0.014300385,0.00054643245,0.27343994,0.0528403,0.01531675,0.043412756,0.017796293,0.05800785,0.027588626
2179,0.12059987,0.07318584,0.0067219026,0.04733352,0.36542773,0.22338364,0.035105113,0.5664592,0.03473815,0.04244698,0.014865898,0.03207328,0.05044608,0.005332315,0.009108884,0.07813366,0.00070131075,0.14832391,0.044551097,0.014861819,0.007327556,0.24687259,0.02534121,0.042227566
2180,0.029425425,0.02023935,0.0015837174,0.029147249,0.44683957,0.2023719,0.0073046833,0.6523274,0.019289395,0.03248128,0.021260645,0.008858216,0.05215532,0.0037389034,0.008423282,0.08521956,0.00020723711,0.2686516,0.016789101,0.0066364612,0.002163812,0.22236107,0.0055224486,0.013733282
2188,0.0020246615,0.0076934234,0.0015585619,0.029921614,0.6601219,0.022515792,0.0062807705,0.6829455,0.033410646,0.025013587,0.0031483546,0.0049402844,0.005328317,0.03849669,0.047259826,0.0094673345,0.00014377826,0.61975825,0.002890678,0.004354308,0.005536742,0.021014532,0.0020853248,0.00466082
2190,0.09298467,0.06457532,0.0027864976,0.017332746,0.43648082,0.17435068,0.008539064,0.5774117,0.030806255,0.031227108,0.010761091,0.011086868,0.008407645,0.002498737,0.008398529,0.048840083,0.0001960409,0.24929234,0.020648422,0.0031561449,0.0042810496,0.22480059,0.0147554865,0.020226758
2192,0.31289512,0.4514193,0.09721319,0.0099147,0.3274718,0.032146677,0.011762015,0.20053093,0.19806054,0.41820413,0.0019323584,0.009212903,0.3141339,0.0029459693,0.014416672,0.0514476,0.00028493814,0.07084773,0.4041627,0.01075068,0.0020609067,0.15358533,0.008110195,0.023786997
2193,0.5744225,0.15198432,0.0036983343,0.014303324,0.1774574,0.4041842,0.008630761,0.35808986,0.01446863,0.048376694,0.01681274,0.009286407,0.20789766,0.00037651873,0.0013557747,0.16140214,0.00016818802,0.0348157,0.21977283,0.0034112157,0.0008209159,0.63362646,0.008716544,0.027579611
2196,0.053253826,0.09675824,0.027147813,0.19078565,0.3322073,0.01432187,0.39666778,0.49352166,0.08416343,0.016893161,0.0007129483,0.11668716,0.0009493302,0.211002,0.061289974,0.0025404696,0.0018838914,0.15319423,0.009176803,0.02013582,0.2545759,0.012202619,0.07654665,0.043906674
2198,0.5770802,0.039339606,0.00028631173,0.010695938,0.13348609,0.7521101,0.0030135813,0.45958647,0.002337244,0.010979935,0.060020033,0.003913483,0.13607259,7.1466355e-05,0.00031998273,0.2507583,4.7660327e-05,0.030946497,0.07706995,0.0009951043,0.00017798513,0.83718836,0.0040603573,0.011893917
2200,0.18551987,0.17982991,0.023106905,0.07361512,0.32799992,0.112356335,0.09603463,0.5392504,0.07054032,0.048783507,0.0054822164,0.10135871,0.021457607,0.012296685,0.0151021825,0.036848933,0.0016030364,0.1347306,0.050082304,0.024572179,0.025508475,0.14960712,0.11982564,0.07957686
2203,0.002079362,0.0095050875,0.0022867064,0.037398256,0.66274905,0.015194128,0.010394964,0.66144156,0.042424392,0.023733981,0.0018675881,0.0066624205,0.0028430778,0.07045841,0.06427779,0.0054099676,0.00017960453,0.6060269,0.0024871202,0.0046395133,0.01063433,0.01306399,0.0027452672,0.0052870167
2204,0.04095926,0.067344576,0.0059853354,0.060616065,0.43704134,0.098974906,0.04279736,0.57324827,0.054120596,0.058387328,0.017982278,0.019479094,0.015036272,0.022729762,0.032486726,0.04308808,0.0011277421,0.27031583,0.01963224,0.009085823,0.034787234,0.09264304,0.02356707,0.034877352
2205,0.01690589,0.04914522,0.0020923198,0.053711783,0.40633306,0.054125577,0.026050048,0.76448184,0.025935283,0.021268018,0.004977705,0.033577137,0.0011916392,0.02169474,0.029255627,0.0159972,0.0007672738,0.5000336,0.0058885952,0.0033850807,0.03725476,0.043435644,0.047134716,0.015632227
2207,0.13304351,0.09031965,0.0067976536,0.003054837,0.22445744,0.07008803,0.0010522286,0.19924808,0.026152106,0.24081486,0.006320048,0.0007372263,0.7905507,0.00025480276,0.0030785701,0.17354164,2.5698486e-05,0.055289026,0.39894578,0.0021253543,7.453654e-05,0.3702243,0.0004859378,0.0042731897
2219,0.013467818,0.0656303,0.027955638,0.03300358,0.6022749,0.020743402,0.017903958,0.49378082,0.15780073,0.15848547,0.002544966,0.011218128,0.04367958,0.032208722,0.059416894,0.019771775,0.0003263658,0.3747365,0.027167378,0.016627979,0.0070968485,0.036917806,0.0046726186,0.0141106015
2222,0.03052597,0.23442532,0.22468022,0.046154134,0.6147276,0.0060799075,0.07547347,0.32530314,0.47000283,0.33944622,0.0007435534,0.022155907,0.019575873,0.109722964,0.15391408,0.0070434357,0.0007077874,0.291621,0.04451912,0.031292554,0.03620006,0.012979973,0.009093567,0.023060301
2224,0.16857074,0.20804334,0.030327588,0.0965088,0.31433308,0.06778601,0.13743523,0.5564939,0.0853675,0.04108885,0.0032884437,0.15837814,0.010140646,0.022062652,0.021514902,0.020371001,0.0020845265,0.14905556,0.036308356,0.028086917,0.047727067,0.09495052,0.20707144,0.087103024
2235,0.057081982,0.014787783,0.00076301594,0.0064587756,0.27669188,0.2896162,0.0008403842,0.43542707,0.0073665925,0.06017341,0.037448063,0.0008158533,0.5987017,0.00017935022,0.0014709509,0.2979706,1.9029481e-05,0.10178408,0.08470474,0.0019402106,6.492301e-05,0.5461426,0.00033297646,0.003534082
2242,0.0035152193,0.015572986,0.0047105853,0.05986851,0.6178668,0.012392064,0.030167222,0.62026215,0.056932442,0.022383021,0.0011851708,0.013364764,0.0015919524,0.13570063,0.083140016,0.00334044,0.00032582143,0.51424974,0.002802479,0.006493401,0.02883946,0.009437114,0.0055447007,0.008470465
2243,0.49039283,0.1520647,0.00051813823,0.031342115,0.108391225,0.34731,0.008999281,0.7181239,0.0049274694,0.010427246,0.031450238,0.04611029,0.011207913,0.00088243093,0.0023266862,0.095483735,0.00072018406,0.10577526,0.04452423,0.0010593402,0.008817869,0.55863327,0.15229574,0.02166676
2247,0.009947981,0.02621896,0.00594143,0.06528761,0.5427296,0.029352669,0.042045992,0.62118447,0.05372993,0.02553719,0.002204024,0.022511594,0.0032651112,0.07189258,0.051135942,0.007594447,0.0005175104,0.38807377,0.0055915713,0.0094743,0.026707316,0.02354949,0.011786965,0.016022163
2255,0.21930699,0.019655539,0.00035470628,0.016066093,0.22298396,0.661397,0.0036569957,0.57283634,0.003646772,0.014820791,0.07433048,0.0047020307,0.14079912,0.00026398327,0.00091599376,0.24961464,7.693013e-05,0.077966765,0.038977914,0.0020664118,0.000351665,0.6977985,0.003466285,0.011953279
2257,0.017750608,0.052050687,0.0045225564,0.011396491,0.5799273,0.062176738,0.0056324094,0.54654443,0.074148856,0.06478699,0.005732739,0.006019438,0.011582335,0.00247204,0.013389843,0.036547456,7.452296e-05,0.30622777,0.008933364,0.0027680208,0.002115469,0.08853114,0.008118356,0.010382659
2261,0.07968583,0.10330038,0.022541687,0.11565701,0.3643169,0.056878094,0.2024972,0.5312618,0.07274496,0.031417657,0.0031820056,0.0906862,0.007570278,0.045578383,0.029670691,0.015212391,0.0016720318,0.15676004,0.023460519,0.027984424,0.06165474,0.055974595,0.066511855,0.05570083
2265,0.03721207,0.06571421,0.019302106,0.20061502,0.34586823,0.014399845,0.42294586,0.5123589,0.067780055,0.012620509,0.00075747777,0.1002918,0.00068031927,0.25108427,0.066438995,0.002191178,0.0018336358,0.17336841,0.0065254755,0.018887674,0.26979876,0.010188597,0.058784414,0.037186325
2274,0.18344069,0.09125616,0.0068764794,0.0072447886,0.24418843,0.13522261,0.0033469505,0.28411976,0.024734568,0.14472999,0.009035146,0.0024318427,0.57965505,0.00050874654,0.003118358,0.16368918,7.256873e-05,0.06261067,0.27882308,0.004272295,0.00024472768,0.4008384,0.001551053,0.009769145
2277,0.114846975,0.039547276,0.0016501584,0.0040254747,0.20683292,0.16864067,0.000716356,0.2886585,0.011402839,0.12575945,0.028991513,0.000730343,0.76997024,0.00014835969,0.0024150906,0.33936092,2.5039932e-05,0.07062238,0.27001083,0.0011976497,8.7039625e-05,0.56834483,0.0005457852,0.0037795801
2278,0.0036152455,0.023953583,0.0034178877,0.030142304,0.6162502,0.01175439,0.015771987,0.64362836,0.07712614,0.024971016,0.0012397482,0.007547606,0.00032442136,0.040825803,0.061872777,0.0032922514,0.00019670355,0.5590496,0.00081994024,0.00213188,0.017166696,0.009910249,0.0074280915,0.0069743018
2279,0.04101838,0.06815759,0.023221578,0.13826707,0.40276593,0.032718956,0.25486523,0.5031254,0.07715932,0.027436335,0.0021672575,0.06687032,0.0046048486,0.103823185,0.04781257,0.008374903,0.0015921254,0.18134642,0.015724167,0.027157268,0.09051885,0.026939332,0.03335956,0.038795117
2282,0.18442401,0.16415328,0.019949617,0.0074707847,0.2844073,0.07017197,0.004438389,0.23837355,0.058451828,0.25995907,0.0049640094,0.003095203,0.5615181,0.0009754875,0.005946045,0.112448744,9.821481e-05,0.06906223,0.3424406,0.0058358875,0.0004312054,0.2733933,0.0019805187,0.011670831
2285,0.5991772,0.24750316,0.0059867026,0.043999255,0.18133602,0.3327584,0.034586757,0.53289515,0.022138985,0.024231663,0.013556422,0.09511173,0.028822718,0.001704758,0.0031752596,0.074216515,0.0010672167,0.06465455,0.09200646,0.007835144,0.0088827405,0.48625705,0.20965359,0.09446142
2289,0.16484338,0.18061812,0.015628815,0.11722263,0.26955777,0.0722874,0.13451788,0.64366573,0.054492418,0.021067234,0.0037763086,0.23849204,0.0041160015,0.024304701,0.02029597,0.014688327,0.0021981585,0.17000623,0.019602364,0.02076014,0.069990076,0.09179939,0.3942783,0.096287206
2293,0.38411716,0.31835663,0.0135572115,0.089435734,0.19482033,0.09644317,0.081249386,0.64375806,0.044535775,0.020950437,0.0041309376,0.3002255,0.0055326656,0.009100702,0.009913572,0.01980551,0.0021693592,0.11473991,0.036774784,0.01422845,0.053671613,0.17278118,0.62153435,0.12877023
2297,0.07539064,0.010984192,0.00034213343,0.012003154,0.27697396,0.51777136,0.0015910366,0.5757844,0.0043818764,0.023489112,0.07466126,0.0019557273,0.27967215,0.00025789597,0.0012611408,0.28535187,3.7282687e-05,0.119595684,0.03624689,0.002043883,0.00016614428,0.6182299,0.0009968998,0.005836308
2307,0.062240977,0.082875416,0.02113786,0.12985817,0.37077022,0.04871162,0.23438013,0.52142966,0.06911555,0.027462386,0.0029639306,0.08098167,0.006220334,0.06390362,0.03446892,0.012485407,0.0016537814,0.15963364,0.019708196,0.027601631,0.07437018,0.04350772,0.049985822,0.0483556
2309,0.0072187018,0.016653454,0.002632144,0.038489897,0.57977784,0.04707505,0.011535086,0.66378176,0.03737763,0.029972237,0.004780312,0.010205163,0.0088129705,0.02620504,0.032129403,0.017046269,0.00027023634,0.45409536,0.0059902966,0.006832284,0.0074365027,0.045224447,0.0053850734,0.010335756
2322,0.5220629,0.2552745,0.0078068236,0.05283863,0.19178857,0.25634584,0.043396037,0.56184167,0.027159069,0.024944704,0.010606157,0.12764587,0.021690603,0.0025961504,0.004359539,0.058244854,0.0013173224,0.07877721,0.07441775,0.009867116,0.013164469,0.3936358,0.28503874,0.103573725
2324,0.008754437,0.0326471,0.0019828952,0.060183953,0.438804,0.061052702,0.018190263,0.8207414,0.03394495,0.028334942,0.009560884,0.027427824,0.0014114712,0.033736162,0.0475861,0.01563531,0.001186019,0.56620467,0.002112619,0.0034071412,0.040718507,0.036606107,0.054473933,0.013672652
2326,0.124176405,0.060772363,0.0039418815,0.0033654587,0.21617298,0.108874194,0.0010109426,0.2388554,0.017324511,0.16923574,0.009004283,0.0007414438,0.7688563,0.0001984003,0.0022006177,0.20974046,2.2025588e-05,0.056132495,0.3124943,0.0019717661,6.1129984e-05,0.44060862,0.00046252244,0.0042448104
2327,0.5146197,0.42688954,0.0288089,0.005017921,0.19222431,0.050189212,0.0043157986,0.16104503,0.06885834,0.26986703,0.002077467,0.004209363,0.44186017,0.00054645946,0.004198899,0.07439446,0.000120696706,0.032760683,0.58281696,0.0034895022,0.00057769596,0.30907235,0.0048308014,0.014364893
2336,0.013304968,0.01592584,0.0016978264,0.028363507,0.516387,0.11508273,0.006194763,0.66179025,0.024524016,0.035665374,0.013714112,0.0070428555,0.036747705,0.006620044,0.013783361,0.05479115,0.00018577263,0.367871,0.011506908,0.006532864,0.0023766975,0.13138531,0.003896882,0.009958849
2341,0.28526092,0.021365589,0.00031113334,0.014294533,0.19813855,0.69676405,0.0033285217,0.54705644,0.0030124122,0.013467458,0.0747114,0.0042087776,0.15140213,0.0001776403,0.0006611091,0.25852528,6.385793e-05,0.061960537,0.04581968,0.0017374776,0.00026469573,0.74337065,0.0032036433,0.011323611
2343,0.007012731,0.0124592995,0.0015885115,0.031094952,0.5674239,0.06957516,0.006825073,0.6827816,0.026818134,0.02894564,0.008342352,0.0070606014,0.016125629,0.013519169,0.021831438,0.029426316,0.00019525462,0.4589019,0.006603401,0.0059432406,0.0036830397,0.07170709,0.0037051314,0.008325713
2349,0.013960927,0.019333873,0.0022937797,0.032400016,0.52373827,0.097176746,0.008565644,0.6547155,0.02996867,0.036586776,0.010426881,0.00911978,0.026667051,0.009523596,0.017079458,0.04232995,0.00023534642,0.3647566,0.011159395,0.007369832,0.0036073013,0.10696002,0.0051635876,0.011863693
2352,0.041517895,0.015596864,0.0008437623,0.023166299,0.39238822,0.33258933,0.004537221,0.6506333,0.011347198,0.027743053,0.041057095,0.0060024066,0.09396399,0.001585273,0.0045886007,0.14577112,0.00013603906,0.2226622,0.020363249,0.0048011467,0.001016517,0.36282298,0.0036682421,0.011324267
2353,0.019589009,0.04921488,0.020295387,0.2022589,0.40297872,0.007284525,0.43004096,0.48531842,0.07745835,0.012799486,0.00045621675,0.06760835,0.0004269414,0.39521602,0.09614691,0.001191937,0.0015783085,0.21554302,0.0046204543,0.016395096,0.31354374,0.0048281406,0.030654697,0.025626032
2355,0.2588473,0.108253114,0.00624377,0.042201035,0.29731908,0.31978208,0.032805845,0.5355406,0.029190242,0.041641008,0.019428268,0.03817872,0.062602274,0.0032076568,0.0060920916,0.10046459,0.0007652074,0.1070332,0.06819154,0.011949186,0.00628798,0.37434778,0.04062423,0.055783935
2356,0.040029183,0.053165555,0.0126528265,0.1262953,0.38951296,0.045633707,0.19542508,0.55023444,0.054148834,0.02059791,0.0029591718,0.06387337,0.0039281594,0.07880245,0.03821466,0.00986761,0.0013367936,0.19439235,0.012109305,0.020204464,0.0717756,0.035164468,0.037944347,0.03752646
2359,0.08092477,0.02482489,0.0014215641,0.018628068,0.33192188,0.34911954,0.004273367,0.5471765,0.0125579275,0.04311195,0.03851521,0.0046452577,0.23454319,0.0008486389,0.0030973875,0.19717987,0.00011033506,0.1360941,0.051895365,0.0049611456,0.00060176506,0.45160303,0.0023671112,0.0114124585
2361,0.042881504,0.011801587,0.0005706155,0.012948757,0.34578583,0.3632309,0.0016612071,0.57895744,0.007892224,0.036419243,0.0562236,0.0021301066,0.26774442,0.00053732574,0.0025760066,0.23125963,5.0638002e-05,0.17938288,0.033376828,0.0028345226,0.00024240589,0.48347446,0.0010768207,0.005890105
2365,0.101227514,0.16936693,0.012975679,0.036992233,0.4078446,0.08393436,0.02931909,0.54531217,0.08112413,0.107807636,0.009234674,0.03189607,0.018527573,0.014348227,0.028099742,0.047344502,0.0009504687,0.24945688,0.048894323,0.008155944,0.024732083,0.12784049,0.045253787,0.03628532
2368,0.35905722,0.37013653,0.024010835,0.095962,0.21333873,0.062229544,0.102080055,0.6096437,0.06941718,0.028068265,0.0025128282,0.31248403,0.005249257,0.0138708195,0.013735199,0.015056872,0.0024425185,0.11625691,0.041379385,0.018207647,0.07097338,0.12360702,0.6007092,0.12700102
2371,0.06332185,0.07552968,0.007148005,0.003862512,0.2695031,0.042185813,0.0011132683,0.23018256,0.036264308,0.33666134,0.010375347,0.00079866336,0.8441121,0.0005862947,0.007980977,0.22699754,5.2930165e-05,0.105846,0.42009687,0.0026797645,0.00017023548,0.29076692,0.0004800986,0.0036449912
2376,0.11083034,0.023708062,0.00089835864,0.0033424029,0.201617,0.25847054,0.00057962025,0.31963053,0.0066081923,0.07707465,0.022355516,0.0004930224,0.7212601,6.533442e-05,0.0008438784,0.30416602,8.765592e-06,0.05099774,0.1651214,0.0011162689,2.7478607e-05,0.60813427,0.00023850282,0.0030409782
2382,0.04031371,0.06764087,0.019472223,0.19392622,0.34456632,0.01710546,0.40384418,0.5153811,0.06731785,0.013582123,0.00091475045,0.101727724,0.0008768008,0.2187585,0.062087983,0.002722427,0.00185677,0.17155111,0.0073809964,0.019991739,0.23765936,0.012345423,0.061047375,0.039196685
2383,0.0019049828,0.008349439,0.0018706146,0.028314121,0.6750438,0.019984586,0.0061087385,0.671746,0.039521683,0.028897157,0.0029354475,0.0047242055,0.005699308,0.04323318,0.053733293,0.009246828,0.00014908974,0.6361605,0.0030966878,0.0044011925,0.0059168465,0.019254258,0.0019795548,0.0045634615
2384,0.03037722,0.090476334,0.050934844,0.11121877,0.47815698,0.01488701,0.20239702,0.42386404,0.14603503,0.060891412,0.0012961972,0.043344405,0.0068849567,0.14642027,0.080770254,0.0059083016,0.001399028,0.21867722,0.02163608,0.03150477,0.078807145,0.01583057,0.017608413,0.030179279
2385,0.48625648,0.054256838,0.0007415331,0.01939862,0.18256338,0.674107,0.007957296,0.5119662,0.0050631636,0.015411313,0.050638568,0.0104825515,0.09945043,0.00029336583,0.0008536062,0.20030898,0.00014916768,0.048999127,0.070548244,0.0025643166,0.00073947856,0.7328559,0.010401716,0.024318106
2393,0.19965236,0.03574017,0.0011048081,0.023209572,0.27200836,0.51535875,0.007881747,0.56340843,0.0089904275,0.025300466,0.048176266,0.009845128,0.119073935,0.0007926761,0.002237972,0.18598394,0.00020236005,0.09981357,0.04929983,0.004489268,0.0010923444,0.5590819,0.007693765,0.021420263
2394,0.0031955466,0.023650419,0.0050004767,0.030171221,0.69533396,0.010592016,0.009149858,0.6040157,0.092314236,0.06290141,0.0025670768,0.0062690703,0.001484748,0.06123253,0.09463634,0.004479825,0.00031624964,0.61878186,0.0028104633,0.0033856875,0.038820118,0.009914297,0.004439875,0.0087459665
2396,0.2002998,0.022671511,0.0005023733,0.016742487,0.23971209,0.60331404,0.0040524323,0.55886114,0.0048266924,0.018943345,0.064772435,0.005083208,0.15575577,0.00034439733,0.0011920852,0.23440596,9.191078e-05,0.08446861,0.044946034,0.0025646277,0.00042662775,0.65441716,0.0036198292,0.012967174
2403,0.08452313,0.39557207,0.31204477,0.044220623,0.5641328,0.010264674,0.08743417,0.297594,0.5169406,0.41345638,0.0010156536,0.03317159,0.033697594,0.06664966,0.117433034,0.011817597,0.0010957958,0.21758543,0.092061654,0.045117225,0.031810716,0.025657868,0.01870723,0.038683224
2408,0.045736615,0.054029565,0.0017668977,0.07362585,0.30706555,0.26251093,0.023398867,0.83117896,0.022048295,0.029020041,0.034030907,0.05046085,0.007922785,0.0077065243,0.0137246875,0.07356299,0.0015610942,0.3392634,0.0064548324,0.005545718,0.017509686,0.200617,0.114956535,0.024979018
2409,0.07713736,0.043001175,0.00048487153,0.031463705,0.23154522,0.23371756,0.004843916,0.7670151,0.008193003,0.019481555,0.028690703,0.011920789,0.014435827,0.0016204247,0.0049386015,0.0777293,0.0002788276,0.2394933,0.014039634,0.0017758141,0.004796337,0.32580072,0.021876879,0.010579386
2416,0.2090099,0.021236211,0.0004287795,0.016234498,0.23221573,0.62849885,0.0038015821,0.5622364,0.0042309123,0.017151449,0.06930577,0.004801702,0.15385975,0.00029849866,0.0010508791,0.2415194,8.390038e-05,0.08118299,0.04335154,0.002350551,0.00038054044,0.6748037,0.0034471403,0.012333259
2419,0.001880474,0.0075552706,0.0015881668,0.030593548,0.6647893,0.020193364,0.006599911,0.6813682,0.03413467,0.024243267,0.0028028951,0.004971641,0.004596823,0.043203015,0.050441213,0.008268332,0.0001419688,0.6262271,0.0026730762,0.004276048,0.0060273716,0.018502448,0.0020613356,0.0045368914
2421,0.27138388,0.14057684,0.010987683,0.03734069,0.30814973,0.25145558,0.032799713,0.47506258,0.04174878,0.06544659,0.014759653,0.031997565,0.10279277,0.0032393653,0.0069247438,0.100405194,0.00077573396,0.096735865,0.108537376,0.0148264235,0.0056282664,0.3429543,0.028815703,0.053256296
2426,0.5830406,0.71327853,0.09224902,0.0076788752,0.22253168,0.017506456,0.009348949,0.18124077,0.21289694,0.3748706,0.0007977442,0.016177792,0.14184459,0.002066529,0.012025132,0.028403394,0.00034342683,0.0461881,0.5099132,0.0054632733,0.0042997613,0.14313935,0.036176,0.02770502
2427,0.003924844,0.01214907,0.0022787417,0.0356925,0.6242841,0.030231923,0.009487989,0.6660116,0.038003974,0.02811566,0.0034937777,0.007589805,0.0062980703,0.036415905,0.042103354,0.011399673,0.00021414689,0.53441215,0.0041921595,0.0057785837,0.007310138,0.028169587,0.00353046,0.0072335755
2428,0.2624059,0.16359013,0.009918427,0.003239938,0.19435024,0.07320832,0.0016818445,0.1715071,0.030566964,0.23225129,0.004324661,0.0011689032,0.71961546,0.0002550981,0.0027300215,0.14247347,3.673095e-05,0.037934277,0.49328974,0.0022029013,0.000116383206,0.3898004,0.00091977796,0.006472369
2430,0.6008511,0.43943462,0.020215144,0.0040335734,0.15690105,0.0569095,0.00328474,0.1483358,0.050164826,0.22568324,0.0019993123,0.0034494707,0.45440438,0.0003159703,0.002864762,0.081576034,9.4227e-05,0.024511814,0.63568544,0.002392151,0.00040972934,0.37573415,0.0045352746,0.012792072
2433,0.14895716,0.010248536,0.00016455157,0.009701648,0.20944703,0.6852168,0.0013052636,0.5647916,0.0021676195,0.013762279,0.09634374,0.0016568482,0.24078475,0.00010131564,0.0005427364,0.32177502,2.4136378e-05,0.07593664,0.034347497,0.0011376559,9.053869e-05,0.7538673,0.0010500461,0.005435245
2437,0.48453626,0.042324763,0.0004917029,0.01630656,0.17071803,0.7126167,0.005645672,0.50694776,0.003661878,0.013185555,0.057501778,0.007237713,0.11308928,0.00018664353,0.00060547586,0.2229716,9.716942e-05,0.044229608,0.06614189,0.0019140445,0.0004370291,0.7701433,0.006719363,0.018237222
2443,0.30975446,0.3078509,0.035107277,0.005885696,0.25475806,0.048471823,0.004757109,0.17979468,0.08394731,0.33198974,0.0027716574,0.0035062244,0.5355546,0.00089570956,0.006141875,0.08449882,0.00011195128,0.049690675,0.48425904,0.0051669055,0.0005202578,0.25201663,0.0027560529,0.012955523
2448,0.024421401,0.013567489,0.0009375719,0.021343196,0.43637905,0.24058802,0.0035781395,0.65071154,0.013802307,0.033703107,0.03263324,0.0046599,0.09840237,0.0019709528,0.0060211155,0.12633534,0.00011607918,0.27726087,0.018017938,0.004885519,0.0008922822,0.2886004,0.0026145347,0.008735199
2454,0.058509402,0.024764301,0.0014930606,0.028790886,0.38833252,0.30513906,0.008201667,0.63054,0.015696384,0.030932426,0.030861331,0.010145294,0.07294461,0.0023598166,0.0057220915,0.11936308,0.0002304542,0.20006019,0.024551727,0.006518607,0.0019106823,0.32654116,0.0068211625,0.017371373
2460,0.0016904386,0.00702557,0.0014969321,0.03051093,0.66967475,0.018760733,0.006524616,0.68423235,0.033294108,0.022918116,0.0026352813,0.0047855554,0.0040881303,0.04582632,0.05218164,0.007544192,0.00013502031,0.63763237,0.0024255717,0.0040914486,0.006142364,0.016889406,0.0019564836,0.004281031
2461,0.03143527,0.048405208,0.010878586,0.09660878,0.4349941,0.049643468,0.12202932,0.574077,0.05509724,0.024797386,0.0031212037,0.049144663,0.004942836,0.057385255,0.03610813,0.011740318,0.0010421581,0.2343505,0.011878107,0.018119896,0.043661494,0.039622102,0.02899926,0.0325587
2466,0.079094924,0.18228184,0.07641948,0.10030691,0.4155891,0.021390263,0.20468137,0.41087303,0.17702885,0.0824564,0.001483243,0.07037349,0.010221944,0.080857694,0.058360413,0.009460459,0.0017344945,0.16454339,0.038297098,0.036546238,0.070569925,0.029614063,0.043737862,0.048702598
2469,0.16624323,0.4052376,0.1887551,0.031333327,0.47427836,0.024546543,0.047711894,0.29735598,0.3495733,0.37759793,0.0021109048,0.027810495,0.100789554,0.019213365,0.050253212,0.028460685,0.0010155601,0.15725991,0.18147108,0.038135916,0.012139362,0.073236324,0.020402445,0.042381536
2472,0.07006282,0.3115957,0.22575939,0.037029225,0.56583595,0.015071673,0.056477875,0.3205615,0.4324171,0.41034827,0.0016945798,0.023652418,0.066093214,0.041423794,0.09284545,0.019673679,0.00088633376,0.23172976,0.10127789,0.042460576,0.0168228,0.038189977,0.012569368,0.03317303
2475,0.024790881,0.04336171,0.008466938,0.030167095,0.51430565,0.076227464,0.01130532,0.5499486,0.061618708,0.09025707,0.008263876,0.009775375,0.08289423,0.008071862,0.019119065,0.05423714,0.00026244466,0.27948287,0.03206727,0.012841507,0.0031234452,0.1149215,0.004701919,0.015381119
2479,0.11349342,0.15215579,0.029798822,0.00865033,0.35293487,0.05153569,0.004789993,0.25543636,0.09138147,0.3357972,0.00478576,0.0032457272,0.56146073,0.0016323421,0.009796093,0.10198809,0.00010663812,0.098879576,0.29004857,0.008147311,0.0005369313,0.203284,0.0017170305,0.011053969
2482,0.024682324,0.056837313,0.021353556,0.20023024,0.3829822,0.008685751,0.42909017,0.48874474,0.07874841,0.013514553,0.00050482457,0.076171,0.0004822026,0.35338104,0.087924965,0.0014100611,0.001652516,0.19830151,0.0052145333,0.016522512,0.30948675,0.0059783296,0.037558705,0.028974706
2489,0.02764853,0.03395746,0.0042244205,0.04430112,0.47817332,0.10502983,0.020960959,0.6273684,0.037122738,0.036109094,0.008393893,0.018652443,0.019923458,0.012347842,0.01757139,0.03674046,0.00042269437,0.2791857,0.015064334,0.010540739,0.0075205294,0.10725978,0.011974027,0.02147316
2490,0.27525648,0.058434084,0.0020417278,0.024946665,0.25438377,0.47833833,0.011716542,0.5178268,0.0120256245,0.031780843,0.03658459,0.0128093595,0.14193466,0.0008423476,0.002291087,0.17982042,0.00027285583,0.078767516,0.079229996,0.005894273,0.0014336688,0.55424714,0.0098295165,0.027896117
2491,0.027919456,0.045722738,0.00805768,0.0439545,0.49559796,0.079732165,0.023821814,0.58768904,0.055638615,0.054674,0.0064488477,0.018295262,0.03030521,0.013539451,0.020782938,0.036663502,0.00042612414,0.26675785,0.021660743,0.013845537,0.0074919607,0.093543164,0.010042765,0.021996906
2493,0.32695833,0.33724704,0.015708162,0.015692478,0.21707046,0.09595673,0.013190692,0.36822444,0.068535976,0.22332211,0.009402036,0.014016774,0.16117951,0.0019922915,0.01189729,0.11200972,0.0005532445,0.07270723,0.20570192,0.004005563,0.0072832936,0.302616,0.025898485,0.028095426
2494,0.53473806,0.07260164,0.0010367028,0.021063888,0.18207294,0.6468429,0.01002993,0.49867174,0.006331249,0.017315762,0.043866817,0.013582635,0.09317037,0.00035569863,0.0009858994,0.18277524,0.00019728695,0.04734358,0.08377302,0.0030352224,0.0010140555,0.7185012,0.014583428,0.030232176
2496,0.041611515,0.036043894,0.0036064873,0.040937815,0.4414621,0.15603074,0.018565804,0.62307334,0.030422183,0.035804875,0.012526185,0.018255515,0.030988004,0.007328125,0.012168817,0.055603053,0.00040678028,0.23670863,0.019813756,0.010195009,0.005563228,0.16349195,0.012489852,0.023492211
2497,0.038800497,0.009956527,0.00042390954,0.01409043,0.34636626,0.40063414,0.0017123257,0.6219106,0.0067119766,0.028365782,0.06337028,0.0023139522,0.20445448,0.00055807154,0.0024466168,0.23262377,5.1834384e-05,0.19365749,0.024278846,0.0025748627,0.0002653562,0.4948456,0.0012318798,0.005847369
2502,0.13345836,0.5132185,0.17106017,0.014674599,0.4503917,0.0059168977,0.01975534,0.24802032,0.4749147,0.556638,0.0010382858,0.015663987,0.08207717,0.020161306,0.077178024,0.020774757,0.00044340946,0.18634638,0.2188531,0.012204678,0.012620377,0.037906673,0.017735798,0.019509938
2504,0.006197829,0.011401683,0.0014957045,0.02953117,0.5761144,0.06658302,0.0060893665,0.6824512,0.026292998,0.029539071,0.008501035,0.006262639,0.017343054,0.013124575,0.022106713,0.029725974,0.00017963072,0.47605175,0.0064794538,0.005795283,0.0032639105,0.06974338,0.0031775348,0.007528927
2511,0.31095493,0.015989441,8.226417e-05,0.014512266,0.1484983,0.8355054,0.001817553,0.64469886,0.001175449,0.00855082,0.17729531,0.00296766,0.06742788,8.0918944e-05,0.0003254731,0.35763982,5.523857e-05,0.07174046,0.025581026,0.0005904912,0.00023467155,0.843892,0.0033740662,0.006488512
2512,0.16141444,0.16659485,0.0228032,0.006025852,0.29245284,0.055711295,0.0034238065,0.21303707,0.06534397,0.31491593,0.0042617503,0.0022604717,0.63790417,0.0008605537,0.0061132684,0.11086685,7.502738e-05,0.06791725,0.3812075,0.0053662737,0.00031078054,0.25068745,0.0013228474,0.009400095
2520,0.14649256,0.065569915,0.004893187,0.035727624,0.34127796,0.29230106,0.020566352,0.5426525,0.027052602,0.04737873,0.022097385,0.019961564,0.10077208,0.0027913116,0.0061973874,0.11856395,0.0004894094,0.12745439,0.061260782,0.011683862,0.0035640006,0.34461102,0.014191732,0.03402239
2524,0.3515726,0.37811524,0.038894307,0.06919531,0.25941828,0.06509285,0.085029006,0.512969,0.09806791,0.055804696,0.0025804406,0.17893453,0.014302738,0.011197328,0.014226497,0.022601314,0.0020253325,0.10854407,0.072728224,0.021387437,0.036865097,0.13753088,0.3278252,0.10814158
2529,0.11948342,0.104575954,0.012242711,0.004823565,0.28027132,0.06552972,0.0020364968,0.22332549,0.041519392,0.26943958,0.0055537163,0.0013537587,0.7257532,0.0005276187,0.0044762455,0.14149375,4.5652498e-05,0.06892822,0.3542903,0.004064071,0.00015250331,0.29333237,0.000730977,0.0064509376
2530,0.0867439,0.18521656,0.061949335,0.026879232,0.47258455,0.043366,0.02483237,0.3672793,0.17619713,0.25996843,0.0041051656,0.01582661,0.1693553,0.009840184,0.02937204,0.047977112,0.00050629315,0.178067,0.12871614,0.026470706,0.004824181,0.10530951,0.009288052,0.027846921
2538,0.17317228,0.051532965,0.0024120626,0.032988183,0.3128167,0.39960334,0.015628312,0.57390535,0.01668608,0.03222801,0.032810863,0.018647503,0.08168045,0.0019513317,0.0044174846,0.13465218,0.00041299112,0.123606734,0.047978945,0.007952911,0.0028164391,0.43060267,0.015751416,0.032530434
2539,0.03138241,0.032328572,0.005059048,0.0054372996,0.36141747,0.071425505,0.0010704175,0.32687894,0.030844139,0.22549962,0.01207986,0.0007729893,0.76749516,0.00058175717,0.005592274,0.19732426,3.3541568e-05,0.15038909,0.17464486,0.0043411157,9.014525e-05,0.28717825,0.00030530468,0.003216319
2541,0.17551179,0.087363884,0.004708278,0.0025911878,0.18823607,0.09157651,0.0009165756,0.19295797,0.018476652,0.19229628,0.006638844,0.0006502438,0.7868942,0.00015203028,0.0020207604,0.19174601,1.9492842e-05,0.04240177,0.40952095,0.0015691097,5.3442684e-05,0.44741642,0.00047488845,0.0041199573
2547,0.015302417,0.044980984,0.0020424353,0.034922324,0.45574212,0.04031006,0.010078464,0.7358577,0.037998613,0.023296617,0.0043183295,0.0135558285,0.0009268077,0.014003725,0.02790109,0.008460638,0.00028688062,0.4250674,0.002190487,0.0024692712,0.019104801,0.03921404,0.021029465,0.015418232
2551,0.05938334,0.33868116,0.28556633,0.031338632,0.5942673,0.010925062,0.04981158,0.29706153,0.5170063,0.50142026,0.0013641143,0.020289177,0.07072745,0.045183215,0.11238601,0.018161148,0.0007252719,0.2449075,0.10280883,0.038554695,0.01670407,0.030346965,0.010041921,0.02879818
2555,0.1242996,0.019052556,0.00061366777,0.008461114,0.22786303,0.44493735,0.0013918623,0.4601333,0.0054127546,0.03689597,0.044117864,0.0014622787,0.42387307,0.00016201107,0.00095849595,0.2968957,2.650085e-05,0.07120919,0.07571292,0.0016176808,0.00010531682,0.64066887,0.0007279273,0.0056374515
2557,0.0044342405,0.013314945,0.00250925,0.02979424,0.6214407,0.03620798,0.0068082535,0.65465724,0.04137047,0.039058603,0.0048020803,0.006279327,0.0128590735,0.024198504,0.036702525,0.018174978,0.00018830773,0.5271776,0.005970451,0.0059348997,0.004648047,0.0396491,0.0029265762,0.006981366
2558,0.51288,0.69615513,0.14674376,0.014890436,0.30268955,0.018502327,0.022510638,0.22123152,0.28762385,0.33427763,0.00075650244,0.03279785,0.07324929,0.0054455646,0.018286863,0.019604081,0.0006966777,0.06621984,0.35912737,0.012643977,0.009905095,0.101958804,0.058857363,0.04721691
2560,0.104304634,0.008196492,0.00014790826,0.010907305,0.23597051,0.6702567,0.0013203502,0.60705584,0.002243615,0.013051022,0.108928174,0.0017608174,0.21619233,0.0001377749,0.0007079641,0.31468293,2.719596e-05,0.10050247,0.026420746,0.0013111491,0.000111743415,0.72230566,0.0010781098,0.005299213
2563,0.04910611,0.011337847,0.00048194826,0.0128228925,0.32698452,0.4086394,0.0016302615,0.5843004,0.006708052,0.031694096,0.062179655,0.002119404,0.26035905,0.0004539326,0.00215241,0.24666592,4.693748e-05,0.16443528,0.032406054,0.002522287,0.00022513453,0.522483,0.0010897865,0.005925301
2566,0.03566557,0.087872274,0.006316339,0.12031739,0.34524274,0.022487475,0.08966771,0.66986567,0.054061167,0.020181362,0.0013802225,0.060090706,0.00039914306,0.07414762,0.047277324,0.003006998,0.00096898916,0.28750613,0.004313295,0.005216381,0.21876687,0.016473666,0.077483304,0.034121167
2567,0.19155422,0.010188088,0.00012823274,0.010731117,0.1951466,0.74952304,0.0015873716,0.5864589,0.0017145753,0.010001246,0.10899503,0.0020371065,0.18474169,9.131715e-05,0.00044235674,0.319084,2.754244e-05,0.0692523,0.02996356,0.0010912587,0.00010298842,0.7858466,0.001422009,0.006148381
2568,0.42300597,0.03642905,0.0004686371,0.01625512,0.18136278,0.70053804,0.005196813,0.5190221,0.003684748,0.013792302,0.060821816,0.0066612023,0.121860914,0.00020223585,0.000667969,0.22843766,9.53789e-05,0.04983408,0.06083516,0.0019979922,0.0004192798,0.75454223,0.0058698202,0.01684985
2573,0.18163452,0.03083329,0.0002800408,0.030583633,0.16824248,0.7072432,0.0055834875,0.7538005,0.0031206685,0.012488452,0.14393742,0.01137231,0.048452206,0.0004330608,0.0015714751,0.28099754,0.00037175542,0.11542809,0.017812353,0.0018674682,0.0013323426,0.7136743,0.019672634,0.01388154
2587,0.005035137,0.0120623745,0.0019194786,0.027017033,0.6001895,0.05089337,0.0053552976,0.6662621,0.0336903,0.03807799,0.0070953197,0.005511202,0.019230206,0.015241964,0.02730402,0.027326988,0.00016457308,0.50877476,0.006758055,0.0055993698,0.0031427538,0.058233146,0.0026749226,0.006723473
2590,0.01214566,0.027061692,0.00926814,0.11380355,0.48982656,0.019990506,0.120197766,0.549565,0.0571465,0.019741079,0.0017905538,0.030932287,0.0022340496,0.16634092,0.06847329,0.004533507,0.00086142455,0.30351,0.0059185834,0.013139016,0.070986904,0.014013505,0.013043459,0.018309146
2591,0.018813428,0.03430421,0.01128143,0.13407917,0.44292927,0.024127752,0.18628703,0.54061306,0.056290112,0.01792816,0.0018661354,0.04497932,0.0021587126,0.15876164,0.060971413,0.0049425378,0.0011613036,0.25170082,0.0071778633,0.016602509,0.09152315,0.01639958,0.020648962,0.024488913
2593,0.04582458,0.04503253,0.0052109947,0.051187225,0.4354836,0.1290713,0.03285815,0.61334836,0.036751784,0.03379265,0.00896249,0.027282702,0.01982842,0.011299836,0.015062651,0.04045213,0.0005711801,0.2264024,0.019253608,0.012636968,0.009818729,0.12777607,0.019474268,0.02982219
2597,0.65045416,0.5342154,0.012212348,0.01332509,0.14733689,0.046124976,0.01019359,0.32075933,0.06976434,0.13851726,0.0045168,0.018336907,0.05257613,0.0026913355,0.013285471,0.042995647,0.0010742479,0.07034412,0.3540401,0.0028205349,0.014392491,0.292077,0.06363016,0.034094788
2599,0.34016627,0.11771309,0.004939307,0.04296856,0.26573545,0.38084292,0.03285765,0.5438902,0.023235828,0.032897856,0.02327456,0.045326557,0.055222344,0.0025285152,0.004818207,0.105219446,0.0008365986,0.095227875,0.071117915,0.010614602,0.0063391104,0.44016257,0.0567675,0.0625645
2604,0.13965406,0.013678027,0.0002928025,0.0064826002,0.19536711,0.55146885,0.0008936235,0.4697678,0.0029786276,0.025350012,0.058670945,0.0009378774,0.45160234,6.64866e-05,0.0005010661,0.3459089,1.4227695e-05,0.057952937,0.06715771,0.0010615739,4.750125e-05,0.7309826,0.00048852,0.0040318975
2606,0.16870916,0.03170378,0.0011728689,0.017731937,0.26443177,0.4636397,0.0051048775,0.51636565,0.008705592,0.032745622,0.042865165,0.0053801183,0.22492649,0.0005148926,0.001800075,0.21936214,0.000114694594,0.08722629,0.067829214,0.003964452,0.00054976705,0.5642524,0.0031516415,0.014112094
2610,0.03134613,0.0154125,0.0009868273,0.023521753,0.4218616,0.2686426,0.0045215427,0.6517903,0.013529723,0.030819025,0.033376545,0.005852202,0.08640274,0.0020344686,0.005749983,0.12454523,0.00013895256,0.25348237,0.018727634,0.0052350163,0.0011169773,0.30333832,0.0034556424,0.010613084
2612,0.022385078,0.039162286,0.007936702,0.079605475,0.46785876,0.04778491,0.07777197,0.60480785,0.051240545,0.024579592,0.0029968256,0.038166787,0.004418468,0.051796697,0.036662914,0.011444938,0.0007874194,0.28436953,0.009130708,0.013844651,0.032299325,0.03817205,0.022998923,0.026311172
2624,0.013012183,0.02681537,0.0063503264,0.08575963,0.49544942,0.032207064,0.07361203,0.6091042,0.047935195,0.019744718,0.0023218389,0.030528601,0.0026838814,0.086800225,0.04967219,0.007126839,0.00071097055,0.33434466,0.0057557565,0.011290098,0.039544333,0.02333433,0.015822867,0.019001022
2632,0.13856766,0.03388942,0.0015066975,0.006096487,0.22549088,0.27158254,0.0013663254,0.3520813,0.009594914,0.07447144,0.021872303,0.0012091117,0.57868075,0.00017392416,0.0013472731,0.25430027,2.3979312e-05,0.059114486,0.15170921,0.0018833992,9.188615e-05,0.5573523,0.00060362736,0.0056955717
2634,0.39010903,0.054383837,0.001041911,0.022706201,0.21354862,0.6124407,0.00979818,0.53294826,0.0071015335,0.019403677,0.047755603,0.012850788,0.0986304,0.00050620345,0.0013693521,0.18770383,0.00021365944,0.064300984,0.06524115,0.0036228986,0.0011146287,0.663608,0.012428237,0.027990554
2635,0.4736857,0.34532535,0.019436225,0.0041068117,0.1797465,0.05920883,0.0031114963,0.15632735,0.049376108,0.24613062,0.0025386384,0.0027159464,0.5404549,0.00036850467,0.0032737555,0.09398621,8.0541715e-05,0.030378584,0.58737034,0.002736108,0.00032356576,0.3573608,0.0028791283,0.0111642415
2643,0.28007397,0.49533138,0.15708035,0.012986842,0.37600943,0.025966307,0.018213283,0.21094206,0.28828683,0.47382072,0.0017141795,0.01274344,0.24875405,0.005388336,0.023445161,0.042942803,0.0004244332,0.08848612,0.36265337,0.016758382,0.0034250352,0.1170854,0.010803519,0.029017428
2645,0.004883408,0.014090628,0.00074840913,0.030909339,0.4813966,0.02547626,0.0082152,0.7657453,0.017622136,0.01203987,0.003633583,0.011837667,0.0010475164,0.020618733,0.022178324,0.0066203075,0.00024205624,0.52331054,0.0018961575,0.0014279977,0.025270863,0.02369577,0.015095497,0.0043352954
2649,0.0014737599,0.0074620205,0.0018409448,0.033781573,0.68065596,0.013007363,0.008318501,0.6716485,0.039244484,0.022037376,0.001771758,0.005293149,0.002563918,0.070914835,0.06703033,0.004908081,0.0001417544,0.64833355,0.0020237032,0.0039713588,0.00909532,0.011234196,0.0020892154,0.0042088935
2655,0.36875242,0.08661204,0.002938518,0.0120524615,0.20582075,0.36262178,0.0057760314,0.3626128,0.012967913,0.056924272,0.019679971,0.005111554,0.32323277,0.00034968992,0.0015120022,0.1899976,0.00010357363,0.04488258,0.18989147,0.003519028,0.00044923965,0.5858958,0.0035101704,0.017427992
2657,0.1966579,0.010537446,0.00013181717,0.010318211,0.19202968,0.745064,0.0015223651,0.57716084,0.0017344663,0.010401142,0.10601153,0.0019438463,0.19364722,8.651375e-05,0.0004315301,0.320596,2.6276752e-05,0.06686446,0.031647608,0.0010543077,9.656945e-05,0.7880286,0.0013604041,0.0060050166
2658,0.44151378,0.23258671,0.009384457,0.0031089908,0.15752757,0.08775898,0.0019694993,0.15896608,0.026771262,0.18922617,0.0036363516,0.0015088366,0.64798546,0.00017282597,0.0018922187,0.13526875,4.3757693e-05,0.026070386,0.5747358,0.001892915,0.00013081606,0.46449068,0.0014883172,0.0080307685
2659,0.0020428048,0.007636527,0.0015079482,0.030135313,0.6588568,0.023117041,0.006344366,0.6868057,0.032831475,0.024021018,0.003188781,0.005052817,0.005057671,0.03910062,0.047084503,0.009480419,0.00014778505,0.6207327,0.002808441,0.004255215,0.005794511,0.021284655,0.0021828336,0.0047290022
2660,0.08608496,0.008887426,0.00020026517,0.01328594,0.26607013,0.62373525,0.0017524641,0.62618303,0.0030370585,0.014776686,0.099611446,0.0023652618,0.18506478,0.0002370232,0.0010516904,0.28534985,4.0310195e-05,0.12283479,0.024432372,0.0017580788,0.00018751527,0.6640332,0.0014230873,0.006412006
2661,0.1519028,0.0151441,0.00032186066,0.014867943,0.24411853,0.6261054,0.0027826682,0.5827512,0.0037115142,0.016433347,0.0790641,0.003562937,0.1700236,0.00026869663,0.0010337386,0.2590556,6.18083e-05,0.09375464,0.035431754,0.0020832412,0.0002817876,0.67054117,0.0023577136,0.009442642
2665,0.090051316,0.040607587,0.0024730442,0.0024034313,0.21092752,0.110445365,0.00056621124,0.23648773,0.012696984,0.16353494,0.010726888,0.00040409606,0.83804804,0.00011335992,0.0016894717,0.24821113,1.216349e-05,0.057811182,0.29942706,0.0015228008,2.7605574e-05,0.47342595,0.00023628063,0.002679705
2667,0.3183891,0.016482314,0.000109130066,0.0068483804,0.14518115,0.6843015,0.0011051132,0.47558847,0.0016130174,0.0103247175,0.06634948,0.002152192,0.15531823,3.180953e-05,0.00032498073,0.36722344,1.3234846e-05,0.034920733,0.049608573,0.00051352626,0.00013795949,0.81853724,0.002545293,0.0063502393
2668,0.7690704,0.29809514,0.004438529,0.033151425,0.14333935,0.4118687,0.024954496,0.47381926,0.016520288,0.020375602,0.013315715,0.0742471,0.031274486,0.0008248927,0.0016727635,0.08316599,0.0007690387,0.039351862,0.12784299,0.0047038067,0.0054921643,0.6120504,0.18101813,0.08803884
2671,0.00736843,0.040301915,0.0029804239,0.07368304,0.44495502,0.009791604,0.04346246,0.7447013,0.046176612,0.016353922,0.0008411377,0.038576048,0.0002033205,0.09776995,0.07242186,0.0016773981,0.00054679194,0.49207103,0.0014407084,0.003014891,0.13162535,0.0077129924,0.046786934,0.013528896
2672,0.06087105,0.16047838,0.06190392,0.025253532,0.50554454,0.03597343,0.02050261,0.37076718,0.18975632,0.28489506,0.003953848,0.012684072,0.182085,0.010912136,0.03439414,0.045674123,0.00041664162,0.20580825,0.11414649,0.026055062,0.00412085,0.08988492,0.006587365,0.022862284
2674,0.47446796,0.6467563,0.13539322,0.01088382,0.3020492,0.02214317,0.01574664,0.19497782,0.26061133,0.395636,0.00095166074,0.018317165,0.148832,0.0035940737,0.015175161,0.02883681,0.00045043044,0.060102765,0.42365256,0.010605993,0.0046444396,0.12432125,0.025748808,0.03510722
2679,0.1402426,0.00962909,0.00015519178,0.010596113,0.21613261,0.69358337,0.0014235557,0.58527917,0.002132429,0.012678349,0.102599226,0.0018440264,0.21515682,0.000116379204,0.0005866541,0.31662688,2.7126256e-05,0.082628645,0.03038044,0.001209202,0.0001066247,0.7474479,0.0011797195,0.0057032704
2681,0.4114601,0.5120388,0.02686064,0.0043968717,0.17563422,0.024298104,0.0038907514,0.23439215,0.10730049,0.40510347,0.0023961938,0.009177536,0.3283183,0.00033873672,0.0075280536,0.110196635,0.00010209373,0.053554628,0.5917954,0.0022519245,0.0016575393,0.23814926,0.019280044,0.009404016
2693,0.10026882,0.108303614,0.014265141,0.09045959,0.35104412,0.08907004,0.12501016,0.5862853,0.057260428,0.029368421,0.0044670524,0.09697198,0.00804006,0.023718731,0.020798268,0.021579763,0.001423544,0.16998807,0.022383563,0.020906953,0.03923363,0.091771625,0.10115801,0.06282928
2695,0.0241514,0.04125405,0.009021341,0.08716443,0.4592035,0.04598065,0.09476168,0.5909804,0.053207707,0.024372185,0.0029231817,0.04159634,0.004341998,0.058460627,0.03841726,0.01079021,0.0008829571,0.26920757,0.009710847,0.0153511,0.037820254,0.036095377,0.024337243,0.027887208
2702,0.12721731,0.1309873,0.01434493,0.10080835,0.3186578,0.08769607,0.13244216,0.6060766,0.05461466,0.025283756,0.0045267832,0.13941526,0.006622299,0.023320485,0.020231416,0.01955488,0.0017494747,0.16751991,0.02210057,0.02159719,0.048537552,0.09681087,0.18051723,0.07552934
2703,0.26987812,0.017267236,0.00022867079,0.012497547,0.1908664,0.71996844,0.0025252844,0.5495007,0.0024090928,0.012146313,0.08315085,0.0031710516,0.16729179,0.00012820779,0.000529996,0.27968562,4.5674184e-05,0.059890524,0.042282104,0.0014170706,0.0001776511,0.76716715,0.0023497168,0.009047547
2708,0.0084241545,0.029688912,0.0032006435,0.03506241,0.5661716,0.032467786,0.0098866215,0.6955718,0.053515393,0.04711312,0.010170604,0.012190227,0.003842575,0.035089403,0.06359258,0.017442891,0.00050786743,0.58175933,0.0048068473,0.003961956,0.032235533,0.032751374,0.012300113,0.011984192
2711,0.07337078,0.29097357,0.18509175,0.03690444,0.5536736,0.017638968,0.05449635,0.33126467,0.3803415,0.35994017,0.0018390827,0.025127154,0.06366275,0.03555074,0.07765936,0.020225644,0.0008538669,0.22046861,0.09745929,0.03903125,0.016688928,0.042115714,0.013910878,0.034580674
2712,0.17445515,0.22797105,0.027293636,0.121008895,0.27564034,0.05351405,0.15802902,0.6044013,0.07829195,0.028360939,0.0026316054,0.24793322,0.004748182,0.02915366,0.023991596,0.013222691,0.0024489756,0.15881091,0.025029749,0.025738942,0.07868875,0.07688674,0.38010228,0.09799389
2713,0.5662639,0.048393305,0.0004593854,0.015030694,0.15332307,0.7308992,0.005353027,0.48401952,0.0033011225,0.012097251,0.055085488,0.0069151777,0.10961899,0.00014135391,0.00048194986,0.22131783,8.6544445e-05,0.036532413,0.07529322,0.0016241572,0.00038051757,0.7988129,0.0068756645,0.017993767
2717,0.09731438,0.04306252,0.0033477095,0.018997196,0.34207332,0.25264612,0.0059582894,0.4870901,0.022235436,0.06996579,0.02388592,0.005901472,0.26138785,0.0012361641,0.0045068837,0.16276985,0.00015013944,0.12639442,0.078308105,0.0066961832,0.0008427423,0.38089108,0.0031451972,0.014841203
2719,0.057505425,0.086920805,0.023460615,0.10749632,0.40275583,0.049138326,0.18228047,0.5155933,0.07942993,0.036614336,0.00300997,0.066281304,0.008439136,0.052802116,0.034621023,0.014399806,0.0014217707,0.17353755,0.022585034,0.027651072,0.05417737,0.04655193,0.039464742,0.045506112
2720,0.5539267,0.04076875,0.00036236065,0.014393994,0.15119013,0.75717485,0.0047750003,0.49478036,0.002779049,0.01068015,0.061167657,0.006105682,0.109664686,0.000117901895,0.00041281423,0.23420753,7.353501e-05,0.036241315,0.06687578,0.0014677948,0.00030903352,0.8134501,0.0059255506,0.016147463
2723,0.3086272,0.028309746,0.00046169938,0.015689433,0.20308591,0.65994716,0.004287577,0.5316535,0.0039733374,0.016103216,0.06313589,0.00538167,0.14645317,0.00023700013,0.00082212774,0.23785798,8.590114e-05,0.06166672,0.054094624,0.0021094768,0.0003747433,0.717082,0.004230139,0.014089998
2731,0.21484321,0.19535084,0.022619884,0.07409044,0.31370252,0.11830325,0.09374253,0.5402415,0.0671915,0.046743993,0.0057935636,0.112154774,0.02206031,0.010986372,0.013901588,0.037822504,0.0017388162,0.12922376,0.054840002,0.024764577,0.025623677,0.16342229,0.14377683,0.08538362
2733,0.01740339,0.01390749,0.001293503,0.017448269,0.46531618,0.16725303,0.002541411,0.61500597,0.018916614,0.05335169,0.026536336,0.003216565,0.1488767,0.0020581326,0.0075733624,0.12675022,9.305077e-05,0.31052577,0.021865657,0.004759259,0.0006323336,0.24824244,0.0016389528,0.006580685
2734,0.419645,0.15230243,0.0054969634,0.046447355,0.24033618,0.3737884,0.037914645,0.5466957,0.023650216,0.029469328,0.020530323,0.06350913,0.042783353,0.0025139796,0.0045539644,0.0935953,0.0010113091,0.08715887,0.07518735,0.010487686,0.008060035,0.4524397,0.097332835,0.076195195
2736,0.0595618,0.08236344,0.015605182,0.006804208,0.36691442,0.049539827,0.0023731196,0.27451894,0.06461314,0.3157293,0.0062195086,0.0016632036,0.67586195,0.0011157128,0.008552655,0.12522823,5.9347945e-05,0.12188672,0.24432667,0.006287616,0.00024242116,0.20998074,0.0007447103,0.006039222
2738,0.38345316,0.32367605,0.014307788,0.08929256,0.19719493,0.092823565,0.08224875,0.6388228,0.04659346,0.021752939,0.0039605247,0.2987975,0.005564526,0.009433388,0.010233919,0.019337688,0.0021946118,0.11486396,0.037664767,0.014557843,0.054711413,0.16807269,0.6167643,0.12847845
2739,0.17711438,0.033186026,0.0012098766,0.008629972,0.22233494,0.37530348,0.002131742,0.40066436,0.007871119,0.05031322,0.029294368,0.0019605432,0.4466863,0.00020224278,0.001165747,0.25419042,3.7805337e-05,0.058573365,0.12088313,0.0021956603,0.00014905406,0.6000434,0.0010262569,0.007800724
2740,0.11543213,0.32906595,0.16306394,0.016984513,0.4822977,0.024544187,0.01998754,0.25909743,0.33269313,0.5111674,0.0027426966,0.011182476,0.27820975,0.009472612,0.040660992,0.050222162,0.00041991178,0.15279092,0.23567115,0.024922187,0.0038921614,0.088816285,0.0062215487,0.024079794
2744,0.026111484,0.02097308,0.0023282873,0.018078867,0.44171703,0.1627197,0.003272402,0.5653918,0.024451133,0.07108086,0.022713503,0.0035987746,0.22391857,0.0018439991,0.0070812847,0.14108022,0.00010087095,0.24455394,0.036966704,0.006165891,0.00065676746,0.26498857,0.0016029754,0.007837161
2745,0.36589897,0.28930494,0.012870033,0.08671081,0.20233339,0.11042608,0.078648634,0.63874495,0.042322494,0.021675818,0.0049295346,0.2684424,0.006817239,0.008342186,0.0095971525,0.023397801,0.002069666,0.11732865,0.03750496,0.01463696,0.04430454,0.18770163,0.5595405,0.12380536
2747,0.06555138,0.037621617,0.0023282785,0.0023197653,0.21784478,0.084960945,0.00045625152,0.24320436,0.014069168,0.2000384,0.013008441,0.00034127777,0.87050533,0.00013652285,0.0024252213,0.28452474,1.4264403e-05,0.07545047,0.31551978,0.0013441857,3.019778e-05,0.45250952,0.0002210896,0.0021379183
2752,0.023295386,0.06039211,0.023995325,0.20233567,0.39157614,0.006471937,0.44320157,0.47088873,0.0870752,0.013973667,0.0003748194,0.072477765,0.00039528453,0.40060705,0.09566577,0.0010725448,0.0016386952,0.19738553,0.005037586,0.015858037,0.34680772,0.0046132687,0.03458489,0.027427707
2757,0.31635064,0.06291641,0.0017738356,0.029426802,0.24948393,0.526623,0.014905131,0.55336833,0.011390196,0.024598965,0.040268324,0.019424956,0.08333649,0.0010475666,0.0024795767,0.15956587,0.000366252,0.084649876,0.060649022,0.0057620252,0.0021732561,0.5670773,0.019375939,0.03658666
2767,0.0046288148,0.015855312,0.003452706,0.045578375,0.6124036,0.02365658,0.016682802,0.6471653,0.04741022,0.027016405,0.0023291404,0.011125323,0.0037646287,0.06097046,0.053947587,0.0075054895,0.000289676,0.50226855,0.003973393,0.0064542326,0.014006536,0.020398,0.005243665,0.009076095
2768,0.08535382,0.012699512,0.0003754701,0.016559612,0.29536864,0.5442847,0.0027497842,0.61879385,0.0050123627,0.019525133,0.075683124,0.003661523,0.15938602,0.00045049845,0.0016876565,0.23867187,7.0523965e-05,0.13703045,0.027541034,0.0026381188,0.00036879987,0.5839319,0.0022470902,0.008952619
2772,0.1949691,0.048223626,0.0021206683,0.0076721674,0.21805261,0.29127532,0.0022693085,0.34868076,0.011524304,0.07372922,0.019492656,0.0019394739,0.49257132,0.00023843462,0.001446403,0.23513074,3.7510214e-05,0.05270952,0.16249575,0.0021859868,0.00015872382,0.5580516,0.0010421491,0.008439686
2779,0.12290497,0.25648,0.089880414,0.0171814,0.44185874,0.03715319,0.016278177,0.28588754,0.21600512,0.39422107,0.0036584819,0.010204344,0.2984932,0.006387152,0.026109017,0.060524687,0.00035964613,0.13953434,0.22397532,0.020322252,0.0028330404,0.122516826,0.0059789526,0.023379387
2780,0.052869365,0.08078339,0.024774259,0.14027345,0.38004225,0.036278192,0.27004266,0.50354695,0.07776232,0.02759174,0.0022523978,0.07883704,0.004818552,0.0909871,0.043080226,0.009201346,0.0017156979,0.16473196,0.017617349,0.02827885,0.09378812,0.031369735,0.044011362,0.044694766
2782,0.008112827,0.022047004,0.0047855834,0.060497794,0.5586367,0.028796528,0.033236317,0.63364327,0.049139686,0.024274964,0.002290686,0.01892957,0.0032124082,0.06836692,0.050583053,0.007501125,0.00044656172,0.41607457,0.004876098,0.0084755635,0.02270225,0.022980707,0.009679632,0.013817288
2785,0.05142793,0.07153917,0.013243605,0.061855394,0.44182205,0.08430607,0.06258569,0.56329846,0.06322038,0.047163345,0.0051903734,0.03772566,0.019317517,0.018142171,0.02128307,0.030337168,0.0007801352,0.20520899,0.026061082,0.019566055,0.016522247,0.08939432,0.0241515,0.036818996
2786,0.061406326,0.0890332,0.021331796,0.09926452,0.40140384,0.057090983,0.16152011,0.5318302,0.07533355,0.036630932,0.0032838208,0.0674796,0.009059663,0.041917633,0.030612022,0.016586307,0.0013638098,0.17617899,0.023104124,0.026562015,0.046038896,0.054934047,0.043370273,0.047180608
2788,0.36201236,0.013873964,4.846705e-05,0.007039682,0.14093542,0.87262017,0.00079731963,0.6183531,0.00087072817,0.005186251,0.17475878,0.0021872146,0.06199945,3.7443882e-05,0.00020787555,0.37775695,2.765936e-05,0.06891357,0.02241573,0.00035392685,8.366861e-05,0.88609636,0.0037127237,0.003228612
2790,0.2929504,0.19422643,0.014142685,0.004621088,0.21377718,0.078561366,0.0028854215,0.18832685,0.039061036,0.23278281,0.004271249,0.001997393,0.64253414,0.00041002274,0.003298913,0.12781028,6.333686e-05,0.041399296,0.47344112,0.0033109884,0.00021694208,0.3653298,0.0015122305,0.00949335
2792,0.43052605,0.040840134,0.00055359513,0.013881939,0.17308444,0.66046834,0.004347002,0.4787328,0.004066579,0.01703784,0.050814517,0.0052702515,0.15350725,0.00017727833,0.0006464347,0.23226719,7.546753e-05,0.044435468,0.075401805,0.0017311092,0.00033047554,0.75138617,0.0044958587,0.014863817
2797,0.038630433,0.023004653,0.0017244172,0.028390143,0.4274603,0.22880404,0.0074770874,0.63376355,0.019164661,0.035347667,0.023895087,0.009030118,0.06697032,0.003104036,0.007476787,0.09815812,0.00021334128,0.23917069,0.0212828,0.0068765637,0.001976533,0.25666413,0.0056856945,0.014949494
2800,0.08107021,0.09247029,0.014150431,0.08968077,0.3737443,0.08457014,0.12748769,0.57749575,0.057611454,0.030018415,0.0043764357,0.080654316,0.008482885,0.025999958,0.022226304,0.021027574,0.0013462143,0.17659993,0.021826409,0.022090036,0.037208296,0.08222388,0.070596814,0.055223625
2803,0.7651228,0.18303677,0.0016490582,0.0068602487,0.10222723,0.41716987,0.0033001471,0.27641624,0.0074220756,0.032274425,0.011429617,0.0042918413,0.19052225,8.323054e-05,0.00050079846,0.16506006,5.106143e-05,0.015944954,0.278714,0.0008528681,0.000263001,0.7555617,0.0058877715,0.015015058
2806,0.010503003,0.021368816,0.0033577683,0.04239064,0.5553122,0.05483437,0.01554621,0.64889854,0.03971297,0.03190326,0.005074399,0.013026815,0.0100660175,0.024433168,0.029501434,0.018962804,0.00033210494,0.40043733,0.0077238097,0.008343121,0.008518085,0.052508656,0.0071285223,0.013322821
2808,0.00401851,0.03360949,0.0077712396,0.034598995,0.67329043,0.023988381,0.01225003,0.7027699,0.106233455,0.071155995,0.00508895,0.021248935,0.0043569794,0.04934952,0.12520629,0.019925172,0.0006021475,0.7227763,0.006745903,0.0067177783,0.025225516,0.02478258,0.017840564,0.012126252
2810,0.014425443,0.01951598,0.0022795745,0.030899148,0.51979876,0.10164973,0.007760052,0.6529339,0.030044755,0.03883162,0.011187812,0.0086171115,0.030858481,0.008530519,0.016250957,0.047037568,0.00022202902,0.36097074,0.011847236,0.007099665,0.003211229,0.11608233,0.0049219388,0.0116005605
2811,0.016663453,0.0375234,0.0036624172,0.03361258,0.524225,0.16765171,0.009252352,0.70394576,0.0476343,0.08772557,0.08092326,0.021267204,0.075601235,0.013776329,0.050597344,0.24678114,0.0015932596,0.583325,0.032657117,0.00924387,0.010453621,0.20768449,0.024979454,0.021861477
2814,0.0062674666,0.025935542,0.007644843,0.04051889,0.6195601,0.023562767,0.0161629,0.5964558,0.073874444,0.05442283,0.0025318328,0.010372698,0.0120827565,0.042160988,0.0508572,0.012487906,0.00028464114,0.45343718,0.009005815,0.010162274,0.009286683,0.02679357,0.0040607313,0.010200833
2817,0.18513766,0.012037148,0.00016205509,0.010610556,0.19556782,0.6934079,0.0015647329,0.5661715,0.002089292,0.011942225,0.09369992,0.0021017261,0.18332396,0.00011547617,0.0005713089,0.29755187,2.9937224e-05,0.072363265,0.033185568,0.0010591953,0.0001237384,0.7577661,0.0015444115,0.006075429
2819,0.01960464,0.07342107,0.0031859905,0.045108505,0.40762782,0.03542995,0.015137723,0.77030665,0.044477638,0.031064205,0.0037178812,0.029315325,0.0010440825,0.03195427,0.046371672,0.011358465,0.00089535245,0.5628928,0.0041345037,0.0033094105,0.024091378,0.048698746,0.04712008,0.013857815
2822,0.0041365204,0.010841533,0.0018286199,0.028405624,0.61601925,0.042419232,0.005808466,0.6703349,0.033158686,0.033845644,0.00590014,0.005520417,0.014005654,0.019531209,0.031388663,0.020935284,0.000168752,0.5346861,0.005576471,0.005563571,0.0037085933,0.04548292,0.0025677595,0.0063198693
2824,0.08860311,0.10418422,0.014945304,0.13486072,0.31746143,0.05496427,0.21263058,0.5917808,0.056051724,0.01873429,0.0029549345,0.14359647,0.0032184096,0.052434526,0.030132914,0.010480163,0.0018277561,0.17010798,0.014366494,0.021768484,0.09054159,0.052114252,0.15308453,0.06362952
2828,0.034551453,0.028861549,0.0038245127,0.0104893595,0.4002441,0.11784197,0.0019398993,0.433059,0.030335547,0.1404908,0.017253753,0.0018072478,0.50808144,0.000977126,0.0061295773,0.17339835,5.411445e-05,0.17746979,0.08913535,0.005209697,0.00025589662,0.28951696,0.00070519757,0.0055630174
2831,0.23624259,0.28411898,0.030556025,0.10455638,0.2651265,0.05828957,0.13021824,0.5849389,0.08369489,0.034367293,0.002705259,0.24563402,0.006651195,0.020786064,0.019862805,0.01585943,0.0024706307,0.14131172,0.035921905,0.025325041,0.064601064,0.097086124,0.40816483,0.107400335
2832,0.03787287,0.055073958,0.012770129,0.10529644,0.41560864,0.049823318,0.14802045,0.5585076,0.05788336,0.025269205,0.0031350025,0.05552454,0.0051975157,0.060052384,0.035678484,0.011941667,0.0011661435,0.21072456,0.013476919,0.019946102,0.05096414,0.04059043,0.033148546,0.03617656
2834,0.2877581,0.5584148,0.13250183,0.010829562,0.3155353,0.018898133,0.017227914,0.2193683,0.30829462,0.51609325,0.0020912972,0.016946673,0.23764637,0.0046625305,0.028195499,0.061326448,0.0005772163,0.1053896,0.40613854,0.011050165,0.004934168,0.11565004,0.029845951,0.027208775
2838,0.0023706101,0.0092026675,0.0019316879,0.034381285,0.6528361,0.020628324,0.008509266,0.67306244,0.03725937,0.024456816,0.0025823214,0.006219377,0.0041005695,0.049184103,0.05200292,0.0077263904,0.00017351318,0.5956043,0.0028754405,0.0047106766,0.007823692,0.018425748,0.0026756083,0.005435219
2839,0.025832055,0.06007297,0.02821947,0.165059,0.42203948,0.014438581,0.33352754,0.47553778,0.09175648,0.02356246,0.0009870407,0.06222837,0.0018644336,0.228236,0.07766817,0.0033901858,0.0016596933,0.20568201,0.009876135,0.024238192,0.16180246,0.010937895,0.026206058,0.030344106
2841,0.01766623,0.023334228,0.0022945623,0.025534365,0.52785116,0.13778201,0.010963009,0.6385518,0.03222782,0.037158053,0.011239919,0.009075357,0.005094357,0.009438042,0.020843811,0.033239905,0.00030484167,0.33713445,0.0059554265,0.0033669388,0.00860374,0.08770687,0.008982516,0.012117823
2844,0.18110499,0.15732525,0.014707454,0.08247651,0.30535695,0.121837735,0.095827036,0.5892314,0.052939117,0.032227233,0.006240662,0.12700409,0.012658892,0.012974085,0.014520274,0.031326115,0.0016473649,0.14713874,0.03404258,0.020510122,0.030464849,0.15088919,0.18169561,0.08322785
2849,0.019474868,0.039940152,0.00790816,0.04199032,0.5281172,0.061863318,0.02011276,0.5914273,0.060055733,0.05741819,0.005478074,0.0153617915,0.027239835,0.016700277,0.025353983,0.030389907,0.00037557032,0.30860835,0.01819033,0.013065341,0.007209624,0.073817946,0.007769625,0.018189747
2852,0.5832372,0.08898436,0.001336956,0.0076215677,0.1354394,0.5064094,0.0033008808,0.3243506,0.006348091,0.03486065,0.020174053,0.0029700568,0.29811153,8.651176e-05,0.00047764528,0.22876443,4.043436e-05,0.022479238,0.20614095,0.0012927937,0.00015847702,0.7549642,0.0024308122,0.012487023
2857,0.0098984055,0.054372367,0.024808662,0.058869787,0.6088507,0.0095392,0.041927066,0.5043478,0.16420986,0.09141037,0.0024253887,0.0163294,0.0048223683,0.19729744,0.19796444,0.00577435,0.001499109,0.5120906,0.011858931,0.013313829,0.056559443,0.013441943,0.0085885255,0.020048417
2863,0.58381724,0.6831888,0.08419896,0.0067363693,0.22129482,0.019558052,0.007985169,0.16193368,0.1883161,0.36135572,0.0007617562,0.011781796,0.1676703,0.0016034647,0.009825156,0.029246297,0.00025555457,0.041346394,0.52386975,0.0048079244,0.002824698,0.15470135,0.022627916,0.02392629
2866,0.3023582,0.06372862,0.001932304,0.02968534,0.2558863,0.5071535,0.0151440725,0.5503525,0.01224785,0.026327565,0.03871226,0.01940989,0.08629827,0.001129502,0.0026780586,0.15657052,0.00037799147,0.08736383,0.061975095,0.006100366,0.0022506143,0.55068165,0.018975226,0.03656752
2869,0.29331425,0.05437636,0.0016897137,0.019774467,0.23471123,0.48820975,0.008278159,0.48553634,0.009855643,0.03238473,0.036300972,0.008657644,0.18789898,0.00053937495,0.001685874,0.19847316,0.00017809377,0.06636655,0.09344047,0.0045135296,0.0008447795,0.5939893,0.006150345,0.02172412
2871,0.0064866063,0.034752227,0.004879269,0.037777126,0.631177,0.018699253,0.014120574,0.6303692,0.07854315,0.054668244,0.005658895,0.012606257,0.0019986604,0.05844546,0.10755849,0.007042106,0.00067099894,0.5738361,0.0052526295,0.004476743,0.07304622,0.016794179,0.010696619,0.014517928
2872,0.017090388,0.0327204,0.006851395,0.0790406,0.4841248,0.040957,0.07030922,0.6137991,0.049106803,0.022370398,0.002667112,0.03387739,0.0035231856,0.061542872,0.041051798,0.009471409,0.00071823417,0.31329837,0.007243214,0.012231414,0.032994926,0.031473942,0.01941254,0.022457447
2875,0.10994138,0.037552446,0.0019898866,0.03195156,0.34524947,0.36056697,0.012431066,0.6017039,0.016437743,0.03139281,0.032014877,0.014955857,0.07493309,0.0022147123,0.005041765,0.12787014,0.0003335232,0.15304142,0.034971,0.007413379,0.0025183968,0.3817985,0.011446206,0.025597489
2878,0.037392832,0.104443334,0.03889321,0.016221846,0.50861216,0.0341279,0.007982472,0.36385545,0.15567057,0.33140483,0.0048424513,0.005470099,0.34441695,0.006175995,0.027254775,0.06633065,0.00018547001,0.22476368,0.12145597,0.017015733,0.00139887,0.10494571,0.00234529,0.012036858
2891,0.31373045,0.05418634,0.0014038093,0.022980524,0.23825766,0.5373125,0.009821338,0.5248739,0.0093541,0.025764488,0.041855805,0.012154994,0.11716369,0.00067887496,0.0018706138,0.1803974,0.00023012748,0.07496742,0.06868448,0.00438356,0.0012163399,0.60215735,0.010774271,0.02706834
2896,0.008811316,0.035699505,0.0019522525,0.015641674,0.5779814,0.029361168,0.0038629235,0.7101064,0.043704398,0.070854,0.0063854065,0.010308597,0.009195552,0.010838869,0.022723425,0.021180645,0.00017533968,0.4983107,0.009602698,0.002056472,0.016919814,0.038423147,0.014057353,0.005727588
2898,0.06319743,0.41731042,0.39120597,0.0364497,0.60521054,0.006539193,0.07469125,0.27189073,0.61598504,0.517138,0.00071482157,0.026807949,0.03397111,0.07786157,0.14823788,0.00982664,0.0007961812,0.23591304,0.08684492,0.038051113,0.03211676,0.017688636,0.013370104,0.03154575
2911,0.05075449,0.045538567,0.0062078806,0.006120498,0.33525836,0.079471834,0.0015145312,0.31418076,0.032243617,0.21225417,0.010435142,0.0011442585,0.71311784,0.00064132386,0.0052873148,0.17592503,4.231443e-05,0.122577906,0.1982756,0.004516661,0.00013416888,0.29592776,0.0005163786,0.0045563877
2914,0.03519539,0.12742414,0.057479456,0.032069273,0.5531953,0.026811419,0.026387617,0.41617733,0.20076755,0.23448847,0.0030070855,0.01486983,0.09218206,0.02082563,0.049571626,0.02897187,0.00045955993,0.26546127,0.06434017,0.02716378,0.00670486,0.056561913,0.007110389,0.021969168
2920,0.2674886,0.04052476,0.0004993413,0.019299882,0.22477858,0.6563435,0.0041577024,0.667264,0.00631795,0.016810564,0.1433413,0.0064014,0.05406257,0.00052431633,0.0020583586,0.29936305,0.0003512549,0.1177466,0.021182666,0.0017419833,0.0012785896,0.7384195,0.008523532,0.017971156
2923,0.6496284,0.37927067,0.010534896,0.0029806828,0.12500317,0.0771668,0.0021667422,0.14017877,0.028734455,0.166968,0.0023752938,0.0021917662,0.5102451,0.00014341567,0.0016614712,0.10482027,5.7504283e-05,0.018361293,0.6613678,0.0014793589,0.00020227577,0.4870061,0.0031482514,0.009937569
2931,0.017848486,0.02434602,0.0029601243,0.037854653,0.5090543,0.09647209,0.012834751,0.6471938,0.03321197,0.03527568,0.008974544,0.012690758,0.020916414,0.011624987,0.018159281,0.03694981,0.00030828017,0.33282351,0.011823731,0.008487469,0.0053285854,0.10092215,0.0075854277,0.015340811
2946,0.43878034,0.071842454,0.0015622564,0.007599358,0.1603262,0.43288916,0.0030115275,0.3304838,0.0075634094,0.045461982,0.020688176,0.002567032,0.37628677,0.00012034962,0.0006985692,0.2320696,4.0835348e-05,0.029917179,0.19935182,0.0016593584,0.00015800988,0.6944371,0.0017970084,0.011124641
2950,0.032773312,0.04239916,0.0059314324,0.05127935,0.46789974,0.09447749,0.032103427,0.610233,0.04356732,0.03695284,0.0068038143,0.024820788,0.016475089,0.015756534,0.019775737,0.030976277,0.0005389913,0.2589107,0.016503818,0.01268752,0.010848013,0.09401094,0.016302845,0.026249051
2951,0.81713015,0.22142364,0.0020512405,0.023532111,0.13046685,0.5760387,0.016086014,0.43456826,0.00912731,0.015424769,0.020200912,0.034193527,0.04386145,0.0003622795,0.0008482322,0.11560618,0.00036434448,0.027189711,0.13757806,0.0027353559,0.0023036813,0.73654735,0.06717672,0.058284435
2953,0.0022826456,0.008662585,0.0017603942,0.03336735,0.6529392,0.021485329,0.007871052,0.6790433,0.035347737,0.023789153,0.002740466,0.005920087,0.0042291847,0.046061628,0.050101113,0.0081360135,0.00016607728,0.6017719,0.0028032854,0.0045320354,0.0072498177,0.01925916,0.0025665837,0.005244021
2958,0.0049703484,0.016581208,0.00387707,0.054005865,0.5983466,0.021677636,0.024142882,0.6399351,0.048050214,0.02363327,0.0019706383,0.013622602,0.0027363447,0.07877623,0.05891729,0.0059641637,0.00034226914,0.48200536,0.0036821563,0.0069918074,0.019590879,0.017200962,0.0063226963,0.009967753
2961,0.037400737,0.017583849,0.0007809678,0.0152179785,0.3944771,0.2671332,0.0025468222,0.61905885,0.012630323,0.03816057,0.05167997,0.0038167434,0.1410857,0.0014703242,0.0054036216,0.18353145,0.00012408424,0.26293004,0.029238148,0.0031401091,0.00087141874,0.3738073,0.0028661217,0.0076799504
2964,0.2959924,0.40581062,0.09056188,0.023970066,0.35164753,0.048662115,0.031717695,0.3136715,0.18863627,0.2564078,0.002582679,0.029879428,0.1179034,0.006943413,0.018590795,0.044439007,0.000790822,0.099544175,0.22000633,0.018977081,0.00760075,0.14921208,0.03319956,0.050238617
2967,0.12381797,0.11192409,0.012258879,0.08389783,0.34122676,0.11722423,0.1038522,0.5911776,0.049992185,0.029523158,0.006171831,0.09633876,0.011088713,0.016539488,0.016698632,0.028685894,0.0014459562,0.16216652,0.026943902,0.020591458,0.031056764,0.12453034,0.1093771,0.067462
2969,0.1734335,0.18604086,0.016211918,0.11280669,0.27140126,0.07567254,0.12924579,0.6359645,0.0557056,0.022611659,0.0039575025,0.22991894,0.0047545186,0.022433953,0.019586662,0.015962066,0.0021956414,0.16641425,0.02166258,0.021214383,0.06441049,0.09812149,0.3808897,0.09716079
2975,0.6484254,0.055989906,0.0004454317,0.014837523,0.14019954,0.7564642,0.005726157,0.4691829,0.0030433813,0.010672955,0.053432815,0.0073976973,0.09828203,0.00011412414,0.00038781427,0.21747223,8.540301e-05,0.030521272,0.08237432,0.0015057113,0.0003710806,0.82352424,0.007868867,0.019392716
2976,0.033629794,0.03573467,0.0040568784,0.048261832,0.45483238,0.11961118,0.025774844,0.6328277,0.033801384,0.031095989,0.008815998,0.02249586,0.017369477,0.011922324,0.015835393,0.037769873,0.0004828341,0.2568355,0.015068041,0.010783041,0.008744756,0.1165238,0.015380377,0.024500752
2978,0.668499,0.10469261,0.0012744659,0.015453705,0.14521073,0.62006724,0.0077327467,0.41210026,0.006236854,0.020269895,0.029827228,0.009351167,0.13160574,0.00018882845,0.00061472296,0.19053182,0.00012196275,0.028271664,0.14395693,0.0021068838,0.0005982453,0.7634727,0.00943872,0.025018454
2979,0.28129214,0.019292627,0.00026503362,0.012971997,0.19288844,0.7077015,0.0027959398,0.54250896,0.0026564484,0.012962665,0.07857473,0.0034950282,0.16682084,0.0001419967,0.0005721685,0.27048802,5.1879637e-05,0.059551846,0.04592312,0.0015543714,0.00020324027,0.7584154,0.0026058897,0.009855364
2983,0.6663936,0.19697407,0.0008601258,0.012224756,0.091955684,0.27085114,0.0045978767,0.51750875,0.006717867,0.02380742,0.016948866,0.011562979,0.05145179,0.00024855146,0.0014622397,0.13562612,0.00035087188,0.050677687,0.15740885,0.00072531466,0.0026915146,0.660795,0.050687373,0.021928849
2989,0.38415155,0.07565536,0.0011367032,0.024918389,0.20843321,0.5092566,0.011352288,0.558915,0.009312617,0.019672839,0.040088996,0.018073557,0.052532744,0.000731234,0.0019125192,0.15595251,0.00024537815,0.07742568,0.053661015,0.002865634,0.001967003,0.60668105,0.021396706,0.026584286
2990,0.19063835,0.17199036,0.012331454,0.10288722,0.2635688,0.10465962,0.11024228,0.64555955,0.045149863,0.0213023,0.0054885894,0.20677452,0.006269169,0.015524448,0.01504455,0.02213047,0.0019721407,0.15666176,0.023574641,0.018862668,0.04809288,0.13289492,0.3558324,0.09674863
3004,0.31294504,0.018262627,0.00021179748,0.012302524,0.17986488,0.7437217,0.002590605,0.54488146,0.0021909662,0.0109899845,0.08399745,0.0032677255,0.1572773,0.00010998558,0.0004544099,0.28013012,4.4710578e-05,0.053860944,0.043361314,0.001321395,0.00016900466,0.78770554,0.0025352526,0.009302666
3005,0.29423934,0.023092115,0.00034239184,0.015193507,0.19994721,0.69318545,0.0037525177,0.5497186,0.0032332141,0.013614898,0.07239458,0.004787979,0.14054139,0.00020094898,0.00071142195,0.2508421,7.30848e-05,0.06266344,0.045939576,0.0018553108,0.00031304592,0.7365494,0.0037312275,0.012489117
3009,0.004417873,0.013318039,0.0024591791,0.036984332,0.6163192,0.03155592,0.010280867,0.6647722,0.039358847,0.028532797,0.0034971866,0.00835351,0.00622643,0.036898464,0.0417978,0.011653127,0.00023139566,0.51933444,0.004392947,0.0059197843,0.007974837,0.029467467,0.004015399,0.007901246
3020,0.22523862,0.504033,0.21329027,0.015754662,0.43248752,0.021335602,0.02456286,0.22382824,0.37382004,0.51125646,0.0015904268,0.016726388,0.1955293,0.0090922,0.035044618,0.035665795,0.00052184216,0.11011606,0.29783455,0.021873595,0.005618806,0.086515345,0.013031861,0.033176243
3028,0.08400766,0.03221932,0.0018207463,0.032791264,0.36499706,0.33269528,0.01192275,0.62259376,0.01647733,0.029399665,0.030019509,0.014430359,0.062739626,0.0025709844,0.005606298,0.11686036,0.0003169182,0.17409237,0.027896617,0.0073236763,0.0026646145,0.34422642,0.010740436,0.023362229
3030,0.092385255,0.111628436,0.020263178,0.063989535,0.40811875,0.09553588,0.07956543,0.5269706,0.07480438,0.058003962,0.0055181324,0.051181056,0.026090775,0.0154221775,0.019560363,0.035453636,0.001068058,0.16636348,0.041380193,0.024741504,0.018870441,0.11151479,0.038083743,0.050756566
3036,0.01327676,0.024490759,0.0037285024,0.04551022,0.5352614,0.061126847,0.018993668,0.6445879,0.03997346,0.03140662,0.0052512796,0.0155599285,0.010151938,0.0235078,0.027536795,0.02013618,0.00037942565,0.36777398,0.008630348,0.0090724025,0.009583416,0.057889216,0.008903651,0.015642326
3040,0.09035492,0.24926837,0.08621583,0.010020508,0.4662974,0.02859763,0.011234939,0.26407835,0.28783292,0.50588584,0.006499843,0.008490359,0.38162482,0.009375762,0.07887616,0.116844855,0.00053336605,0.24446236,0.31189492,0.017939977,0.003549123,0.1308914,0.008111366,0.022359008
3041,0.025164912,0.031919245,0.00400873,0.04744995,0.48070577,0.09760423,0.023508588,0.6360334,0.03593682,0.031690847,0.007557799,0.020042319,0.015103986,0.014651018,0.018841008,0.031394072,0.00044884454,0.28835276,0.012877208,0.010444693,0.008896732,0.09457885,0.01286829,0.021412054
3042,0.9464403,0.41172427,0.002468494,0.01652517,0.11575316,0.66256624,0.010472595,0.36308202,0.012263765,0.016246542,0.029700406,0.04544027,0.025590751,0.00071263657,0.0016683325,0.12246267,0.0010934793,0.031656474,0.20479596,0.0019085575,0.005113999,0.8525659,0.17209819,0.066990115
3051,0.14790198,0.013907884,0.00014667862,0.011026594,0.2012296,0.77462435,0.0010723098,0.60754776,0.0020618015,0.017819112,0.21609111,0.0018374835,0.18754338,0.00013449373,0.0007185425,0.47721627,5.868202e-05,0.121565424,0.035175063,0.00079578825,0.00011301346,0.817678,0.001443558,0.0045460486
3052,0.08784461,0.13097182,0.028417254,0.008579593,0.37700745,0.04707676,0.0042916825,0.2609262,0.093010426,0.3479563,0.005022361,0.0028305398,0.5924886,0.0016848622,0.010642074,0.10116889,9.834527e-05,0.11176587,0.2739864,0.008852633,0.00046919673,0.18703333,0.001341443,0.009539361
3054,0.039720036,0.079228975,0.032421548,0.16250928,0.3953356,0.019307328,0.34537768,0.47253245,0.09504449,0.026390491,0.0012110941,0.07719518,0.0025541468,0.17283401,0.06458253,0.0046183625,0.0018953129,0.17662248,0.013436739,0.028236113,0.15109701,0.015818384,0.0372039,0.038761713
3056,0.057875603,0.04018443,0.0037258763,0.036036726,0.41472474,0.19822541,0.015424408,0.59927976,0.02861314,0.042244654,0.016512277,0.015732538,0.057940297,0.004533546,0.009152338,0.081309155,0.00036192237,0.20003557,0.029402874,0.010198066,0.0037649903,0.22478889,0.01036203,0.023600837
3062,0.28485575,0.5521138,0.13290933,0.058692858,0.5025518,0.05227044,0.07689348,0.4239026,0.43425158,0.39396182,0.009188868,0.09009652,0.01986412,0.050767012,0.09439023,0.044033024,0.006842766,0.24327403,0.124654554,0.0230831,0.20039023,0.09297967,0.18158905,0.15047276
3067,0.15180406,0.0367396,0.0016969579,0.014278631,0.26729274,0.3681697,0.0040053064,0.46327394,0.011429676,0.049136423,0.031296324,0.0039913985,0.3073272,0.00050479715,0.002044124,0.21628995,8.6976484e-05,0.0835302,0.08881096,0.0036726259,0.00041371083,0.5259217,0.0021879515,0.01207875
3072,0.35994077,0.058784097,0.0014092757,0.02142602,0.22056508,0.55187166,0.009463428,0.50449157,0.008638357,0.025427379,0.040253814,0.011148062,0.13357234,0.0005296261,0.001514498,0.19032128,0.00020187903,0.063128576,0.081265986,0.0040444285,0.0010246958,0.6322547,0.009481452,0.026004083
3073,0.020100813,0.061708212,0.01851453,0.025947645,0.5560105,0.040802907,0.0102318805,0.50403583,0.12061434,0.16718245,0.0049515744,0.008792883,0.096023776,0.012109972,0.031914406,0.044606004,0.00022689339,0.31545058,0.037686966,0.0130241895,0.0033323378,0.079999134,0.004070919,0.013901059
3081,0.009078789,0.09275151,0.07064261,0.02563586,0.66567886,0.0069448138,0.0155837145,0.40963224,0.31339228,0.31318906,0.0011219013,0.007532819,0.048301764,0.055272654,0.11680435,0.011384501,0.00023315677,0.43045166,0.030672207,0.01741872,0.006932723,0.016866913,0.0024386854,0.0096082585
3083,0.10585825,0.08830814,0.00828101,0.077160016,0.34623525,0.13315125,0.08646439,0.6120403,0.039985128,0.024898,0.0068838685,0.07711223,0.010272394,0.014045991,0.014162215,0.031194028,0.0011168198,0.16550559,0.022317654,0.016588697,0.025033724,0.13322176,0.083365194,0.057898067
3086,0.00852591,0.012914349,0.0015220086,0.028968353,0.5497716,0.08646462,0.0059919865,0.6779803,0.025063802,0.031508725,0.010780513,0.0065670945,0.023945838,0.009644518,0.017837632,0.03984643,0.00018234472,0.4312471,0.008143128,0.0060094576,0.0028156722,0.09424088,0.003493421,0.008457147
3093,0.0031716828,0.012643637,0.0029951353,0.044817317,0.6342225,0.017758468,0.015524893,0.65020907,0.045846675,0.024005251,0.0018741579,0.00941499,0.002750541,0.07593156,0.062482838,0.0055459733,0.00024564992,0.54700005,0.0029901555,0.0056404406,0.014490071,0.014698198,0.0041042925,0.007192211
3097,0.15050228,0.02939709,0.0010101824,0.024046322,0.29442447,0.4946465,0.0073686573,0.5885701,0.009210387,0.024886077,0.049875718,0.009349196,0.11079448,0.00093101664,0.0025968864,0.1817416,0.00019660154,0.11905328,0.03979972,0.0046535875,0.0011318345,0.52536917,0.006970856,0.019504197
3099,0.586445,0.07843644,0.0010143226,0.016789801,0.1620722,0.6396836,0.007571714,0.45042527,0.005781713,0.018710058,0.037894715,0.0094418675,0.12078755,0.00023300319,0.00072985666,0.19424544,0.00012979744,0.036548432,0.10737026,0.0022716331,0.0006379776,0.7482784,0.009434582,0.024204805
3104,0.050618965,0.011400871,0.000469063,0.013335176,0.32841066,0.418439,0.0017397377,0.5906069,0.006593299,0.030218465,0.063405156,0.0022759493,0.24263564,0.0004705987,0.0021702098,0.24070305,5.029659e-05,0.16566892,0.031216245,0.0026081165,0.00024353291,0.52166104,0.0011999409,0.006215814
3108,0.7105872,0.46095106,0.014152427,0.0046935785,0.12739079,0.08197424,0.0036659683,0.16789491,0.037522495,0.15376708,0.0022906892,0.004757823,0.32376134,0.00028114754,0.002193723,0.08498476,0.000106814805,0.020795139,0.5860607,0.001763714,0.0005390971,0.4604381,0.008353175,0.01573389
3112,0.04384249,0.11574103,0.035830576,0.03707431,0.61319315,0.048065607,0.025961468,0.4295583,0.23047373,0.25666133,0.017807016,0.018807145,0.039926615,0.04645423,0.11597293,0.068741456,0.0013909182,0.40954292,0.05268871,0.01496862,0.043054618,0.078719355,0.015384788,0.04747983
3116,0.59887326,0.08610309,0.0011194678,0.02032324,0.16915318,0.6473791,0.010230403,0.47785544,0.0063154087,0.017223313,0.039968356,0.0139074,0.094368786,0.00030719695,0.0008661451,0.1793093,0.00019311243,0.040524796,0.09893537,0.0028789712,0.0009920156,0.73519254,0.015376246,0.031312335
3117,0.024085317,0.055404186,0.024323216,0.18634094,0.40323043,0.011513201,0.38976443,0.48436642,0.08255709,0.017237637,0.00073665,0.068994835,0.0009963689,0.28796834,0.08302984,0.0022704569,0.0017111304,0.20465374,0.007157745,0.021282472,0.22079909,0.008139686,0.030247312,0.029224677
3119,0.11831463,0.1528192,0.017609434,0.13164143,0.29092854,0.051379975,0.17920156,0.6236733,0.06251896,0.02000699,0.0025975078,0.21407846,0.0027205779,0.043094154,0.028493065,0.009831694,0.002063632,0.1783015,0.0149263805,0.020990228,0.0961861,0.057914775,0.30454987,0.08003944
3124,0.041043513,0.078391016,0.027671756,0.18865167,0.35832793,0.015608458,0.41072708,0.4887146,0.08396084,0.018067684,0.0008539183,0.09513462,0.0012445707,0.21685545,0.06567353,0.0030466008,0.0019490201,0.16611418,0.009543908,0.023516783,0.22125776,0.01224878,0.05092044,0.039231937
3134,0.4644765,0.62777805,0.108682066,0.03241184,0.26873046,0.026712483,0.045317136,0.35601285,0.22739431,0.17793074,0.0009896816,0.09611832,0.026076622,0.010014965,0.018269047,0.019277755,0.0013649124,0.0840784,0.17246109,0.014405052,0.025241045,0.10858347,0.21864574,0.081973776
3137,0.20627135,0.22014007,0.030198501,0.006233007,0.28602386,0.050983667,0.0042309803,0.19956483,0.078524165,0.33530313,0.0035477958,0.0028287517,0.5930253,0.0009769171,0.006654911,0.09713611,9.3436574e-05,0.06228055,0.4166786,0.0057225856,0.00041665943,0.23964885,0.001817124,0.011117845
3138,0.17158434,0.07541183,0.0054264623,0.037581123,0.33019367,0.2999727,0.024109367,0.5379418,0.028088238,0.04675045,0.021322487,0.023564374,0.09270386,0.0029077416,0.0061851265,0.11570045,0.00055967754,0.120021135,0.06500441,0.01216872,0.004169318,0.35187906,0.018044723,0.03894332
3141,0.1481918,0.012090745,0.00012401138,0.0059508667,0.2116307,0.6654159,0.0012226502,0.52741027,0.0025074508,0.014823925,0.12320892,0.0012365705,0.13548882,9.186722e-05,0.00082348334,0.37816203,3.06113e-05,0.08403493,0.023832554,0.00052057457,0.00014061198,0.7748058,0.001276471,0.0043766457
3144,0.030562567,0.08383273,0.006942332,0.11055341,0.46106035,0.07453675,0.08565122,0.714147,0.053604405,0.031022688,0.008966577,0.086256355,0.0014384526,0.10873055,0.07740654,0.016679704,0.0049065254,0.50490296,0.008941068,0.009591638,0.11216529,0.04911587,0.08530086,0.035939287
3147,0.26101503,0.023008853,0.00039144294,0.015235603,0.21154843,0.6608379,0.0037037851,0.5462813,0.0036754974,0.01563807,0.06946822,0.004652559,0.15478186,0.00022995334,0.0008289203,0.2474168,7.601326e-05,0.068101384,0.047877394,0.0020548168,0.0003267459,0.7118372,0.0034724867,0.012302541
3152,0.041451495,0.020868693,0.001817387,0.013233096,0.37582117,0.21279389,0.0022539522,0.502578,0.01702549,0.07415728,0.029359633,0.0023079242,0.3866287,0.000817202,0.004132186,0.19573699,6.397228e-05,0.17139022,0.061156552,0.0047345124,0.00030921592,0.3700281,0.0009610462,0.0065144887
3155,0.0586947,0.01567933,0.0008315836,0.007638797,0.28552082,0.29894802,0.0010308287,0.4540452,0.008039657,0.05797271,0.03827559,0.0010404602,0.54279673,0.00023281999,0.0016567433,0.2850483,2.4326373e-05,0.10816814,0.07752295,0.0021514464,9.050805e-05,0.5339076,0.00043141714,0.0041193357
3157,0.0073722117,0.024115194,0.0053952965,0.041595675,0.5991442,0.03016776,0.016117422,0.61854446,0.060619786,0.04299968,0.0030127014,0.012077988,0.008211072,0.04200256,0.047120377,0.012181062,0.00031450545,0.44921526,0.0072172633,0.008273874,0.010933128,0.030811826,0.0059368615,0.011694873
3162,0.18004507,0.22687632,0.018884841,0.13361363,0.2525958,0.049258787,0.14916901,0.65213907,0.06253147,0.019391371,0.002427109,0.3227361,0.0023012091,0.03335365,0.023940153,0.008978358,0.0025181656,0.17135124,0.017471027,0.020208402,0.113070205,0.06720519,0.54410565,0.10504041
3167,0.15970719,0.096805304,0.0070778225,0.0035476107,0.22069164,0.08450471,0.0013993104,0.20765677,0.02545858,0.21363448,0.006247437,0.0009653788,0.7533996,0.00026793996,0.0027743299,0.1708976,3.030273e-05,0.05067416,0.38712797,0.002392968,9.079305e-05,0.3880031,0.00062635593,0.0053934595
3170,0.019484753,0.023187185,0.0025673038,0.03628531,0.4977807,0.11312981,0.011613465,0.65085685,0.029455537,0.034033775,0.010731456,0.011938005,0.024686601,0.009296757,0.015536892,0.04362842,0.00028882606,0.32101622,0.012508945,0.008208539,0.004495611,0.11879809,0.007199603,0.015070067
3171,0.10675449,0.23518205,0.08526502,0.039321803,0.4646177,0.03921721,0.052423224,0.38694602,0.20892695,0.21628354,0.0029671397,0.031795505,0.07350328,0.01763635,0.03678318,0.032627437,0.000900164,0.17580391,0.10110675,0.032476947,0.012394968,0.08239671,0.022283437,0.04201313
3173,0.00204463,0.009035594,0.0021085003,0.03806988,0.660136,0.015438173,0.010558976,0.66640544,0.039947797,0.022001361,0.001877043,0.0066846516,0.0026319595,0.07040666,0.06287122,0.0052611968,0.0001773869,0.606231,0.0023359125,0.0045598196,0.010725131,0.012974557,0.0027674471,0.0052267197
3174,0.73036194,0.21566312,0.0032397995,0.025313787,0.15680179,0.4988839,0.018123655,0.4457384,0.013056306,0.024010364,0.019812312,0.03358436,0.06637214,0.00053809327,0.0013243287,0.12210482,0.00044959888,0.03552511,0.15745793,0.0042212578,0.0027681985,0.6684327,0.05471547,0.059123013
3175,0.36573833,0.14650083,0.0065708593,0.047403753,0.26100627,0.33783188,0.04021557,0.54093266,0.027649358,0.03439544,0.018969072,0.059677668,0.047146536,0.0030395947,0.005445046,0.090870686,0.0010424699,0.09452528,0.07562214,0.012125846,0.008534717,0.40940398,0.082529366,0.07319132
3177,0.0012482016,0.0068250764,0.0017646914,0.03083426,0.69186723,0.012137064,0.0070229066,0.67242527,0.039535027,0.023520436,0.0017827147,0.004504165,0.0028388982,0.06699085,0.06823704,0.005034666,0.00012307319,0.6691939,0.0019850773,0.0037678243,0.00764455,0.0108627435,0.0017095576,0.003725245
3178,0.084659755,0.01762184,0.00065692025,0.006489191,0.23930916,0.33532083,0.00085394224,0.43346104,0.006472633,0.05075915,0.037883483,0.00094525516,0.5118296,0.0001618849,0.001229731,0.2964941,1.899248e-05,0.08440822,0.0806347,0.0013324021,7.429888e-05,0.59644103,0.00047760754,0.003958142
3179,0.2040708,0.049862918,0.0021684333,0.024136435,0.27889967,0.42685974,0.010112306,0.520614,0.013529455,0.037026387,0.03472106,0.010594374,0.16283341,0.0009598,0.0027304294,0.17936747,0.00024117898,0.09169487,0.07359543,0.0062227105,0.0012886145,0.50836766,0.007208505,0.023665158
3186,0.0030292433,0.009003623,0.0015758225,0.02875028,0.63235533,0.0344715,0.0057438635,0.6822754,0.031555798,0.028803963,0.0048125237,0.0051920135,0.009503849,0.024464825,0.035713244,0.015829299,0.00015407648,0.5728494,0.0041404907,0.004905315,0.004160912,0.034828663,0.002344166,0.005507547
3191,0.025606606,0.047117017,0.01642866,0.1776032,0.38981977,0.017096307,0.34342107,0.5181879,0.06404789,0.014515144,0.0010883175,0.070976354,0.0010650798,0.23212607,0.06980765,0.0029701276,0.0016078056,0.20921354,0.0065693255,0.01902163,0.18510728,0.011309985,0.035319764,0.030553665
3192,0.4264284,0.030401181,0.00033823377,0.014978205,0.17247169,0.7360206,0.004322015,0.5268786,0.0028805854,0.011557464,0.06811304,0.0055755456,0.12048375,0.00015222901,0.0005274226,0.24342161,7.45974e-05,0.04724025,0.054016378,0.0016361106,0.0003139958,0.7819046,0.0048905294,0.014420006
3198,0.0020493963,0.015646676,0.002483831,0.026417643,0.7008502,0.010789279,0.005018369,0.63644326,0.060909797,0.052905,0.003948339,0.004660426,0.0028751765,0.04616622,0.07797221,0.00645055,0.00025437947,0.66299117,0.0028189768,0.002900702,0.025644777,0.011558777,0.0037132527,0.006362183
3200,0.31710833,0.29546884,0.014924314,0.102802575,0.21016996,0.08026734,0.09731417,0.6557374,0.04945424,0.020378236,0.0036501116,0.32387555,0.00422936,0.013324338,0.012895144,0.015873924,0.002352832,0.13205907,0.029309943,0.01625595,0.06982957,0.1346351,0.62856305,0.12616378
3211,0.040647347,0.0627965,0.013936923,0.007855045,0.40572307,0.050155547,0.002364326,0.31310618,0.066401556,0.3053916,0.007489167,0.0016718432,0.6625635,0.0013642014,0.010043813,0.13058214,6.357322e-05,0.15718725,0.19155721,0.007406102,0.0002536502,0.19807106,0.0006694392,0.005528061
3216,0.0386788,0.020525288,0.00075800344,0.0050391355,0.28246433,0.19214949,0.00065895467,0.46559262,0.010087001,0.08085511,0.043521445,0.0009795116,0.54890037,0.00025993452,0.003794654,0.4021877,3.6879916e-05,0.1901035,0.08970197,0.0011439659,0.00012336964,0.54834414,0.0007156102,0.0035180766
3220,0.094373286,0.028431172,0.0013705121,0.027887044,0.34503263,0.38966298,0.008640141,0.61301804,0.013162556,0.028911483,0.038637426,0.010838822,0.08701005,0.001685054,0.004248634,0.14577526,0.00024034685,0.159153,0.03127617,0.0060035847,0.0016995545,0.41223377,0.007767975,0.01993369
3223,0.17845924,0.48661485,0.24863523,0.04730387,0.46641934,0.014626304,0.09366268,0.31191552,0.4228807,0.30142015,0.0009919482,0.062406085,0.025524572,0.04341167,0.068186246,0.01240347,0.001451342,0.15857044,0.11118811,0.03766098,0.038255785,0.039100442,0.056442033,0.058045175
3224,0.003984728,0.040934812,0.025405804,0.04239373,0.6738466,0.005611191,0.024697362,0.50148445,0.17426108,0.0966495,0.0006806219,0.010306764,0.0063748895,0.13819504,0.12832353,0.0041014543,0.0002980036,0.50684047,0.008870914,0.010282284,0.019767316,0.007621755,0.0032679539,0.008364669
3225,0.009793166,0.019217463,0.0028343822,0.03474866,0.5607699,0.06280133,0.009866878,0.65134925,0.03758757,0.03745491,0.0067099966,0.009573699,0.016619077,0.016684342,0.025340777,0.026686346,0.0002551718,0.41499114,0.008731386,0.007448302,0.0051815296,0.06706748,0.0051558926,0.011151999
3227,0.8035922,0.10967369,0.0006693965,0.01563642,0.11668279,0.73160154,0.0077907615,0.4193075,0.0037410872,0.010237277,0.035343092,0.01164014,0.06860723,0.000115347844,0.00035765232,0.17430478,0.00011764146,0.021232331,0.11762218,0.0014313129,0.00059816515,0.8335442,0.016073467,0.028069668
3228,0.008229402,0.0111664,0.0011964929,0.027185854,0.5415411,0.09862331,0.0050529814,0.6886444,0.021231642,0.029092116,0.012924486,0.005779003,0.027146,0.007713956,0.015319189,0.046605125,0.0001584447,0.432885,0.0078916075,0.0054871812,0.0022436513,0.10827613,0.0030771552,0.007706204
3230,0.4454758,0.2741714,0.016261999,0.008266252,0.21145307,0.098842874,0.0064700674,0.23252867,0.043208998,0.16651487,0.004524798,0.0057940306,0.3973233,0.0006837512,0.003806991,0.09761608,0.00018083025,0.04374792,0.44263136,0.005274895,0.00073413696,0.37338915,0.005915271,0.018795962
3236,0.025940875,0.025228044,0.003332829,0.014265141,0.43798804,0.12458545,0.002480799,0.5123814,0.031944178,0.10984294,0.018444153,0.002667524,0.32860127,0.0016057639,0.007631156,0.15215215,7.811894e-05,0.23214374,0.051957782,0.0056116674,0.00045577143,0.2582345,0.0011457881,0.0065336106
3237,0.034373652,0.021751685,0.0019929789,0.015431927,0.40178612,0.19526824,0.0025781612,0.54567647,0.021032518,0.07288942,0.02641416,0.0030612797,0.27049163,0.0012723024,0.005454249,0.17257631,8.1897466e-05,0.20832981,0.043535545,0.0046432405,0.0004775342,0.33003557,0.0014612373,0.007462102
3239,0.078541756,0.056050953,0.0064753816,0.017916318,0.37831748,0.15969594,0.006089066,0.45161697,0.038344923,0.11288675,0.015434607,0.0057499497,0.29481533,0.0017905367,0.0070508667,0.13490203,0.00014869563,0.14248691,0.09186337,0.008096241,0.0009315898,0.2933177,0.002946656,0.014545829
3241,0.060784176,0.1105824,0.0129888775,0.088292554,0.49537063,0.091893025,0.04796643,0.6208166,0.101043634,0.06452383,0.019295584,0.04371045,0.005198692,0.07254875,0.07281414,0.022955688,0.0037483699,0.40138578,0.009907246,0.012440276,0.08099653,0.08383145,0.06487224,0.054039884
3242,0.2973689,0.036524445,0.00041448793,0.020459503,0.28510734,0.7851155,0.0088220835,0.560984,0.0067508603,0.016470624,0.11126054,0.0122463545,0.026030412,0.00088771613,0.0035317389,0.22806755,0.00019595084,0.12370426,0.026610423,0.0018759908,0.0022817682,0.73935187,0.008545442,0.017966082
3243,0.035173517,0.057192918,0.018139182,0.16635993,0.37646434,0.024573356,0.321461,0.5201167,0.06551276,0.017329343,0.0015122715,0.07842705,0.0018202602,0.16254349,0.05655834,0.0047274176,0.0016891594,0.18848312,0.009319464,0.021891546,0.14660287,0.017685056,0.042073388,0.036542714
3249,0.02104361,0.03917618,0.010227898,0.09536616,0.4673161,0.03624891,0.10705139,0.56906974,0.05796706,0.024815394,0.0025611403,0.038987566,0.0039732507,0.08085079,0.046353493,0.008709782,0.00090913614,0.27135926,0.009278124,0.015712673,0.04627101,0.027976818,0.020440647,0.025718233
3253,0.5826068,0.33053213,0.014097539,0.035867423,0.20974644,0.2171588,0.034074508,0.4524764,0.04151589,0.05105857,0.0077741784,0.07107859,0.05260853,0.0020730689,0.004282608,0.068367034,0.0010989167,0.05984836,0.16340934,0.010486988,0.0087207155,0.3978492,0.13155587,0.088240504
3259,0.062203348,0.10488163,0.031537384,0.17462508,0.34300533,0.02142429,0.3664945,0.488175,0.08887005,0.022494124,0.0011608176,0.113652274,0.0021528883,0.14689869,0.053308602,0.004623683,0.0020629773,0.15026185,0.0140212495,0.02693296,0.17646313,0.019324023,0.07247095,0.049050696
3266,0.67044514,0.47384518,0.01573394,0.0032096682,0.12941219,0.054722007,0.0024611428,0.13435894,0.041854713,0.20391671,0.001762071,0.0029224146,0.44009396,0.00021314956,0.0023497168,0.079769574,7.445591e-05,0.019805932,0.67303693,0.0015888263,0.00033826937,0.41308498,0.0047640023,0.011001926
3267,0.004706256,0.015227477,0.003150659,0.042530473,0.6140275,0.026661593,0.014442014,0.65023124,0.044573016,0.028069675,0.002726219,0.010158101,0.0047132615,0.050017703,0.048681978,0.008905367,0.00027236462,0.5032941,0.0043025,0.006575219,0.011306546,0.023597991,0.004773181,0.008842535
3270,0.0042891237,0.017780496,0.002876463,0.037866976,0.6345358,0.030037653,0.011341321,0.68845236,0.047379352,0.037575874,0.006729978,0.01082731,0.0035489576,0.047040988,0.059262305,0.012333485,0.0004140208,0.62385213,0.0044892663,0.0048119305,0.019974,0.02453709,0.006998902,0.009312124
3271,0.16756809,0.11768289,0.008369278,0.0031556527,0.21423605,0.06488991,0.0012498929,0.18606466,0.030103693,0.24772441,0.0051611755,0.0008989863,0.7527498,0.00028754052,0.0033328147,0.15188594,2.916646e-05,0.049892128,0.42178264,0.0020706602,9.8486606e-05,0.35516506,0.0006561856,0.004998828
3273,0.0015362634,0.008205229,0.0021558988,0.03627625,0.67957014,0.011558826,0.009782039,0.66164976,0.043046933,0.022422303,0.0015234018,0.005834081,0.0022251676,0.08370597,0.07318982,0.004227978,0.00015241564,0.63959765,0.0020136444,0.0041390695,0.010936853,0.009878923,0.0022751647,0.0044249883
3276,0.46272314,0.16361694,0.0054580267,0.041463267,0.23143892,0.38539544,0.03323736,0.5257684,0.023143606,0.0314354,0.02034087,0.055823114,0.04989935,0.002073476,0.0039903186,0.09910738,0.00090700685,0.078060396,0.088338025,0.009432346,0.006747657,0.48166946,0.08522231,0.07359246
3285,0.011426977,0.0404936,0.004011278,0.044211745,0.54354405,0.04770208,0.014737349,0.7365241,0.048623294,0.04858292,0.00598056,0.02297232,0.0068598813,0.044721875,0.05660812,0.017838852,0.0011734673,0.5558355,0.010082041,0.0064904667,0.030239118,0.04571848,0.021561196,0.013459958
3291,0.05674634,0.0702382,0.011118447,0.07684078,0.40803003,0.08332123,0.09221334,0.58543026,0.054462537,0.03174709,0.0045449915,0.055337258,0.009029806,0.02511342,0.022790508,0.0219422,0.0009877925,0.20245172,0.018521383,0.01818265,0.027471581,0.07774852,0.042661496,0.04317666
3292,0.1627013,0.045044653,0.0020031533,0.03063354,0.3120398,0.41541868,0.013012771,0.57803243,0.014897026,0.031011174,0.035738453,0.015775,0.08785784,0.0016936329,0.004021831,0.14374846,0.00034841336,0.1247763,0.045460247,0.0070671868,0.0022964973,0.44665506,0.012860555,0.028782774
3294,0.014366851,0.04045786,0.009238833,0.04773434,0.55566704,0.03860245,0.026363032,0.5904478,0.07554937,0.05288841,0.0031571712,0.01858123,0.01061593,0.03714182,0.041956622,0.01518484,0.00041089102,0.35956118,0.011536379,0.011054928,0.014173966,0.040704843,0.010203964,0.018345889
3300,0.46367997,0.065325536,0.0011088252,0.022137584,0.19837245,0.62310445,0.010287206,0.513462,0.007004011,0.018989349,0.04480188,0.0136486655,0.09714683,0.00044178276,0.0012041011,0.18349594,0.00021452496,0.05537018,0.07635383,0.0034503557,0.0011114896,0.68700856,0.013950449,0.029963756
3302,0.019657996,0.08510867,0.034333643,0.030632468,0.5796458,0.025732663,0.017189447,0.47954324,0.17856021,0.19347559,0.0029171798,0.012142468,0.06058005,0.0234517,0.050501954,0.027476814,0.00030758732,0.33104822,0.036455203,0.016405633,0.006342121,0.05027649,0.0056549273,0.016552895
3304,0.4975618,0.16274199,0.005757959,0.008417405,0.17679565,0.26384887,0.005079078,0.2724916,0.019510498,0.0914201,0.010116416,0.0043059494,0.37735814,0.0002918766,0.0015483636,0.16834684,8.192074e-05,0.03063148,0.30856213,0.0026482644,0.00037339304,0.57614696,0.0033686399,0.01759982
3310,0.0049486407,0.045676336,0.009322189,0.057624154,0.55746055,0.0091543505,0.02592473,0.6863258,0.09330148,0.05114139,0.0022701651,0.025654286,0.0017269013,0.103914976,0.124838635,0.0056258948,0.0007570517,0.674805,0.005907966,0.0061915284,0.06742265,0.010435082,0.02381099,0.010987464
3311,0.015294983,0.036676727,0.015492029,0.17374386,0.4329329,0.010244595,0.31595778,0.5065615,0.068378106,0.014249687,0.0007535575,0.052113697,0.0007226333,0.32656837,0.091674276,0.0018358146,0.0013211332,0.25135782,0.0047266255,0.015730198,0.20189919,0.0065564765,0.022208726,0.022255022
3321,0.14755128,0.016309094,0.00037311617,0.016374575,0.2541081,0.6105098,0.003280671,0.5911896,0.0042487653,0.017090946,0.07540199,0.0042387364,0.15296982,0.0003390404,0.0012162895,0.24615629,7.582489e-05,0.10018016,0.034281455,0.0023664583,0.00036473837,0.64751923,0.0028607668,0.01066937
3323,0.24092408,0.18322478,0.013651531,0.004850646,0.22516716,0.06885981,0.0025733563,0.20873943,0.043538567,0.25356323,0.004873109,0.0020263414,0.6277516,0.00050252513,0.0042383014,0.13160804,6.577777e-05,0.05266637,0.43676937,0.0031603347,0.00025393115,0.34361297,0.0016760811,0.008567916
3324,0.08423317,0.4366345,0.36172318,0.029644419,0.58025074,0.010174743,0.055464894,0.26917678,0.5784626,0.55426955,0.0011164603,0.024184812,0.07047314,0.043752957,0.11122702,0.01734628,0.00077394344,0.21136054,0.12878494,0.039189365,0.019153386,0.030420184,0.013186343,0.033777833
3327,0.39215916,0.025072426,0.0002738626,0.013655164,0.17220691,0.744588,0.003485921,0.5310521,0.002508454,0.011093661,0.07397605,0.004455863,0.13352868,0.00012676604,0.0004731076,0.25870258,5.9487105e-05,0.0480963,0.05005655,0.0014540493,0.00023656961,0.78998667,0.0037464227,0.012036705
3330,0.23881844,0.0662011,0.0028401779,0.03256165,0.2862321,0.42383587,0.017711086,0.5473689,0.01685357,0.033510398,0.032102324,0.020601604,0.093456835,0.0016412615,0.00377834,0.14280786,0.0004496522,0.10120875,0.063921645,0.008167809,0.0028320665,0.47220403,0.018088374,0.037158947
3331,0.123688646,0.4339422,0.28518832,0.038866375,0.5289384,0.0145589495,0.07252687,0.29351124,0.4754008,0.41783074,0.0013412839,0.034211818,0.05256553,0.041749325,0.087064914,0.016997365,0.0011575067,0.18836112,0.12976739,0.044972867,0.02341439,0.0399845,0.02241826,0.043585792
3335,0.06829559,0.22665818,0.116770945,0.025133478,0.5290761,0.025584089,0.025457231,0.3310299,0.28767323,0.38397086,0.0030240575,0.013967454,0.16761301,0.015431048,0.049248762,0.03862653,0.0005058133,0.20837629,0.13172415,0.030223956,0.005781042,0.07091515,0.0072465376,0.025124561
3342,0.0016965928,0.012854171,0.0033352135,0.019497225,0.67823887,0.012942688,0.006082104,0.6359297,0.06616292,0.097125776,0.011267014,0.0050115515,0.016545812,0.034285117,0.097593784,0.026750019,0.00038487997,0.698097,0.009225194,0.0042049983,0.015363415,0.018451452,0.0038951798,0.006446902
3343,0.035852794,0.015246188,0.00041891882,0.026594562,0.3246955,0.51878846,0.002841152,0.79761076,0.00553183,0.020443285,0.10631767,0.008625014,0.06994415,0.000993608,0.004720486,0.23114055,0.00036519623,0.31244847,0.013263498,0.0026460404,0.000934565,0.5122566,0.011703584,0.010274024
3345,0.0038712532,0.019060258,0.0021607783,0.029686276,0.5838404,0.013205182,0.0063283644,0.6781568,0.05006331,0.03764495,0.0035962667,0.006121534,0.0021550087,0.032003734,0.050489724,0.0065109804,0.00028358225,0.59508204,0.0028711658,0.002323242,0.020636683,0.016162287,0.00809636,0.005660502
3348,0.019448485,0.06277641,0.033973224,0.19038324,0.42538196,0.0053620497,0.42143628,0.44100463,0.110627845,0.019717282,0.00035767903,0.059406277,0.0005915739,0.4190147,0.11200478,0.0011751988,0.001616098,0.2135646,0.006245164,0.018318007,0.30039382,0.004159681,0.023699874,0.024298724
3354,0.14812773,0.078114666,0.0058780313,0.049710818,0.34513324,0.25337505,0.037720323,0.5760088,0.031097118,0.036612105,0.016518964,0.0390525,0.041149795,0.005205641,0.008560544,0.07698338,0.00079096266,0.1435766,0.042463172,0.013860604,0.008342186,0.27121285,0.03674349,0.048642583
3356,0.030287873,0.049524333,0.009940214,0.08002178,0.45176056,0.05435326,0.08808637,0.5898297,0.05621899,0.02843519,0.003261175,0.04359193,0.0056977575,0.043749034,0.033150062,0.01371604,0.00086496415,0.2537318,0.012020777,0.016051235,0.032081813,0.045822963,0.027656399,0.031397153
3361,0.0066874125,0.04267191,0.002412943,0.04293464,0.5308266,0.035009366,0.011229133,0.7960038,0.033874266,0.040541418,0.0052758013,0.0272532,0.0021016272,0.03229186,0.038615998,0.014870655,0.00093394803,0.63726854,0.0054503987,0.0034890962,0.021586489,0.032280874,0.03615481,0.011093248
3363,0.52386224,0.2474932,0.01113322,0.029841112,0.23199257,0.2763898,0.027300244,0.4278648,0.036621142,0.060295004,0.011758606,0.038277153,0.09568286,0.0017573074,0.004097482,0.09609858,0.0007804001,0.060046487,0.17780557,0.009964478,0.0051300824,0.446416,0.05071073,0.066357516
3368,0.0032344915,0.010498723,0.001971283,0.031033127,0.63909817,0.030456617,0.007089927,0.6722298,0.03683328,0.029395612,0.0039546313,0.006099814,0.0075363345,0.032394942,0.041767392,0.013010076,0.00018509917,0.5694278,0.0041050296,0.005175143,0.0058116475,0.029565224,0.0028130396,0.0061365445
3373,0.07920772,0.09464765,0.016274521,0.16854064,0.30677402,0.038966525,0.28632602,0.56294596,0.05661712,0.015640771,0.0022812048,0.14792576,0.0022207836,0.08924048,0.037707828,0.006878869,0.0019724718,0.15880303,0.012125344,0.021947922,0.14161788,0.0343834,0.13884424,0.05889243
3374,0.0041832426,0.010832945,0.0017633488,0.032454215,0.6133679,0.04007951,0.0074750073,0.678668,0.031625364,0.027450485,0.004925329,0.0066382154,0.008896196,0.024898812,0.03339597,0.016081508,0.00019239272,0.52917683,0.004595241,0.0056014056,0.005143253,0.038639523,0.0031635133,0.0069006574
3376,0.016170766,0.014433275,0.0012337563,0.027122065,0.48542115,0.15837628,0.0054301308,0.677486,0.018781276,0.03029916,0.018806618,0.006739602,0.042217344,0.0045549045,0.010137759,0.07245148,0.00016687621,0.3394245,0.011611987,0.005686633,0.0019162092,0.17693713,0.0039442223,0.009979679
3380,0.0010569415,0.013100945,0.0019754819,0.017621417,0.7157136,0.0029563652,0.0051008593,0.63654304,0.066612326,0.031912412,0.00060088275,0.0037620384,0.00039221955,0.057120074,0.068555385,0.0011877494,6.2847896e-05,0.6497667,0.0007977225,0.0012209731,0.020511128,0.0029435237,0.0029764941,0.0030427738
3384,0.11018831,0.118063,0.018446181,0.07312481,0.37688345,0.10487456,0.09734532,0.5461427,0.06634609,0.045620926,0.005562856,0.06866637,0.019535257,0.015721282,0.017885068,0.033880875,0.0012739326,0.15620987,0.037606116,0.024426155,0.023959655,0.11841292,0.059089214,0.05903515
3385,0.01943404,0.08735845,0.013950592,0.07452762,0.54536563,0.015097516,0.058260363,0.56252575,0.1123853,0.05734218,0.0018009293,0.029289933,0.0010059174,0.111632325,0.090821475,0.0035764328,0.0015560345,0.37905514,0.006505862,0.007143813,0.18475929,0.0127510205,0.028264225,0.035573278
3389,0.21896467,0.26216576,0.04198866,0.007169302,0.3027044,0.045615043,0.0055737696,0.20134577,0.10250241,0.36434636,0.0031739497,0.0037632608,0.5331619,0.0013466503,0.00840706,0.08487555,0.00012426765,0.06663456,0.40980935,0.0070060333,0.00062339427,0.21229132,0.0024982733,0.01335151
3390,0.38848427,0.028646883,0.00035045145,0.014367858,0.17834795,0.7169187,0.003929223,0.5226675,0.0030160649,0.012798305,0.06731962,0.0049771145,0.13676435,0.00015563323,0.0005615397,0.24786603,6.975971e-05,0.04968016,0.05513571,0.0016584281,0.00028733662,0.7701702,0.0041544717,0.013323775
3391,0.26953095,0.4104889,0.033045337,0.027447475,0.32575214,0.038599633,0.022130677,0.4048819,0.18373692,0.21198457,0.005051788,0.03868368,0.036582764,0.018691,0.043479986,0.037786346,0.0012055092,0.20772383,0.16570091,0.008499533,0.027070437,0.1341172,0.078898184,0.029512258
3394,0.009196991,0.036636125,0.010246345,0.020204023,0.6025983,0.025310786,0.005476651,0.5281852,0.106619336,0.16370595,0.0046314956,0.0049000364,0.077232696,0.015968889,0.039827198,0.037524305,0.0001701707,0.4366644,0.025002036,0.007980845,0.002542105,0.0555624,0.0022765438,0.0073115504
3402,0.21101883,0.4581364,0.18688084,0.043341424,0.4448652,0.021178585,0.07453514,0.317666,0.34136623,0.27890116,0.0015486513,0.0512819,0.0433715,0.027162721,0.052168034,0.017807808,0.0015641794,0.15194684,0.1490859,0.04154912,0.025238546,0.060293283,0.04753594,0.055610515
3414,0.028738825,0.0517857,0.01755306,0.18153684,0.37936223,0.017251626,0.36231434,0.515514,0.06559828,0.014535874,0.0010534333,0.07731662,0.001045104,0.22833459,0.06809083,0.0029602116,0.0016909391,0.19880164,0.006902955,0.019712135,0.19602978,0.011631766,0.039884597,0.032695793
3415,0.004311554,0.02758422,0.0016193204,0.05019518,0.45044014,0.018233446,0.021076085,0.81771034,0.036307305,0.014564971,0.0010361051,0.02312458,0.00016378924,0.04628199,0.049123965,0.0027029447,0.0003207356,0.5229856,0.0004935523,0.001681008,0.0424522,0.010974162,0.043591417,0.007678563
3417,0.07702381,0.047523856,0.0031922418,0.0057791425,0.22345674,0.1676859,0.002157475,0.31748194,0.017397765,0.16778378,0.05190596,0.0014174061,0.8174702,0.00034591276,0.0063728844,0.50459874,9.025863e-05,0.11209417,0.33494702,0.0022765405,0.00016707681,0.54867065,0.0008635576,0.0058361366
3419,0.4342062,0.3164237,0.0043298407,0.0569077,0.22199035,0.12151878,0.036804914,0.66377914,0.043898698,0.023278505,0.008315306,0.111429736,0.0017600623,0.011616127,0.0161961,0.022053394,0.0016336465,0.1945962,0.029208817,0.0042203586,0.0796191,0.20031717,0.28603324,0.054509368
3420,0.31835908,0.029748201,0.00051985757,0.01356509,0.18941718,0.6358277,0.0037383477,0.49539718,0.0038500347,0.018366156,0.05555603,0.0040527694,0.21746491,0.00016513112,0.00065303466,0.26051292,6.5207816e-05,0.05045676,0.0746142,0.0020829865,0.00025659386,0.7282907,0.0026958007,0.011697371
3426,0.09779583,0.022368155,0.001010107,0.01710975,0.30079442,0.4177322,0.0037112,0.5482924,0.009208478,0.03513124,0.045732334,0.004122071,0.23826613,0.0005934782,0.0022189557,0.2231187,8.999289e-05,0.11736867,0.05096258,0.003860458,0.00046586295,0.51839745,0.0021548592,0.010660736
3427,0.6662154,0.75759035,0.026971895,0.008699943,0.15191711,0.016703121,0.00889663,0.33334956,0.15938552,0.25847664,0.0007839597,0.021553809,0.0191931,0.0013258115,0.009587213,0.017340446,0.00025612535,0.05059928,0.27074084,0.0016604956,0.009350464,0.15506493,0.09551724,0.024373954
3430,0.4625072,0.097132154,0.0025133397,0.0142936995,0.19159131,0.4392966,0.007365777,0.38681346,0.011209425,0.042524584,0.022749277,0.0072279614,0.24145514,0.0003400897,0.001271802,0.18523987,0.00013627042,0.041080166,0.17746313,0.0035123525,0.0006104038,0.63398904,0.0056781354,0.021938015
3431,0.076065704,0.015721947,0.000592394,0.019070255,0.32523414,0.46677762,0.0036105283,0.61550826,0.007362525,0.0244961,0.060308084,0.0047342004,0.14532615,0.0007260259,0.0024901137,0.20399958,0.00010044267,0.1554503,0.029032422,0.0035829796,0.0005714924,0.5093212,0.0029096196,0.01075279
3432,0.0720833,0.43881607,0.39588714,0.0343454,0.5973071,0.0073804166,0.070338994,0.26865107,0.6156865,0.5351471,0.00078605796,0.027113192,0.041304927,0.06624996,0.13683482,0.011448666,0.0007993573,0.22476622,0.099763244,0.03887971,0.02843828,0.020666985,0.014109452,0.033228837
3436,0.1531809,0.5419813,0.3712134,0.025715308,0.5270789,0.012248391,0.051930144,0.24383216,0.5626569,0.5572886,0.0010507731,0.028821502,0.08371432,0.02977702,0.08078502,0.019464394,0.00083347317,0.1587039,0.1885165,0.03601111,0.01686813,0.04107419,0.019832546,0.041533962
3440,0.00906613,0.04266519,0.007253779,0.0234528,0.6227078,0.03873135,0.009646845,0.5927831,0.09945581,0.15665796,0.012425083,0.010781842,0.01644542,0.017220158,0.058669683,0.038868837,0.00035433302,0.49440172,0.015874932,0.0043365867,0.024385676,0.0385167,0.012566243,0.010948423
3444,0.0025925932,0.007900767,0.001344619,0.030695772,0.6366129,0.030823195,0.0062982347,0.695999,0.028828869,0.022945343,0.0040745544,0.0054223537,0.006093853,0.030248826,0.03841931,0.012198752,0.00015534132,0.59022534,0.0031348325,0.0044418783,0.005128323,0.02857644,0.0024797597,0.0052792705
3446,0.09064776,0.049984507,0.003926984,0.0032748336,0.23947795,0.09978581,0.00089368323,0.24549104,0.017924728,0.18394661,0.00946087,0.0006279438,0.8062155,0.00020353988,0.0023661938,0.21658698,2.022564e-05,0.06522824,0.2993349,0.0022574882,5.0356826e-05,0.41520488,0.00034185906,0.0036735996
3451,0.56410426,0.047990486,0.00046345234,0.015829293,0.15599075,0.73748124,0.0057999366,0.49285135,0.0033232016,0.011720905,0.05634998,0.007493876,0.10380195,0.00015040713,0.0004928363,0.2199715,9.296412e-05,0.037478566,0.072060496,0.0017257992,0.0004140764,0.79715765,0.0074306163,0.018992065
3452,0.002186557,0.014042128,0.0045598582,0.026272964,0.6864363,0.013602813,0.006312653,0.6151499,0.07352844,0.059546378,0.00212237,0.004672596,0.009155063,0.05054757,0.07161808,0.009157777,0.0001510395,0.61905205,0.0049166563,0.0051881606,0.0057554785,0.01656734,0.001763787,0.0048287134
3453,0.17733538,0.19221292,0.01567243,0.117788434,0.2620036,0.07238464,0.13112703,0.6482022,0.053930115,0.02074878,0.0037733715,0.25534707,0.004016322,0.023185065,0.019599164,0.014540478,0.0022727067,0.16797201,0.020126108,0.020593068,0.07184994,0.09465025,0.4339761,0.100753106
3456,0.060794048,0.07691062,0.017869655,0.12700078,0.36867845,0.052766524,0.21976472,0.53552413,0.062452003,0.025040673,0.0031790347,0.08022687,0.005840612,0.059387017,0.032521542,0.012810746,0.0015921693,0.16407073,0.018192474,0.025788827,0.06983801,0.046006884,0.05160413,0.047758486
3462,0.69419193,0.58658785,0.032527175,0.005790189,0.16431017,0.046919126,0.005601499,0.16460344,0.07684144,0.22799914,0.0014151104,0.007937806,0.25907454,0.00057816197,0.0038577288,0.052252542,0.00018868697,0.026397021,0.6059089,0.0032305429,0.0011733527,0.3113724,0.013753155,0.020838622
3466,0.20766155,0.60380536,0.3774244,0.03160963,0.49488384,0.011134155,0.0689034,0.24698614,0.559711,0.4896084,0.0008127944,0.041913822,0.048660908,0.03634063,0.079898246,0.01415598,0.0011328418,0.14596172,0.18397854,0.03827618,0.025660856,0.03821761,0.035245296,0.050073218
3471,0.09118547,0.055891514,0.0046709958,0.0033516288,0.24492896,0.088587426,0.0009584001,0.23795904,0.020575587,0.2005195,0.008504006,0.0006700348,0.8023564,0.00023579026,0.0027007975,0.20242798,2.2163431e-05,0.06642611,0.31187612,0.002382923,5.790919e-05,0.3891413,0.00036859422,0.0038323782
3472,0.22044955,0.048051827,0.00085593446,0.0041768476,0.1262838,0.28600413,0.00080439704,0.33808786,0.0057260212,0.08741406,0.045468774,0.0008287674,0.7187979,7.4865005e-05,0.0012761367,0.45166636,3.3753797e-05,0.050355274,0.26326993,0.00075929245,7.0043076e-05,0.7373552,0.0010060094,0.004559417
3476,0.086119354,0.35213384,0.23860152,0.021836204,0.54172456,0.01703784,0.029951207,0.27626127,0.44868633,0.54806644,0.0020964774,0.015138802,0.17467271,0.01919942,0.069033846,0.03565509,0.0005582867,0.19544463,0.17347923,0.032137033,0.0075269425,0.05699804,0.008101964,0.027070913
3483,0.27143648,0.4926042,0.16055785,0.017008845,0.40016723,0.026497426,0.024824169,0.23744798,0.2997413,0.421729,0.0017757415,0.01889239,0.17409895,0.007629726,0.027270304,0.035614196,0.0005982952,0.10133713,0.3015885,0.020886231,0.0058100666,0.10460697,0.016766284,0.03623843
3486,0.18189067,0.019009203,0.00040566621,0.015786478,0.23960929,0.61782354,0.0034187504,0.56786263,0.00420893,0.017569555,0.071176656,0.004317889,0.16247062,0.0002997435,0.0010895059,0.2458772,7.644783e-05,0.08696342,0.040881973,0.0023135098,0.00034880388,0.6656557,0.0029812611,0.011238975
3489,0.055291,0.06955517,0.015219266,0.12607296,0.36883065,0.051091876,0.20955843,0.5454627,0.05851158,0.022785086,0.0030760204,0.077587985,0.0046249568,0.065059446,0.03403134,0.011445376,0.0014771769,0.17376488,0.015097637,0.02238708,0.07242902,0.042689554,0.05194015,0.045445163
3490,0.04458735,0.075412855,0.018495038,0.009959883,0.42632037,0.04943843,0.0034856792,0.32811385,0.08273626,0.30592048,0.0069748373,0.0025160692,0.57765883,0.0020231055,0.012592268,0.11227357,9.015205e-05,0.1668439,0.17599398,0.009528932,0.00042503973,0.17771338,0.0010425365,0.007389008
3492,0.026220165,0.04076627,0.012046134,0.14732747,0.40333492,0.028783774,0.23572221,0.5441056,0.053724967,0.016173217,0.001984129,0.059404723,0.0020709764,0.14335534,0.053535506,0.005500411,0.0013735408,0.2188818,0.007960646,0.018381719,0.10595201,0.019570604,0.030431166,0.030088736
3493,0.017969819,0.05460464,0.028836442,0.19198978,0.42823198,0.0061339983,0.41384816,0.45584196,0.098081805,0.017683763,0.0004188202,0.05866557,0.00061808724,0.4036672,0.1073487,0.0012784392,0.0015830765,0.22180462,0.0058505433,0.018862452,0.27999064,0.004483819,0.023043523,0.023825716
3496,0.0036783079,0.011217308,0.0015502004,0.019088756,0.7550398,0.073897734,0.0038850375,0.66384506,0.045741286,0.032521382,0.00809048,0.0055055963,0.003753017,0.011908361,0.03081621,0.02387597,0.00024467657,0.65768266,0.002386587,0.0032414233,0.0051023234,0.04757252,0.0059381723,0.0068555004
3500,0.0049398555,0.0125510525,0.0020541432,0.034571305,0.60494715,0.04103446,0.008763578,0.67212147,0.033958524,0.028394109,0.004721039,0.007669851,0.008637833,0.026261162,0.033753388,0.015807247,0.00021681406,0.5060677,0.004973602,0.006037167,0.0059492667,0.039316356,0.003747394,0.007863917
3506,0.09950396,0.08788501,0.01210338,0.033410035,0.4001571,0.14950445,0.021669071,0.49341074,0.056861617,0.09048736,0.011123928,0.018090857,0.112883106,0.0048338464,0.011432752,0.08416467,0.0004439379,0.15269603,0.06993697,0.014990178,0.0041318266,0.216756,0.011577658,0.031401213
3507,0.69043505,0.40745357,0.009725412,0.0025574944,0.11244859,0.073771544,0.0018499364,0.12896296,0.027081065,0.16329977,0.0021061169,0.001963634,0.50799006,0.000113924936,0.0014798872,0.10257732,4.94225e-05,0.015872816,0.68814194,0.0011755498,0.00017538267,0.5059117,0.0031332523,0.0090775015
3510,0.33940288,0.14355506,0.0067243706,0.05055513,0.2605603,0.31561244,0.043116026,0.5552684,0.027897982,0.032207288,0.017300606,0.06734984,0.03940544,0.0033167135,0.0057378206,0.08339922,0.0010556993,0.100242384,0.06516649,0.01229774,0.009335794,0.3832015,0.0986358,0.074874304
3511,0.0312257,0.04992578,0.009063937,0.05206382,0.48207873,0.07671043,0.03604896,0.58692604,0.056342654,0.04691837,0.005529223,0.024379257,0.021103973,0.017173184,0.022124605,0.03031314,0.0005424961,0.25213218,0.020324266,0.015467046,0.011058787,0.08275059,0.013883264,0.025957767
3512,0.021407818,0.051022094,0.023348698,0.1909305,0.4093191,0.010589921,0.3962328,0.48610795,0.08056482,0.016208643,0.00069479627,0.06629531,0.00090403325,0.31030217,0.08669182,0.0020731823,0.0016844702,0.21214618,0.006559844,0.02096098,0.22849995,0.0073079756,0.02774212,0.027392229
3516,0.041798502,0.08116294,0.022498105,0.011132795,0.44960055,0.04457669,0.004187955,0.3350258,0.09859616,0.31994754,0.006470833,0.002964059,0.5344827,0.002637931,0.015382803,0.100074254,0.00010635197,0.18159336,0.16404955,0.011237439,0.0005501211,0.15602262,0.0012112713,0.008145142
3517,0.006817823,0.014516602,0.0021700552,0.033805914,0.582381,0.054200683,0.008633511,0.66642714,0.033238355,0.03160898,0.0061623063,0.008086207,0.012856157,0.019107506,0.02756567,0.022069583,0.00022607928,0.4633368,0.006566451,0.006634349,0.005009579,0.05473525,0.0041201143,0.009007594
3523,0.011921312,0.02227312,0.0033166173,0.041070014,0.54570735,0.06278758,0.014764722,0.6476123,0.038588673,0.03339711,0.0058462326,0.012902648,0.012354618,0.02034379,0.026384573,0.022521574,0.00032651177,0.38438773,0.008711599,0.008508121,0.007517686,0.061860386,0.0071917344,0.013829133
3525,0.3788195,0.032110203,0.0004698755,0.012797619,0.17366092,0.66602117,0.0036576837,0.48430064,0.003397245,0.016500853,0.055491094,0.003990872,0.20930317,0.00012805445,0.00052251143,0.26300108,5.942553e-05,0.043185383,0.07948931,0.0018312128,0.00022461587,0.7590106,0.0028113495,0.011718209
3530,0.44321892,0.22959457,0.008266119,0.003043639,0.14863628,0.083720215,0.001731265,0.1586605,0.025335377,0.17794347,0.0036748985,0.0014550901,0.614263,0.00017176797,0.0019604408,0.1358383,3.9809478e-05,0.026300576,0.5527352,0.0015124998,0.00013627952,0.4663959,0.001615355,0.0075951302
3531,0.048862398,0.010369915,0.00039410836,0.016116925,0.33837977,0.4579364,0.002241511,0.635427,0.0060194097,0.023116183,0.07051841,0.0030315756,0.16998091,0.00058085745,0.0023063768,0.22532655,6.413953e-05,0.18229525,0.023373976,0.0028924292,0.0003497417,0.51300764,0.00169554,0.007269908
3536,0.37451825,0.37491083,0.024315005,0.06155435,0.29990694,0.07926703,0.068455055,0.52254105,0.09833694,0.05521492,0.00423773,0.14093433,0.0094445115,0.016630413,0.017568462,0.024245033,0.0023920462,0.12660632,0.073840424,0.013671622,0.066853344,0.15168874,0.30169946,0.098823905
3537,0.13862471,0.19394709,0.014267749,0.03974839,0.3325586,0.07488917,0.02194618,0.60504586,0.08414582,0.09328759,0.008907514,0.039750364,0.030818233,0.008775027,0.020913908,0.04631376,0.00064671127,0.20109086,0.04795164,0.0094131315,0.016258841,0.16453765,0.063816376,0.036483977
3549,0.11981133,0.0555735,0.0037211287,0.0036043632,0.221674,0.12123426,0.0010702808,0.25205463,0.016498322,0.15947366,0.00986259,0.0007772338,0.7645644,0.00019906161,0.0020776568,0.21841857,2.273768e-05,0.05773032,0.29415905,0.002128511,6.074662e-05,0.45186967,0.0004571468,0.0043977443
3553,0.009360633,0.013786986,0.001612506,0.029178608,0.54428613,0.08988387,0.0061828615,0.6742691,0.025664657,0.032619387,0.011012241,0.0068290364,0.02533795,0.009320904,0.01741035,0.041548576,0.0001881168,0.41883883,0.008705423,0.0061614886,0.002844412,0.09885973,0.0036802834,0.008893717
3556,0.52281046,0.05269383,0.0006287475,0.017282275,0.17009741,0.6951654,0.0067204735,0.4950216,0.004294903,0.014366609,0.05176002,0.008675104,0.108543396,0.00021384451,0.0006684383,0.20922312,0.000118126394,0.042713538,0.07596474,0.0021574176,0.00054927624,0.7614206,0.008435187,0.021365693
3561,0.028146915,0.019646324,0.0015847211,0.026129715,0.44832298,0.19982524,0.0058454648,0.64160526,0.019707587,0.037389256,0.02260114,0.0072836657,0.06871157,0.0032137807,0.008129556,0.095243305,0.00017638202,0.27100563,0.018604282,0.006240614,0.0016649948,0.23476692,0.004387951,0.012176346
3564,0.1840357,0.07637748,0.004927542,0.040097594,0.32273832,0.31873238,0.02648725,0.55269384,0.026262475,0.040751047,0.022091188,0.027693436,0.07357238,0.0030699142,0.0061225025,0.11038503,0.00061356695,0.121026605,0.05799778,0.011729584,0.004867443,0.3586937,0.023626553,0.042905312
3568,0.026697742,0.09698548,0.034125663,0.027228769,0.62733793,0.026606638,0.009262402,0.47381747,0.25853243,0.37990206,0.01468952,0.011827245,0.09424108,0.04230661,0.1221293,0.057148825,0.0010589669,0.53068984,0.058727853,0.014848533,0.016746933,0.068621606,0.011123257,0.019116048
3572,0.010853714,0.027278384,0.005865845,0.059459366,0.5463347,0.0342169,0.035470944,0.6205164,0.053326167,0.028964644,0.0026636173,0.020860884,0.0045761527,0.055896197,0.045455154,0.009659729,0.0004950249,0.38267213,0.006642959,0.009927449,0.020925805,0.028999832,0.011069681,0.016425919
3575,0.5446578,0.73814595,0.10594975,0.01045054,0.21297547,0.017391717,0.011484415,0.19339281,0.24795966,0.46771303,0.002592438,0.023326669,0.23974353,0.0039154333,0.029240614,0.065925784,0.001259275,0.066605695,0.610186,0.00582787,0.0104933595,0.1846504,0.06805517,0.026888993
3579,0.015717277,0.061606027,0.017219206,0.020465018,0.6317119,0.03196608,0.0055258884,0.5206077,0.18606587,0.36584744,0.025964433,0.0071307975,0.13222823,0.024537144,0.08861863,0.08791347,0.00080697204,0.5371864,0.047377706,0.008951933,0.015236026,0.07217157,0.0069982526,0.015464867
3581,0.1033893,0.012208644,0.00030382644,0.014920879,0.26963556,0.59166014,0.0023986676,0.6070323,0.0039909948,0.01740547,0.082467005,0.003165771,0.17322202,0.0003176178,0.0012613524,0.25965336,5.690922e-05,0.11703482,0.029249763,0.0021589797,0.0002759505,0.6353612,0.001967252,0.008241448
3584,0.07518733,0.10651167,0.017303979,0.13465388,0.32451022,0.04175638,0.21887618,0.5842972,0.065310456,0.02032595,0.0022216248,0.1350301,0.0024307466,0.06889495,0.036808494,0.00806182,0.0016499485,0.17767091,0.012631916,0.019480065,0.106005624,0.039785035,0.13818142,0.05719469
3586,0.22309662,0.022481175,0.0004420107,0.016632704,0.22874306,0.6346098,0.0040633436,0.561823,0.004269379,0.016821727,0.068177864,0.005158574,0.14590898,0.00030410607,0.0010412819,0.23891489,8.881028e-05,0.07883751,0.04370612,0.0023575546,0.00040705784,0.67869043,0.0037984485,0.01307167
3591,0.043838345,0.07032062,0.019831032,0.104968704,0.42174333,0.046222683,0.16326061,0.5246812,0.07415617,0.0343294,0.0029949998,0.05576333,0.007880438,0.057561636,0.036697254,0.01346813,0.001254018,0.19154888,0.019188205,0.02523185,0.050131336,0.041642632,0.030257287,0.03881978
3594,0.012474805,0.03064848,0.012559127,0.17871328,0.43554094,0.008731068,0.3129004,0.51904833,0.061344117,0.011649174,0.0006652128,0.049102522,0.00050705986,0.3688016,0.096426785,0.0014624987,0.0011976018,0.2682711,0.003597111,0.013438524,0.2199451,0.005344822,0.020791043,0.019618392
3596,0.03491502,0.022641925,0.0022161852,0.016993161,0.41007847,0.19323784,0.0031180854,0.5480206,0.02202568,0.07100748,0.025637845,0.003481915,0.26045725,0.0014301392,0.0057937335,0.16272321,9.404603e-05,0.20877655,0.04426766,0.005568668,0.000569105,0.31390616,0.0015853876,0.008196128
3598,0.0059045753,0.033028882,0.0046116007,0.039876074,0.6708646,0.035878252,0.014955498,0.67044175,0.068171166,0.04968731,0.009819763,0.021298403,0.0017727349,0.046585236,0.07451769,0.013359325,0.00075900776,0.63667524,0.0044071805,0.004747288,0.03684974,0.022676557,0.021655053,0.013814651
3600,0.7507716,0.14203857,0.0006649741,0.024687663,0.099520996,0.64193285,0.00986454,0.56842947,0.0044083255,0.011300774,0.051788967,0.02505673,0.035817627,0.00033576504,0.0009443801,0.15142912,0.00031909317,0.038440432,0.08308013,0.0015876798,0.0023763697,0.7749257,0.049109623,0.032990303
3604,0.27409813,0.016908396,0.0002165781,0.012639639,0.18914612,0.7297425,0.002551194,0.5547104,0.0023118188,0.011517446,0.085162945,0.0032255931,0.15985033,0.00012600259,0.00051368395,0.28085762,4.56035e-05,0.05957862,0.04050889,0.0013832905,0.00017845687,0.77217644,0.0024186864,0.009092642
3607,0.3321166,0.020406915,0.00023913129,0.012605093,0.17851686,0.7369364,0.0028165716,0.5368769,0.0023585337,0.011485482,0.07905653,0.0035461357,0.15435287,0.0001170089,0.00047111284,0.27320245,4.8723177e-05,0.05215464,0.046471428,0.0013730818,0.00018674482,0.784714,0.002791345,0.010027569
3610,0.03766293,0.05095412,0.0125269275,0.1268783,0.3956476,0.044132795,0.19465573,0.5488537,0.054082397,0.020468505,0.0029196052,0.061822917,0.003852638,0.082840115,0.03961159,0.009479765,0.0013406263,0.19883716,0.011805825,0.020315394,0.072235376,0.03348173,0.035615835,0.036367137
3627,0.25233078,0.40105247,0.099228926,0.010020839,0.35159472,0.032065522,0.011350467,0.20423451,0.20405354,0.44437757,0.0022185491,0.007915065,0.36212122,0.003142621,0.015986485,0.0566714,0.00025987005,0.07962501,0.38546497,0.011888084,0.00179095,0.14681071,0.005929835,0.02141507
3628,0.13641086,0.008452534,0.00012582105,0.010425687,0.2143204,0.71881735,0.0013314247,0.59986806,0.0018404349,0.011138404,0.1142679,0.0017386475,0.20884037,0.00010236161,0.00053112727,0.32584697,2.4812567e-05,0.08391382,0.027333377,0.0011481001,9.511359e-05,0.7617118,0.0011204034,0.0053646853
3629,0.0021406615,0.011703359,0.0024780193,0.02776138,0.68922985,0.01986176,0.0061455234,0.63454676,0.051878545,0.06174675,0.006739679,0.0046858774,0.0074872714,0.041113198,0.07299708,0.016223544,0.0003311192,0.69562495,0.0057867067,0.0032868404,0.013717827,0.017364219,0.0027822913,0.0055956086
3630,0.42561653,0.023528652,0.00021758319,0.012048312,0.1593855,0.77154434,0.0029220926,0.52183795,0.0020576536,0.009877184,0.07788165,0.0036998473,0.139512,8.7474546e-05,0.00035764344,0.27187157,4.6201094e-05,0.04232163,0.050576936,0.0012027771,0.0001692059,0.8183651,0.0031829434,0.010565588
3631,0.004250328,0.011777721,0.0020203,0.034140196,0.6155219,0.036179002,0.008459341,0.67324305,0.034696862,0.027966632,0.004264752,0.007269901,0.0076687913,0.029341707,0.036756076,0.014058173,0.0002072549,0.52649665,0.004497004,0.00571459,0.006148625,0.0344599,0.003477933,0.007275458
3633,0.12490179,0.023584303,0.0008639946,0.006908917,0.22337997,0.3599875,0.0012044619,0.40918356,0.0068587475,0.05136791,0.032444075,0.0012069984,0.50424695,0.000156063,0.0010768401,0.2871375,2.2457318e-05,0.06553746,0.10122517,0.0015299283,8.828347e-05,0.61168385,0.0006026639,0.005223933
3636,0.080338374,0.009185796,0.00022781188,0.0116039235,0.2670683,0.58265305,0.0014313668,0.5968669,0.0033208332,0.018151227,0.091313496,0.0018900767,0.23843221,0.00021319487,0.0010585946,0.29229617,3.3493434e-05,0.11978283,0.02927756,0.0016962407,0.00014562714,0.6565417,0.001069622,0.0056166993
3637,0.013265588,0.016049337,0.0016881193,0.030457096,0.51675737,0.11270461,0.007095098,0.668863,0.024329754,0.0322894,0.012694732,0.007902811,0.029188216,0.0075838096,0.01444211,0.04893175,0.0002033496,0.36882025,0.010429751,0.0066376748,0.002862409,0.122434825,0.0044556134,0.010588374
3638,0.5949526,0.096620634,0.0013552158,0.022962859,0.17675175,0.6276656,0.01248539,0.4905461,0.007547155,0.018060127,0.038078275,0.01815381,0.07994102,0.00041553713,0.001085254,0.1652839,0.00025653737,0.044909347,0.09435074,0.0033680298,0.0013948339,0.71190023,0.022047384,0.037745345
3640,0.6415244,0.25221193,0.0071989214,0.015697327,0.18183392,0.30463964,0.011736182,0.339996,0.024235176,0.0640032,0.010693012,0.014989642,0.16831535,0.0005826,0.0019972145,0.121207565,0.00028914848,0.03511391,0.2729281,0.004456938,0.0015635027,0.5655099,0.018010367,0.039314985
3644,0.13076602,0.13245146,0.019373562,0.008100677,0.32185963,0.065712415,0.0042615337,0.2574532,0.06156538,0.26801884,0.0055510593,0.002918048,0.58296156,0.0011339146,0.006964484,0.111240335,9.73666e-05,0.08590144,0.3017684,0.007173074,0.00041162336,0.24477553,0.0016109562,0.01049786
3648,0.18009299,0.18160991,0.016814033,0.09964935,0.28398144,0.088896774,0.11627785,0.61353767,0.057272524,0.027156606,0.0045666317,0.18672872,0.0071962127,0.018256381,0.017677413,0.020854399,0.0020107669,0.15796548,0.026747044,0.021483349,0.048026998,0.11600482,0.29784104,0.09324556
3654,0.04867874,0.03222427,0.0032067131,0.023809664,0.41427106,0.19889757,0.0065647084,0.557562,0.026503695,0.06257554,0.021472536,0.006844442,0.1652535,0.0022804667,0.007078292,0.12460251,0.00017835396,0.19542779,0.043639515,0.008222659,0.0012845218,0.2788898,0.0034984078,0.013812125
3655,0.63153577,0.47485244,0.022831513,0.0050189947,0.1628061,0.058288705,0.00432021,0.16258763,0.05587671,0.21353738,0.0019833,0.00499764,0.36942586,0.00041727457,0.0032200066,0.07172468,0.00013307428,0.026454916,0.61067975,0.002901782,0.0006457336,0.3597592,0.0071129748,0.016154237
3657,0.035665352,0.018312983,0.0016364659,0.008542756,0.35208115,0.17986175,0.001189127,0.44980478,0.015539731,0.094782375,0.027115002,0.0011644772,0.55809265,0.00048032953,0.0033907094,0.23582076,3.3648383e-05,0.15562388,0.07909032,0.0032488792,0.00013231549,0.39848435,0.00044670264,0.00410859
3665,0.14425531,0.08748391,0.007035107,0.0038715294,0.23513155,0.08968626,0.0015222026,0.22008333,0.025252698,0.20818546,0.006735722,0.0010218638,0.7570561,0.00028522598,0.0027821853,0.1738365,3.2577358e-05,0.054574814,0.3688417,0.0028479835,9.169481e-05,0.38301307,0.0006049068,0.0055710557
3670,0.08966097,0.01585975,0.00054513867,0.0040318533,0.21231797,0.3323333,0.00053968915,0.38124126,0.004997327,0.054822393,0.03365121,0.0005070821,0.6655011,6.58701e-05,0.0007494065,0.3364949,8.964685e-06,0.06226618,0.10857413,0.0010649804,2.7703369e-05,0.6433914,0.00023435807,0.0028116677
3672,0.053013153,0.35518292,0.32907894,0.038294766,0.60814846,0.007234014,0.07187334,0.2913991,0.56335115,0.46522954,0.0008252806,0.025084265,0.032751992,0.07737181,0.14319414,0.010043491,0.00078486523,0.25238276,0.07489632,0.037713807,0.030225482,0.018226098,0.012007684,0.029596513
3674,0.24878567,0.21103644,0.02068123,0.004960054,0.24420932,0.06006293,0.0031999345,0.18526033,0.055076454,0.28994718,0.0036807116,0.0021705618,0.64009213,0.00058746483,0.00454933,0.110730454,7.109455e-05,0.048800882,0.4655666,0.004104008,0.00027049874,0.29730403,0.001512124,0.009664689
3675,0.1981416,0.012783735,0.00010406992,0.0066873594,0.22038326,0.7767879,0.0010474809,0.57725036,0.0020713855,0.008368031,0.11729568,0.0028907466,0.07193251,6.4965316e-05,0.00069457706,0.3969492,2.9346531e-05,0.11549198,0.023260346,0.00066841947,0.00013360141,0.8355287,0.004071097,0.004056017
3676,0.035867877,0.16491172,0.023474844,0.103950135,0.3999261,0.011287579,0.13598233,0.5427742,0.12647891,0.035683658,0.00072211766,0.08379842,0.00044778362,0.1725327,0.09341829,0.0026696983,0.001610841,0.3027349,0.007965596,0.0074633914,0.22619802,0.010348171,0.089886814,0.029151445
3683,0.03454664,0.052843343,0.013915184,0.11501562,0.4172179,0.04099809,0.16803779,0.54130864,0.06129089,0.024835918,0.002776063,0.05420451,0.0044868547,0.0805217,0.041891195,0.009745341,0.0012106189,0.21070951,0.012578793,0.01999338,0.06297231,0.032560352,0.030204717,0.034381166
3687,0.008466717,0.01355621,0.00163945,0.031064663,0.55309474,0.0800034,0.0069539854,0.67906284,0.026386809,0.030080575,0.009393277,0.0073802765,0.019094527,0.011571123,0.019532772,0.034150966,0.00020015254,0.43240327,0.0075554065,0.0061793323,0.003469038,0.08392895,0.003967537,0.009011869
3690,0.0052209953,0.013469319,0.0022382168,0.03536664,0.60264343,0.04042885,0.009305567,0.6689189,0.035802215,0.02926334,0.0045417417,0.008145259,0.008442237,0.027473154,0.034654107,0.01550921,0.00022749776,0.49899158,0.0051142415,0.0061478564,0.0064148344,0.03892962,0.004032581,0.008276027
3695,0.46551943,0.2745493,0.014404604,0.048409194,0.2281236,0.21009463,0.047494184,0.5084411,0.04296373,0.043538388,0.008413013,0.096893206,0.037671734,0.0033117407,0.0057349084,0.06321625,0.0013363278,0.0795266,0.10407384,0.013310091,0.012365712,0.3427338,0.17332439,0.096026324
3696,0.0095658805,0.025588837,0.005520692,0.053611107,0.56457055,0.033616137,0.02795493,0.6213412,0.053742044,0.031881187,0.0028240911,0.017534617,0.0054536797,0.050708838,0.045327466,0.010317864,0.00043438055,0.40282908,0.0067616566,0.009571524,0.016960254,0.02965022,0.0090088975,0.014835503
3699,0.034587774,0.12594298,0.05479727,0.040233914,0.5440727,0.028320018,0.038349904,0.45239165,0.19909678,0.18530647,0.0026003828,0.021159045,0.046537627,0.028632933,0.052503668,0.024067491,0.00053836795,0.27034006,0.045641348,0.024322804,0.011776528,0.050195422,0.011109999,0.026047029
3701,0.022261795,0.035032477,0.009359112,0.120403185,0.43115065,0.03427361,0.15079516,0.5622194,0.050011575,0.018320965,0.0025562432,0.044690005,0.0029411106,0.10763868,0.04780841,0.0073141116,0.0010658826,0.2440088,0.008059117,0.015647866,0.06788943,0.024435062,0.022728333,0.026076732
3709,0.1252278,0.21376824,0.0569995,0.012634243,0.39697847,0.043464012,0.009559625,0.27004138,0.15252319,0.37341878,0.004075052,0.006314936,0.41165206,0.0034698723,0.016763855,0.077301234,0.00020903947,0.117032185,0.2587022,0.013337497,0.0013831023,0.15667464,0.0035960912,0.017278066
3711,0.1456243,0.009307619,0.00011783962,0.004283015,0.18054771,0.73661995,0.0005539822,0.4644062,0.0019308168,0.014603129,0.15552808,0.0006744672,0.25243142,4.3652453e-05,0.0005963098,0.55209,1.0778038e-05,0.07222941,0.032935213,0.00038451748,4.4002783e-05,0.8396114,0.0005873714,0.0028601668
3712,0.009924122,0.025854558,0.0067332652,0.07695556,0.53123987,0.025497643,0.059302885,0.6056378,0.05483405,0.022936018,0.0019187946,0.025390625,0.0025952947,0.096085206,0.05784008,0.0060928217,0.0006020996,0.37403274,0.0052956953,0.010371324,0.036082588,0.01907554,0.012449265,0.016381988
3713,0.24578167,0.2869539,0.041870244,0.06913796,0.3132363,0.074207865,0.09389597,0.49930787,0.10539498,0.068414986,0.0033138157,0.12751342,0.020648478,0.013470524,0.017277248,0.02832207,0.001825326,0.12500778,0.066744685,0.025905654,0.03007362,0.12836908,0.17934985,0.09247624
3714,0.011285159,0.013857097,0.001431707,0.028269267,0.522177,0.11215609,0.005762143,0.6783656,0.022748442,0.031642307,0.013630793,0.0067556286,0.030752651,0.0070668086,0.014171413,0.052142993,0.00017820505,0.39108345,0.009559616,0.0058928225,0.0024216808,0.124996156,0.0037822025,0.009219861
3716,0.15470554,0.19251527,0.017868776,0.12923819,0.26687524,0.055336334,0.1517348,0.64607346,0.060607746,0.02015306,0.0028290222,0.2733257,0.0028247477,0.03274389,0.02425293,0.010639785,0.0023293986,0.17638804,0.016926484,0.020807168,0.094000906,0.07056036,0.44673178,0.09644094
3718,0.29654595,0.018421238,0.00022967548,0.012812073,0.18583459,0.7313805,0.0027199711,0.54849905,0.0023649144,0.011551828,0.08240952,0.0034374765,0.15595354,0.000126273,0.0005066688,0.27602786,4.8342277e-05,0.056946304,0.042817347,0.0014086693,0.00018861143,0.77510023,0.002630284,0.009630463
3719,0.18898109,0.25374067,0.049650487,0.009426903,0.34116548,0.04531133,0.0076140626,0.22642635,0.1224456,0.36353946,0.0035128936,0.0050478424,0.4710689,0.0020674248,0.011252692,0.07824935,0.00017430868,0.08326892,0.35302246,0.009924548,0.00094758614,0.18720461,0.003193706,0.015887482
3725,0.02554159,0.075803176,0.018010503,0.016860327,0.49385688,0.033575404,0.0076757986,0.37565833,0.12858684,0.3204845,0.017717326,0.0048311697,0.22834046,0.014254216,0.06766078,0.13514361,0.00038802542,0.349088,0.09417982,0.007629711,0.0045872154,0.11026235,0.0031588133,0.011139465
3726,0.029202817,0.08449468,0.03127078,0.014675317,0.51517546,0.033237096,0.005987761,0.37543955,0.14266795,0.3302349,0.00521255,0.0042643854,0.37769607,0.0055106822,0.02611536,0.072373606,0.00014879748,0.24450105,0.11083759,0.014734277,0.0010565228,0.10693848,0.0017418516,0.009615086
3727,0.18606763,0.19586432,0.01545543,0.11488364,0.25950015,0.07639744,0.12584195,0.6476258,0.053009685,0.021114985,0.0039803013,0.25331396,0.0043605743,0.02125939,0.018582148,0.015570077,0.0022609213,0.16497761,0.021225445,0.020422945,0.06758705,0.10142354,0.43623903,0.10233897
3730,0.08717278,0.10707491,0.008689866,0.06086782,0.39179423,0.12582614,0.043979496,0.63439363,0.052796274,0.04187012,0.010961551,0.046622977,0.011583356,0.01493383,0.021377696,0.035060357,0.0011918134,0.22276391,0.022360228,0.011415853,0.030335175,0.13356484,0.05908792,0.042100184
3735,0.4162327,0.3583441,0.007497175,0.0036140587,0.1348373,0.027428346,0.0015140872,0.23086855,0.040390257,0.21980299,0.0029402815,0.0028961783,0.44842985,0.00034454346,0.00560545,0.10619516,9.760197e-05,0.050840113,0.63248825,0.001337419,0.0010909218,0.32148415,0.005332029,0.008210046
3736,0.7145735,0.16917795,0.0022064603,0.024431258,0.15724075,0.567624,0.01596596,0.46027333,0.0101261,0.019826386,0.025580999,0.0278854,0.06402899,0.00046101442,0.0011379691,0.13546172,0.00036226306,0.036477234,0.12902808,0.003572878,0.0021672773,0.70317256,0.042996682,0.051857695
3738,0.00398106,0.011196943,0.0019767126,0.027641892,0.6199467,0.039820235,0.0055643474,0.66676736,0.035796776,0.036775377,0.005673138,0.0053754076,0.014629349,0.019998344,0.032949112,0.020968892,0.00016375848,0.5410736,0.0056957556,0.0054327035,0.003656897,0.044272915,0.0024918437,0.006188282
3740,0.056918874,0.07121932,0.015928194,0.14589138,0.34984788,0.04354349,0.26081565,0.5418693,0.05810836,0.019295793,0.002588658,0.09176632,0.003288439,0.084674634,0.03780916,0.008821672,0.0016659135,0.16682267,0.013282359,0.022717306,0.09998716,0.03522933,0.062894784,0.047131334
3741,0.012180947,0.015305175,0.0017610244,0.023810783,0.52081466,0.110599376,0.004436889,0.64502954,0.026001818,0.04569919,0.015257052,0.005248672,0.058935497,0.005227265,0.0132342605,0.06725891,0.00014765319,0.3770122,0.013778435,0.0060888203,0.0015785565,0.14377323,0.0027615365,0.008258747
3744,0.3731763,0.028743599,0.0003721682,0.014970019,0.18391915,0.7080117,0.004142307,0.52799755,0.0032009205,0.013216451,0.06701377,0.0052680518,0.13467345,0.0001751861,0.00061658333,0.24426317,7.589506e-05,0.052439842,0.054173023,0.001780042,0.0003188186,0.7590975,0.0043708524,0.013839561
3747,0.08640675,0.047515225,0.0038370066,0.0038653424,0.24874845,0.1066596,0.0010062851,0.2673892,0.018406373,0.17221631,0.010441371,0.0007457941,0.7733501,0.00025230506,0.0026051349,0.21558926,2.394024e-05,0.07274116,0.26341972,0.002422719,6.436495e-05,0.4114607,0.00040473582,0.004000692
3748,0.07645921,0.08293422,0.012961475,0.061764807,0.40978727,0.1124092,0.0652143,0.5581852,0.056963984,0.0461315,0.006681942,0.043366946,0.024636978,0.01327756,0.01678187,0.03917698,0.0008941367,0.17614716,0.03323745,0.020625046,0.015491403,0.12183607,0.03097822,0.04395997
3750,0.24204202,0.24123721,0.015741639,0.10922567,0.23678282,0.079273455,0.11066055,0.6512015,0.052232616,0.021460451,0.0039461134,0.2876882,0.0045312117,0.016858028,0.01577247,0.016209628,0.0023436653,0.15083711,0.025163405,0.018954802,0.06678854,0.11801875,0.5308525,0.114757165
3754,0.004471529,0.0108725345,0.0016812594,0.032382306,0.6059543,0.04394405,0.007349708,0.6826087,0.03029153,0.026926327,0.0053530983,0.0067351568,0.009395043,0.022843879,0.031236392,0.017542824,0.00019325464,0.52058923,0.004716041,0.0055630202,0.0049442216,0.04252603,0.003283961,0.0070885466
3756,0.04731664,0.074506804,0.024027938,0.1475369,0.38230368,0.033113293,0.2868565,0.5047698,0.07626971,0.025384419,0.0020687592,0.0781657,0.0040488006,0.106051356,0.046569694,0.008054368,0.0017398015,0.16989766,0.01564782,0.027616194,0.10429857,0.027393768,0.041746408,0.042426012
3758,0.06063764,0.08934727,0.019455563,0.08075112,0.42028177,0.06729121,0.115422755,0.544697,0.07486184,0.04286034,0.0037661565,0.05765572,0.01212949,0.029087175,0.026754798,0.021166932,0.0011483922,0.18861963,0.025385445,0.024757806,0.030940289,0.06791018,0.038420558,0.045464292
3760,0.13301145,0.01141142,0.00022086564,0.012495841,0.23680152,0.6507584,0.0019019155,0.58668077,0.00284491,0.014827267,0.091922365,0.0024478354,0.20058195,0.00018254163,0.0008166805,0.28707403,4.0175797e-05,0.092996284,0.032537047,0.0016500782,0.000170081,0.7015273,0.0015410653,0.0070290733
3762,0.6175686,0.6771141,0.059754297,0.005643177,0.18692252,0.02109709,0.005808687,0.1620053,0.1472322,0.3624502,0.00096839067,0.009693378,0.2252057,0.0011024588,0.008160702,0.037281338,0.00022090187,0.03597752,0.602013,0.0035214901,0.0022636002,0.18847968,0.020231664,0.019837797
3763,0.5072228,0.05939867,0.0008054163,0.020120224,0.18129773,0.67255414,0.008719533,0.51075363,0.0053351256,0.015481974,0.04888515,0.011624242,0.093956105,0.0003099411,0.00087667594,0.19465888,0.00016361146,0.04814247,0.07280623,0.0026786372,0.0008287987,0.7318114,0.0119253555,0.026420016
3764,0.009860386,0.019078355,0.0027677442,0.03953927,0.555791,0.059830427,0.012741541,0.659799,0.03590008,0.030754237,0.0057759136,0.011514851,0.011045918,0.020940322,0.026978005,0.021354422,0.00029549244,0.41072485,0.0073857177,0.007581911,0.007083072,0.058137875,0.006348381,0.012162308
3766,0.014234686,0.032953974,0.0030318897,0.023508359,0.50639915,0.056175232,0.007819713,0.64350903,0.039187998,0.07535213,0.016576868,0.009294281,0.020415606,0.011508665,0.027512824,0.05345876,0.00033641342,0.4406395,0.02156531,0.0037918359,0.016386846,0.06471542,0.008997983,0.013059324
3769,0.026176186,0.043346852,0.008287991,0.021925986,0.49708548,0.079788946,0.0063236826,0.52040803,0.06318102,0.12541904,0.009789824,0.006215705,0.16323337,0.004816244,0.015690707,0.08080114,0.00016775286,0.26451275,0.043762535,0.009972657,0.0015654251,0.15018986,0.002936779,0.011727705
3775,0.0034450279,0.009265285,0.0015185674,0.030655824,0.6229757,0.037952777,0.006473943,0.68568134,0.029614372,0.026192892,0.004969655,0.0057742265,0.008707349,0.024499698,0.033815153,0.015738912,0.00017044417,0.555282,0.0041250493,0.0051439605,0.004584044,0.03660634,0.0026806137,0.0060210386
3778,0.22473998,0.037337307,0.0010617038,0.02256161,0.26019883,0.53468764,0.007824665,0.55565655,0.008386978,0.024319286,0.04900221,0.009754935,0.12189875,0.000698092,0.0019936536,0.1906195,0.00019569765,0.09166256,0.052679244,0.0042488677,0.0010235992,0.5817765,0.0077504013,0.021635924
3788,0.12328286,0.00972409,0.00016154845,0.0061835963,0.19707572,0.6122601,0.00067390053,0.50877213,0.0021995173,0.018962028,0.08312472,0.00084399304,0.3755267,6.114427e-05,0.0004856296,0.35048687,1.2431836e-05,0.06989464,0.044743236,0.0008042641,4.1120733e-05,0.7568135,0.00052415876,0.0034983745
3796,0.0075523937,0.028146412,0.007722563,0.032934476,0.6093911,0.030538602,0.01089421,0.58916223,0.07613755,0.07329809,0.0036690715,0.008414489,0.025256652,0.024821509,0.04064496,0.021025822,0.00023599538,0.43718848,0.012626494,0.010033127,0.0054327454,0.041198216,0.0034092031,0.0098362025
3797,0.62717754,0.04952952,0.00038802024,0.014051862,0.13978377,0.76324946,0.005048199,0.4732641,0.0027939288,0.010374221,0.056263532,0.006460253,0.10319907,0.00010345251,0.00036545796,0.2268784,7.414726e-05,0.031006487,0.07703787,0.0013763711,0.00031416593,0.8280723,0.0067204414,0.017373718
3800,0.39794242,0.40948036,0.03801651,0.0050837575,0.22186072,0.03802546,0.004191349,0.16481152,0.09540356,0.3531739,0.0021379062,0.0039365473,0.46788102,0.00082097884,0.0066639483,0.07098257,0.00011087275,0.043651793,0.5303161,0.0038132097,0.0006652327,0.24600211,0.0043524685,0.0128168985
3802,0.59340775,0.52632666,0.035844237,0.005144185,0.18307038,0.04149071,0.0047911843,0.155172,0.08372731,0.27952364,0.0015290516,0.0055873473,0.35258254,0.0005944578,0.0044721547,0.05921476,0.00014552553,0.03016096,0.6056442,0.0033748893,0.0008334736,0.28517726,0.0077222935,0.016471017
3807,0.08913897,0.013365857,0.00042260307,0.0054018665,0.22281562,0.41382608,0.0006875929,0.4364041,0.004225817,0.040141176,0.04635196,0.00068300555,0.57862985,8.005014e-05,0.0007274842,0.34076503,1.21989915e-05,0.0705244,0.081161655,0.0012333138,3.8933005e-05,0.6627332,0.00031078764,0.003271466
3808,0.040211502,0.023515048,0.0017804666,0.021474764,0.41166767,0.22947352,0.0044571725,0.60098445,0.020126415,0.049360808,0.026426077,0.005836059,0.123148024,0.0020392442,0.006386865,0.13079174,0.00014146933,0.22344223,0.02833237,0.005339358,0.0010649641,0.3055768,0.0035501583,0.011665804
3810,0.6613697,0.44813368,0.013787336,0.0029740569,0.12555693,0.057460777,0.002196568,0.1322287,0.037545793,0.19674519,0.001868335,0.0025147577,0.46807534,0.0001852118,0.002169478,0.08603729,6.462221e-05,0.01922344,0.6747166,0.0014372887,0.00027887995,0.43133757,0.0040560034,0.010110264
3812,0.012262384,0.02863602,0.00627571,0.0214595,0.55240893,0.05677865,0.0049333884,0.560336,0.06264426,0.112491086,0.008409771,0.004849074,0.11731162,0.006761429,0.020562688,0.06323318,0.0001432746,0.36190894,0.026462737,0.00871514,0.0015424753,0.10515199,0.0020577493,0.008123307
3814,0.0059908787,0.010523062,0.001219411,0.024310635,0.5889539,0.0767929,0.004593567,0.68724465,0.024649529,0.028938433,0.011818711,0.005042048,0.021484867,0.011504479,0.020961884,0.038705938,0.00018165006,0.51032937,0.006909977,0.005195997,0.002939555,0.08261011,0.002813147,0.0067629116
3818,0.0061942786,0.020074932,0.0065893373,0.0815262,0.5634696,0.015562557,0.057760157,0.5870091,0.057792574,0.021628536,0.001457411,0.019662634,0.0019127778,0.15332721,0.077998884,0.0038471187,0.00053030654,0.4153208,0.0040141805,0.009230861,0.043802183,0.011321832,0.008073214,0.01220324
3825,0.43405673,0.07264577,0.0015007207,0.024223775,0.2119716,0.5776169,0.012216071,0.5137727,0.008928237,0.022501355,0.04046812,0.015920604,0.09904327,0.0005947565,0.0015590978,0.17349857,0.00027104863,0.06099319,0.080548026,0.004310077,0.0014488072,0.64645505,0.016186226,0.03365911
3828,0.11580052,0.12661593,0.01361557,0.15121791,0.28057098,0.05236418,0.21424603,0.6166392,0.05104501,0.014999094,0.002868349,0.20643151,0.0022821785,0.054044195,0.028888224,0.008677876,0.0020332383,0.16241312,0.013179811,0.019218124,0.12343195,0.052591916,0.27639204,0.07556493
3830,0.07834836,0.02196897,0.0010854142,0.0034077696,0.22890025,0.20745091,0.0005535415,0.31990236,0.008113668,0.094096735,0.021354668,0.0004619023,0.7570838,8.8369896e-05,0.001160157,0.29548547,9.742674e-06,0.06409895,0.1653043,0.0013598005,2.9334693e-05,0.55028623,0.0002056598,0.0027983512
3831,0.670141,0.18064044,0.003328109,0.017773177,0.16498923,0.46701542,0.011542026,0.39098495,0.013236341,0.035044234,0.018367272,0.015325757,0.13141604,0.00039925118,0.0012089999,0.14740929,0.00024582352,0.032727264,0.19896604,0.003509523,0.0013099457,0.66804063,0.017901482,0.037835386
3835,0.022432799,0.018159723,0.0015776992,0.026794938,0.46853176,0.17320664,0.0059019364,0.64989567,0.020620696,0.036400154,0.01995038,0.007173611,0.05796472,0.003883853,0.009334158,0.08233254,0.00017782449,0.29847825,0.016070934,0.0063858936,0.0018181026,0.20154007,0.0042079906,0.0114195775
3839,0.3754446,0.034253195,0.00025408153,0.013906242,0.19771774,0.74114263,0.0021508639,0.6058254,0.0035538613,0.011641809,0.13316832,0.0048535955,0.049514484,0.00018159585,0.0010350312,0.26910666,7.777679e-05,0.08630938,0.026593253,0.0010393051,0.0007283089,0.7971748,0.004924845,0.010216859
3840,0.06494167,0.090481475,0.02039848,0.09838074,0.39587164,0.06103437,0.15899451,0.53835946,0.072557315,0.035523098,0.0034232764,0.070220105,0.0091046365,0.038601536,0.028871574,0.017401587,0.0013800195,0.17427887,0.023293087,0.026320029,0.044781398,0.058934387,0.04705511,0.048739616
3841,0.012633968,0.03391775,0.0021584886,0.048529107,0.42965716,0.044968657,0.011391626,0.7357532,0.03653982,0.039897982,0.011266266,0.019464204,0.006945554,0.02202456,0.034036525,0.026785776,0.00045299693,0.50360525,0.006913682,0.00347808,0.01929532,0.057069823,0.022369888,0.010171266
3843,0.25953397,0.022423824,0.00037606226,0.015324103,0.2112928,0.66659725,0.0036912148,0.5506078,0.0035831141,0.015165059,0.070865914,0.004662513,0.15096729,0.00022859733,0.0008186966,0.24855635,7.54676e-05,0.068547234,0.046219014,0.002023811,0.00032621744,0.7141745,0.003493207,0.012243581
3845,0.024363399,0.06259103,0.02710285,0.20703281,0.39148453,0.0072797504,0.45994943,0.46841756,0.08937505,0.014940516,0.00042504034,0.07556099,0.0005288656,0.37534067,0.09291704,0.001308579,0.0017758599,0.19279094,0.005911806,0.019206366,0.32119718,0.0052556647,0.033728495,0.028583368
3850,0.09691052,0.009896905,0.00022188322,0.013440438,0.26166326,0.6223327,0.0018916191,0.6143158,0.0031651857,0.015325254,0.09489459,0.002514739,0.18753183,0.00023900934,0.0010409455,0.28041682,4.316049e-05,0.115639485,0.026941575,0.00182797,0.00019834867,0.66517806,0.0015283296,0.006848854
3851,0.0029881103,0.014087806,0.00362993,0.03237376,0.66137075,0.01877194,0.008969112,0.63317823,0.05751124,0.040166393,0.002407292,0.0066498537,0.006464736,0.052019242,0.06068345,0.008913616,0.0002003362,0.5756035,0.0044814586,0.005588014,0.008305007,0.019162217,0.0028339406,0.006320186
3854,0.06774449,0.09661469,0.02206635,0.096537635,0.39655802,0.060068835,0.15768325,0.53389394,0.076810665,0.03804743,0.0033333912,0.07113367,0.00949644,0.03796871,0.029176766,0.017612448,0.0013849316,0.17308818,0.02448659,0.026713872,0.04441254,0.05948394,0.048456565,0.049874023
3863,0.002391565,0.0149314515,0.002758051,0.028730113,0.71362996,0.02318753,0.0053889337,0.6949985,0.06530437,0.056496322,0.0067075146,0.0073488173,0.0024945152,0.050648846,0.104721785,0.010498356,0.00038009847,0.75535196,0.0022629823,0.0033644275,0.023450501,0.016840043,0.006913174,0.005480535
3864,0.034977663,0.08214117,0.012935812,0.052109566,0.4920774,0.11294071,0.025481658,0.6016207,0.09227678,0.13113928,0.04178566,0.031055259,0.04202008,0.04182264,0.090883546,0.12927525,0.006793624,0.5728804,0.043434475,0.019494843,0.02164459,0.16110724,0.043892715,0.033830617
3866,0.5334969,0.037353475,0.00032163673,0.0117323045,0.14484677,0.74339354,0.0033798618,0.47308967,0.002581355,0.011712192,0.06026792,0.004270715,0.13749501,8.951514e-05,0.00036910977,0.24965441,5.297844e-05,0.03441339,0.07210872,0.0011684619,0.00020463232,0.82093835,0.0040899357,0.012615086
3867,0.08019802,0.10780233,0.021079209,0.008156434,0.3682173,0.052752282,0.0035968993,0.27131417,0.07494155,0.31408694,0.0057014,0.0024449506,0.6175165,0.0013895081,0.009117492,0.11119994,8.414749e-05,0.112170935,0.26013628,0.007949136,0.00037026944,0.2047267,0.0011411839,0.008452557
3868,0.058881205,0.36284274,0.09030821,0.039182156,0.56839764,0.009819651,0.053522408,0.47182658,0.4263622,0.35619983,0.0019618715,0.04953023,0.013576757,0.0843173,0.14300296,0.013948729,0.0013339105,0.37846178,0.068124026,0.013049261,0.15258263,0.021272639,0.062010806,0.040756043
3871,0.00417189,0.024223756,0.006423286,0.06274945,0.5885844,0.017699774,0.02217605,0.6699391,0.0701205,0.040903267,0.0021396226,0.013172545,0.0024672437,0.12372262,0.127608,0.0069644214,0.00080060295,0.647616,0.0040427283,0.008255686,0.022511961,0.016553534,0.006715996,0.010025108
3874,0.5243051,0.041756246,0.0004187902,0.015358657,0.1601868,0.7375994,0.0052225133,0.5008451,0.0031550557,0.011729397,0.05972644,0.0067091864,0.11090613,0.00014673444,0.0004945241,0.22800086,8.528142e-05,0.039781235,0.0670118,0.0016846594,0.0003685651,0.79411024,0.006382067,0.017251853
3876,0.055552665,0.07832133,0.0150581375,0.06283191,0.43914798,0.08229258,0.067602284,0.55416524,0.067833945,0.05009819,0.0050021163,0.03995738,0.019821046,0.018671738,0.02192183,0.030003633,0.00082694984,0.19955629,0.028048232,0.020751428,0.01754553,0.08864456,0.025891645,0.038854938
3890,0.45536947,0.36743027,0.025563044,0.004700219,0.19757885,0.05383836,0.0038083275,0.16103995,0.062127493,0.27382618,0.0023965382,0.0033125326,0.51173794,0.000504137,0.00402605,0.08538485,9.890078e-05,0.03407225,0.57009417,0.0033884058,0.00042932975,0.3189962,0.003363836,0.012563996
3893,0.0920472,0.018579252,0.0005698851,0.020867186,0.30618063,0.475993,0.0045325067,0.63685775,0.0069801435,0.020060444,0.053310025,0.006332611,0.09722022,0.0007242382,0.0022391211,0.186373,0.00011210574,0.14203201,0.024902727,0.0032458415,0.0007445486,0.51433116,0.004655859,0.012864916
3896,0.19709478,0.029935548,0.0008314968,0.019665563,0.2585747,0.5417663,0.005732258,0.5538998,0.0071396646,0.023778083,0.052892335,0.0070669493,0.14401497,0.0005490606,0.0017212179,0.20770372,0.00013935979,0.092004105,0.049952973,0.0035304404,0.0006989101,0.59699833,0.005164112,0.016873287
3897,0.028371317,0.10346295,0.07099297,0.11420307,0.49212542,0.009282406,0.22554903,0.38750178,0.18379918,0.070857234,0.0008575982,0.041370165,0.0054100016,0.19749673,0.10405056,0.0039969245,0.0014414564,0.22339329,0.02114904,0.03259766,0.09838369,0.010570804,0.015626505,0.027654966
3899,0.27566662,0.17983787,0.011827847,0.003718676,0.20273057,0.072937444,0.002094773,0.17598872,0.034680624,0.23687942,0.0041757887,0.0014556854,0.6897583,0.0003145948,0.003009943,0.13366935,4.610189e-05,0.03925052,0.49065673,0.0026097295,0.00015211439,0.37419763,0.001130043,0.007550371
3900,0.5867635,0.065939724,0.0007742868,0.009828404,0.1372444,0.62678903,0.0037483915,0.3860349,0.0043156445,0.02127269,0.032561757,0.0037864682,0.22229795,8.494792e-05,0.00039523817,0.2401344,4.9673585e-05,0.025434457,0.1454015,0.0013633638,0.00018980447,0.791264,0.003193621,0.013395036
3904,0.013233333,0.02475957,0.0037901448,0.04564556,0.5355733,0.06004737,0.019082118,0.64467126,0.040653564,0.03154987,0.005135941,0.015712688,0.009892593,0.02415067,0.028040525,0.019819165,0.00038224162,0.36898455,0.00854105,0.008974709,0.0098344935,0.05701711,0.009047616,0.015693836
3906,0.0023252221,0.009416769,0.0020672989,0.036660813,0.6539135,0.018468028,0.0097804675,0.6685825,0.038716227,0.02338567,0.0022397721,0.006657613,0.0033646883,0.05813184,0.056358736,0.0065156952,0.00018173513,0.59405816,0.0026819983,0.0047748843,0.0092768185,0.015948836,0.0028256574,0.0055250316
3911,0.008277005,0.029755937,0.008106611,0.044795223,0.5959884,0.027947664,0.020343393,0.5981932,0.072166145,0.05084131,0.0026846628,0.013087371,0.011240857,0.041222338,0.046870127,0.013195424,0.00033930875,0.41504478,0.009670435,0.010896847,0.01113594,0.030582631,0.005578931,0.012594196
3913,0.006271923,0.031082537,0.010194506,0.045679893,0.63831794,0.01627601,0.02416548,0.5643711,0.09532653,0.05448465,0.0016467352,0.013516861,0.005112568,0.09289544,0.07926499,0.006594687,0.0004144243,0.47213164,0.007540376,0.0085700555,0.022306921,0.015712017,0.0061644623,0.0116677545
3920,0.033795524,0.17939562,0.113045864,0.03002668,0.5814557,0.016939504,0.029202316,0.38517246,0.33155748,0.34763044,0.0019875842,0.015614138,0.078114666,0.030196764,0.075332336,0.024661936,0.00044703216,0.28608426,0.06597528,0.026000056,0.009290392,0.041444097,0.0075762556,0.021684267
3923,0.06687101,0.3822441,0.33317763,0.031294122,0.59222066,0.010077274,0.054223448,0.28396305,0.559078,0.53717256,0.0012232845,0.021627773,0.06996844,0.047742993,0.11928503,0.017605871,0.0007645576,0.23576595,0.11247145,0.040353768,0.018051052,0.0291872,0.010947158,0.030365733
3925,0.29991102,0.30363393,0.015737938,0.1124985,0.2108226,0.06655339,0.10759249,0.66539216,0.052759096,0.01921046,0.0030127892,0.36187458,0.0030828759,0.01702501,0.014794808,0.0124153625,0.0024986644,0.13791344,0.02563228,0.016443903,0.09195676,0.11107089,0.6745696,0.1270544
3926,0.05694299,0.10091166,0.027355304,0.08086881,0.44029793,0.05207374,0.12418342,0.5156398,0.09619021,0.053907953,0.0030754548,0.055609684,0.012577794,0.036858216,0.033708893,0.017924746,0.0011857462,0.19443735,0.027671598,0.027806167,0.034440707,0.054828964,0.03428499,0.044485718
3930,0.0066888067,0.0155561585,0.0024736219,0.038371053,0.58461607,0.04571199,0.011346231,0.6656543,0.036004506,0.028722951,0.00470797,0.009785263,0.0084095765,0.026770553,0.03246581,0.016269933,0.0002628739,0.46317255,0.005673617,0.006780194,0.0073084286,0.043095924,0.0050508915,0.009843552
3935,0.19579718,0.48938814,0.23857693,0.043552447,0.46775505,0.016478581,0.08154481,0.30181232,0.40926182,0.32172924,0.0012451446,0.05107771,0.037367165,0.03544581,0.0654838,0.014881164,0.0015256978,0.15845974,0.14213464,0.042910755,0.029743494,0.04760736,0.044669114,0.054288913
3943,0.29955503,0.01792964,0.00021632489,0.012510011,0.18342054,0.7380074,0.002611429,0.5484105,0.002253862,0.011215963,0.084060036,0.003298068,0.15734018,0.0001173185,0.00047951593,0.27944562,4.575911e-05,0.05592345,0.04243941,0.0013553087,0.00017571224,0.7812966,0.0025300367,0.009325462
3953,0.005117411,0.019314408,0.0027985044,0.023788737,0.6301254,0.032314166,0.006032656,0.6428187,0.051501133,0.06827374,0.010621615,0.008489725,0.021289578,0.028586905,0.04986997,0.034224655,0.00037389505,0.60537195,0.014605845,0.0048732995,0.009586562,0.043398988,0.005091892,0.0076667564
3959,0.039887484,0.054645915,0.01119699,0.101463936,0.4095094,0.055974394,0.1386429,0.57407707,0.053401086,0.023687767,0.0033459296,0.05782204,0.00494928,0.052328676,0.03261632,0.012742812,0.0011418451,0.21274982,0.012895798,0.018822331,0.047426227,0.04526652,0.037335634,0.03737149
3965,0.10769394,0.016225765,0.00047913488,0.017910147,0.2878974,0.5426326,0.0035277586,0.6048831,0.005683649,0.020575479,0.06795313,0.004616289,0.1476048,0.0005088559,0.0017636744,0.22651179,8.9774665e-05,0.12503387,0.031442057,0.0029246316,0.0004741853,0.58109355,0.0029917392,0.011017923
3967,0.0044115847,0.009540384,0.001348343,0.029300125,0.5988956,0.052829083,0.0057677897,0.6918966,0.02619036,0.026738692,0.0070212837,0.005717799,0.012622,0.016835108,0.026351789,0.023066362,0.00016819796,0.5239069,0.0049814614,0.005205935,0.0035843176,0.05335074,0.0028046174,0.00646484
3970,0.12039814,0.01422704,0.0003597684,0.011218609,0.24416418,0.5562499,0.0017210385,0.5417252,0.004129628,0.022802703,0.06807215,0.0021486885,0.25823498,0.00021333274,0.0010130777,0.28125462,3.7657952e-05,0.09162989,0.042553794,0.0016708409,0.00016182949,0.6604662,0.0012649767,0.006783468
3972,0.50495005,0.5225018,0.05421733,0.0063207047,0.22565095,0.035180923,0.0064979712,0.1662962,0.12022201,0.33568808,0.0015106293,0.0068560294,0.33039844,0.0010597708,0.006826738,0.05276091,0.00018590412,0.040303133,0.5447853,0.0049657077,0.0011970203,0.22320025,0.008415328,0.018854758
3974,0.21130463,0.16471153,0.012139614,0.087373756,0.27778083,0.1353827,0.09331578,0.61448395,0.044277173,0.025920914,0.0070904773,0.15611155,0.010794177,0.011425236,0.012773677,0.03137547,0.0017999028,0.1445629,0.03200793,0.019118013,0.03295904,0.16983736,0.25416064,0.09243811
3976,0.11437275,0.20928957,0.06337471,0.01709259,0.42549136,0.046297103,0.014063515,0.30855012,0.16975303,0.34232104,0.0044129174,0.0093210675,0.31295258,0.005249085,0.021369604,0.07111686,0.00031163445,0.13972808,0.20443363,0.017592138,0.002311115,0.14440796,0.005507054,0.021891888
3983,0.14938906,0.10004352,0.009144563,0.06099312,0.34600696,0.19184054,0.05944409,0.5717028,0.0408155,0.037164714,0.011121924,0.05832029,0.027624654,0.008027737,0.011162769,0.055234645,0.0010707985,0.14598234,0.04051155,0.017536,0.014258866,0.20898868,0.059801266,0.059277464
3987,0.1466379,0.45674995,0.2674014,0.022066418,0.5037067,0.01800055,0.03613166,0.25376248,0.45370737,0.5281962,0.0016899632,0.020506784,0.14526814,0.01773246,0.058723215,0.03046161,0.00068142853,0.15399991,0.2132808,0.03223908,0.009333082,0.06164862,0.013393321,0.0353441
3988,0.21699513,0.024337774,0.00052366115,0.016613293,0.23278153,0.6063341,0.0041643414,0.5517397,0.004869973,0.019020172,0.06205248,0.0052197943,0.15299596,0.00033628292,0.0011479089,0.23405805,9.178518e-05,0.07960142,0.04660806,0.0024571014,0.00042980374,0.66148543,0.0037981004,0.013412054
3993,0.016140904,0.030431725,0.010344123,0.15473332,0.42768773,0.018069178,0.23348251,0.5455198,0.052456476,0.01340345,0.0013542449,0.048888873,0.0011604222,0.22102255,0.07016469,0.003222715,0.0011978482,0.25673124,0.0050747334,0.014787978,0.13071144,0.0113509325,0.022300541,0.02251846
3996,0.093573816,0.090345666,0.012163288,0.005411225,0.3062059,0.063624315,0.0020879381,0.24391298,0.044407148,0.27230656,0.006093688,0.0014161419,0.71633375,0.0006390682,0.0052093663,0.14060399,4.8564947e-05,0.08319787,0.31006327,0.0046834867,0.00016701278,0.27196953,0.00070936314,0.0062548104
3998,0.18888755,0.019062739,0.00039128307,0.016243625,0.2372635,0.6307368,0.0035888453,0.57410103,0.0040831533,0.016571982,0.07272588,0.004577426,0.15132397,0.00030213085,0.0010678204,0.24520274,7.968069e-05,0.08628201,0.039267495,0.0022975607,0.00036779957,0.67132795,0.0032330495,0.011664357
4000,0.41256884,0.054351926,0.00016845156,0.005080194,0.0815315,0.44824952,0.00067032373,0.51072484,0.002002202,0.022647332,0.047583908,0.0012283864,0.29650497,2.912977e-05,0.00031202124,0.3316331,2.562502e-05,0.038201533,0.13913466,0.00025183495,0.00012431697,0.8284228,0.0024715883,0.004237553
4005,0.03596709,0.039130528,0.0046571894,0.035860393,0.46336162,0.12843025,0.014483596,0.6020348,0.039152764,0.05056576,0.0111222435,0.014607542,0.04286262,0.0073849424,0.014011398,0.057315536,0.00033866178,0.2513847,0.022889955,0.010045577,0.0044757654,0.15272054,0.009394152,0.020631839
4008,0.75065845,0.2922069,0.005044419,0.02764543,0.15526843,0.40861413,0.021468533,0.44431347,0.018645894,0.027975146,0.013380499,0.049514294,0.050279282,0.00076701207,0.0017091825,0.0967931,0.00062872085,0.037092954,0.16407536,0.004681429,0.004328636,0.61436033,0.10048369,0.074989796
4009,0.0033881145,0.009818589,0.0017258549,0.029952398,0.62891155,0.035196062,0.0063642063,0.6764062,0.03268946,0.029360868,0.0047339713,0.005634269,0.009499001,0.025252555,0.035826154,0.015628546,0.00016846263,0.55831814,0.0044125924,0.005272889,0.0045145964,0.035143673,0.0025582255,0.005955412
4014,0.11767199,0.025518961,0.00097056257,0.023813093,0.3130296,0.46613008,0.00660951,0.6004596,0.009584606,0.025796577,0.049418893,0.008421582,0.11164057,0.001021584,0.0029017932,0.17820643,0.0001808187,0.13518862,0.035219412,0.0047050193,0.0010856997,0.49597496,0.005951371,0.017395563
4018,0.5857158,0.11186375,0.0018065873,0.025390219,0.18481328,0.58727336,0.015048792,0.49299416,0.009470926,0.020562498,0.034256253,0.022641793,0.0760547,0.0005522922,0.0013766852,0.15296838,0.00033568827,0.0487124,0.09907843,0.004111249,0.0018927024,0.67925394,0.02895685,0.04409878
4020,0.07356824,0.19795085,0.08300221,0.056033015,0.48165005,0.029809328,0.08964387,0.41806367,0.21115677,0.15651993,0.0021438631,0.042887706,0.029863678,0.035824463,0.050567802,0.019064914,0.0011168459,0.20154339,0.05820777,0.035325546,0.02461895,0.0498919,0.0274013,0.042862006
4021,0.013480419,0.10329777,0.06375349,0.03481121,0.62654126,0.010526002,0.026490368,0.44164425,0.274586,0.22706623,0.0012469414,0.013516898,0.028449262,0.059813466,0.09840611,0.011779548,0.00034276905,0.3829477,0.028106239,0.017658634,0.012783312,0.020757223,0.0054498226,0.014721973
4025,0.0017964015,0.01082586,0.0032005417,0.02875602,0.6878274,0.013131796,0.0068699527,0.6385648,0.058133595,0.040746327,0.0019519896,0.004858787,0.0055440147,0.058831196,0.07095139,0.0071198507,0.00014722622,0.63635576,0.003447391,0.0045949384,0.006903946,0.013953309,0.0018471131,0.0045182626
4033,0.10644424,0.26793677,0.017771149,0.10264671,0.3349417,0.092390575,0.097807296,0.7160971,0.091435604,0.059819046,0.0086869085,0.14919968,0.0032942283,0.049023982,0.03983415,0.021045461,0.0035934367,0.3174127,0.019645967,0.011159131,0.08740575,0.09364686,0.23371117,0.05523646
4036,0.1756974,0.07509449,0.0036496194,0.0024691762,0.180351,0.10799923,0.000821713,0.20144603,0.015139252,0.16981699,0.007617551,0.0005861505,0.7907541,0.0001196878,0.0016481432,0.21016462,1.6539007e-05,0.040785067,0.38827607,0.0014162288,4.288045e-05,0.4859949,0.00042483353,0.0038277167
4037,0.3479541,0.020490827,0.00022653543,0.012550715,0.17460816,0.74802345,0.0028263468,0.5375418,0.0022416282,0.0108713955,0.08038399,0.003576953,0.14909597,0.00010982346,0.00044203826,0.27389258,4.8048136e-05,0.050423685,0.04604387,0.0013285733,0.00018255347,0.7931093,0.0028707394,0.010069895
4061,0.0875494,0.103411995,0.015804026,0.15289053,0.3066695,0.04592827,0.24751551,0.57940024,0.056618072,0.017010694,0.0025989523,0.1534169,0.0026339458,0.068394504,0.0336332,0.008422346,0.0019289614,0.16301607,0.013253467,0.021738322,0.11686243,0.0428269,0.15924685,0.06297531
4063,0.28911945,0.021749698,0.0003158754,0.014360918,0.19779524,0.6965399,0.0033804497,0.5460416,0.0030358646,0.013504277,0.07426005,0.0042750305,0.15072654,0.0001787111,0.000662881,0.25735164,6.495169e-05,0.06160124,0.046366945,0.0017531426,0.00026911224,0.7433834,0.003267303,0.011477954
4070,0.045612954,0.03147187,0.002659023,0.035120588,0.42730474,0.19896282,0.012912411,0.6257859,0.024556816,0.03564863,0.017528638,0.014191439,0.045536812,0.0047391253,0.009333545,0.075758174,0.00032296477,0.22711049,0.021816922,0.008704086,0.0035838732,0.2145828,0.009624299,0.020648686
4072,0.009532605,0.013452375,0.0015029466,0.029502446,0.5390953,0.09446534,0.0062316484,0.68010247,0.024311712,0.030672811,0.011368101,0.0069650845,0.024217693,0.009028385,0.016661648,0.04225451,0.0001867724,0.41506144,0.008388882,0.0060073216,0.0028587638,0.1022307,0.003809569,0.008985882
4079,0.4822779,0.040955033,0.0004956087,0.0121503975,0.15452652,0.68671876,0.0039053224,0.45827395,0.0033097721,0.015606582,0.04961897,0.00424477,0.19188288,0.000102528764,0.00042209763,0.25634012,5.6494486e-05,0.0343199,0.09228458,0.0015872795,0.00021523201,0.78795314,0.0032948076,0.01281091
4082,0.006224713,0.017454801,0.0032842155,0.039210334,0.5996109,0.035804957,0.012613814,0.6472566,0.044386666,0.033295743,0.0037285998,0.010083817,0.007836423,0.034221016,0.039696097,0.013408073,0.0002744264,0.47263262,0.005857664,0.0071883616,0.008576207,0.03449657,0.0049751853,0.009904006
4088,0.0022614563,0.008759287,0.0018281535,0.03374715,0.6550525,0.0206339,0.008141573,0.6753316,0.036115278,0.024020622,0.0026289586,0.005955488,0.0041380334,0.047927305,0.05140007,0.007776363,0.00016688035,0.6015147,0.0028070349,0.004633738,0.0074390937,0.018399639,0.002540866,0.0052369214
4090,0.44800752,0.06917639,0.0014452604,0.0133476155,0.17879651,0.5237935,0.0056819245,0.40924433,0.007432045,0.03132715,0.029476216,0.005610697,0.23265003,0.00023008512,0.0008730123,0.21443117,9.142598e-05,0.038790826,0.13897493,0.0025304577,0.0004058118,0.68898594,0.004175281,0.017533032
4107,0.03892732,0.07751022,0.03012877,0.18131602,0.37540162,0.016078066,0.39547458,0.47922844,0.08941937,0.020818237,0.00093170436,0.08682936,0.0015671746,0.21108578,0.06788869,0.0033848025,0.0019634278,0.17191315,0.01062595,0.025484413,0.19892205,0.012666941,0.043415166,0.03832551
4109,0.005870844,0.010624327,0.0013674867,0.028199548,0.5760756,0.06861984,0.005428323,0.6867187,0.02509982,0.029458815,0.009168218,0.0057592723,0.018803453,0.012059305,0.021289904,0.032075636,0.00016736845,0.4841894,0.006404012,0.005488366,0.0029030973,0.07333177,0.0029212437,0.0070702527
4114,0.12912892,0.3620942,0.18974628,0.021467894,0.48495957,0.02416715,0.028248023,0.26950637,0.35986426,0.49125308,0.0025487128,0.0148238465,0.21315204,0.012964802,0.047893677,0.043340933,0.0005984212,0.15862535,0.2224963,0.031434704,0.0055802455,0.08304122,0.008866915,0.029252304
4116,0.031916767,0.11434309,0.051247656,0.014490595,0.5300524,0.025637094,0.0072117094,0.34525168,0.19940695,0.40886658,0.004057329,0.004740428,0.3738986,0.006934807,0.033324666,0.06365011,0.00016530314,0.2401654,0.12803073,0.016806616,0.0013162626,0.08921793,0.0019048426,0.010603114
4117,0.0037743824,0.010700913,0.0018582208,0.03312079,0.62277377,0.034710266,0.007871871,0.6754651,0.033310264,0.02719106,0.0042485064,0.0066581774,0.007593466,0.02921907,0.037091255,0.01365237,0.00019297107,0.5416255,0.0042420765,0.005550046,0.005720066,0.0328443,0.00309598,0.0066803624
4118,0.32948267,0.026861388,0.00038918978,0.015272599,0.1942609,0.6894518,0.004076777,0.535479,0.0034341537,0.014183481,0.06724295,0.0051665963,0.13995674,0.00020063386,0.00070242176,0.24446279,7.805534e-05,0.05799916,0.051581237,0.0018970184,0.00033382289,0.7399854,0.0041342312,0.013531511
4124,0.007846229,0.016679853,0.002529078,0.033286873,0.5755538,0.0565527,0.008655258,0.65777206,0.03658205,0.03617028,0.0064020404,0.008430929,0.015330162,0.017818987,0.027055856,0.02467816,0.00023219484,0.4462186,0.0076275775,0.006854916,0.00489072,0.06022598,0.004400595,0.00970179
4133,0.1397203,0.12519088,0.017466296,0.05189924,0.37814066,0.14215662,0.055268437,0.5101563,0.06443899,0.0668089,0.008374808,0.043537293,0.049926993,0.008420352,0.013641395,0.05732028,0.0009626688,0.1407164,0.06217696,0.021722706,0.011684505,0.18085389,0.03528172,0.05331035
4135,0.16653422,0.029784296,0.0010608046,0.010009369,0.22969906,0.40858087,0.0023302175,0.43321744,0.007467412,0.043620363,0.03405352,0.002268607,0.3910365,0.00023659444,0.0012081354,0.25640053,4.3832948e-05,0.065005966,0.09846157,0.002258049,0.00018227658,0.6033666,0.0011943356,0.008273054
4142,0.11184562,0.30514395,0.024523327,0.13686335,0.36448067,0.021975473,0.22769766,0.60051835,0.131867,0.03536627,0.001502682,0.1937204,0.0003565071,0.18321331,0.09460734,0.0026222104,0.0061680013,0.26367345,0.013697302,0.011942173,0.6703626,0.017468663,0.30891368,0.08676286
4143,0.2994372,0.023253903,0.0003412594,0.014213109,0.19515544,0.68966395,0.0034334292,0.5373046,0.003176834,0.0141177,0.07023077,0.0043116957,0.15269956,0.0001798887,0.0006647917,0.25577024,6.4809756e-05,0.05939037,0.048726615,0.0017249614,0.0002712764,0.74274904,0.003310362,0.011718248
4146,0.0045790444,0.015347266,0.0032654263,0.04368258,0.61480105,0.02493015,0.015266734,0.6488019,0.045829903,0.027599938,0.002518556,0.010453079,0.0042390423,0.054964244,0.05128311,0.008166347,0.00027681715,0.50529754,0.0041127563,0.0064871777,0.012360164,0.02181366,0.0048936284,0.008834184
4150,0.113147736,0.14413023,0.02666603,0.008408734,0.34896263,0.053376082,0.0045226333,0.2544524,0.083004184,0.321685,0.004953868,0.0030428115,0.57626694,0.001479366,0.009063962,0.10315989,0.00010192963,0.09670087,0.29395077,0.008011994,0.000482691,0.20909385,0.0015906721,0.010563933
4152,0.28342235,0.4147841,0.09115168,0.010276099,0.33713883,0.03394234,0.011675952,0.20702685,0.1899451,0.41221583,0.0021829251,0.008688142,0.33292472,0.0030105198,0.014701002,0.054569807,0.00027950548,0.07545126,0.3889724,0.011375977,0.0019422347,0.15503247,0.007114487,0.02290078
4154,0.53161913,0.2183259,0.0016871326,0.017352248,0.12601134,0.22807932,0.00826297,0.528224,0.011731342,0.027845547,0.016078476,0.019833509,0.017331854,0.00049626484,0.0028675515,0.088938035,0.00030664715,0.050988525,0.059531484,0.0008746647,0.00781779,0.47756198,0.08644736,0.027688786
4158,0.1519112,0.03254973,0.0013112451,0.0103514725,0.24269861,0.36509606,0.0024330344,0.4306601,0.009131152,0.050749693,0.030417433,0.0024165693,0.3889904,0.00029372209,0.0014903262,0.24086937,4.807435e-05,0.0710746,0.10002765,0.002475715,0.00021055553,0.5675283,0.0012900053,0.008599808
4164,0.010008193,0.018770749,0.0026188332,0.03428302,0.5553825,0.06725395,0.00928814,0.65909034,0.035983823,0.03614132,0.0071747247,0.009531485,0.016644813,0.015735574,0.024197385,0.02855833,0.00025217037,0.4143813,0.008504002,0.0069977953,0.005041275,0.072127424,0.005308314,0.011135952
4167,0.14982983,0.021657735,0.00018459052,0.019002479,0.19666909,0.60911036,0.0027823402,0.7484254,0.0026922878,0.012113463,0.12394011,0.006659057,0.056355126,0.00034409706,0.0012541201,0.2256086,0.0001537979,0.13089204,0.023606075,0.0012937032,0.00091608934,0.6554066,0.008430797,0.010476721
4171,0.0018576283,0.009919503,0.0026825608,0.03792345,0.67220485,0.011983722,0.01104172,0.6505546,0.04849145,0.025217563,0.0015034878,0.0066466066,0.0024472636,0.08634323,0.07468534,0.0044403896,0.00017524476,0.61711514,0.0023604129,0.004516661,0.012178376,0.010470273,0.0026365137,0.005054394
4175,0.08331339,0.008029381,0.00017294564,0.011051442,0.2543447,0.62626535,0.0012788447,0.60854745,0.002675667,0.015288427,0.10289253,0.0017148413,0.23005114,0.0001692238,0.0008712743,0.30976427,2.823685e-05,0.114437826,0.026198452,0.0014382142,0.00011958217,0.6900115,0.000992409,0.0051599345
4177,0.07472321,0.023493303,0.0013635949,0.004988266,0.25684443,0.21343507,0.00083212735,0.35583058,0.010162658,0.09176759,0.022504015,0.000736035,0.6824417,0.00016577984,0.0015966775,0.27317137,1.6691343e-05,0.07837614,0.13932393,0.0018476071,5.692984e-05,0.5138048,0.0003166195,0.0037261795
4178,0.07525065,0.30425557,0.20356409,0.032407727,0.5537868,0.017834917,0.045122866,0.31733865,0.40365213,0.4244772,0.0020421417,0.020606276,0.094883725,0.0302228,0.078013636,0.02533736,0.0007843276,0.22032268,0.119104505,0.039887883,0.01216989,0.04783087,0.011085069,0.03171595
4179,0.048327412,0.102174066,0.032900378,0.1945498,0.34185338,0.010270182,0.42338166,0.4692909,0.09760965,0.018226607,0.000498357,0.106782496,0.0007804307,0.2578188,0.06972709,0.0019154542,0.001882882,0.15057676,0.008928388,0.019684287,0.29378054,0.009014425,0.063046075,0.04008997
4183,0.0131329885,0.06660463,0.023688959,0.04462151,0.70270324,0.032355227,0.025303682,0.49164194,0.18043499,0.1023547,0.0054177423,0.017725104,0.00646783,0.091061614,0.109711014,0.013398256,0.0016061999,0.5151696,0.009787204,0.014221116,0.029080056,0.032856397,0.011002912,0.030061767
4186,0.06661588,0.019815868,0.0005639832,0.025674481,0.37045768,0.5499023,0.0033262952,0.7181156,0.00939063,0.02163614,0.18828489,0.007777231,0.03777263,0.0018136909,0.007497271,0.26735264,0.00038742978,0.32092673,0.010858595,0.0025225866,0.0022704003,0.5536082,0.008914474,0.009431201
4188,0.11344569,0.029297242,0.0014861187,0.0122303255,0.28113306,0.33396348,0.0028237002,0.4573893,0.0108529115,0.05398404,0.032534856,0.0027696919,0.38174435,0.00042995662,0.0020686453,0.22537288,6.360765e-05,0.09246722,0.08974788,0.0035301044,0.0002813559,0.5106056,0.0013612891,0.008970757
4197,0.0059291157,0.034753542,0.004460472,0.026518624,0.5720093,0.008955738,0.009718025,0.63142186,0.07338233,0.057897888,0.0015252656,0.0066122627,0.002050725,0.05355325,0.06685232,0.004482727,0.0002216426,0.5632577,0.0047701737,0.0028544746,0.026059018,0.012480475,0.0049246857,0.0072859423
4199,0.05083389,0.21952929,0.1730278,0.080886334,0.5239999,0.00815501,0.16338028,0.32443222,0.33954123,0.18495265,0.00086107827,0.03693222,0.012110149,0.13741347,0.119882695,0.005789626,0.0013351243,0.2107085,0.043876786,0.04151763,0.06663714,0.014184989,0.016049527,0.032747492
4200,0.02706989,0.053207334,0.013408092,0.07791252,0.4749165,0.04608097,0.08652822,0.5689592,0.068333946,0.035931163,0.0029379914,0.038508378,0.007810699,0.045388892,0.036233686,0.014092358,0.0008280945,0.25479695,0.014456676,0.018619139,0.029483097,0.041690253,0.02074905,0.029080572
4203,0.010356353,0.020484664,0.0030804907,0.04042081,0.5549646,0.058147926,0.013737641,0.65353775,0.038114898,0.032137834,0.0055263867,0.012136578,0.011070077,0.02194625,0.027889533,0.020814504,0.00031054034,0.40403906,0.007755691,0.007938531,0.007552176,0.05679414,0.0066924794,0.012764432
4206,0.058973912,0.019663073,0.0010163733,0.023999289,0.37126565,0.35892677,0.00546081,0.628784,0.011918862,0.02942501,0.041342925,0.0070544467,0.101685375,0.0015015813,0.0042929566,0.1515243,0.0001599458,0.1912938,0.02562999,0.005143355,0.0011271841,0.39163932,0.00448773,0.013652506
4208,0.23719889,0.22497289,0.014865346,0.10502909,0.2415375,0.08927567,0.10668587,0.64670044,0.049794354,0.021987248,0.0045202686,0.26133162,0.0054206443,0.015251421,0.01492932,0.018781248,0.002244611,0.15006632,0.026188618,0.019016022,0.057191364,0.12922935,0.48183435,0.11140616
4211,0.48785144,0.06105872,0.00029731347,0.0045640417,0.09295053,0.4342341,0.0011071553,0.38749644,0.0026918305,0.022767952,0.030347917,0.0017419693,0.12848152,4.7885424e-05,0.00045538164,0.27489084,2.4690344e-05,0.03561003,0.15170527,0.0002258451,0.0001571537,0.74800134,0.0035840317,0.005283504
4212,0.000974788,0.007457805,0.0008351972,0.021471068,0.65378594,0.0071752444,0.0034604787,0.7104181,0.028787967,0.021136627,0.0021817726,0.0034738863,0.0012021129,0.038782787,0.05359821,0.004091991,8.542613e-05,0.70455354,0.0012282582,0.0013067339,0.015966866,0.007704373,0.002237261,0.0028233605
4213,0.16740915,0.1568181,0.018066874,0.004998145,0.2696454,0.057069972,0.0026324352,0.2011377,0.053737532,0.30037847,0.004284795,0.0017575618,0.67772555,0.0006312273,0.005070103,0.11873991,5.8009507e-05,0.060647927,0.40498984,0.0042027887,0.00022378603,0.27432683,0.0010731627,0.007983609
4214,0.087405965,0.10249269,0.014901281,0.12172193,0.33062172,0.061496157,0.19066878,0.58932716,0.05697609,0.021117287,0.0032035303,0.12674668,0.004014659,0.044146493,0.027981272,0.012447554,0.0017132137,0.17190003,0.01587324,0.021924656,0.07318352,0.05869311,0.13030174,0.06225209
4218,0.054673214,0.04656315,0.0054198653,0.006163443,0.32067025,0.082656026,0.0013747625,0.32053053,0.031221824,0.21115841,0.012210968,0.001126452,0.7003083,0.00067269796,0.0053893686,0.19908029,4.5561774e-05,0.12610719,0.19969964,0.0035734046,0.00014730264,0.32434234,0.00057522295,0.0043728743
4223,0.10943562,0.12262739,0.014145036,0.112750605,0.31466243,0.07195954,0.15697794,0.61451674,0.054875568,0.021637559,0.003660674,0.15089144,0.004426658,0.031740688,0.023701517,0.014745417,0.0017631088,0.17404117,0.017276367,0.02087168,0.06355844,0.07562951,0.19088386,0.0719375
4225,0.52701664,0.045470513,0.00048641048,0.0147438105,0.15945987,0.71596205,0.005121737,0.48304033,0.0034535022,0.013324074,0.0546426,0.006350534,0.12642275,0.00014466952,0.0005051856,0.22812444,8.296919e-05,0.038165864,0.07710129,0.0017256973,0.00035270266,0.78789437,0.0058493926,0.01697186
4227,0.02986284,0.05846114,0.00428988,0.05117449,0.46139586,0.11165985,0.023446769,0.6804645,0.046749018,0.045789786,0.016788572,0.03730519,0.0051027453,0.02232716,0.031060072,0.048978966,0.0009562124,0.46138003,0.010974948,0.0048934263,0.03324355,0.08422053,0.0490638,0.024288755
4232,0.12736507,0.0668164,0.0051211272,0.04552491,0.3564774,0.25514665,0.030572372,0.57836163,0.029321479,0.037685044,0.017636333,0.031003078,0.04774553,0.004708833,0.008226721,0.08276328,0.00066175836,0.14963555,0.04095799,0.012855025,0.0066345814,0.27384108,0.026466671,0.04160199
4234,0.0542437,0.068623506,0.011490443,0.06897421,0.42459577,0.08798453,0.075121544,0.577154,0.055856965,0.03736739,0.0051253876,0.045289937,0.0136779575,0.020264538,0.021027226,0.026815364,0.0008875059,0.20234507,0.022202907,0.019067539,0.02054552,0.08661029,0.03147399,0.039782867
4236,0.035575412,0.059166357,0.01657365,0.102234915,0.4341457,0.044594523,0.1449754,0.5376389,0.0684874,0.031593774,0.0029752532,0.04940934,0.007183575,0.06007812,0.037623137,0.012770386,0.001125781,0.20815273,0.01635699,0.02268976,0.04667593,0.03879627,0.025675006,0.034247447
4242,0.0809061,0.09170879,0.014680573,0.14862753,0.315969,0.050523512,0.24470791,0.5752881,0.053700823,0.017140256,0.0028992519,0.13397984,0.0030276796,0.065151684,0.03234073,0.009444734,0.0018558388,0.16279712,0.013591167,0.022084273,0.10438598,0.045117922,0.12735958,0.059463963
4243,0.1619311,0.56250846,0.38505626,0.026464755,0.52475464,0.011506463,0.055454053,0.24122989,0.5746068,0.5531478,0.0009460525,0.031392086,0.073403195,0.031991694,0.08254861,0.017641256,0.00087231304,0.15569007,0.1867031,0.036038317,0.018908042,0.038692735,0.022408782,0.043344885
4249,0.0022325271,0.011125475,0.00070915837,0.017591726,0.59604466,0.042222153,0.002449531,0.79692924,0.017608998,0.02696834,0.0068897093,0.0069899834,0.004686264,0.009751104,0.025783556,0.02433862,0.00011952983,0.7049886,0.0037725002,0.0015543537,0.0046417294,0.037030358,0.008489802,0.0035945915
4255,0.2914964,0.6567852,0.20075989,0.023667846,0.40143326,0.010238899,0.039330445,0.25322837,0.4648786,0.47661123,0.0009915059,0.034299012,0.042092793,0.030450806,0.08055948,0.018135851,0.0017090465,0.15924996,0.22077812,0.015463878,0.04116914,0.05551468,0.061201088,0.04696893
4258,0.05336901,0.01337333,0.0005684883,0.019355949,0.352899,0.4239297,0.003305085,0.63666594,0.007873726,0.024935924,0.05817901,0.0044144574,0.13507503,0.0008722935,0.0029824902,0.19221365,9.645809e-05,0.18724078,0.023916326,0.0037276505,0.00058732205,0.46396577,0.002609933,0.00960038
4259,0.25358215,0.20769063,0.0042214547,0.08446034,0.21272995,0.103946105,0.05627756,0.7223773,0.027598798,0.014863056,0.006828946,0.1546402,0.002960109,0.011562155,0.011231463,0.020072656,0.0016419095,0.15896907,0.019464413,0.0075676665,0.061005384,0.15756656,0.32239282,0.0625462
4260,0.50334895,0.12423395,0.0016189712,0.022484276,0.1652596,0.50981134,0.010789371,0.47493258,0.010086253,0.03274394,0.036806364,0.015107347,0.08785147,0.0004942145,0.0017700728,0.20129544,0.00020796138,0.05075511,0.11168151,0.0023537937,0.0017191414,0.6755494,0.024400488,0.023695307
4261,0.22641155,0.012905004,0.00016542013,0.011307367,0.19229825,0.736647,0.0019167748,0.5664911,0.0019788425,0.01098686,0.09626766,0.0024209518,0.18104391,0.00010278641,0.00046844172,0.30208537,3.3697834e-05,0.063916445,0.035680983,0.0012175025,0.00012654442,0.77905303,0.0017257383,0.00719151
4263,0.006151954,0.021233823,0.006966582,0.07763043,0.56920916,0.015261331,0.054368675,0.58782786,0.061351173,0.02334767,0.0013885298,0.019532152,0.0019704518,0.14785643,0.07883952,0.0039031473,0.0005110545,0.42210123,0.0041190875,0.0090825735,0.04173705,0.01139546,0.008156167,0.012271985
4266,0.02584745,0.059815638,0.020735132,0.21030968,0.3728331,0.007409099,0.45770192,0.48771787,0.07699458,0.011858941,0.0004008414,0.08199244,0.00035390424,0.38076434,0.086708955,0.0011028328,0.0016693438,0.18832542,0.004751324,0.015559373,0.36249343,0.005115705,0.041992802,0.02939648
4268,0.05035321,0.030773075,0.00058814243,0.0016281432,0.18251292,0.081980705,0.00024110955,0.33228055,0.0068941247,0.12456131,0.023829354,0.00022369536,0.8023927,7.0553295e-05,0.0017760711,0.33186853,1.2814624e-05,0.07620237,0.21759017,0.0004010526,4.822491e-05,0.49711603,0.00025726703,0.0020436777
4278,0.35047355,0.06070909,0.001580028,0.02267912,0.22559771,0.5388454,0.0105075985,0.5078269,0.009318355,0.02644284,0.039506193,0.012057028,0.136182,0.0005848583,0.0016391462,0.18899193,0.00022810396,0.06488885,0.08373864,0.0045861905,0.0011567483,0.6180887,0.009983787,0.027328642
4282,0.12171833,0.15164578,0.016904125,0.1266771,0.29233333,0.056181125,0.17037809,0.62454545,0.060808342,0.020511953,0.0028478384,0.20607015,0.0030809257,0.03876273,0.026795592,0.010972676,0.0020276804,0.17669457,0.015777726,0.0208978,0.087319374,0.06365899,0.29484603,0.08054726
4283,0.0051677567,0.014193467,0.0025794958,0.024490502,0.61451185,0.04505279,0.0049046194,0.6452218,0.04325414,0.05032868,0.0068845563,0.0051083956,0.024558581,0.016436283,0.031641055,0.029367726,0.00017439511,0.5208414,0.008241872,0.0057277214,0.003183453,0.0567046,0.002514422,0.006653704
4285,0.0026092369,0.0075527797,0.0008350512,0.019707069,0.6370657,0.03152672,0.0045283134,0.65526676,0.023949143,0.019433647,0.0048813503,0.0028718999,0.0033140741,0.0155199375,0.025641918,0.011217481,0.00011038116,0.5541055,0.0016569123,0.0019328643,0.0041348375,0.027294395,0.0022199533,0.0038149925
4286,0.03570524,0.053031795,0.009180802,0.036369868,0.48266724,0.092578925,0.017601034,0.55960226,0.059952043,0.075110346,0.008066603,0.014965542,0.058807995,0.008861478,0.017641958,0.052716635,0.00035572815,0.24282314,0.031891625,0.013590545,0.0048551066,0.12536764,0.008284477,0.021512356
4289,0.06706808,0.12032065,0.03266016,0.07161383,0.44424048,0.05451275,0.10710253,0.50056064,0.1092927,0.06906276,0.0032544672,0.053144507,0.017429298,0.02990582,0.032223754,0.02127398,0.0011416961,0.18876511,0.03501388,0.028831871,0.028582089,0.06342359,0.03433892,0.04686243
4293,0.019334741,0.03637949,0.0065601077,0.035873543,0.52475655,0.07180189,0.013735381,0.5951242,0.055026993,0.062703595,0.00696042,0.0120172985,0.039874025,0.011804403,0.021432169,0.04044126,0.00030070808,0.31128773,0.019814132,0.011434149,0.0047919955,0.09277211,0.0060763387,0.01580281
4297,0.044727214,0.06893814,0.014062351,0.023499096,0.47105366,0.08224705,0.009670646,0.47553837,0.07960312,0.15016152,0.008547833,0.00864057,0.17682783,0.0050717196,0.016285006,0.078704864,0.00021745419,0.21214375,0.064617164,0.012571001,0.0021045,0.1577589,0.004389791,0.016936494
4300,0.60452354,0.047488622,0.00039102152,0.0139148105,0.14273326,0.7559444,0.0048545003,0.47531733,0.0028536932,0.010839002,0.056431606,0.0061882287,0.10803247,0.000107791355,0.0003838937,0.22926657,7.2451316e-05,0.03232495,0.07562455,0.0013793156,0.0003071094,0.82250327,0.0062929336,0.016761668
4311,0.107420795,0.11093209,0.013433055,0.094214536,0.33998674,0.091758825,0.12776718,0.5958979,0.05393288,0.026753224,0.0046700584,0.108376905,0.007468005,0.023229843,0.020201448,0.021177344,0.0015211725,0.16924047,0.021835716,0.020977976,0.041767918,0.09502189,0.12116333,0.066235885
4312,0.27839765,0.2747101,0.0226728,0.09314831,0.24738182,0.08401104,0.1048665,0.59592855,0.06447501,0.031606775,0.0039170706,0.22977936,0.009049972,0.012907027,0.014186417,0.02244595,0.0022745952,0.12962772,0.041413892,0.02201983,0.046806786,0.13960457,0.409807,0.112080075
4318,0.009576969,0.02499581,0.0057816748,0.022618769,0.5729866,0.04992913,0.005169948,0.57531464,0.061380714,0.1003467,0.0075725093,0.0048480774,0.09066969,0.008448562,0.02342769,0.052201226,0.00014848253,0.3973187,0.021236803,0.008780441,0.001771387,0.08688225,0.001965943,0.007627163
4320,0.7026746,0.36715156,0.008113454,0.0024117727,0.110434115,0.078787334,0.0014673652,0.12977882,0.02301853,0.1417835,0.0027975794,0.001612744,0.52694035,0.00012110089,0.0017147696,0.11785515,7.0559625e-05,0.017641395,0.7031958,0.0010183486,0.00018036221,0.53702104,0.00292828,0.008450807
4324,0.15665446,0.014283591,0.00028928468,0.010917444,0.21969329,0.61736065,0.0017705533,0.5382647,0.0031742828,0.018411443,0.07416545,0.002120546,0.25540486,0.00015112304,0.00073020795,0.29456958,3.4434674e-05,0.075514525,0.045023553,0.0015218947,0.00013807214,0.70789194,0.001276966,0.006748833
4330,0.056009337,0.04767424,0.0060691005,0.005219383,0.31604767,0.07854318,0.0013236364,0.2925971,0.030076154,0.21913856,0.009707728,0.0009753486,0.7470592,0.00051580084,0.0046093334,0.1834041,3.580314e-05,0.10775363,0.22526743,0.0038881483,0.00010680757,0.31167954,0.00045087677,0.004296796
4340,0.0052950946,0.011467673,0.0017422877,0.026250094,0.5937746,0.0567121,0.004954745,0.66822886,0.03091235,0.037618734,0.008239338,0.005191701,0.0225558,0.013125075,0.02483414,0.031275798,0.00016164428,0.50274396,0.007176467,0.005634448,0.0027381785,0.065713346,0.0025179167,0.0065926844
4346,0.12147454,0.014054557,0.00034275616,0.01502825,0.2623141,0.5917938,0.002635903,0.5908277,0.004152204,0.01812578,0.07788062,0.003401597,0.17739716,0.0003137286,0.0012284291,0.2547781,6.187743e-05,0.10743736,0.033480216,0.00225426,0.00029179288,0.6400247,0.0021515337,0.008953313
4349,0.016647387,0.040552076,0.009888261,0.05929569,0.52906597,0.04136168,0.042636797,0.58998364,0.06603699,0.041406937,0.0030816218,0.02355662,0.009915766,0.038341846,0.037258223,0.014990367,0.0005460213,0.31705508,0.012385872,0.014596639,0.017337425,0.040431123,0.011615939,0.020636538
4356,0.010664554,0.01163187,0.00055565726,0.026038146,0.43124908,0.12752265,0.004239217,0.76500803,0.011778114,0.01841743,0.0151062915,0.0071256715,0.017487518,0.0037124061,0.009411309,0.05114343,0.0001413771,0.38900104,0.0058010365,0.002966819,0.0023550256,0.13792361,0.0058853724,0.007117623
4358,0.0150753325,0.028063599,0.004514985,0.048511885,0.52758425,0.059465185,0.023175748,0.6336796,0.04367815,0.032830596,0.004869806,0.01787357,0.00987869,0.025532251,0.028638048,0.019275136,0.00042611605,0.35000232,0.009439187,0.009979989,0.011158967,0.05619856,0.010339843,0.017532425
4360,0.07468107,0.012498594,0.00041854242,0.0071738283,0.25098917,0.41872287,0.0008396455,0.4839159,0.0048742313,0.037187114,0.05426442,0.0009799718,0.4563622,0.000151276,0.001074407,0.31267327,1.911661e-05,0.096333385,0.05785378,0.0013677425,7.088732e-05,0.62794244,0.00048527028,0.0039094626
4361,0.09079711,0.45589775,0.37560642,0.039960783,0.5710683,0.007994758,0.087666914,0.27180934,0.582036,0.46512437,0.0007428714,0.034959447,0.030222008,0.07101696,0.12433012,0.0099891955,0.0009721479,0.20327708,0.096950464,0.04013981,0.036291365,0.021071507,0.02011184,0.03925218
4363,0.21657448,0.0493277,0.0019837136,0.007296714,0.21015704,0.30354086,0.0022675819,0.34099045,0.010487212,0.06993056,0.019683952,0.0018854907,0.50334513,0.00020054432,0.0012838733,0.23470262,3.6174275e-05,0.048340105,0.1755981,0.0021961993,0.00014353223,0.5751208,0.0010294248,0.0083957305
4364,0.5236679,0.3020605,0.012471416,0.0046433858,0.15671915,0.090741426,0.00328872,0.17943466,0.033793334,0.17456253,0.0034505655,0.0030216032,0.47872034,0.0003035253,0.002450874,0.11374551,8.01509e-05,0.027801795,0.52899003,0.002226441,0.00032911633,0.4419602,0.0035952916,0.01250812
4378,0.023913894,0.036741693,0.008124789,0.099997096,0.43950662,0.04453192,0.11190445,0.5889355,0.047573347,0.019993775,0.0030159703,0.04330067,0.00365512,0.07069316,0.03948455,0.009811568,0.00095637736,0.25675136,0.008660685,0.014826961,0.04677731,0.033285867,0.024595646,0.027124519
4380,0.02677599,0.032683652,0.0046495716,0.02010941,0.46939734,0.11277358,0.004529203,0.5493448,0.04302947,0.098279215,0.014162682,0.0051741092,0.17159945,0.00328163,0.011239452,0.10574649,0.00013888422,0.25970268,0.03815986,0.007234736,0.0011406156,0.20068981,0.0026004917,0.010217563
4388,0.06103226,0.14265776,0.04885136,0.022646125,0.48993096,0.041180946,0.016089441,0.3711256,0.16081704,0.2756112,0.004588198,0.010500104,0.22693984,0.008217252,0.028280957,0.054211784,0.0003448872,0.19710675,0.122263916,0.022922656,0.0029593883,0.10577616,0.005359851,0.020311011
4389,0.07797319,0.014719171,0.00047670194,0.0029186644,0.1999092,0.28546193,0.00034797305,0.35121647,0.004673295,0.06180985,0.031135824,0.00032666186,0.7337558,4.6825222e-05,0.0007157105,0.35096234,5.8910114e-06,0.06074717,0.12012628,0.0008046772,1.6968115e-05,0.64530516,0.00015967089,0.0020386928
4399,0.009174593,0.021038841,0.0035658602,0.040193435,0.5710491,0.04824904,0.01391837,0.643337,0.043298315,0.03534338,0.0047270516,0.0117369555,0.010564038,0.026024966,0.032433115,0.01806365,0.00030867662,0.42099482,0.007655192,0.008120771,0.008058686,0.047862843,0.006204931,0.012224496
4402,0.018411515,0.035343587,0.012621786,0.16065618,0.42167494,0.017423593,0.26625893,0.531405,0.05787174,0.014442103,0.0012578203,0.053933743,0.0011908772,0.22714154,0.07164091,0.003143795,0.0013270223,0.24256808,0.0057258853,0.016601607,0.14433734,0.011137936,0.024700433,0.024787663
4406,0.040374808,0.045635287,0.0072217127,0.0059115593,0.35653824,0.062276438,0.0013951774,0.30939484,0.039456755,0.25027192,0.009503924,0.001035395,0.72701705,0.0007416006,0.0065794378,0.16747442,4.068981e-05,0.13981862,0.19529271,0.004642037,0.00013395592,0.2588631,0.00045012563,0.0039720507
4413,0.10768825,0.058961224,0.005128584,0.038499944,0.36924094,0.24771716,0.021882761,0.56271267,0.029938735,0.04624619,0.018716881,0.020711465,0.078817256,0.0037127642,0.0076084905,0.10013322,0.0004932085,0.14925459,0.047948733,0.012411213,0.004248783,0.28559467,0.014253285,0.032346122
4422,0.1054854,0.10449516,0.0131487325,0.08521531,0.3563059,0.10379561,0.111553304,0.58407193,0.05347278,0.030424012,0.0054312204,0.08873209,0.0103455335,0.01946544,0.018644523,0.025789024,0.0014069746,0.1676398,0.025394844,0.021476543,0.032726314,0.10692247,0.09058048,0.06246546
4424,0.24986912,0.18383384,0.013571485,0.07653436,0.27766863,0.1509132,0.08097848,0.5861821,0.046747193,0.03181123,0.007627427,0.13684435,0.015887324,0.008909156,0.011202672,0.0384491,0.0017302246,0.13078527,0.043525822,0.01905241,0.02583277,0.20027559,0.22170748,0.09343022
4425,0.21107055,0.023835873,0.0005181565,0.01737252,0.23852384,0.6087,0.004395734,0.56086683,0.004897196,0.018547077,0.06451858,0.005548175,0.14701302,0.00035899784,0.0012073979,0.23045313,0.00010017733,0.08360978,0.045103423,0.0026533653,0.00046862505,0.65537,0.004052334,0.0138558345
4426,0.03419536,0.01389815,0.00082302006,0.019117786,0.3987681,0.3033683,0.0030796328,0.6303035,0.011552851,0.0341715,0.042236734,0.0040668976,0.1390417,0.001285018,0.0044505186,0.16244365,9.8562894e-05,0.23196757,0.023086974,0.0042805495,0.0006430839,0.3677716,0.0022659737,0.00859732
4430,0.047036137,0.025890697,0.0022334906,0.013847866,0.37198368,0.19672664,0.0026093784,0.49616903,0.019738434,0.07991197,0.024526583,0.0027177292,0.34966898,0.000927499,0.004460367,0.17923923,7.258762e-05,0.1639048,0.06363315,0.004793392,0.0003758757,0.35387558,0.0012421021,0.0073622707
4431,0.02296887,0.079820365,0.032070294,0.016255364,0.5427332,0.028937507,0.006427125,0.4036812,0.15871534,0.32001308,0.0046430356,0.0047727916,0.2957724,0.007632832,0.03218951,0.062130515,0.00016145542,0.28430066,0.08490563,0.0146764135,0.0013680493,0.08962763,0.0019820132,0.009714558
4432,0.058069266,0.01088722,0.00038298627,0.015946211,0.32424754,0.48570472,0.0023051645,0.62726355,0.0056077973,0.022175532,0.07329163,0.0030917723,0.17475958,0.00051626243,0.002058682,0.23224239,6.37272e-05,0.16606477,0.02521679,0.0028019887,0.00033806777,0.53835106,0.0017574495,0.0075742337
4433,0.17386138,0.22964375,0.044748567,0.010055861,0.34787208,0.048396677,0.0076995157,0.23869783,0.11494846,0.3441139,0.0038949724,0.0050874217,0.46963102,0.0021247217,0.01127884,0.08055024,0.00017830839,0.088482395,0.3318006,0.01049031,0.00094444497,0.18989757,0.0031209,0.015794683
4435,0.13150312,0.05355462,0.0036778713,0.007490997,0.26163232,0.18331723,0.0021773225,0.33137792,0.019152485,0.117082074,0.014495363,0.0018436745,0.5610202,0.00038901856,0.0025777663,0.20171615,4.1879903e-05,0.06975906,0.18179612,0.0029829368,0.00018402429,0.443292,0.00091742276,0.007872948
4437,0.4147821,0.6583464,0.18569031,0.0124782715,0.34232002,0.017998803,0.020045228,0.19854295,0.33628777,0.44557935,0.0008563623,0.02139251,0.12813273,0.0056828945,0.021902066,0.024856228,0.0005190382,0.0720408,0.37746397,0.013479399,0.0063775578,0.095774464,0.027914492,0.03779702
4440,0.0043433267,0.011872555,0.0020078332,0.033098962,0.61352813,0.037868965,0.007926602,0.67353225,0.034720223,0.029175684,0.004553802,0.0070564672,0.008595215,0.02700382,0.0354409,0.015390489,0.00020116559,0.5248667,0.0047212048,0.005656982,0.0056641535,0.037065756,0.0034002909,0.007237
4443,0.0014420213,0.0069976887,0.0016338011,0.032098003,0.6824836,0.014411368,0.007522591,0.679751,0.036747027,0.021340944,0.0020046942,0.004999378,0.0027844778,0.06414938,0.063286774,0.0054934905,0.00013946003,0.65638745,0.0020250373,0.0038638702,0.008324272,0.012392833,0.0020241288,0.004121703
4445,0.05450996,0.03198759,0.0031455574,0.00860204,0.33785942,0.14900905,0.0016473327,0.39768597,0.022704804,0.12698323,0.017956376,0.0015626849,0.56010044,0.00059166865,0.0039985455,0.20205458,4.176504e-05,0.12616841,0.11443063,0.0036915585,0.00018467839,0.36757848,0.00065716536,0.0056439876
4451,0.03626649,0.016990803,0.0010568857,0.02475074,0.41327497,0.28105575,0.0051762844,0.6501483,0.013778184,0.030147182,0.033109322,0.006688797,0.08098456,0.0020969252,0.0056807203,0.12371644,0.00015515523,0.24012502,0.019437417,0.0054233545,0.0012746208,0.31069207,0.0040889666,0.0119181285
4452,0.5082954,0.69166255,0.06766135,0.015105212,0.2500727,0.01725174,0.017467853,0.2439874,0.25106677,0.36601532,0.0019836663,0.035029497,0.05820389,0.008394115,0.034915123,0.033294488,0.0014857359,0.094864115,0.42465174,0.005594616,0.03163367,0.12006901,0.09367018,0.031683985
4458,0.0636234,0.14382666,0.0010519751,0.014911587,0.27610618,0.04628941,0.00871047,0.75622004,0.019960107,0.018022513,0.0025165982,0.024651596,0.0011406324,0.0011250381,0.0038465015,0.013627486,0.00011239936,0.18424222,0.0067472705,0.0008351256,0.0148225175,0.08191882,0.10561053,0.014801538
4465,0.45745555,0.032457303,0.00034042576,0.014895753,0.1668563,0.74343747,0.0044507575,0.5206987,0.0028332237,0.011213447,0.06661227,0.005736934,0.116421044,0.00014329361,0.0004946891,0.24149878,7.42466e-05,0.0443089,0.056128453,0.00158503,0.00031380163,0.79067415,0.005161638,0.014857444
4468,0.012234907,0.022650156,0.0033475298,0.04361735,0.540112,0.061653636,0.016727634,0.65087825,0.038259286,0.030855775,0.0054563577,0.014260348,0.010341,0.022433452,0.027031578,0.020681245,0.00035085395,0.37953353,0.008170745,0.008502081,0.008729608,0.058757406,0.008119772,0.014541066
4470,0.11487551,0.102026135,0.012331273,0.0051216614,0.2874157,0.06617584,0.0021479824,0.23042291,0.04233019,0.2662784,0.005728408,0.0014373735,0.71553427,0.0005696887,0.004682227,0.13969138,4.8572314e-05,0.07245768,0.34086195,0.0043478752,0.00016457716,0.2876998,0.00076515344,0.0066239554
4473,0.08453648,0.03534523,0.0020652334,0.0022265837,0.20815869,0.119574636,0.0004911434,0.2410196,0.011131316,0.15476643,0.011813005,0.00034763498,0.8498044,9.234581e-05,0.0014652351,0.26534805,1.0226924e-05,0.057472643,0.28758886,0.0014222534,2.1558752e-05,0.49589887,0.00019728809,0.002401193
4481,0.021302788,0.033872157,0.0051630395,0.050555293,0.5004107,0.07273125,0.027756317,0.6238325,0.04380953,0.034287464,0.005577235,0.02116885,0.012086571,0.021099404,0.024512855,0.02346826,0.000481768,0.30658934,0.012020998,0.011279132,0.011338113,0.06991593,0.012929001,0.021254247
4488,0.009899798,0.022110475,0.0038059114,0.04521703,0.56132054,0.046845656,0.01816285,0.6428111,0.043121543,0.03154216,0.0042209537,0.014057538,0.008185289,0.030717814,0.033828244,0.015537965,0.00035772627,0.40607467,0.0072392034,0.008629688,0.010419091,0.043601744,0.00754321,0.013589549
4491,0.118571825,0.38593087,0.2276121,0.048812527,0.5139349,0.015310431,0.09243695,0.31938285,0.40699783,0.3078904,0.0012958539,0.043513935,0.032191575,0.04954537,0.08172631,0.013476628,0.0013741257,0.18990335,0.09963452,0.045229718,0.03228255,0.036358744,0.02949081,0.04716665
4492,0.11268649,0.3759853,0.22141112,0.020970076,0.51234436,0.020039452,0.029269598,0.26771408,0.41176882,0.5233947,0.0021787516,0.015885781,0.18624535,0.015431224,0.05610489,0.03783116,0.0005679281,0.16933829,0.20000023,0.03054843,0.006911783,0.067736566,0.009252993,0.02951217
4493,0.02212328,0.021930749,0.0021263154,0.03419772,0.4806023,0.13934945,0.010088792,0.6566397,0.02524164,0.032382354,0.01347685,0.011089383,0.030043105,0.0069493046,0.012625168,0.05440816,0.00026256655,0.3047043,0.013280089,0.007594785,0.0036344046,0.14747006,0.006852507,0.014762976
4494,0.035565283,0.07117975,0.019952979,0.011273805,0.45867637,0.044798553,0.003835217,0.35302794,0.09538062,0.30933496,0.0068811732,0.0028209854,0.52368456,0.0027272822,0.015825097,0.10313358,0.00010218159,0.19881257,0.14461981,0.010754235,0.00053211034,0.15556894,0.0011446608,0.007553902
4495,0.0048688753,0.010048797,0.0013963698,0.029322058,0.5930002,0.056466084,0.0058624926,0.6879091,0.0262375,0.027721211,0.0074399733,0.005833221,0.0140983015,0.0155617315,0.024987198,0.024878422,0.00017093992,0.50964916,0.0054370314,0.005442524,0.0034439755,0.05764627,0.0028689357,0.006736657
4496,0.042905983,0.015490968,0.0008538027,0.019902272,0.3838883,0.33130682,0.0035049755,0.6244391,0.011254214,0.03292563,0.04369441,0.0046014795,0.1363168,0.0012283248,0.004136507,0.16557637,0.0001086663,0.21080013,0.025120595,0.0043962914,0.00070303684,0.3899909,0.0026531972,0.009747729
4497,0.015294825,0.13224947,0.11090181,0.046008855,0.62966216,0.0061102933,0.05618759,0.38627496,0.34221685,0.22606014,0.00072825,0.017821481,0.014490031,0.1151077,0.14253797,0.00595454,0.0005086756,0.35491008,0.026340034,0.023149941,0.028858028,0.011068235,0.006527547,0.016679805
4499,0.0072679054,0.017770657,0.0030009658,0.0404796,0.58209836,0.042682722,0.0132168615,0.6562574,0.04034309,0.030505748,0.0042101825,0.011004495,0.007893616,0.03028704,0.0350075,0.015030412,0.00028890956,0.4509802,0.0059777233,0.007191748,0.008605392,0.040376384,0.005729049,0.010795114
4517,0.35560343,0.18387423,0.011411979,0.0072089178,0.20495395,0.128257,0.0048427754,0.23884018,0.03218551,0.15895033,0.0060215527,0.003629904,0.49492276,0.00051980006,0.0029737474,0.13879299,0.000103155515,0.04291137,0.38226387,0.0038823977,0.00039181855,0.42546406,0.0030342818,0.014438261
4523,0.0637117,0.27664733,0.19289923,0.049723245,0.5574029,0.014216217,0.08237819,0.34586623,0.38673225,0.30261004,0.0014319004,0.030929456,0.033918932,0.059909012,0.09860011,0.013408729,0.001105952,0.2386798,0.07185437,0.04474701,0.026778935,0.030231528,0.016415393,0.036024094
4524,0.005137944,0.0201345,0.0030789447,0.027884899,0.6642289,0.035843756,0.0050081457,0.63331395,0.05870751,0.06531809,0.011979968,0.006400518,0.009745606,0.03013024,0.058011018,0.023433587,0.00031287616,0.64605016,0.006629659,0.004362465,0.0118039735,0.035961088,0.0046850475,0.008761068
4526,0.2376336,0.06725855,0.0028408612,0.034668338,0.2889283,0.42291108,0.019368676,0.55842936,0.017229555,0.03180226,0.031752322,0.023502477,0.07828682,0.0018680504,0.004084538,0.13403822,0.0004961677,0.106255434,0.057925843,0.0083341515,0.0033236481,0.4612122,0.022151975,0.04005712
4529,0.008048531,0.0136821205,0.0017250149,0.031998873,0.5597038,0.07347278,0.00743582,0.6776017,0.027510265,0.029763956,0.008489609,0.0076364623,0.016891425,0.0131456265,0.021144845,0.030472038,0.00020821494,0.43953943,0.007201325,0.006306734,0.0038496377,0.07565899,0.0040621953,0.009067214
4530,0.35446313,0.04255814,0.0008506864,0.012621478,0.18733855,0.56416756,0.0041385405,0.44595766,0.005301023,0.025478125,0.04052966,0.004201182,0.25399327,0.00018348187,0.000758429,0.2413319,7.1331146e-05,0.045192093,0.10653884,0.0023172558,0.00028073185,0.7020738,0.0028305065,0.013086798
4531,0.181933,0.021113038,0.00051945314,0.014198211,0.23253791,0.5730769,0.0031339433,0.52996796,0.0046121962,0.021849398,0.060394805,0.0034902487,0.23493744,0.00025057874,0.0010062533,0.2598018,6.406929e-05,0.07592927,0.05664423,0.0024394838,0.00027382476,0.6601566,0.0020619978,0.009932325
4543,0.48243022,0.36829412,0.017869394,0.06371486,0.19604057,0.11581029,0.0625818,0.5611389,0.050444253,0.032535333,0.004223161,0.20053299,0.0137925735,0.0051003634,0.0071484824,0.031360213,0.0018263784,0.08594184,0.074407995,0.01381315,0.027815808,0.23634161,0.44260785,0.12056696
4544,0.013076075,0.015330816,0.0015765046,0.029483475,0.5152925,0.11688432,0.006561936,0.67038876,0.023261787,0.032180414,0.013522331,0.007421345,0.031523444,0.006975613,0.013768363,0.05196571,0.00019209429,0.37003446,0.0105054965,0.0064481418,0.0025922924,0.1282301,0.0041597025,0.010145591
4547,0.0034457927,0.010314691,0.0019029188,0.027538065,0.63067293,0.035764553,0.005522944,0.6670925,0.03543541,0.035304666,0.0051929867,0.0050889454,0.013053879,0.021997057,0.035210032,0.018510256,0.00015744273,0.55886436,0.005185001,0.005347901,0.003729161,0.03876027,0.002272752,0.0057389014
4548,0.046708785,0.0751899,0.01954733,0.10318453,0.4138236,0.044349376,0.16107972,0.5278639,0.07722858,0.034425497,0.0027711762,0.05983528,0.006128123,0.06312438,0.039478887,0.012116694,0.001248418,0.19711988,0.01716227,0.022013046,0.055933617,0.04001951,0.037241053,0.04080379
4552,0.12877317,0.05270921,0.0023035232,0.029965596,0.37498307,0.29010633,0.008274512,0.5463176,0.025450883,0.028666256,0.057347476,0.015501268,0.044364665,0.0050633224,0.015234745,0.15986577,0.0005359721,0.25914258,0.03261819,0.005367195,0.004970141,0.40003592,0.01573798,0.020459328
4555,0.019625703,0.064086705,0.0036218183,0.1059749,0.36552688,0.015493412,0.10676196,0.6879544,0.03751976,0.012769004,0.0007838943,0.051322144,0.00016173,0.08412097,0.03559186,0.0015981466,0.0008775096,0.30185527,0.0024044823,0.003540348,0.25663745,0.009281929,0.053395323,0.025068551
4558,0.004693442,0.010288782,0.0014865729,0.029812105,0.5979775,0.052168086,0.006103674,0.6860322,0.027714204,0.028088747,0.006799701,0.005989587,0.012880852,0.017284391,0.026842572,0.022818742,0.0001753895,0.5154035,0.0052637532,0.0054361313,0.0037540297,0.053020388,0.0029382429,0.0067720534
4566,0.24207091,0.014156072,0.00018178158,0.01061694,0.18664241,0.72688496,0.0018459818,0.5466041,0.0020590299,0.011942021,0.08909481,0.002276244,0.19941224,9.3142386e-05,0.00044329916,0.3036018,3.1540476e-05,0.05871599,0.040789627,0.0011827631,0.00011452727,0.78237456,0.0016091166,0.007072617
4569,0.2494608,0.15724926,0.015181611,0.039724763,0.32538417,0.20395613,0.038414676,0.4679988,0.0535688,0.07564982,0.011654955,0.03609552,0.09262415,0.0042939917,0.008773454,0.085618585,0.00086977374,0.10398628,0.10700973,0.01725397,0.007060445,0.2900511,0.032638054,0.056391217
4576,0.025769785,0.01900691,0.0021796778,0.009320482,0.39314106,0.13764173,0.0012677576,0.46614486,0.021760527,0.1161838,0.02314789,0.0012686375,0.52862823,0.0007214717,0.004911037,0.21209522,3.9867115e-05,0.1961993,0.06984915,0.0037989304,0.00016696216,0.3328069,0.00047940234,0.0040454236
4577,0.060242478,0.013990036,0.0005681557,0.019189205,0.34302497,0.4409487,0.0033713623,0.6297101,0.0076119835,0.024679497,0.059654303,0.0044763754,0.1398571,0.00080791645,0.0027804358,0.19744907,9.67897e-05,0.17571253,0.025562812,0.0036653415,0.00057338504,0.4815533,0.002673933,0.009908022
4578,0.09503383,0.26979354,0.07493857,0.027581964,0.44695166,0.025272777,0.045444224,0.30398053,0.28705007,0.39143702,0.0040919953,0.013822975,0.063283555,0.02111778,0.06845233,0.05028198,0.0007843019,0.1829179,0.10966501,0.012506937,0.027147455,0.072008535,0.011834755,0.049749117
4579,0.010891098,0.023134602,0.003815215,0.043295663,0.55554557,0.05202665,0.016759805,0.6418881,0.04302678,0.033768337,0.0047441637,0.013739282,0.009958839,0.026213717,0.031099519,0.018205568,0.00034752203,0.39567474,0.008060832,0.008663416,0.0092101265,0.050338596,0.0075242994,0.013930975
4583,0.016883867,0.039807763,0.002607251,0.057519443,0.4016295,0.03717063,0.040430564,0.70273083,0.036232665,0.025977412,0.00680233,0.026079038,0.0013493598,0.055287164,0.041205946,0.01126523,0.0012604858,0.3835035,0.004239098,0.0036310875,0.06332092,0.03346018,0.03236704,0.017055761
4585,0.024177851,0.16818008,0.13003707,0.038787365,0.61674315,0.009795552,0.046612047,0.3753734,0.35856923,0.29525852,0.0011804957,0.017923404,0.033027466,0.06529257,0.113996685,0.011165548,0.00054607814,0.31930292,0.043583468,0.029250434,0.018159822,0.020184401,0.007386651,0.020557864
4592,0.014954045,0.049774505,0.0028385741,0.037640747,0.42283833,0.041282464,0.014547552,0.74731886,0.04226007,0.048279386,0.009561516,0.014901176,0.004281077,0.024276532,0.048277516,0.019423898,0.0011487532,0.441078,0.006054574,0.0032642828,0.02910725,0.04935672,0.022089453,0.016162151
4596,0.17398982,0.10786031,0.0059037185,0.0044162683,0.21118014,0.08781641,0.0016720257,0.21349038,0.03773511,0.19869779,0.018650588,0.0011393081,0.6964564,0.00060817477,0.008311796,0.29338,0.00010312837,0.09721953,0.34937105,0.0020763888,0.0002150437,0.52647173,0.00077658554,0.007610543
4599,0.09868227,0.18525651,0.004773607,0.11457611,0.24745348,0.023802327,0.15762955,0.72288966,0.049204007,0.013662802,0.0013339067,0.20030445,0.00024262995,0.075583175,0.035980757,0.0022635313,0.0022585583,0.20475148,0.006596802,0.0053773737,0.47898725,0.022798397,0.34547627,0.044015788
4611,0.34759995,0.09667026,0.0031812284,0.039217282,0.2505628,0.455211,0.027808415,0.5624515,0.01656588,0.026075138,0.028416405,0.037995003,0.0555188,0.0017015921,0.003392286,0.12112237,0.0006101503,0.08640302,0.06303451,0.008391592,0.004588683,0.49848226,0.04706962,0.05578323
4612,0.05207574,0.013562544,0.00069822505,0.008096793,0.29176688,0.31802124,0.0010007637,0.4798771,0.0074100215,0.051742237,0.043989837,0.0010512618,0.5141333,0.00024184908,0.001656999,0.29270956,2.4681138e-05,0.11892616,0.06538218,0.002103546,9.3124974e-05,0.540344,0.00043289008,0.0039642975
4615,0.13321231,0.062584564,0.003947116,0.0029187002,0.21043989,0.10921182,0.000936787,0.22296238,0.01638185,0.17493078,0.008427246,0.00064288254,0.8014123,0.0001520468,0.0018641496,0.21260782,1.900906e-05,0.049752004,0.35135275,0.0019719193,4.6188055e-05,0.45408633,0.00038839385,0.003985305
4616,0.020809252,0.12162555,0.009944313,0.07298827,0.41378048,0.006836511,0.07641508,0.66170084,0.09333192,0.028215175,0.001081502,0.07130692,0.00030909156,0.13569704,0.10174468,0.0016179795,0.0013759224,0.41126427,0.0066094,0.0049442337,0.4419561,0.0074101053,0.10340027,0.024291681
4621,0.11123509,0.4512375,0.32356972,0.029277496,0.5485122,0.0132334195,0.053648155,0.27121523,0.52687263,0.51690555,0.0012995179,0.026614936,0.079078086,0.033936568,0.08780492,0.020273339,0.0008350201,0.18675911,0.14894311,0.038412783,0.017266726,0.039763637,0.01630773,0.03822275
4624,0.24132964,0.02678188,0.000549142,0.018203845,0.23153979,0.6216022,0.0050210506,0.5595844,0.004965314,0.017827976,0.06295155,0.0064052683,0.13339874,0.00036881358,0.0011829822,0.22513604,0.000112854614,0.07887203,0.046472903,0.0027046609,0.00053469767,0.6640992,0.004932305,0.0155806625
4628,0.0064164577,0.014926985,0.0023530703,0.036370803,0.5879173,0.046787005,0.010054335,0.6666588,0.035428658,0.029826,0.0050384346,0.008962494,0.009503637,0.024530828,0.031528138,0.01761809,0.00024546566,0.47067228,0.005804035,0.0065938337,0.0064217104,0.045294084,0.004585868,0.009307462
4632,0.108789355,0.017288812,0.00059326773,0.010226174,0.24861611,0.4578178,0.0016795116,0.49455965,0.005518072,0.03354275,0.050310794,0.001786447,0.3809454,0.00021172178,0.0011225261,0.2859062,3.442919e-05,0.084429264,0.06464879,0.0020481213,0.00014200575,0.61955214,0.0008614065,0.006182396
4636,0.50568336,0.36240402,0.012764078,0.06836417,0.17671768,0.123234026,0.060699888,0.6009946,0.040358648,0.023748165,0.0045495783,0.24302092,0.008961864,0.0050503192,0.006571999,0.027396897,0.0018576877,0.08747145,0.057587393,0.011445877,0.03349877,0.24374008,0.5621771,0.12778607
4637,0.23434824,0.074492596,0.0038751243,0.03129093,0.29057017,0.37936103,0.018236808,0.5194995,0.020323254,0.04204331,0.0273413,0.01883978,0.12162546,0.0016631908,0.0040025837,0.14534585,0.00044118767,0.09577744,0.079962544,0.009238803,0.002679162,0.45069855,0.01473352,0.035968345
4642,0.25038156,0.34582666,0.006050226,0.071230344,0.27701873,0.0883724,0.049334515,0.725459,0.05225736,0.025442967,0.003335166,0.20798738,0.0011242732,0.012299941,0.01572901,0.012291965,0.001614232,0.22028619,0.019826882,0.0058859135,0.15718915,0.11035791,0.4702486,0.06354664
4644,0.30292904,0.6713974,0.33927664,0.022315912,0.43752128,0.012329956,0.045964263,0.22294533,0.51722795,0.50283396,0.0007245841,0.03701322,0.06775751,0.019245232,0.052049536,0.016622154,0.0009226812,0.1103856,0.26126125,0.027705874,0.016683044,0.05231832,0.039314266,0.04925029
4646,0.14865334,0.047507063,0.0027069154,0.025074549,0.3123424,0.356769,0.0100319665,0.52721393,0.017495526,0.044831906,0.030053828,0.010308369,0.16422676,0.0013178531,0.0037392057,0.1642181,0.00024658453,0.11135091,0.06675082,0.0071852547,0.0014389376,0.43952066,0.0065511116,0.02235858
4648,0.013191375,0.08046677,0.009881624,0.087985866,0.4440297,0.032077745,0.06167878,0.6964843,0.06945972,0.04644173,0.004045016,0.064369425,0.0033647392,0.09357932,0.087939456,0.015718302,0.0020602106,0.5177531,0.012331082,0.009673743,0.06413782,0.028802413,0.052221533,0.021511553
4650,0.37981826,0.34539685,0.015188571,0.09788048,0.19449086,0.07576908,0.09113787,0.64974725,0.050080683,0.020271655,0.003162548,0.34617466,0.0039333403,0.011932168,0.011538284,0.014775734,0.0023865371,0.11757024,0.033731844,0.014724319,0.075498804,0.14026073,0.68404603,0.1328262
4652,0.041355476,0.0130592,0.0006581418,0.017664492,0.37119448,0.3598977,0.0027054434,0.6251899,0.009317972,0.03105315,0.05123417,0.003624858,0.15924452,0.00093192805,0.0034434649,0.18932252,8.381003e-05,0.20606855,0.024739645,0.0036543785,0.00050230057,0.42880774,0.0020274054,0.008196492
4653,0.0550589,0.25878364,0.18054414,0.039208353,0.5744479,0.014767006,0.057356924,0.34164846,0.38745198,0.3446868,0.0016016329,0.024062643,0.049601305,0.04548418,0.090698,0.016600844,0.0008042694,0.24519925,0.07684148,0.0379287,0.01890824,0.03319959,0.0122488355,0.03125151
4654,0.34826893,0.05461107,0.0012280155,0.024105944,0.2285032,0.57849634,0.010601765,0.53851527,0.008330316,0.021772197,0.045534257,0.013730724,0.09947079,0.00063927134,0.001687659,0.18119279,0.0002442044,0.07197849,0.06372826,0.004193565,0.0013077966,0.6284045,0.013013805,0.029202616
4658,0.12417731,0.009784792,0.00017808138,0.008302996,0.21364275,0.64188445,0.0010148054,0.5445394,0.0023216773,0.0167543,0.08981068,0.0012393516,0.31600186,8.720852e-05,0.0005466515,0.33650267,1.8712713e-05,0.076818764,0.039606854,0.0011160307,6.599396e-05,0.74327683,0.00071489793,0.004484404
4662,0.49556398,0.25499994,0.0019128552,0.028780121,0.15552066,0.3180082,0.010192041,0.6177268,0.016004812,0.038069844,0.035153914,0.044793185,0.028419169,0.0012236394,0.005244859,0.14672896,0.0007904872,0.13979223,0.14118966,0.002064019,0.00876528,0.5385351,0.12177626,0.027915418
4666,0.016698344,0.1261797,0.11783979,0.06281739,0.59763163,0.004700111,0.08979364,0.3504187,0.32646546,0.18497014,0.000642175,0.01924539,0.010640215,0.17485559,0.15368241,0.004288784,0.0006473589,0.30557826,0.025374286,0.02433633,0.04911585,0.008139597,0.0063509736,0.016896876
4669,0.0075486912,0.011488904,0.00135234,0.027177785,0.5545968,0.08608832,0.0051435535,0.6812242,0.023616644,0.031461578,0.011502543,0.0057094987,0.026362559,0.008852745,0.017335799,0.042117167,0.00016268803,0.44706568,0.007908698,0.0056816526,0.0023805301,0.095813595,0.0029622247,0.007538827
4670,0.064188324,0.23081458,0.13066481,0.04247821,0.53957725,0.021834463,0.05626548,0.36870635,0.30254945,0.28472915,0.0022344345,0.025283696,0.062435657,0.034146044,0.06945108,0.021777507,0.000915841,0.23232377,0.084327504,0.04199354,0.014662083,0.047658604,0.013722885,0.03390173
4673,0.06553658,0.035407566,0.0026367507,0.033646706,0.39639553,0.24888639,0.0128219975,0.60935974,0.022416491,0.036865704,0.021801094,0.014396179,0.061712172,0.0034951908,0.0074757785,0.09583364,0.00032898548,0.19299316,0.02844502,0.008610189,0.0030737154,0.27253753,0.010038462,0.022717504
4675,0.0032473183,0.014102338,0.0038816347,0.052072495,0.6300701,0.0141743515,0.02204688,0.6326906,0.05242352,0.023451636,0.0014270297,0.011211681,0.002031772,0.106483966,0.0746666,0.004109139,0.0002828214,0.53401643,0.0028667336,0.006109251,0.020982418,0.011203808,0.004705589,0.00774564
4697,0.0016000415,0.009407695,0.002630548,0.0268765,0.69646245,0.013730433,0.006115667,0.6473849,0.052235246,0.0372882,0.0021489083,0.004319037,0.005570118,0.05540765,0.06793602,0.0074250437,0.0001422859,0.65567887,0.003244982,0.004348598,0.0063950582,0.014170308,0.0016725422,0.0041511822
4699,0.61278796,0.05711298,0.0003091985,0.012096806,0.16182671,0.77435434,0.004772368,0.45856842,0.003732997,0.0067360755,0.101196736,0.009211141,0.031986084,0.0002042084,0.0009913769,0.28353477,0.00012623903,0.0696605,0.053126983,0.0009752199,0.00088084786,0.84334695,0.013865374,0.01342675
4703,0.0644341,0.2324665,0.12956595,0.038857035,0.5418354,0.021952672,0.050664943,0.36246067,0.3040004,0.2962026,0.0022331881,0.023969948,0.06794528,0.030689387,0.065724544,0.022785602,0.00081328553,0.22698186,0.08722163,0.038501624,0.013650118,0.048698865,0.013033456,0.032925714
4711,0.20355318,0.11156384,0.0060335253,0.0025484618,0.1857377,0.07940735,0.0010181715,0.17625612,0.021835022,0.21298805,0.005437728,0.00071501517,0.7795865,0.00016710996,0.0022274228,0.1720741,2.210043e-05,0.039397944,0.4570262,0.0016235983,6.290095e-05,0.42568803,0.0005502894,0.0044737644
4713,0.0034209478,0.009086376,0.0014631547,0.029562477,0.6210922,0.03959038,0.005944326,0.6884947,0.029198129,0.026856147,0.0053380383,0.005522776,0.009583216,0.022590414,0.032684874,0.01722622,0.0001634898,0.5578271,0.004217458,0.0049648643,0.004200131,0.039237026,0.0025907606,0.00588434
4719,0.096305,0.40609393,0.2920353,0.025766833,0.552189,0.014541803,0.041969355,0.2726063,0.5007888,0.5397749,0.0016234483,0.020391222,0.11571661,0.027134707,0.0823882,0.025968678,0.0007083735,0.19460385,0.15924476,0.036897518,0.012031999,0.04566903,0.011502618,0.03255906
4727,0.003195372,0.010749204,0.002085869,0.03612293,0.63430154,0.02571588,0.009483877,0.67144686,0.037031177,0.025284631,0.0029989788,0.007231001,0.004816287,0.043043096,0.046267617,0.00927159,0.0002012525,0.55860376,0.0034300976,0.005266505,0.007988746,0.023064213,0.0032839084,0.0065106074
4728,0.002824741,0.012878027,0.003311744,0.037048016,0.6565992,0.016902152,0.011157202,0.63804483,0.051877704,0.032247506,0.0020485264,0.007389844,0.004385612,0.06278243,0.0631138,0.006780285,0.00020716975,0.5711264,0.003656435,0.0057043363,0.010125273,0.015793178,0.0030429272,0.0063643665
4729,0.37733576,0.4135819,0.048678372,0.006527565,0.25136492,0.03770569,0.0060448777,0.17729242,0.11356608,0.34997895,0.0020778892,0.005297017,0.40328416,0.0012237432,0.008039509,0.063163616,0.00015700812,0.05061929,0.48588,0.005433698,0.00096501503,0.21625614,0.0053667314,0.01601085
4732,0.2461716,0.27526942,0.042463135,0.008340904,0.29726425,0.052042548,0.0069198497,0.2154518,0.102013215,0.33481798,0.0033637912,0.004883023,0.47230092,0.001536308,0.008522819,0.08505116,0.0001571185,0.066744946,0.38848206,0.0075050564,0.0008284576,0.22397219,0.0035245768,0.016284358
4735,0.21218482,0.016309239,0.00026722232,0.0140209785,0.21296006,0.6847538,0.0027839628,0.5704092,0.0029261895,0.013526363,0.08158731,0.0035511488,0.15828508,0.00019038029,0.0007290284,0.2704493,5.491911e-05,0.07375795,0.037252817,0.0016686867,0.00023662648,0.72587025,0.002528195,0.009610364
4736,0.17537278,0.48796284,0.0893201,0.020549038,0.3771507,0.012977585,0.027476119,0.2773773,0.32006845,0.4393407,0.001222624,0.021894785,0.040932246,0.013468989,0.048082747,0.020024413,0.00035278557,0.11757896,0.13421926,0.008089291,0.029860677,0.05252002,0.027661527,0.027374005
4737,0.2710802,0.6539724,0.106866375,0.0083337715,0.29714224,0.007929789,0.008539993,0.24628428,0.31560796,0.58670396,0.0009506381,0.018883917,0.2219558,0.003384938,0.028485937,0.04261151,0.00047501136,0.101804,0.55311584,0.00677788,0.00944044,0.076437324,0.04416054,0.024843803
4741,0.011663055,0.024540203,0.004174956,0.049347293,0.54421794,0.048856065,0.022588972,0.6407095,0.04365822,0.029955454,0.0040682806,0.01682873,0.0073365797,0.032410145,0.0332862,0.015167395,0.00040804077,0.38188797,0.007476748,0.009102671,0.012474504,0.04438206,0.009402578,0.015497833
4744,0.024834123,0.025175482,0.0031331063,0.024443615,0.47304514,0.13634528,0.0058576535,0.58907557,0.030621508,0.062154222,0.016355041,0.00607762,0.121333316,0.0034459694,0.009941857,0.09417157,0.000163584,0.26709867,0.028819319,0.008373407,0.0014166874,0.19575334,0.0028934488,0.010877396
4748,0.014972522,0.032403555,0.01236556,0.16673817,0.42846125,0.012830752,0.278029,0.5281513,0.05942329,0.013205665,0.00095106976,0.050369546,0.00081741146,0.28563824,0.0826623,0.0022591753,0.0012280425,0.25721455,0.004535877,0.01455019,0.1717405,0.008042803,0.022189273,0.021752087
4752,0.29059348,0.17206575,0.011601693,0.0048737316,0.21079226,0.092142716,0.0029261964,0.2012984,0.033313144,0.20433512,0.004980684,0.0020334106,0.6343956,0.0003827585,0.002987089,0.1370797,6.370935e-05,0.042001814,0.44828126,0.0033252188,0.00020953195,0.39064875,0.0015329703,0.009618773
4757,0.24957156,0.09826012,0.006005503,0.037308935,0.2980293,0.3335884,0.027247708,0.5176251,0.027634187,0.04644198,0.021509605,0.027892135,0.095286235,0.0024941654,0.005295356,0.12139828,0.00063342456,0.099268295,0.08194899,0.011839173,0.0044558994,0.40053767,0.024239564,0.046890114
4760,0.27390414,0.04557898,0.0012126358,0.023543438,0.248245,0.5449474,0.009279965,0.54539865,0.008767961,0.024118382,0.04633421,0.011638577,0.113514274,0.0007049429,0.0019353053,0.18451555,0.00022670074,0.08297687,0.059095293,0.004426713,0.0011920132,0.59492415,0.009946073,0.025303219
4761,0.14642146,0.011159175,0.00019482187,0.012438333,0.22653559,0.67917305,0.0019081517,0.59112835,0.002530234,0.013213434,0.09615023,0.002467388,0.18770032,0.00016283174,0.00071911456,0.29318026,3.852236e-05,0.087396145,0.03099745,0.0015051789,0.00016177227,0.72208977,0.0016039753,0.0070386087
4777,0.6678469,0.48213568,0.018712064,0.0037476257,0.14047587,0.057424653,0.0030881823,0.1412565,0.046763416,0.20885232,0.0017832129,0.0035542261,0.4227953,0.0002614619,0.0024850175,0.07794392,9.1929534e-05,0.020856164,0.6627806,0.0020118887,0.0004089559,0.39987645,0.005306625,0.012900213
4778,0.17154244,0.05382625,0.002969427,0.026354292,0.304629,0.36552748,0.01172938,0.52266914,0.018031927,0.044151638,0.029348452,0.0119657535,0.15421127,0.0013711955,0.0037348843,0.16043325,0.00028527275,0.10519967,0.07119315,0.007612693,0.0016648631,0.44586024,0.008004997,0.025373232
4780,0.5823184,0.1139829,0.0018703591,0.026921326,0.1865478,0.5850303,0.016349142,0.502421,0.009836657,0.020095916,0.03413014,0.025376797,0.06906458,0.0006128469,0.0014732464,0.14879543,0.00037014342,0.050818704,0.09364703,0.004311141,0.002147272,0.6721747,0.033813782,0.047127586
4784,0.002139528,0.0075310604,0.0014273146,0.030474033,0.65282,0.024672432,0.006356076,0.6898033,0.031024534,0.023271222,0.0033623017,0.005103805,0.0052036806,0.036415584,0.044315998,0.009901145,0.00014683424,0.612653,0.002832923,0.0043167304,0.0055228863,0.022627464,0.0022145428,0.004805172
4788,0.067336634,0.058444712,0.0064958967,0.05507422,0.40646926,0.1461887,0.04287755,0.5975183,0.038739644,0.035031423,0.009324634,0.035186052,0.021587497,0.01039701,0.013764278,0.044377767,0.0006975992,0.1942921,0.024393307,0.014390604,0.011462896,0.1468789,0.02758982,0.037725072
4790,0.08985139,0.1175295,0.023694737,0.1091711,0.36070278,0.059786588,0.18758348,0.53889173,0.07590193,0.033515964,0.0031618853,0.09906283,0.007911419,0.039113637,0.028094986,0.016206551,0.0017018279,0.15807661,0.025055582,0.028018646,0.057253513,0.062099356,0.08086066,0.06010077
4795,0.05312057,0.14410038,0.017147625,0.1338591,0.39713898,0.022334978,0.14442568,0.58242714,0.10955628,0.041231666,0.0022833776,0.06427737,0.00056443014,0.14844926,0.09493632,0.0041587944,0.0033053001,0.3135727,0.008184905,0.008964604,0.3436788,0.017998409,0.077321455,0.053864297
4796,0.08549285,0.47739556,0.28177562,0.028218424,0.6638199,0.0073650796,0.037842453,0.26889855,0.6395251,0.54070103,0.00091727544,0.02235977,0.018821992,0.074793905,0.17193818,0.010731406,0.00067460316,0.3118809,0.099504314,0.023367431,0.043854415,0.021817958,0.015423475,0.03225323
4798,0.7814963,0.35436174,0.006985543,0.011183321,0.13902694,0.27259266,0.00856417,0.28310552,0.021964695,0.06063466,0.006454866,0.013091129,0.15327121,0.000316484,0.0012956725,0.1053707,0.00020209975,0.021447523,0.36305678,0.0026311097,0.0011373108,0.6100646,0.01970424,0.03517746
4799,0.0034773014,0.009097829,0.0014428971,0.029971322,0.61911553,0.040137604,0.0060894764,0.6900017,0.028769888,0.02616626,0.005326086,0.0056462632,0.00925483,0.022706734,0.032368876,0.017057976,0.00016548041,0.55498886,0.004158188,0.0049677766,0.004300733,0.039367657,0.0026660634,0.0059713433
4804,0.2612461,0.33326197,0.058747973,0.00846283,0.3130015,0.041314207,0.007924517,0.20274153,0.13276713,0.3786863,0.0027136228,0.0056185075,0.43924007,0.0018794386,0.010454662,0.069791995,0.00018623553,0.068490565,0.41084352,0.008735807,0.0010522873,0.19063242,0.00415902,0.017402884
4805,0.37454763,0.0601566,0.0002483042,0.0218531,0.12659918,0.5962895,0.003733474,0.7338646,0.0031195455,0.0151965255,0.088363655,0.014042405,0.05589626,0.0003082217,0.0011812993,0.1948208,0.00017600265,0.077564016,0.039746396,0.0010005815,0.0026537853,0.71945345,0.025576172,0.012349824
4806,0.022190064,0.099817015,0.014692089,0.042977173,0.4628281,0.015796604,0.022446783,0.5497563,0.14245802,0.12967527,0.0028647128,0.018045776,0.0073468597,0.03214616,0.060940627,0.013427945,0.00052508386,0.36939636,0.016387837,0.005281372,0.04822962,0.027054781,0.02105579,0.019661414
4809,0.21946765,0.30786726,0.009472138,0.081643105,0.23129463,0.055011593,0.08125405,0.64478576,0.06277114,0.031945884,0.0052046333,0.12195197,0.0012016636,0.032345053,0.027207168,0.010855133,0.0024124621,0.17863573,0.019146504,0.006320917,0.1834634,0.08556473,0.26096234,0.0590285
4811,0.004250934,0.011508747,0.0019308792,0.03393693,0.61387485,0.03732952,0.008279625,0.67599475,0.03361359,0.027386544,0.004409642,0.0071865004,0.007763217,0.028297158,0.035753004,0.014446467,0.0002043913,0.52634895,0.004460748,0.0056519946,0.005965114,0.03548193,0.0034532722,0.007221798
4815,0.0031356672,0.011293915,0.0023424781,0.034266032,0.6418333,0.024510156,0.008818258,0.6615671,0.040628836,0.029221574,0.0030074385,0.006788584,0.005771996,0.04177791,0.04791784,0.009789047,0.000194086,0.56348866,0.003815534,0.005434121,0.0073044514,0.023104962,0.0029941539,0.006345199
4820,0.01512101,0.107208624,0.07154904,0.04157068,0.6216154,0.00996898,0.04026034,0.4248753,0.26593924,0.20069067,0.001156415,0.016258093,0.022874223,0.073616706,0.106253415,0.009278786,0.00045941494,0.36046085,0.028142644,0.022881636,0.017461069,0.017592007,0.0062434864,0.016885994
4831,0.027138332,0.053147838,0.014665619,0.14582096,0.3908764,0.022336347,0.24456342,0.5591787,0.06505333,0.017189737,0.0014199271,0.072252415,0.0013519216,0.15719654,0.06087206,0.0042913323,0.0013130247,0.23151618,0.006978329,0.016579412,0.13022411,0.016618406,0.04509204,0.03197064
4835,0.0030523504,0.011956208,0.002688525,0.030080397,0.6502625,0.024138361,0.007108036,0.64864355,0.04599851,0.03805593,0.0033017017,0.005775095,0.008785505,0.035307165,0.047884565,0.011965392,0.00017223637,0.57164204,0.0046761287,0.005551028,0.005552857,0.025438529,0.0024508054,0.0059021967
4837,0.16340092,0.112773746,0.009791465,0.004204838,0.23961453,0.07795932,0.0018750331,0.20965925,0.032375626,0.23422362,0.0056359544,0.0012568162,0.727579,0.00037036842,0.0033472849,0.1530663,4.051642e-05,0.054001197,0.39174044,0.0031238087,0.00012814619,0.350711,0.0007751199,0.0065069045
4839,0.0027819553,0.009285012,0.0017950893,0.027920147,0.6435493,0.030004127,0.0055924277,0.67287004,0.03535409,0.032171898,0.004358796,0.004936997,0.009793055,0.026759984,0.039642602,0.01481598,0.00015061234,0.5854638,0.004244607,0.004930627,0.0041915104,0.031229941,0.002153959,0.0052580507
4841,0.084679775,0.051997326,0.00021872639,0.020863244,0.20633045,0.34003544,0.0038960662,0.8620304,0.0059110047,0.009791995,0.052173417,0.026029063,0.0028727062,0.0010999201,0.0037051016,0.08119014,0.00038383956,0.301747,0.0049473452,0.0007330048,0.008061583,0.35472435,0.10758054,0.009372317
4846,0.36916125,0.35839418,0.021958346,0.09010665,0.21088852,0.072055876,0.0937703,0.6078441,0.06385058,0.02824236,0.0029209438,0.29032433,0.006289684,0.011586748,0.012269565,0.017738134,0.002313532,0.113198586,0.04390156,0.017392188,0.0589326,0.1415979,0.5737332,0.12610687
4849,0.1166855,0.5245683,0.34634855,0.025571035,0.56631327,0.0060005435,0.050774686,0.25195676,0.6297236,0.6160368,0.0011051886,0.02775147,0.05831796,0.06047177,0.14348163,0.016590228,0.0010316505,0.23069678,0.1731787,0.028577896,0.034714,0.024388216,0.022917395,0.033846237
4853,0.0031430016,0.013698359,0.0034185343,0.039785434,0.64593923,0.01757372,0.012801444,0.6396843,0.0516741,0.030481296,0.0019948343,0.008374191,0.0039031215,0.066155024,0.06250734,0.0065436894,0.00022569935,0.55429864,0.003606496,0.005795973,0.0116630765,0.015990432,0.0035634467,0.0069728885
4854,0.030479271,0.06463474,0.026329165,0.19204462,0.38165385,0.013004836,0.41566512,0.4850117,0.08336217,0.017270684,0.0007684453,0.08092458,0.001069735,0.26203674,0.075717606,0.0025347534,0.0018788824,0.18496928,0.00809489,0.022837993,0.2300215,0.009519442,0.03805368,0.033467304
4857,0.6157885,0.6436134,0.029359559,0.005103892,0.15300046,0.019284947,0.0038475152,0.18417537,0.10790984,0.31236959,0.0017769226,0.0083213365,0.2111641,0.0011136252,0.010876114,0.050576672,0.00022704272,0.04738945,0.6455585,0.0022201624,0.0028119006,0.2332364,0.018903617,0.014117912
4858,0.0027844752,0.009496943,0.0018410734,0.033869147,0.6425421,0.025383893,0.008203755,0.67562747,0.03485395,0.024932781,0.0031488922,0.006315504,0.0051379222,0.04006709,0.045377035,0.009560005,0.00017993774,0.57739115,0.0032817738,0.0050301705,0.006843816,0.022956613,0.0027887684,0.005822264
4859,0.6209223,0.21267259,0.004558261,0.032339137,0.21083131,0.4843503,0.020935806,0.48529533,0.02254008,0.034989934,0.05114131,0.052782997,0.05210658,0.0019259856,0.0060664397,0.16837011,0.0010751252,0.087081954,0.1321554,0.006904233,0.015023502,0.6417252,0.09584095,0.0717475
4869,0.27376372,0.62209654,0.29173964,0.018416807,0.43855503,0.0146050155,0.034710582,0.21890672,0.47027966,0.51511395,0.0009256102,0.02739228,0.10234156,0.014287633,0.044761114,0.021472394,0.0007111487,0.10883835,0.27590176,0.023876717,0.0112470705,0.061510634,0.026516905,0.042598408
4873,0.15938619,0.10668604,0.009073775,0.00438978,0.23869576,0.082208715,0.0018808623,0.21869048,0.031104533,0.22331472,0.00602916,0.0012975236,0.71412057,0.00038106772,0.0033546055,0.15694222,4.081145e-05,0.055874284,0.36947438,0.0030414662,0.00013402288,0.35688865,0.00081188255,0.0065614916
4875,0.042667266,0.056710605,0.0139244255,0.13178737,0.3838963,0.044252083,0.21499994,0.54331267,0.056261763,0.020738889,0.0028397108,0.06846047,0.0038701005,0.08269047,0.03902234,0.009524724,0.0014359247,0.18740508,0.0126738185,0.021543678,0.078440845,0.03426067,0.040626995,0.039302833
4876,0.10456462,0.47118455,0.35530418,0.027985116,0.558668,0.011072259,0.052574243,0.26365152,0.56703246,0.55140305,0.0011094607,0.025665559,0.07482119,0.037294764,0.097284116,0.018468078,0.0007596522,0.1905796,0.14594965,0.036723126,0.018008107,0.03472726,0.015525656,0.03625196
4882,0.24392709,0.015017013,0.00020011132,0.012356869,0.19444282,0.7263053,0.0023203017,0.56267333,0.0022454516,0.011538289,0.08936923,0.0029348822,0.16752374,0.00012482202,0.0005247183,0.2872866,4.199428e-05,0.06363493,0.037936635,0.0013649435,0.00016406248,0.7676728,0.0021339168,0.008365729
4887,0.37148684,0.043746047,0.0008400496,0.013421844,0.184537,0.5824826,0.0045113214,0.4538268,0.005242193,0.023818681,0.041155618,0.004666298,0.22733477,0.00019346869,0.00074864953,0.23963353,7.531785e-05,0.044620097,0.099754,0.0022609169,0.000313522,0.7085946,0.0032367213,0.014036023
4888,0.004353008,0.016613895,0.0048355903,0.065383814,0.5973588,0.014726262,0.036479816,0.62006044,0.054005034,0.021068614,0.0013248465,0.015579135,0.0016476316,0.13046852,0.07699435,0.0036645338,0.00038120997,0.48283884,0.0030576438,0.00721728,0.03146955,0.010799818,0.0066465316,0.009735402
4892,0.45342952,0.07236291,0.0013772111,0.02371102,0.20624441,0.5940578,0.011795372,0.51331985,0.0083283,0.021151407,0.041494578,0.015681561,0.09516023,0.00054666476,0.0014388685,0.17445666,0.00025730507,0.058710326,0.07935558,0.0039989958,0.0013732753,0.6614627,0.0163568,0.033331357
4893,0.021222407,0.094070494,0.0048548784,0.12016008,0.37754613,0.042280078,0.07724996,0.77365744,0.04132012,0.01814564,0.0024168463,0.08984342,0.00058193103,0.08787486,0.046964906,0.0066726273,0.0024714193,0.52896404,0.0042853705,0.0076561854,0.057756387,0.03542484,0.10994777,0.02137715
4895,0.24635115,0.033292,0.0008200684,0.0058121025,0.17724223,0.42866054,0.0014341816,0.3626213,0.005314867,0.04329523,0.02820059,0.0012508283,0.49717972,7.986722e-05,0.00061167753,0.2839947,1.967882e-05,0.038905185,0.1435351,0.0013302173,6.697066e-05,0.6890893,0.00071439974,0.006053513
4897,0.36357313,0.059841678,0.0013712987,0.024398584,0.22741032,0.56787544,0.011249323,0.5303055,0.008873425,0.022879932,0.04340665,0.0144732,0.10168917,0.0006587417,0.0017366125,0.17733215,0.00026116043,0.07021461,0.069350734,0.00442706,0.0013904929,0.6245414,0.013860622,0.0306713
4904,0.017068837,0.016614933,0.0016002229,0.026214015,0.49151713,0.14421907,0.005437289,0.65324557,0.022264011,0.037971124,0.017536342,0.0065126587,0.053407524,0.0045807296,0.010882979,0.07290328,0.00016849185,0.33258787,0.014271748,0.0062973066,0.0018121343,0.17181581,0.0036695458,0.010110893
4909,0.0033790264,0.015637482,0.001988306,0.043513335,0.596755,0.023151817,0.012364064,0.721101,0.03688354,0.034749202,0.005955522,0.012447602,0.0016720461,0.07639606,0.08930836,0.00843433,0.00053438917,0.6696929,0.0026792777,0.0030233818,0.045862094,0.015419173,0.010900475,0.00791884
4910,0.095882855,0.47261477,0.3861164,0.030987427,0.5734018,0.009617792,0.062378984,0.26310813,0.5950458,0.54911935,0.00096550665,0.027809793,0.059050046,0.0475212,0.11209124,0.015322485,0.0008288863,0.20010881,0.13008955,0.039406527,0.022557013,0.028613202,0.015986357,0.03691277
4911,0.012409645,0.03439148,0.0040635783,0.01716771,0.5459102,0.041841473,0.004253686,0.582984,0.060280316,0.11119608,0.014167263,0.005985262,0.053912647,0.011389085,0.033104133,0.04833831,0.00032669486,0.39194536,0.022197826,0.0036241002,0.006722645,0.07021464,0.006147076,0.0077320617
4912,0.1108028,0.12810229,0.015326254,0.114246674,0.3139194,0.06762916,0.16257624,0.6083853,0.058078006,0.022409078,0.0033902698,0.1534431,0.0043027797,0.033971377,0.024679732,0.014031127,0.0017794711,0.17147508,0.017492443,0.020937847,0.067199565,0.07197562,0.19321944,0.07230445
4916,0.027610201,0.021196574,0.00040090794,0.035725087,0.32801515,0.19212493,0.008148414,0.82310873,0.007683306,0.014106124,0.023856068,0.018485447,0.00560138,0.0046226364,0.0081406245,0.038978964,0.0004178601,0.34372035,0.004636484,0.0018941488,0.014715624,0.15470599,0.03446058,0.009550099
4917,0.097336896,0.011860691,0.00030493,0.014451588,0.2738661,0.5797518,0.0022440376,0.60272735,0.004033583,0.018207835,0.082621,0.0029386338,0.18761401,0.00031038083,0.0012829732,0.26045236,5.4080607e-05,0.11970967,0.030246349,0.0022019981,0.00025640437,0.6297629,0.0017762013,0.007809649
4926,0.27940628,0.018129636,0.0001047924,0.010123759,0.16138664,0.6874114,0.00089986523,0.5711844,0.0018209525,0.009958275,0.17474166,0.002577227,0.1011525,0.000112588685,0.00073108776,0.3345762,3.622357e-05,0.10756248,0.039374545,0.00052735145,0.00025534607,0.81597346,0.0025620905,0.0037809757
4928,0.0026756732,0.009065054,0.001764541,0.028577797,0.64613885,0.028670883,0.00584939,0.6738494,0.034932885,0.030580444,0.0040959963,0.00501844,0.008718445,0.028745143,0.040816624,0.01355811,0.0001518302,0.588962,0.0039895205,0.004913438,0.0044705756,0.029048122,0.0021719062,0.0052176113
4931,0.011123231,0.02457048,0.004444295,0.05212828,0.54645336,0.04401799,0.025527632,0.6372477,0.045227196,0.028892377,0.0036009434,0.017746145,0.006223978,0.038173255,0.03641088,0.013108488,0.0004303408,0.3854003,0.0070246086,0.009285047,0.014437339,0.038810316,0.009738495,0.01556201
4940,0.09282675,0.1128448,0.0164361,0.16370757,0.29415065,0.039796058,0.25843093,0.58342713,0.057774685,0.015756266,0.0022574433,0.17814048,0.0020595791,0.077656075,0.03571405,0.006913577,0.0020249556,0.16225624,0.012232295,0.020867467,0.14208856,0.03801541,0.19954914,0.06582663
4941,0.04160446,0.05396212,0.010423596,0.007967808,0.3909311,0.061442968,0.0021765851,0.3311982,0.053045403,0.26112077,0.008901769,0.0016354246,0.6544111,0.0011890997,0.008545691,0.14460689,6.1142346e-05,0.15517682,0.17614795,0.006655015,0.00023256907,0.22716402,0.0006800791,0.0054415273
4943,0.0055563706,0.052704636,0.02738231,0.054130208,0.7756751,0.011927733,0.053187497,0.46208027,0.27857193,0.09546763,0.0013667763,0.017530018,0.0014730423,0.14074595,0.14112556,0.0040980857,0.00047977603,0.60899174,0.005008319,0.011804764,0.08044319,0.0076749595,0.009799314,0.013259343
4944,0.07938952,0.045066994,0.0022681851,0.0064870454,0.26550174,0.12042245,0.0010768273,0.37710032,0.023504518,0.15728454,0.033906233,0.00096674595,0.6493758,0.00049373676,0.0055756406,0.29849756,6.339172e-05,0.13652265,0.19617003,0.0019485627,0.00028514766,0.4725874,0.00067443284,0.006319743
4945,0.15703323,0.4495942,0.24959898,0.03958086,0.49727613,0.01715584,0.07208676,0.2983147,0.42703226,0.37161043,0.0014415311,0.039022893,0.0519686,0.034575894,0.07111661,0.017867144,0.0012906399,0.17103985,0.14291051,0.043886676,0.02320602,0.04816123,0.02906334,0.048064295
4946,0.16882914,0.014352773,0.00026798566,0.01288136,0.22565018,0.651243,0.0022612796,0.56619346,0.0030754358,0.015505409,0.08213342,0.0028477195,0.19358146,0.00018730779,0.00079303014,0.27721584,4.6506146e-05,0.081524074,0.038080674,0.0017024209,0.00019545112,0.7070179,0.0018698936,0.008149758
4964,0.034824256,0.049966216,0.008378872,0.046371598,0.4765367,0.09060054,0.028268652,0.5828071,0.05324393,0.052003264,0.0069335136,0.021059042,0.030953364,0.012530711,0.01886801,0.039174743,0.00048421035,0.24272683,0.024088547,0.014935479,0.008124532,0.10372982,0.012039767,0.025108144
4966,0.09553867,0.017142199,0.00060337916,0.004378895,0.21331562,0.33608255,0.0006089009,0.38420233,0.0053701205,0.055346243,0.032761063,0.00058138743,0.642217,7.594936e-05,0.0007892622,0.33021796,1.0231275e-05,0.061958145,0.108077995,0.0011012338,3.318412e-05,0.6397698,0.00027028425,0.0031228971
4968,0.0015934827,0.00927187,0.0026216072,0.03219043,0.6922092,0.011915601,0.008407584,0.6485579,0.05041919,0.029299535,0.0016854279,0.005299389,0.0033267394,0.07562134,0.075026035,0.0052031134,0.00015689693,0.6469488,0.0025867173,0.004455004,0.009370742,0.0110304905,0.0020372865,0.0044432697
4971,0.50750697,0.35672045,0.011781407,0.06979065,0.17341688,0.12678953,0.06075579,0.6098489,0.03796001,0.022039624,0.004733216,0.25158447,0.008340585,0.0049870904,0.0064175157,0.027044429,0.0018612526,0.087964654,0.054463744,0.011162531,0.034405,0.2467135,0.58159,0.12902519
4973,0.0036880053,0.009838276,0.0015866008,0.033878524,0.6172378,0.036592428,0.007913923,0.6879469,0.029890718,0.023628661,0.004352813,0.00677556,0.006551043,0.029043218,0.035441983,0.013349771,0.00019179031,0.5435072,0.0037712713,0.005217138,0.0059009236,0.03332431,0.0032392438,0.0066187615
4976,0.508752,0.32676613,0.010317208,0.066104814,0.17510474,0.1540405,0.055882413,0.60458374,0.033670105,0.021792207,0.0059134657,0.22109663,0.010304318,0.004125974,0.0057190782,0.03300498,0.001714563,0.08661437,0.056831535,0.010773,0.026920153,0.28204197,0.5203669,0.12390636
4979,0.43068486,0.07040483,0.0014306853,0.024096295,0.21199045,0.5831712,0.011942865,0.51649415,0.008672578,0.021981435,0.04139394,0.01565098,0.097773656,0.0005852629,0.0015363744,0.17456393,0.00026497626,0.0614294,0.07819192,0.0042121517,0.00141443,0.6491982,0.015932694,0.033135947
4980,0.79993016,0.12623364,0.0005679283,0.018442936,0.10253181,0.77522445,0.0054997928,0.45904613,0.004512257,0.013274867,0.15332402,0.012015993,0.072996914,0.0001706821,0.0012223329,0.329752,0.00026624653,0.04355497,0.1093013,0.0012918576,0.0012888403,0.8994931,0.029623184,0.022830833
4987,0.123070866,0.36984968,0.19854368,0.02103443,0.4974266,0.0224933,0.028534858,0.27126595,0.3783204,0.49379233,0.0023085317,0.01617578,0.18787855,0.013827955,0.049502887,0.03938295,0.000569401,0.1610416,0.20444718,0.0292701,0.0065751127,0.07497135,0.009828139,0.03047731
4998,0.006933544,0.14607379,0.12190282,0.024679225,0.76891565,0.0031548387,0.021574829,0.33618712,0.54127157,0.45437098,0.00078273844,0.0070541394,0.01398089,0.05790391,0.14815149,0.0061201295,0.00024278894,0.5267213,0.019387685,0.014759438,0.019843139,0.0063531734,0.00380416,0.011723921
5000,0.018540876,0.03582381,0.007861967,0.07848528,0.4864227,0.041585755,0.07271584,0.60218585,0.05291022,0.02500654,0.0027442141,0.034373365,0.004126527,0.059531763,0.041102137,0.010043499,0.0007489702,0.30437258,0.008346696,0.013422879,0.032379046,0.03273864,0.019449936,0.023715133
5001,0.2100018,0.24916571,0.017599003,0.121486634,0.239435,0.058530577,0.12847412,0.6606793,0.059639692,0.020821648,0.0028815458,0.32460302,0.0029030119,0.02513278,0.02006113,0.011324674,0.002388502,0.15993258,0.020369982,0.01833055,0.09680182,0.08550139,0.5765778,0.10995398
5002,0.0831505,0.009572175,0.00021497378,0.0061315647,0.2210011,0.51547647,0.000594587,0.50569713,0.0030412553,0.02597921,0.07118969,0.0007595331,0.41065407,8.816973e-05,0.0006964467,0.34689775,1.2631845e-05,0.08700168,0.044041175,0.0008377526,4.356616e-05,0.70602393,0.00043011256,0.0031251262
5004,0.16133887,0.039341044,0.0016062649,0.02567563,0.300243,0.43849224,0.0093293255,0.5663871,0.012655455,0.031307433,0.039009273,0.011351158,0.11133902,0.0012110666,0.003217438,0.16483936,0.00024479115,0.11644001,0.04737594,0.0055759656,0.0014869303,0.48569205,0.008703741,0.02334599
5005,0.0027626057,0.00918153,0.0017248045,0.033189543,0.6408589,0.026576096,0.0077558085,0.68027115,0.03352141,0.024520908,0.0033312626,0.0061445944,0.0053265817,0.0376863,0.04371442,0.01010574,0.00017516522,0.57946736,0.0032562697,0.0048924233,0.0064580687,0.024179708,0.0027435236,0.005730174
5008,0.19489168,0.016983071,0.00031548535,0.012546899,0.21543176,0.64201605,0.0023776372,0.54415965,0.0033171815,0.01681256,0.07268288,0.0029395453,0.19824694,0.00018315185,0.0007651487,0.27482232,4.6954046e-05,0.0726156,0.04341091,0.0016215614,0.00019730069,0.71152997,0.001968127,0.008651122
5010,0.014060003,0.020351702,0.0024562355,0.03649444,0.52350295,0.08971231,0.0110104075,0.66005194,0.030986676,0.03248116,0.008768806,0.011121421,0.018520188,0.012300752,0.019007765,0.03431265,0.00027678287,0.363637,0.009830631,0.0076597393,0.0049978653,0.092310056,0.0064709806,0.013212901
5016,0.0015793467,0.013578228,0.0038046192,0.032851156,0.681059,0.0053277113,0.009322867,0.62770164,0.07378499,0.039260887,0.0010670983,0.0056829187,0.00125434,0.11351579,0.11027569,0.0025030263,0.00014970716,0.67390704,0.0020916315,0.002949159,0.020624252,0.005735716,0.002421748,0.004091041
5017,0.15203218,0.014640234,0.00031799564,0.007740001,0.19990183,0.5725013,0.0011640653,0.48491478,0.0031198645,0.023621218,0.060329963,0.0012299378,0.3980222,8.4202155e-05,0.0005393896,0.33365908,1.8883575e-05,0.059356984,0.06343616,0.0012183158,6.6373526e-05,0.7262678,0.0006436747,0.0048555625
5024,0.16988407,0.5753479,0.34155825,0.031900033,0.50499976,0.009557724,0.06811679,0.26640937,0.55509514,0.4701943,0.0007638919,0.044433616,0.037175626,0.042768586,0.08319204,0.012633159,0.0010131279,0.1623596,0.14594336,0.030993214,0.032124702,0.032344397,0.04003715,0.0468747
5029,0.0064975615,0.022261681,0.0060634906,0.06412003,0.577253,0.01952724,0.03853553,0.6128216,0.05940711,0.025880901,0.0016190829,0.018493913,0.002466894,0.10175335,0.066847,0.0052091978,0.000446216,0.43794215,0.004376585,0.00837974,0.029267022,0.015375134,0.008597479,0.012537538
5031,0.00245633,0.008242659,0.0015519446,0.030419016,0.647418,0.027058873,0.00644401,0.68333936,0.03198466,0.025353212,0.0036735039,0.0052656187,0.006296889,0.033079814,0.042079885,0.011208208,0.00015421861,0.5963019,0.0032828283,0.0046861107,0.005216349,0.025422184,0.002291218,0.00513416
5036,0.40130708,0.5629269,0.118737325,0.010067133,0.31289664,0.02637504,0.013502174,0.19261925,0.23170061,0.41595924,0.0013256012,0.012770028,0.22558248,0.003191031,0.014769245,0.03844434,0.00035598804,0.06370765,0.42667025,0.010540883,0.0030248985,0.1389385,0.014211961,0.028672934
5037,0.75768924,0.31713408,0.004894931,0.03338644,0.14452888,0.36924577,0.02590381,0.48277384,0.018320223,0.02144333,0.011538631,0.0807409,0.028459756,0.00093775324,0.0018536777,0.075428486,0.00081181905,0.04058983,0.1251226,0.004797894,0.0066018347,0.5779898,0.20734109,0.09109582
5043,0.19813052,0.021257738,0.0004514442,0.016875865,0.23852967,0.6191269,0.0039869235,0.5687135,0.004498578,0.017535547,0.06835778,0.005068278,0.14768696,0.00033415944,0.0011456994,0.23751868,8.971664e-05,0.08547014,0.041584775,0.0024667813,0.00041975247,0.66203964,0.0036418266,0.012750222
5047,0.2496654,0.014057122,0.00017259608,0.010425986,0.18348901,0.7346833,0.0018032317,0.54612017,0.0019768623,0.011549061,0.09036321,0.002238052,0.19584057,8.788089e-05,0.00042235001,0.30499205,3.0484927e-05,0.05740749,0.040250707,0.0011296468,0.00010954869,0.7889234,0.0016134306,0.0069899866
5051,0.020617196,0.019582981,0.002192931,0.023801774,0.47605208,0.14641668,0.0049794386,0.6143924,0.024824645,0.05129717,0.018448494,0.005376211,0.10889204,0.003181497,0.009107278,0.096751384,0.00014433388,0.2878269,0.02316969,0.0073249354,0.0012468742,0.20081267,0.0025533803,0.009440069
5052,0.0027470367,0.038661126,0.010471908,0.020078119,0.72129905,0.010317583,0.008568471,0.5466604,0.14140345,0.1439924,0.0050299913,0.0065921657,0.011501996,0.053946357,0.14234889,0.016122747,0.0006972346,0.6479549,0.010498871,0.0056922003,0.015838522,0.016478742,0.0056714406,0.011354509
5054,0.003414784,0.011214515,0.002149709,0.037214525,0.6293309,0.026399871,0.010097673,0.6711118,0.03725651,0.025003469,0.002989257,0.0076759835,0.0046827886,0.04367245,0.045927834,0.009253011,0.0002113291,0.5493201,0.0034809764,0.005373328,0.008470288,0.02347656,0.003539756,0.0068463963
5055,0.75651723,0.40327018,0.0088560255,0.022175765,0.15381254,0.24787349,0.01855064,0.39310673,0.029964974,0.043360442,0.0064001204,0.04654771,0.050275374,0.00091471785,0.002219625,0.07109152,0.0006003112,0.034658026,0.21080229,0.0042289863,0.0050081955,0.51495254,0.11265457,0.07079159
5056,0.00645315,0.0144971125,0.0022200474,0.035436366,0.58607686,0.049445175,0.009436218,0.66900384,0.03407945,0.029805066,0.0054235267,0.008605603,0.010314107,0.022500673,0.029977964,0.018985659,0.00023701234,0.4703681,0.0059157307,0.0065078046,0.005887504,0.048340287,0.0044110217,0.009120804
5063,0.0016182846,0.01812556,0.0038627435,0.037565082,0.6222118,0.0026732197,0.012913991,0.6239686,0.075480275,0.03559875,0.00078785664,0.0061740046,0.00072797417,0.1399306,0.106473416,0.001345189,0.00021356168,0.6283995,0.0014772256,0.0024177858,0.03979737,0.0033386815,0.004274391,0.0055418564
5068,0.08274382,0.026877759,0.001355474,0.024351094,0.34823474,0.3640525,0.0065335603,0.60165983,0.013558022,0.03348177,0.037127577,0.008288798,0.10823179,0.0014652637,0.004122668,0.15435103,0.00018435763,0.16162845,0.032802064,0.0052801096,0.0012527963,0.41242698,0.00566385,0.016467048
5073,0.121298775,0.08561189,0.008106055,0.0040783472,0.25447044,0.07884174,0.0015471398,0.22389868,0.02942855,0.23044632,0.006487771,0.0010384134,0.75988007,0.0003492894,0.0033246817,0.16648652,3.4209617e-05,0.06188677,0.3542028,0.003161442,0.00010047744,0.34719363,0.0005788228,0.005470693
5075,0.13220884,0.49765068,0.34136215,0.025628477,0.5320715,0.012999041,0.047913555,0.2550601,0.54196656,0.5506991,0.0012071783,0.025938857,0.09140798,0.028883938,0.081013314,0.021695485,0.0007699861,0.16940746,0.17597185,0.034810107,0.0152955055,0.042937215,0.01713286,0.038597837
5078,0.24023153,0.056647375,0.0023404942,0.013971428,0.23873393,0.36845493,0.005347703,0.41684616,0.012514554,0.052813422,0.02515398,0.004923002,0.30712798,0.00046479993,0.0018452125,0.2020971,0.00010440758,0.062747814,0.12726353,0.0038582305,0.00048002787,0.54722786,0.0030044273,0.015505794
5083,0.0031068732,0.008448027,0.0013644651,0.029792663,0.6259141,0.037466664,0.0059690257,0.6928679,0.028170912,0.024949092,0.0050380137,0.005412691,0.008354013,0.024190081,0.033742975,0.01567443,0.00015954976,0.56935346,0.0038011253,0.0047891997,0.0043634055,0.036071163,0.0025150597,0.005626065
5084,0.3916935,0.664756,0.11427792,0.015708212,0.31021312,0.012247082,0.018699126,0.2747021,0.3220225,0.3729634,0.0008427539,0.030492272,0.05512976,0.007558332,0.027827326,0.018832626,0.00053957984,0.091141544,0.27963006,0.009274631,0.014865891,0.07945023,0.05680284,0.034558035
5085,0.46632326,0.029116614,0.0002740985,0.013098412,0.15863153,0.76137006,0.0035943335,0.5125659,0.0023789778,0.010449624,0.07063798,0.004569272,0.12841298,0.000103700324,0.00039522856,0.2558185,5.7340276e-05,0.04079798,0.05640246,0.0013418475,0.000221594,0.8117001,0.0040712147,0.0125964265
5086,0.0099647455,0.013495495,0.0014955727,0.027880846,0.53474975,0.100101836,0.0056203245,0.6746583,0.02403685,0.033106722,0.01255357,0.0064115594,0.030237364,0.007722472,0.015468548,0.048166297,0.00017393328,0.4079976,0.009311777,0.0059773233,0.0024133024,0.11286891,0.0034718353,0.0086942995
5088,0.0031815122,0.009393064,0.0016660047,0.02854985,0.6318195,0.0350869,0.0057348027,0.67787766,0.032554027,0.030374363,0.004944383,0.0052082962,0.010362596,0.02389791,0.035626758,0.016551824,0.0001581478,0.56820804,0.0044345227,0.0050678933,0.0040882714,0.03600084,0.0023499215,0.005621356
5093,0.2570362,0.015409244,0.00019759964,0.012609415,0.19139837,0.73472047,0.0024312483,0.56445205,0.002201671,0.011054834,0.08944559,0.0030922133,0.15828854,0.00012461605,0.0005110233,0.28557858,4.347303e-05,0.062094484,0.03743374,0.0013490147,0.0001712257,0.7725627,0.0022965858,0.008678562
5101,0.46290198,0.36065534,0.012745691,0.08140661,0.17665744,0.10120704,0.0723018,0.63478136,0.04172101,0.0203409,0.0039034828,0.3041814,0.0056933365,0.007121412,0.008006988,0.0204636,0.0020982916,0.09820791,0.043533932,0.012203516,0.050546367,0.1970056,0.65726984,0.1339354
5102,0.13656983,0.009431739,0.00015339279,0.010248022,0.21644521,0.6904781,0.0013435131,0.58226824,0.0021196997,0.012962128,0.10277436,0.0017342707,0.22599,0.000110835106,0.000576745,0.32020038,2.5526873e-05,0.082564004,0.030869447,0.0011908686,9.852643e-05,0.7483577,0.0010946107,0.005478126
5104,0.01834348,0.029207552,0.0042322446,0.049188536,0.5072441,0.07217711,0.02426004,0.6376207,0.03981997,0.031054627,0.005682913,0.01929953,0.0108746,0.021186454,0.024402453,0.022710297,0.00044455298,0.32496917,0.010286846,0.010153596,0.010682398,0.06791165,0.011709515,0.019164596
5105,0.0839131,0.29811516,0.18268111,0.031125428,0.5351759,0.021122012,0.040727492,0.31806055,0.36967364,0.41715124,0.0024027934,0.019299995,0.118478484,0.024344716,0.06733047,0.030439198,0.0007773738,0.20938724,0.13487853,0.039681617,0.009760685,0.058543358,0.010655904,0.031556986
5108,0.5353263,0.4403494,0.014038518,0.007384016,0.13816342,0.06180207,0.005001929,0.20628713,0.04876878,0.23427719,0.0059626657,0.006971654,0.32025456,0.0008208564,0.0072637815,0.12385534,0.00030711704,0.049994387,0.55675614,0.002273708,0.0013192233,0.40057665,0.012925495,0.012477249
5109,0.063180655,0.10007495,0.005900085,0.009764884,0.2761508,0.04885497,0.0036827512,0.4350999,0.046215784,0.19352005,0.012144739,0.0041156365,0.23669861,0.0019069815,0.012103755,0.1439253,0.00014702688,0.18582658,0.10358422,0.0026403982,0.0010677882,0.23385863,0.006008025,0.008265412
5110,0.16073704,0.016018057,0.0003398403,0.013953465,0.23867887,0.6175316,0.0026237287,0.5645815,0.0037483217,0.017600333,0.07553231,0.0032895377,0.19013725,0.00024314105,0.0009804654,0.26144832,5.7447553e-05,0.08778321,0.04009764,0.0020322623,0.0002509632,0.67572385,0.0021458818,0.009124015
5115,0.464884,0.04697048,0.0006284324,0.017738981,0.18129785,0.6820065,0.006587493,0.50879097,0.004477676,0.015103793,0.053773068,0.0084832,0.11256182,0.00024557917,0.0007618767,0.21191171,0.0001220741,0.048345417,0.06937391,0.002312932,0.0005683462,0.74253386,0.007917731,0.020699603
5116,0.07349857,0.08768473,0.015541721,0.17265938,0.30581656,0.037351836,0.29919317,0.5623019,0.054792915,0.014618522,0.0021692538,0.14212972,0.0019929751,0.09717656,0.038644083,0.0064354064,0.0019191297,0.15815158,0.011158736,0.02105833,0.14957134,0.031802755,0.1278787,0.056161877
5122,0.0040335734,0.009402689,0.0013480375,0.032789666,0.60378796,0.045026805,0.0071479785,0.6993453,0.02644503,0.022441098,0.0053851986,0.0066223363,0.00758485,0.023289919,0.030318322,0.016550925,0.00018540157,0.53312945,0.0039048512,0.005004177,0.0050814524,0.041510787,0.0033073777,0.0067134965
5124,0.02619684,0.017575655,0.0013387705,0.026929466,0.44970053,0.20717363,0.005937635,0.6570209,0.017629234,0.032169886,0.023402158,0.007397,0.05885214,0.0032752699,0.007909409,0.092152,0.00017591391,0.27937433,0.016164629,0.0060746516,0.0017343442,0.2318061,0.004471208,0.011910302
5126,0.002773776,0.013708766,0.0036874395,0.024663078,0.6659311,0.020822324,0.0052610626,0.62929475,0.0621433,0.059179552,0.0033355479,0.004557076,0.014141766,0.032488067,0.054272763,0.014665281,0.0001516161,0.59657276,0.005912507,0.0052832137,0.004263863,0.026395967,0.0018845362,0.0052126315
5132,0.07878068,0.05523384,0.0051592547,0.04864809,0.3939684,0.18859236,0.032268025,0.5983671,0.032549333,0.03540844,0.012894318,0.029927447,0.031043084,0.00707736,0.010860899,0.059713174,0.00061915675,0.18327868,0.028107543,0.012937443,0.008117875,0.19421649,0.023815189,0.03617064
5134,0.03140973,0.07264493,0.033771534,0.13142015,0.44586974,0.020013612,0.24551931,0.46347868,0.10642634,0.037650764,0.0014956768,0.05370774,0.0045019146,0.14575802,0.066988386,0.0059668357,0.0014943343,0.2032248,0.016029313,0.028201256,0.09758224,0.017474866,0.022956586,0.033016447
5136,0.0057730936,0.02696794,0.0036282076,0.048921213,0.6031147,0.022670928,0.009894794,0.7216135,0.059133306,0.045999058,0.00620907,0.0107996045,0.0024361962,0.09115184,0.09617492,0.009313791,0.0010295337,0.71039355,0.0039336546,0.005233174,0.023966596,0.026317593,0.008795177,0.009930393
5142,0.3375576,0.033914644,0.0005851728,0.016169248,0.19764914,0.6435012,0.004953823,0.5154253,0.004443831,0.017588494,0.05571774,0.00587558,0.1570394,0.0002428202,0.00082338013,0.23574705,9.358897e-05,0.056031313,0.064516306,0.0023153804,0.00041421992,0.7130754,0.0044687083,0.015363633
5147,0.073503345,0.40865967,0.35063943,0.040052716,0.58555037,0.008009194,0.08235813,0.28205842,0.566784,0.45803228,0.00080926105,0.03072126,0.03157107,0.072949804,0.13032475,0.010206434,0.0009105088,0.22216375,0.08723624,0.040266257,0.0336012,0.02041157,0.016329769,0.035465647
5150,0.002903078,0.0110027315,0.0023914888,0.041674864,0.6371697,0.019402359,0.012822384,0.663822,0.040443648,0.022496888,0.0021209316,0.00833052,0.0029297017,0.06510077,0.057012282,0.0061376477,0.0002200937,0.56182086,0.0027998218,0.005204053,0.0119824065,0.01611334,0.0036761104,0.00657621
5154,0.04442047,0.19712049,0.12227943,0.047898572,0.55825174,0.016422106,0.07053684,0.3848324,0.30503574,0.23547749,0.0015334726,0.028398162,0.031036297,0.052611556,0.08276197,0.013988609,0.0008205984,0.25307715,0.05273588,0.034895934,0.02313708,0.030397758,0.014316364,0.031182893
5160,0.7184628,0.25784528,0.00432782,0.031734247,0.15877797,0.4203634,0.023465492,0.4760013,0.016906222,0.023415938,0.015420035,0.059034515,0.03999419,0.0008682887,0.0018716352,0.09313622,0.0006995708,0.04376332,0.12831575,0.005013716,0.004851509,0.60376716,0.12730692,0.07840689
5161,0.40477312,0.58820486,0.14061196,0.011846656,0.32307667,0.024368273,0.01700073,0.20069373,0.2624548,0.41874948,0.0012261197,0.015457708,0.18483652,0.004121431,0.017742679,0.034618966,0.00045194928,0.06908458,0.40844613,0.012905199,0.0039248457,0.12652217,0.018086335,0.032426886
5163,0.22184338,0.038688038,0.0011243272,0.025029343,0.26603055,0.53515506,0.0092358785,0.57233393,0.008963299,0.02326636,0.048569236,0.011819334,0.10145719,0.0008455881,0.0022370233,0.18143557,0.00023419634,0.09737061,0.0474882,0.0046238126,0.0013107794,0.5673011,0.009893663,0.024440544
5172,0.0054295924,0.012772287,0.0019764476,0.035247397,0.59566116,0.045272093,0.00904735,0.67581916,0.032366548,0.027260609,0.005061132,0.008055676,0.00877086,0.024571903,0.03153478,0.016855214,0.00022424675,0.49286327,0.005088354,0.0061075864,0.0059668897,0.042922016,0.004038333,0.00828439
5175,0.002773825,0.008537095,0.0015169524,0.029312318,0.63790596,0.031887773,0.0059200986,0.6853383,0.031104555,0.026882393,0.0044136066,0.00519632,0.00802298,0.027295737,0.03778583,0.013990918,0.00015455205,0.5840074,0.0037272857,0.004756245,0.0045248177,0.031206042,0.002328902,0.0053369217
5177,0.05619735,0.026704969,0.0022253182,0.009076477,0.32775643,0.1883228,0.0015996827,0.42378506,0.017550468,0.099446185,0.022663098,0.0015770482,0.52654886,0.00051560247,0.0033002207,0.21887884,4.0958275e-05,0.12494349,0.09777771,0.0033689234,0.0001783395,0.4084149,0.00066830707,0.00560474
5178,0.34640282,0.32913977,0.015600161,0.10368125,0.20191339,0.07144637,0.09780814,0.65506005,0.051702328,0.01999984,0.0030852524,0.3522266,0.003577745,0.013886111,0.01287059,0.013719079,0.002441673,0.12578094,0.030382873,0.01557379,0.082113735,0.1271079,0.6790112,0.13066354
5179,0.5295795,0.48757964,0.020412283,0.12552428,0.1858706,0.13960905,0.08080505,0.68376744,0.07145086,0.04554784,0.009853894,0.3118907,0.004777842,0.023823382,0.024752442,0.027632767,0.009864097,0.19578406,0.044576026,0.013224456,0.08501607,0.2621144,0.69629705,0.09872448
5182,0.854934,0.2772608,0.00087015255,0.013489357,0.08432698,0.43615416,0.0056861825,0.45139918,0.006288757,0.01326843,0.017356126,0.017671922,0.021642698,0.00030191606,0.0010773716,0.0933682,0.00031918325,0.028989857,0.11896744,0.00067917816,0.002674995,0.74499774,0.0638428,0.026426509
5184,0.14699946,0.19734752,0.043163236,0.018255683,0.38467512,0.063486464,0.015338052,0.3242232,0.12057083,0.25774288,0.004995097,0.010780976,0.28767973,0.0041316287,0.01528796,0.075286165,0.0003403682,0.11997338,0.20422573,0.01631229,0.0022939532,0.17820169,0.007068964,0.024706392
5185,0.0104957605,0.016360726,0.002015937,0.033397984,0.54337394,0.0822147,0.008591502,0.6676121,0.028866002,0.031767134,0.008924532,0.008775938,0.019063096,0.012107439,0.019653268,0.033450395,0.00023133568,0.4024875,0.008605115,0.0069731995,0.0040785735,0.08543478,0.0048111496,0.01062806
5187,0.065696426,0.011811055,0.0004349548,0.0065361983,0.25066045,0.39452878,0.00073143095,0.47366598,0.004907226,0.040649965,0.05201722,0.0008005789,0.52636164,0.00013057418,0.0010202908,0.33294412,1.602454e-05,0.094947994,0.06335021,0.001365288,5.5621265e-05,0.62698007,0.000357853,0.0033808108
5188,0.009709693,0.01773688,0.0024541612,0.03654632,0.5557158,0.0660385,0.010620417,0.66211677,0.033411074,0.0317421,0.006776526,0.010060786,0.01386254,0.017107705,0.024337163,0.025189294,0.00026433912,0.4136061,0.007808072,0.007348772,0.0055945157,0.06621602,0.005472551,0.011276038
5189,0.018549535,0.050926782,0.0020065613,0.03696497,0.4448767,0.039248724,0.008543393,0.7450447,0.03125328,0.027293738,0.01019206,0.021067046,0.0035976188,0.018432245,0.028827583,0.017264582,0.0007320658,0.49535277,0.007813719,0.0027820452,0.026023138,0.062024966,0.031247726,0.011165152
5191,0.089318156,0.009691108,0.00022770652,0.011908506,0.2600633,0.59595394,0.0015331389,0.59677565,0.0032511882,0.017353475,0.09060618,0.0020334318,0.2237071,0.00021236144,0.0010194237,0.28978336,3.5150097e-05,0.114114955,0.029331123,0.001659578,0.0001555365,0.6646415,0.0011894259,0.005938381
5203,0.065877594,0.033744995,0.0024580797,0.029631699,0.39303827,0.25804016,0.009939524,0.59687173,0.021580502,0.04108952,0.0241956,0.011492279,0.08268058,0.0028128845,0.0068269055,0.109163515,0.00027140084,0.18941288,0.031941306,0.007844517,0.0022531748,0.29720557,0.007713572,0.020025207
5207,0.7111721,0.30585378,0.0071250405,0.007418826,0.14042856,0.21269749,0.0053415685,0.2351011,0.02163991,0.08461018,0.00575131,0.006211209,0.27767307,0.0002286392,0.0013586987,0.120723784,0.00011202411,0.021164848,0.43628588,0.0022481445,0.0005298316,0.5884396,0.0075910618,0.021604232
5208,0.07123488,0.063962236,0.008697889,0.021992953,0.40653098,0.13956726,0.008649057,0.47382128,0.05009105,0.11563477,0.01296712,0.008154802,0.21534948,0.0028585657,0.009585095,0.11122786,0.00020544637,0.16280995,0.0770693,0.010028601,0.0015623947,0.24465099,0.0044255196,0.017961262
5209,0.13657434,0.014206556,0.0003187438,0.0060999,0.19349046,0.52939224,0.00082738977,0.4577887,0.0032001352,0.027961558,0.05399795,0.00087273004,0.46888453,6.605283e-05,0.0005128554,0.34919155,1.3083838e-05,0.05682941,0.069858715,0.0009778109,4.4201715e-05,0.7267684,0.00045391553,0.0038916976
5219,0.0015110422,0.01265378,0.0007661763,0.02450784,0.5669936,0.006628648,0.005770896,0.7750778,0.030539162,0.017633729,0.0013473976,0.0070910812,0.00021399747,0.03365864,0.046479158,0.0021596896,0.00010903312,0.66086733,0.0006064949,0.0007132728,0.03140942,0.005232219,0.010710101,0.0030054587
5220,0.005403675,0.03022652,0.00537619,0.042073097,0.7003007,0.01570236,0.014471132,0.6068549,0.080671474,0.04309204,0.0024401338,0.011808513,0.00086749194,0.09626595,0.0988898,0.0039981073,0.0005396622,0.6056973,0.0031686919,0.004322916,0.06188912,0.011234414,0.009686639,0.011746207
5222,0.08335461,0.008882661,0.00018130658,0.010500952,0.24628186,0.5854062,0.0011762426,0.59767485,0.0028571293,0.016383503,0.09067909,0.001634598,0.21835135,0.00017680702,0.00093773485,0.2966167,2.694814e-05,0.113419406,0.026577076,0.001236862,0.00012214313,0.6772877,0.0010228719,0.0047663404
5223,0.338498,0.016041057,0.00014783916,0.010436959,0.16211241,0.77989376,0.0019522096,0.5433395,0.0016568649,0.009327683,0.09587499,0.0025102147,0.16029686,7.179314e-05,0.00033997998,0.3024759,3.2814634e-05,0.048523933,0.040765263,0.0009628138,0.00011326073,0.82392204,0.0020902855,0.007510955
5232,0.015221988,0.027691787,0.0044034705,0.05043652,0.5230336,0.059492998,0.024991691,0.6368419,0.04237208,0.030561233,0.004746121,0.018869571,0.0088298265,0.026808402,0.02871535,0.018384522,0.0004451974,0.34756774,0.008986311,0.009963979,0.012096522,0.054741237,0.011027213,0.017890453
5233,0.20957889,0.23517133,0.017590951,0.11884208,0.24599281,0.064222895,0.12637581,0.6516236,0.058123007,0.021219432,0.0031927046,0.3011633,0.0034724702,0.02293103,0.019237533,0.012772774,0.002418485,0.16124468,0.021444203,0.019811714,0.082902715,0.09260454,0.53311855,0.11063334
5237,0.14803728,0.015102695,0.00032809286,0.014813009,0.24629216,0.61989284,0.0027517828,0.58188987,0.0037879348,0.016829513,0.078444764,0.0035182622,0.17322151,0.0002730018,0.0010572838,0.2585281,6.158608e-05,0.09503162,0.035668146,0.0021085506,0.0002809284,0.6663167,0.002308851,0.009358012
5238,0.017130282,0.02851003,0.004687943,0.03006087,0.52368367,0.08289729,0.008839071,0.60036135,0.044891037,0.06333442,0.0092525305,0.008355083,0.060036186,0.007873652,0.017269898,0.053365424,0.00022275612,0.3218378,0.020607943,0.009944829,0.0028255873,0.11357012,0.0039779944,0.012212619
5240,0.5118616,0.045264967,0.0005299505,0.013533866,0.15557995,0.6938771,0.004704653,0.46586177,0.003438468,0.014762337,0.050560087,0.005297024,0.16850315,0.00011784512,0.00045282688,0.24355818,7.129346e-05,0.034846812,0.09300549,0.0017911334,0.00027972783,0.78601056,0.0043133995,0.01490607
5242,0.31453192,0.019906184,0.00024369315,0.011796473,0.17902656,0.7223373,0.0025150548,0.52778876,0.0024127522,0.012436007,0.076960504,0.0031318467,0.17143108,0.00011171038,0.00047532824,0.27819395,4.360182e-05,0.052330296,0.048318062,0.0013100842,0.00016504027,0.7807759,0.0024072714,0.009234928
5243,0.10865095,0.03942845,0.0026066436,0.008784496,0.27945656,0.21895814,0.002211158,0.37747762,0.01574075,0.09246443,0.019711595,0.0019607218,0.5229988,0.0004038286,0.0024994123,0.21025948,4.6122033e-05,0.08288995,0.14025494,0.0033744546,0.0001954077,0.45395932,0.0009251967,0.0075981207
5248,0.3765793,0.026015155,0.00030888003,0.014280001,0.17854561,0.7287921,0.0037355393,0.53249156,0.0027783026,0.011932433,0.071661666,0.004773242,0.13387081,0.00014813973,0.00053745176,0.25297564,6.616177e-05,0.050804283,0.05081658,0.0015938159,0.0002702515,0.7753158,0.0039675413,0.01269552
5249,0.4349668,0.09308665,0.0017584118,0.004978789,0.1454387,0.33129683,0.0016890413,0.28325963,0.008885348,0.06751743,0.015262619,0.0015437729,0.4700047,6.872667e-05,0.0007761828,0.23867558,2.3344766e-05,0.026977561,0.25172782,0.001034757,8.5340966e-05,0.7004012,0.0014375352,0.00806095
5251,0.054433864,0.012985173,0.0005468166,0.016612891,0.34035915,0.4235317,0.0025564488,0.6145465,0.0074919644,0.027689358,0.05988808,0.0034059966,0.17651817,0.0006749652,0.0026048266,0.21325913,7.4267424e-05,0.1747008,0.027513228,0.0031977042,0.00041228268,0.49177703,0.0019279373,0.008197692
5252,0.40186998,0.024874438,0.00026119628,0.013020703,0.16839406,0.7493589,0.0032729807,0.5248847,0.0023952092,0.010970514,0.07431914,0.0041525546,0.13906017,0.000112751455,0.00043663644,0.2626173,5.4732882e-05,0.046056606,0.051553357,0.0013805999,0.00021077007,0.79780287,0.0034933314,0.011501913
5256,0.009703893,0.023921844,0.00943452,0.14786936,0.46977994,0.011067853,0.19644886,0.54004717,0.055751983,0.013185461,0.0009675237,0.036028173,0.00080660684,0.3006663,0.09043777,0.0020502477,0.00094052893,0.30613786,0.0036097597,0.011801788,0.13820903,0.0069092275,0.014547524,0.016385147
5258,0.054650743,0.22857867,0.09991626,0.05727358,0.5194244,0.014027545,0.0846162,0.4135706,0.2875903,0.17847297,0.0011314383,0.04611609,0.0130649535,0.07534925,0.079035364,0.009332505,0.00088240154,0.24249244,0.042629506,0.023830887,0.04839316,0.025090644,0.03196092,0.03724431
5276,0.023150044,0.0140821375,0.0009566015,0.025360996,0.44488406,0.22869481,0.004863437,0.67726564,0.014300938,0.027521372,0.027344732,0.0063523185,0.057970304,0.0027696034,0.006906977,0.101686925,0.00014718455,0.29007643,0.013764771,0.005166197,0.0014193526,0.25112227,0.0038387438,0.0103230225
5280,0.071669,0.034343246,0.002189521,0.0021972843,0.21762785,0.102890015,0.000458029,0.23868273,0.012167334,0.16881718,0.011485839,0.0003251651,0.8585732,0.000105594365,0.0017406779,0.25982347,1.0457241e-05,0.064021066,0.2857982,0.0014484293,2.2293163e-05,0.4661167,0.00018405273,0.0022262924
5287,0.23839983,0.13892958,0.012055512,0.047968347,0.31874257,0.23235983,0.04693076,0.51270247,0.045152213,0.055133063,0.013054335,0.04691998,0.06342949,0.004818768,0.008513769,0.08270751,0.0010070341,0.11046984,0.079917915,0.017421722,0.009196456,0.2933722,0.04585937,0.062343255
5291,0.0045509324,0.012715624,0.0021893333,0.035883803,0.6109309,0.03550131,0.0094208,0.67226815,0.03632113,0.027677158,0.0039824517,0.008053922,0.006856075,0.032117132,0.03811277,0.013226051,0.00022408646,0.5171257,0.0044546435,0.005764077,0.007116808,0.033402253,0.003954036,0.007824527
5293,0.004208969,0.018490361,0.002869678,0.031560674,0.63168937,0.021565456,0.007381063,0.62126356,0.047855455,0.05693246,0.008998213,0.0050895032,0.0066035828,0.03160516,0.063653715,0.012775631,0.0005068886,0.5782222,0.006165184,0.004197724,0.02236533,0.023352899,0.0042461087,0.009505263
5295,0.12452161,0.11772714,0.017027127,0.057849012,0.38278002,0.1317187,0.06499391,0.5255717,0.063501164,0.058246274,0.007615572,0.049114425,0.037507724,0.0101546785,0.014756354,0.04930615,0.0010410408,0.14820226,0.051904,0.02269199,0.014354114,0.15909328,0.039875057,0.054138545
5299,0.011753836,0.0248222,0.004420619,0.056396507,0.53377974,0.044015557,0.030030284,0.6406331,0.043781117,0.025812874,0.0034032802,0.020029226,0.005129683,0.041891567,0.036698125,0.01211412,0.00046997765,0.37559536,0.0065642544,0.009261562,0.017054379,0.037301835,0.011286526,0.016423285
5301,0.23653415,0.06949045,0.0033705647,0.008036407,0.2241614,0.24638759,0.0031634248,0.3187596,0.015106885,0.089137614,0.015332587,0.0024964383,0.50265205,0.00029646175,0.0018148507,0.1986325,5.4206488e-05,0.050030664,0.21858221,0.003110686,0.00021728467,0.5164674,0.0014085149,0.010566964
5305,0.0065377126,0.036138747,0.01366765,0.031435434,0.6378473,0.018423831,0.011598402,0.55151886,0.11831315,0.10687552,0.0023980662,0.00814589,0.024577998,0.037229102,0.06060069,0.015672687,0.00023282308,0.46427968,0.013786673,0.010546777,0.0065480275,0.028125715,0.003064815,0.009274039
5311,0.08384286,0.114361376,0.026911223,0.12412853,0.3576564,0.0481284,0.2276367,0.51542175,0.080925904,0.03260294,0.0027309498,0.09863904,0.0068815085,0.054980054,0.033105277,0.013048283,0.0018035107,0.15121613,0.0238929,0.029303338,0.074395806,0.048796467,0.07273031,0.057568323
5315,0.20148763,0.029614467,0.000835362,0.0094172675,0.2060844,0.45631787,0.0021624432,0.4308828,0.0060041454,0.036562335,0.036371943,0.002157968,0.36755544,0.00017995645,0.0009349698,0.2676451,3.804788e-05,0.055916812,0.096038684,0.0017747307,0.00015757413,0.6490166,0.0012279237,0.007987579
5319,0.008359438,0.04668354,0.029490113,0.07732091,0.5891782,0.007944327,0.07352236,0.46334144,0.14153256,0.06501413,0.0009724055,0.0181775,0.0059281182,0.18280156,0.11180733,0.00418487,0.00061549246,0.3632489,0.011602836,0.01669934,0.04481682,0.008991743,0.0057347096,0.013850198
5320,0.12869927,0.032534044,0.0015687444,0.0073471167,0.24338119,0.28215614,0.001674117,0.37619466,0.0101221865,0.07073586,0.023970228,0.0014919848,0.54209423,0.00022438705,0.0015338529,0.24590418,3.129178e-05,0.067158565,0.13683265,0.0023576668,0.00012130546,0.5393501,0.0007179484,0.006410672
5330,0.046799447,0.04288629,0.004655006,0.047710232,0.4340202,0.14208987,0.027723983,0.6153543,0.034284465,0.034460604,0.010278387,0.02445545,0.023612842,0.0095017515,0.013690681,0.046212777,0.0005223699,0.22511218,0.020105839,0.011923492,0.0081557585,0.14335525,0.01739113,0.028372006
5334,0.074478194,0.062915675,0.0077111167,0.004878056,0.3005985,0.07356973,0.0015213334,0.26054218,0.032418974,0.23610269,0.0078147575,0.001049906,0.7547032,0.00048291212,0.0043526483,0.16734478,3.731726e-05,0.08842795,0.27841735,0.0040039374,0.00011146713,0.3056406,0.0005066275,0.004909837
5341,0.1293114,0.14740972,0.014312342,0.12300181,0.28577226,0.066568695,0.15516947,0.6404271,0.053351454,0.019108405,0.0034637111,0.20966633,0.0033918023,0.03152704,0.023394037,0.012752677,0.0020296748,0.17720078,0.016065761,0.020367093,0.07775428,0.07547456,0.31536198,0.08383168
5342,0.03206522,0.06583188,0.025892278,0.11757232,0.44742846,0.02784638,0.19324619,0.48871896,0.09121727,0.037040032,0.0020846804,0.049272884,0.006086363,0.10313925,0.05405018,0.008468678,0.0012903451,0.20610581,0.016856596,0.026254976,0.06989788,0.02443038,0.022045234,0.03292676
5343,0.006306357,0.021518867,0.0017004649,0.02006825,0.5189891,0.03519885,0.0048750173,0.70232993,0.034378894,0.053476825,0.0057602525,0.006718189,0.0070601837,0.0095070265,0.023856394,0.024276374,0.000106507534,0.53125995,0.0066883373,0.0019629055,0.0063653197,0.042210788,0.007160947,0.0050794515
5345,0.050446603,0.031596087,0.0029796825,0.0032721031,0.27382478,0.09459259,0.000660164,0.27694932,0.016780289,0.1838472,0.012392022,0.00046501975,0.83317804,0.00021518175,0.0026986136,0.24227835,1.7758759e-05,0.09169182,0.23562326,0.0023811858,3.8891965e-05,0.3975721,0.00021980348,0.0026938412
5346,0.09050553,0.10244575,0.0135795055,0.14206281,0.30500665,0.054583978,0.218824,0.6024884,0.051882934,0.016459225,0.0029765028,0.15565981,0.0027705284,0.05446239,0.029729834,0.009847982,0.0018472659,0.16863006,0.013076272,0.020502327,0.10017956,0.05123454,0.17458023,0.06486452
5347,0.009597742,0.023509387,0.0043784124,0.04926364,0.5619174,0.039633177,0.021918314,0.6387239,0.047482517,0.030507594,0.0033929436,0.015898779,0.006141831,0.04034088,0.03933384,0.012406957,0.00039253675,0.40830195,0.006579615,0.008587847,0.013775889,0.03580836,0.008580539,0.0141583225
5348,0.024154024,0.05384833,0.018945469,0.20935202,0.37697184,0.0083337715,0.44925013,0.4969625,0.0719786,0.011459616,0.0004710161,0.07986042,0.0003859753,0.369277,0.086220756,0.0012339778,0.0016563074,0.1971703,0.004627442,0.01602599,0.33772245,0.0055193566,0.04020879,0.028835066
5352,0.028510598,0.042861283,0.0069587487,0.04769387,0.4860866,0.08438797,0.027468149,0.6008401,0.049232174,0.04463567,0.006459176,0.020677265,0.022940096,0.014624326,0.02021177,0.03365425,0.00047170938,0.26448354,0.018818736,0.013527737,0.008838506,0.09147136,0.01185559,0.023195287
5355,0.11544278,0.40273687,0.24915285,0.06516115,0.4925164,0.00881632,0.14522183,0.30248067,0.42694163,0.24139519,0.00069262914,0.058353554,0.011902976,0.0918198,0.10016955,0.0064102896,0.0015207011,0.17518587,0.069047935,0.040228207,0.06749511,0.019582262,0.03949956,0.047560904
5370,0.007533525,0.01977461,0.006930957,0.10427476,0.52646625,0.015504019,0.08706139,0.56545496,0.053137176,0.017929774,0.0015800497,0.022950545,0.0017333835,0.19289511,0.07854132,0.003532682,0.0006720924,0.36167502,0.0041562673,0.010286806,0.06388398,0.0106561305,0.009009042,0.013421553
5373,0.0015792932,0.008999357,0.00069559464,0.037025705,0.580268,0.020409878,0.013161825,0.7981565,0.0189155,0.009502578,0.0016088088,0.013477914,0.00024311809,0.04594913,0.037929177,0.0037217564,0.00023881024,0.6272098,0.0006040438,0.0014730092,0.029975792,0.008962511,0.013564361,0.005348685
5374,0.011172826,0.029353138,0.001485057,0.045554567,0.47516528,0.11529939,0.010588578,0.82732725,0.025932856,0.029555984,0.014138647,0.021943208,0.0022072229,0.014602573,0.025443014,0.024537968,0.00092429615,0.54380107,0.0025751223,0.0030621984,0.020874972,0.061058354,0.044502135,0.011415008
5383,0.014239772,0.013220873,0.00118667,0.024956502,0.49458995,0.1505293,0.0045700576,0.67053425,0.018619452,0.03293592,0.019539464,0.00559551,0.0515735,0.0041686962,0.0101082595,0.07594918,0.00014638479,0.35365668,0.012165413,0.005623094,0.0015371726,0.1757147,0.003097361,0.008689116
5387,0.09534251,0.11603553,0.015270326,0.14019968,0.3048507,0.050924152,0.21301393,0.60528195,0.056931503,0.017664632,0.0027089694,0.17103568,0.0026301467,0.054362606,0.031024288,0.00926824,0.0019212451,0.17350778,0.013408432,0.021103328,0.103109345,0.05006924,0.20358539,0.0680151
5390,0.09971781,0.040858943,0.0029353218,0.017009703,0.3265258,0.26556215,0.004873408,0.48191628,0.020198582,0.06923766,0.024530703,0.005010328,0.27980468,0.0010227624,0.0038947414,0.17855583,0.00012042058,0.11889465,0.07818735,0.0053776773,0.00067245157,0.40953568,0.0026823643,0.013406396
5392,0.0031871444,0.015375791,0.00073486776,0.028456975,0.49595934,0.030614454,0.004916498,0.83234113,0.018947361,0.021429239,0.0037234135,0.010839114,0.0020429087,0.014395983,0.023883728,0.011375151,0.00018528811,0.66072124,0.0023392618,0.0016201485,0.0104758525,0.028131507,0.013407556,0.003940373
5393,0.001125559,0.019779852,0.0038261735,0.0357255,0.63202524,0.0024370572,0.0131680565,0.68831927,0.06972324,0.03071276,0.00063681736,0.010717682,0.00045519267,0.12475587,0.114173114,0.0014452011,0.00016508892,0.7096169,0.0013441517,0.0021939976,0.03271452,0.0029332151,0.0069416775,0.0044001457
5394,0.38832355,0.06267411,0.001496972,0.017092917,0.202807,0.5259975,0.007416411,0.45444295,0.008158506,0.029467018,0.034630578,0.0077470904,0.19656268,0.00035446105,0.0011805653,0.20483905,0.00014113841,0.050335985,0.11330987,0.0035089063,0.0006425422,0.65248907,0.005807715,0.020875197
5401,0.45356035,0.05082616,0.000807117,0.015061731,0.1741053,0.6289556,0.0056615192,0.46355546,0.004888054,0.019640172,0.04353171,0.006189378,0.17937472,0.00019164389,0.0006797403,0.22891691,9.305289e-05,0.040946137,0.09888712,0.0023246957,0.00039994807,0.7347123,0.0047831214,0.01704907
5408,0.036597747,0.02154933,0.0015430284,0.028840376,0.4267428,0.23405653,0.0074219173,0.6477581,0.018066242,0.032038804,0.024081435,0.009214588,0.05822031,0.0031732798,0.007354159,0.0969324,0.00020989809,0.24482244,0.018701063,0.0064475983,0.0020538871,0.25606692,0.005938477,0.014767304
5409,0.06081257,0.033983953,0.0025624742,0.03281737,0.40190205,0.24169758,0.0119318655,0.6112777,0.022537095,0.03746399,0.021548068,0.013581637,0.06183366,0.00351802,0.0076373657,0.09480341,0.00031093496,0.19958219,0.027359283,0.008335546,0.0029320328,0.26691976,0.009404906,0.021601474
5410,0.25648218,0.70783997,0.3334856,0.011483414,0.3753071,0.023685463,0.0317071,0.19169046,0.5329944,0.7295463,0.003945,0.026318766,0.43003756,0.011588156,0.0910571,0.117632866,0.0017958678,0.11372645,0.4966782,0.030474616,0.008452653,0.12497596,0.040827714,0.053421326
5413,0.033349026,0.08192332,0.013541661,0.019932918,0.49551865,0.055434987,0.009630605,0.48153782,0.11737776,0.26903158,0.0182217,0.008363984,0.10582784,0.0070754434,0.041625846,0.12135147,0.00037001254,0.33918694,0.07283445,0.006170167,0.010457313,0.11108519,0.009213839,0.021728644
5415,0.032501414,0.098186344,0.0048197717,0.04452254,0.44692427,0.03720241,0.03296893,0.69858,0.05422775,0.044814207,0.0033021113,0.03951368,0.0008854424,0.024886122,0.03857898,0.0069506867,0.0007674639,0.36489654,0.0053841416,0.004135932,0.117414266,0.0313842,0.07901143,0.03583708
5416,0.04627398,0.031076668,0.0025760077,0.03273581,0.424362,0.2059828,0.011151605,0.62153023,0.02430293,0.03809624,0.018686753,0.012713689,0.053628936,0.0041758483,0.008825984,0.08334942,0.00029040576,0.22464074,0.023098184,0.008159077,0.003035869,0.22971076,0.008563668,0.019505098
5420,0.0729845,0.08447484,0.0066345786,0.048826784,0.42491516,0.13593501,0.017069707,0.64286083,0.06485985,0.06707627,0.026236247,0.037003763,0.041575152,0.011404613,0.032445967,0.09947638,0.0018022801,0.35617775,0.04778655,0.014670684,0.020779224,0.22410372,0.052157305,0.0412861
5423,0.14380151,0.022228638,0.0005971265,0.012313016,0.24142753,0.48015493,0.002295261,0.51637375,0.0060266256,0.028724054,0.0490533,0.0029407765,0.22345535,0.00032105405,0.0013897715,0.24049747,5.3315885e-05,0.08835017,0.05041121,0.0018292791,0.00026820422,0.6131189,0.0019855706,0.008674411
5429,0.2266382,0.24003047,0.032141894,0.00614959,0.2804056,0.05000121,0.004401251,0.19376951,0.081118084,0.33911088,0.0033302307,0.002969207,0.583357,0.0009688668,0.0065981452,0.09393695,9.8006e-05,0.05920821,0.43421048,0.0056858645,0.00043843535,0.24054939,0.001976106,0.011557223
5432,0.016645601,0.074563615,0.032529965,0.021966057,0.5836903,0.02358954,0.009422509,0.45364407,0.17635334,0.25764912,0.003504764,0.0069985604,0.13445581,0.015555517,0.046644993,0.03820584,0.00022033181,0.34717363,0.048412852,0.0154322935,0.0028691543,0.05973351,0.0029827894,0.0113574
5433,0.0018570652,0.007808645,0.0016640406,0.028892554,0.6673675,0.02036936,0.0061249495,0.67988086,0.036378436,0.026176348,0.0028909475,0.004682618,0.005092653,0.042512573,0.051599007,0.008919877,0.00014331931,0.63381183,0.002806217,0.0040715705,0.0059034275,0.019253045,0.001994406,0.004433026
5435,0.001951708,0.008459102,0.0019361363,0.0302557,0.6694927,0.018819075,0.0067549893,0.667714,0.039054014,0.028209839,0.002655656,0.0050047874,0.0051825056,0.04506438,0.053816494,0.008286705,0.00014622547,0.6226828,0.0030110462,0.0045569288,0.006095849,0.017906616,0.0020201223,0.004641716
5439,0.3908258,0.045882203,0.0008417065,0.016792754,0.19057307,0.6158061,0.0061617843,0.48864523,0.005375966,0.020239756,0.04590865,0.006868076,0.16726145,0.00025831434,0.00085283676,0.2260112,0.00010928242,0.049173974,0.08397376,0.0026548544,0.00049575395,0.7057564,0.0052013784,0.017941894
5442,0.07358224,0.29397288,0.18785737,0.023166386,0.5448237,0.01911322,0.02792821,0.2979353,0.3920221,0.49177742,0.002419232,0.01425764,0.17023303,0.018677494,0.064209454,0.036347456,0.00053703703,0.20841089,0.1511986,0.03166863,0.0069097416,0.059635434,0.0073822583,0.025564535
5443,0.065988675,0.009051935,0.00025166647,0.01441042,0.29598624,0.5629579,0.0018995454,0.635236,0.0039226967,0.01739021,0.09026093,0.0025867147,0.17913947,0.0003405131,0.0014504065,0.26400855,4.8078018e-05,0.14783126,0.023276964,0.0021480895,0.00023968185,0.606694,0.0014986208,0.0066633355
5445,0.131785,0.02001711,0.00065181416,0.010731507,0.24007641,0.47015834,0.0019897278,0.48639244,0.0056316485,0.032842558,0.047805753,0.0020799658,0.35877046,0.00021768158,0.0010894939,0.27732366,3.955544e-05,0.07707152,0.06964171,0.0021276535,0.00016417108,0.6261581,0.0010479804,0.0070846044
5448,0.0065794345,0.018054549,0.003488987,0.04663556,0.58740175,0.03296392,0.018111639,0.6482383,0.04385539,0.027520753,0.0030592722,0.012735286,0.005057042,0.045583487,0.04338254,0.010232311,0.00032972937,0.4568339,0.0050630798,0.0074854614,0.0126648545,0.028725969,0.006381396,0.0110692
5449,0.0073859273,0.026308186,0.0016411662,0.0565365,0.4551391,0.0679474,0.015224617,0.82685506,0.031757206,0.02802998,0.011813912,0.026502375,0.0016589382,0.027520802,0.04236328,0.019266358,0.00088340853,0.6025106,0.0020557598,0.003074655,0.03232818,0.03792453,0.048290916,0.010942755
5450,0.0023219106,0.009649903,0.0021617664,0.03789087,0.6531011,0.017466582,0.010480148,0.66682124,0.039897025,0.02300885,0.002079007,0.0069566793,0.00303176,0.06351331,0.058894794,0.0060140793,0.00018678987,0.5925732,0.002590668,0.004743342,0.010244435,0.014918383,0.0029574698,0.0056087202
5463,0.054767188,0.33738473,0.29723307,0.0397202,0.6005355,0.008346889,0.07246531,0.3008003,0.52684355,0.43188918,0.0009336851,0.02583494,0.033471134,0.072370335,0.13231418,0.010707297,0.00082693057,0.2493691,0.07446312,0.03878974,0.029207801,0.020234816,0.012594948,0.030745758
5468,0.0062019066,0.011773726,0.0016054421,0.028018521,0.57806015,0.06572196,0.0055389744,0.67635,0.02802881,0.03324384,0.008827281,0.0058756885,0.020646647,0.012398904,0.022332115,0.032411944,0.00017360057,0.47874805,0.0070754997,0.0057345605,0.0029620924,0.072690636,0.002971455,0.007325164
5469,0.052012417,0.049778406,0.0070078587,0.005017826,0.32655933,0.06851244,0.0013185255,0.28086597,0.033618733,0.2442289,0.008839397,0.0009198814,0.7660418,0.0005375148,0.005012731,0.1757367,3.53463e-05,0.10995353,0.23887745,0.0041644718,0.00010303685,0.28870276,0.00040703552,0.0041208244
5472,0.57758296,0.06624019,0.0007593543,0.019361978,0.1666144,0.6941668,0.008666525,0.496477,0.004859974,0.014020049,0.04766208,0.011742193,0.08842968,0.000253252,0.0007241634,0.19262055,0.00015314214,0.041266877,0.07928816,0.0023862852,0.0007727182,0.7592126,0.012682503,0.026890833
5475,0.016371872,0.017665295,0.0017479123,0.029590333,0.49856266,0.13025972,0.006865224,0.66393185,0.024120176,0.03439876,0.014459182,0.008069789,0.0357915,0.006244916,0.012712381,0.05872192,0.00020167319,0.34162894,0.012092363,0.0065135816,0.0026033442,0.14647399,0.004736446,0.011342685
5476,0.033056602,0.23022658,0.19717662,0.030742673,0.61966956,0.00992647,0.037575934,0.33140263,0.44850212,0.43896225,0.0014136188,0.015129471,0.065112576,0.049037106,0.11657548,0.016413644,0.0005536423,0.29913923,0.0710624,0.03261605,0.013283303,0.025839496,0.006483755,0.021108748
5482,0.010815688,0.020406183,0.0029716645,0.039214972,0.55134153,0.062735535,0.012909896,0.6535794,0.03696533,0.032890484,0.0060623325,0.011695072,0.012638151,0.01947044,0.026033454,0.023090843,0.0002998092,0.398403,0.008222577,0.007953054,0.006791228,0.062325094,0.006461303,0.012702479
5486,0.055675972,0.040292162,0.001127372,0.036613774,0.39387417,0.20122878,0.009364126,0.735903,0.013990635,0.018708847,0.016770434,0.017357826,0.0059677945,0.005231596,0.007763005,0.052675694,0.0005053605,0.3535644,0.010196068,0.0029951634,0.010057841,0.19518499,0.028191803,0.016954532
5490,0.0043952605,0.024647305,0.008241567,0.02511511,0.6511634,0.018748062,0.0066523645,0.5749719,0.09743421,0.10208964,0.0028273505,0.005331599,0.02616321,0.029189734,0.055101436,0.017652646,0.00015749154,0.5223657,0.01081949,0.0074302433,0.0040350524,0.029406054,0.0020280725,0.0064203837
5495,0.05908982,0.29373062,0.12156419,0.028287943,0.5635129,0.019927807,0.024092834,0.42664763,0.41708225,0.5273746,0.0051591345,0.02244839,0.09598415,0.019802127,0.08938452,0.04976097,0.0009573687,0.3430773,0.1028922,0.021303257,0.02340604,0.053639404,0.024584278,0.027664201
5498,0.095719084,0.01232191,0.00033298854,0.013730396,0.2741139,0.5588135,0.0020993992,0.5886613,0.004283127,0.020171132,0.077961035,0.002717392,0.20810913,0.00030318723,0.0013030727,0.26163706,5.085664e-05,0.11770929,0.033016402,0.00217803,0.00023630518,0.62427783,0.0016046093,0.0074982755
5510,0.20810378,0.03921626,0.0013403384,0.021958927,0.2645541,0.49145302,0.007792399,0.5362895,0.009569957,0.029125154,0.043423936,0.008728299,0.15781723,0.00069391355,0.0020684258,0.19699074,0.00018528564,0.08871107,0.063193925,0.0047572497,0.00094485754,0.56073743,0.006036199,0.020136679
5513,0.3357703,0.04017198,0.00075716747,0.019728249,0.21564622,0.6241262,0.0069431076,0.5357052,0.0057568075,0.018562125,0.05410733,0.008890435,0.11891254,0.0003950956,0.0011799723,0.20719329,0.00015123101,0.066315055,0.05935776,0.0030233876,0.00072882767,0.6757076,0.0076869167,0.0209122
5525,0.0035978805,0.025365299,0.00782829,0.05331006,0.7104956,0.012698759,0.021639414,0.60848045,0.11758967,0.051094856,0.0028143805,0.010336175,0.0013611283,0.17483906,0.14494297,0.004958609,0.0006717067,0.6975583,0.0022687516,0.0068886424,0.040417094,0.010030343,0.006446712,0.011107459
5530,0.23613888,0.06495147,0.0030004107,0.02683892,0.27841341,0.40630996,0.013650413,0.5109083,0.016637055,0.040307097,0.03018792,0.0141205145,0.14585781,0.0012002513,0.0031715233,0.16311482,0.0003248187,0.08881979,0.082470685,0.007442199,0.0018156914,0.4890057,0.010436589,0.029862972
5534,0.03207073,0.046716295,0.0013683926,0.06663643,0.33040944,0.06273082,0.019250786,0.7906813,0.022979429,0.017012263,0.013092344,0.037917554,0.0023805741,0.030573668,0.029492207,0.01648768,0.0016370876,0.45053408,0.005972455,0.0037105603,0.047184743,0.07149901,0.08149858,0.016355501
5535,0.26213193,0.19615676,0.012906948,0.08197018,0.25934815,0.14130978,0.083224915,0.6065661,0.044367827,0.02754374,0.007124757,0.16700192,0.012216962,0.009202728,0.011128062,0.033693697,0.0018403699,0.13271205,0.038609482,0.018194286,0.030091561,0.19369951,0.2963982,0.10029673
5536,0.056858636,0.037470087,0.0037786826,0.0040598945,0.28409293,0.09455901,0.00090954197,0.2858991,0.020014068,0.18589765,0.01156482,0.0006595613,0.79362714,0.00030088043,0.0031716663,0.21936195,2.4269415e-05,0.09429159,0.23094654,0.0028590455,6.0686063e-05,0.37448126,0.00031438103,0.003412224
5539,0.12128071,0.06861177,0.004299829,0.0025518727,0.20691086,0.08106802,0.00073249754,0.20397443,0.01887296,0.20756336,0.007591465,0.0005282492,0.81309605,0.00017199774,0.002410441,0.20086913,1.7706046e-05,0.053453594,0.37070727,0.0015822478,4.741589e-05,0.41937202,0.00036108494,0.0033574125
5540,0.5326169,0.12213454,0.0027183304,0.025306227,0.20068337,0.51368773,0.016065987,0.47409123,0.012809016,0.028666127,0.028394116,0.021519575,0.09974462,0.00069478404,0.0017625884,0.15131377,0.00036377992,0.051869504,0.117900155,0.005127311,0.002048513,0.6276931,0.024409017,0.043921556
5541,0.7363291,0.5140143,0.014691674,0.0029816465,0.11606828,0.059026733,0.0023960217,0.12620747,0.038394865,0.18667148,0.0015939433,0.0029622628,0.41970083,0.00017446713,0.0019381498,0.07800873,7.186684e-05,0.016207432,0.6987024,0.001363382,0.00031630904,0.44909662,0.0052555283,0.011240432
5542,0.7661549,0.80067027,0.074970715,0.0104389135,0.162653,0.027917184,0.012417504,0.25239268,0.20833266,0.35470808,0.0023545462,0.030380426,0.06969325,0.0029505938,0.026896836,0.04128602,0.0010218979,0.05458734,0.53340936,0.0045767264,0.014646165,0.22653455,0.106305845,0.033168107
5543,0.5158942,0.25448722,0.009280491,0.046772424,0.20980743,0.26159555,0.040792715,0.5236436,0.03132082,0.033221662,0.010960641,0.095824756,0.033284187,0.0025140608,0.0045353496,0.06730338,0.0012358375,0.075170614,0.09719208,0.01071945,0.010873159,0.4014082,0.18917364,0.09469883
5546,0.40650055,0.6780128,0.22559328,0.015075135,0.35902953,0.016211456,0.026256725,0.20665026,0.3846556,0.45471928,0.00077945145,0.026283646,0.10152005,0.007846935,0.027299156,0.021885652,0.00065538683,0.079335034,0.3519696,0.017040651,0.00852068,0.083355285,0.034347735,0.04250902
5548,0.002450775,0.008963371,0.0017916987,0.032400914,0.65000105,0.023446131,0.007465235,0.6772335,0.035420105,0.02543198,0.003035113,0.005817896,0.0050860248,0.040866077,0.047297064,0.009296305,0.00016564837,0.594561,0.0031120738,0.0047016507,0.0065164883,0.021625755,0.0025311827,0.005364981
5560,0.0022528116,0.021060085,0.0042322623,0.03862344,0.71928287,0.013806623,0.010165225,0.6661551,0.07137223,0.047481462,0.001975842,0.010986953,0.0017392962,0.09753349,0.096002,0.0053841877,0.0004344186,0.75541383,0.0028647848,0.0044033583,0.014538292,0.010830345,0.007326083,0.0060081645
5565,0.08521174,0.05495938,0.0052615763,0.004538214,0.26931038,0.09573326,0.0012979001,0.27012086,0.023607582,0.19212033,0.009353301,0.0009514985,0.751173,0.0003543325,0.0032574479,0.19393349,3.133834e-05,0.07880126,0.26496634,0.0030690273,9.02916e-05,0.36949822,0.00049595063,0.004704861
5567,0.09737425,0.04789211,0.0041066986,0.018302051,0.3471347,0.22372036,0.0060423682,0.46690375,0.025498562,0.08133573,0.021075187,0.005761173,0.28571868,0.001299695,0.004951406,0.15521967,0.00015013973,0.12522444,0.08894579,0.007194605,0.00083375,0.35988596,0.0030207657,0.014826154
5569,0.058479134,0.33969963,0.2876648,0.028614534,0.59529716,0.010974094,0.044059183,0.29217175,0.5234777,0.5291517,0.0014350198,0.01847255,0.08486383,0.040495813,0.11007798,0.020235043,0.000671299,0.24508989,0.110609405,0.03705956,0.0145023735,0.032055642,0.009045338,0.027280154
5571,0.061721403,0.0105013475,0.0003402141,0.016365616,0.31662002,0.51643026,0.0023971002,0.63843584,0.005092457,0.01968815,0.078033164,0.0032579775,0.15857695,0.00049467164,0.0019108971,0.23651864,6.444006e-05,0.16214342,0.023327082,0.0026645386,0.00034869782,0.5557334,0.0019101059,0.007817705
5574,0.12618007,0.054213494,0.004168027,0.013714893,0.31038415,0.21654084,0.004741013,0.4059613,0.022565622,0.09207315,0.018889822,0.0041530635,0.39124373,0.0008165769,0.003782215,0.1685031,0.00010730064,0.095603906,0.13162352,0.005941901,0.00050864497,0.39694244,0.0021351115,0.012789109
5575,0.23211816,0.23785596,0.009958765,0.03218048,0.26133022,0.09618074,0.022386707,0.52591145,0.065255366,0.12283852,0.018495908,0.043603446,0.06464948,0.004212622,0.021512954,0.10046964,0.0013328769,0.13686502,0.14208157,0.00651848,0.029947003,0.233841,0.12610221,0.037810113
5578,0.24085705,0.029501572,0.0006470171,0.019805474,0.23858735,0.6062958,0.0059027816,0.56433016,0.005684182,0.018726153,0.059674,0.0075845346,0.122450136,0.00045117064,0.001368695,0.21436493,0.00013694438,0.0825905,0.046407025,0.003065073,0.00067700807,0.6445316,0.006010079,0.017689504
5585,0.014426244,0.013995563,0.0013034319,0.024518855,0.4949484,0.14564805,0.0044661616,0.66539216,0.02011627,0.035895716,0.019014657,0.005575696,0.054733228,0.004217165,0.0104478635,0.07742577,0.00014596552,0.3527969,0.012758309,0.005564112,0.0015263967,0.17594941,0.0031117657,0.008755157
5588,0.04703178,0.030415367,0.0024097152,0.035763744,0.42066264,0.21184203,0.013190321,0.6342801,0.022748884,0.032474276,0.018348414,0.014730656,0.041955277,0.004610966,0.00884151,0.07713109,0.00032649434,0.22428459,0.02055689,0.008375442,0.0036798476,0.22241512,0.010226092,0.021001881
5590,0.07707182,0.06235774,0.0075089573,0.0059888004,0.30480045,0.08432401,0.0018081907,0.290383,0.033394102,0.21425064,0.008719562,0.0013787978,0.69256103,0.00060464,0.0046826266,0.16788656,4.5545527e-05,0.0963059,0.23675369,0.004170331,0.00015501918,0.31400257,0.0006921962,0.00573434
5591,0.17110486,0.14871314,0.017531743,0.07255627,0.3358251,0.13265155,0.090261474,0.55024314,0.059331965,0.043221675,0.006868209,0.088531576,0.022530185,0.011344712,0.014091245,0.040781412,0.001495946,0.13822457,0.04677494,0.023530005,0.022938019,0.16219327,0.09804439,0.07352811
5592,0.048374586,0.06931395,0.0017026479,0.04207767,0.33452806,0.21882737,0.011045408,0.80350894,0.023404956,0.039506428,0.04497525,0.039020874,0.012084373,0.0056125643,0.015015919,0.08496014,0.0013363189,0.37506494,0.013275748,0.0040747467,0.017999677,0.20792903,0.110156335,0.019144598
5596,0.019423373,0.03509243,0.0065734563,0.06788335,0.49030262,0.050837833,0.053193584,0.61636794,0.048571948,0.026658887,0.0034071004,0.030342456,0.0054580653,0.041897826,0.034045402,0.013160952,0.0006524539,0.3073249,0.009033024,0.01242275,0.023284653,0.0424297,0.018131658,0.0233198
5600,0.42468372,0.1685877,0.0010840145,0.03620817,0.15686876,0.26818824,0.013362992,0.7002969,0.00975945,0.014408586,0.020718642,0.047613975,0.007938524,0.0014879347,0.0031529642,0.04573084,0.00041625314,0.09224565,0.033368733,0.002303938,0.02570077,0.39860174,0.118404105,0.03450736
5604,0.080012284,0.03487575,0.0022120608,0.032496158,0.37502152,0.2982403,0.012094573,0.60919327,0.019084431,0.033973653,0.026613226,0.01418551,0.06772219,0.002809146,0.0062405374,0.11055785,0.0003213413,0.1773078,0.030319175,0.0078852745,0.002718607,0.32047504,0.010286506,0.023321768
5607,0.018622236,0.026149446,0.0033090785,0.050234128,0.49370164,0.081442475,0.02381061,0.65663874,0.0334824,0.025396826,0.0062045315,0.01988381,0.009264283,0.019752095,0.021890702,0.02353186,0.00044315105,0.3227701,0.008930616,0.009145708,0.010798281,0.07334904,0.012650271,0.018948793
5618,0.046278443,0.09257059,0.0054122675,0.09673516,0.32045737,0.0332862,0.08907076,0.63278514,0.044328663,0.019636076,0.0038663137,0.07907343,0.0013928707,0.04974845,0.038574807,0.008766436,0.0011393407,0.25993043,0.008023372,0.0062576146,0.12771621,0.034033384,0.115264356,0.032613225
5619,0.42925495,0.1618803,0.005893829,0.046656173,0.2385622,0.3598082,0.038611405,0.5428414,0.02465249,0.03020962,0.01930206,0.06647616,0.04204974,0.002557014,0.004628525,0.09005428,0.0010491371,0.08622014,0.07813644,0.010692452,0.008424258,0.44521862,0.10447232,0.07827513
5621,0.0031019861,0.013983204,0.0036408217,0.02680145,0.6595542,0.02186602,0.00617141,0.6260302,0.058205735,0.05386297,0.0033039197,0.005088337,0.0130942585,0.033060092,0.05192425,0.0137638,0.00016267576,0.57579434,0.0059831515,0.0058505135,0.0046484135,0.026226515,0.0020766684,0.0056603462
5622,0.054697122,0.3436797,0.30796313,0.037864067,0.602956,0.008441782,0.067856096,0.29870927,0.53963494,0.45837644,0.0009717155,0.02451019,0.038555883,0.068401076,0.13334787,0.011724926,0.000802212,0.25197932,0.07921659,0.03907682,0.026442647,0.0212609,0.011911755,0.030111413
5624,0.16010186,0.01753212,0.0003895229,0.0054350463,0.18344635,0.49318492,0.0008354619,0.42068717,0.0035212424,0.032315508,0.043866996,0.0008334796,0.5020752,5.955885e-05,0.000501861,0.33626842,1.2396946e-05,0.04902848,0.088516325,0.0009585941,4.126518e-05,0.7216313,0.0004493913,0.0039862855
5625,0.06638567,0.061300673,0.00724932,0.061720975,0.40351287,0.1309206,0.05487444,0.5987295,0.04086931,0.03235188,0.007942468,0.041952252,0.016457228,0.012970232,0.015327865,0.037003525,0.000803428,0.19482431,0.022450875,0.015595853,0.014972037,0.12739132,0.033516448,0.04052601
5626,0.005978763,0.012193604,0.0017795557,0.027507834,0.58517146,0.060528807,0.0054915943,0.66753715,0.030353485,0.03641725,0.008319888,0.0056911805,0.021967072,0.012875124,0.023648567,0.03141509,0.00017055309,0.48344576,0.007416281,0.0059205503,0.002909243,0.06862931,0.002798354,0.00716326
5631,0.018562872,0.025449624,0.0010839072,0.022767294,0.38576785,0.100970864,0.0056857513,0.68982774,0.01952216,0.030599628,0.0117027415,0.0069690165,0.010494781,0.0033957197,0.010552894,0.049771156,0.00013865728,0.3166014,0.008149323,0.0020798224,0.004187947,0.120900996,0.009015016,0.008939112
5644,0.0018573542,0.0073018963,0.0014932241,0.031348746,0.6627728,0.02021303,0.0068231793,0.6859981,0.03265549,0.022440966,0.0027481655,0.0050884965,0.0041088285,0.0445879,0.05016783,0.00786606,0.00014295502,0.6264901,0.0024943587,0.004178641,0.0063423007,0.018052645,0.0021340488,0.0045430874
5645,0.13034622,0.00868466,0.0001374786,0.010925453,0.22065954,0.705611,0.0014199555,0.60252476,0.0019969267,0.011647735,0.11131793,0.0018614766,0.2038994,0.00011831532,0.00059199915,0.31863114,2.7395403e-05,0.08812948,0.027246736,0.0012303682,0.00010864321,0.7481779,0.0011906963,0.0056110052
5647,0.66800165,0.37450454,0.002866262,0.041594904,0.12433555,0.38295975,0.01470881,0.601125,0.01498558,0.04102972,0.040482737,0.07464824,0.05847218,0.0014848151,0.0046951775,0.11983292,0.001306518,0.079393595,0.20258917,0.0031964534,0.014770419,0.6348108,0.13867877,0.042898796
5655,0.08873772,0.11558885,0.024650346,0.12457706,0.3475863,0.051630218,0.22280324,0.52912503,0.07576314,0.030142372,0.0028576863,0.10655681,0.0065673934,0.050540313,0.030952783,0.013510135,0.0018226894,0.15092774,0.023093687,0.028282363,0.07361394,0.052681133,0.084756196,0.05990361
5656,0.031051196,0.054533347,0.018275267,0.1224358,0.42971188,0.033504475,0.19017622,0.51836514,0.071062945,0.027847502,0.0024045305,0.051231105,0.005195075,0.0949693,0.04696578,0.009066267,0.0012600153,0.20578915,0.014077485,0.02330067,0.06841842,0.027360931,0.023980185,0.03216002
5658,0.413907,0.24363936,0.010104667,0.064905375,0.21349432,0.19310692,0.057294235,0.5888452,0.034101445,0.02605062,0.0086198,0.1581263,0.016387383,0.004434982,0.006510632,0.04495578,0.001599203,0.099548936,0.056797788,0.013017401,0.019902881,0.29579425,0.33260143,0.10782111
5661,0.004303047,0.010455809,0.0016273397,0.030780934,0.6086361,0.044756256,0.0066249245,0.6815039,0.029909277,0.028178217,0.005735104,0.0061721355,0.01083156,0.02089859,0.030390304,0.019023014,0.0001812478,0.52671087,0.004911783,0.0055110166,0.004326304,0.04451697,0.0029596684,0.0067109917
5668,0.08833486,0.05861069,0.0054558585,0.0037223238,0.2585223,0.08531364,0.0011076967,0.24290474,0.023307012,0.21001479,0.008223149,0.0007672361,0.7915493,0.0002860487,0.003025943,0.1933128,2.58567e-05,0.07049354,0.30693248,0.0027644061,6.92958e-05,0.36798987,0.00040471271,0.004192751
5670,0.4177387,0.7869226,0.45895982,0.032729175,0.4955017,0.017974496,0.066150226,0.21188629,0.6981043,0.6880336,0.0033556563,0.060429424,0.1002807,0.06520929,0.20091872,0.05061049,0.0070225503,0.22454739,0.42539644,0.036336157,0.07848665,0.086607404,0.0997967,0.07532864
5671,0.029759228,0.05361263,0.013764266,0.009813806,0.44974515,0.04862315,0.0027455215,0.3583786,0.07392911,0.28787765,0.008209577,0.0020078,0.58651674,0.0020025354,0.013052791,0.12012849,7.884308e-05,0.20328787,0.13977869,0.0090544885,0.00034620592,0.17368089,0.0007742953,0.0057622655
5672,0.41540924,0.030976731,0.00036444972,0.014781615,0.17508395,0.7225355,0.004256753,0.5207713,0.0030541732,0.012474941,0.06596041,0.0054254252,0.12854856,0.00015758241,0.00055389485,0.24295096,7.4533484e-05,0.047856428,0.056599393,0.0016829808,0.00031179018,0.7744043,0.0046656006,0.014273725
5675,0.023730554,0.08875143,0.009682408,0.12718593,0.4036644,0.025343351,0.111710064,0.7602659,0.08420086,0.02586559,0.0015319356,0.09303981,0.00034265668,0.09084834,0.07810004,0.0044068755,0.0017521164,0.44807994,0.0027667482,0.007195143,0.20945221,0.015495143,0.15312572,0.033466984
5686,0.055784274,0.039097313,0.00070873275,0.022001574,0.2761908,0.16674457,0.0045606745,0.7247859,0.011393665,0.021219123,0.032126445,0.00861246,0.012143422,0.002545846,0.0070774537,0.07732657,0.00019238575,0.2858357,0.011296876,0.0016527174,0.0036573627,0.26242617,0.010552695,0.011046496
5690,0.011567279,0.017834121,0.0022457894,0.0300456,0.5383321,0.08734478,0.007140767,0.65446186,0.031320993,0.03961615,0.010165775,0.007813305,0.028711798,0.0096935695,0.018311996,0.04221695,0.00020974243,0.39142334,0.010702691,0.006874708,0.003170423,0.10070261,0.0042925123,0.010353006
5691,0.17491801,0.047011327,0.0020164992,0.031100303,0.30620506,0.42595857,0.013662835,0.57724404,0.014694849,0.03023424,0.036107533,0.016661977,0.085568964,0.0016690228,0.0039124815,0.14430922,0.00036322305,0.12085332,0.046474088,0.0070827897,0.0023855858,0.45586243,0.013939702,0.030157033
5693,0.059685882,0.12952933,0.040990137,0.011876915,0.44867846,0.038185704,0.0061649387,0.30137864,0.14179671,0.3830256,0.0049633286,0.0040851706,0.49291152,0.0034588887,0.018888474,0.08582736,0.00014282271,0.16145287,0.20151596,0.01331574,0.00086058734,0.13910659,0.0017903917,0.011063246
5699,0.012503827,0.0154319545,0.0016176229,0.03045282,0.5194857,0.11038714,0.0069485414,0.67373645,0.024023965,0.031276487,0.012489628,0.007815518,0.02731981,0.007856948,0.0147373,0.04763939,0.00020086928,0.37708196,0.009797343,0.0064184396,0.0029061409,0.11916407,0.004421618,0.010327452
5704,0.16904487,0.13109651,0.014063124,0.006742511,0.27690187,0.07971436,0.003559453,0.24230403,0.04401221,0.2294076,0.0057972013,0.0024437308,0.6146441,0.0007241178,0.004798313,0.12597504,8.02595e-05,0.067293756,0.34168175,0.00535812,0.0002966727,0.30199224,0.0014809995,0.009855746
5713,0.06968618,0.09670291,0.022420092,0.10443883,0.38622853,0.057410803,0.1766415,0.5293468,0.075688295,0.035489652,0.0032418235,0.07572482,0.008680497,0.04257299,0.030026963,0.016364297,0.0014750671,0.16651808,0.023870584,0.02721409,0.05116787,0.056203566,0.051435806,0.050901733
5717,0.0051397756,0.012507166,0.0019835965,0.034865793,0.6005833,0.04324242,0.008859632,0.6746143,0.03279507,0.027566023,0.0049146037,0.0078064096,0.008683691,0.025290908,0.03248863,0.016320249,0.00021957349,0.5004107,0.004996848,0.006063934,0.0059133195,0.041087113,0.0038561346,0.008018739
5721,0.22912751,0.1948303,0.01928979,0.004954522,0.24653357,0.060533226,0.003016746,0.18973759,0.053199913,0.28718254,0.0038831907,0.0020516964,0.64647174,0.0005876236,0.0046003964,0.11407181,6.6524786e-05,0.05099963,0.44724396,0.003979007,0.00025775266,0.29620463,0.0014093443,0.00921218
5724,0.116601184,0.007280271,9.810595e-05,0.007510762,0.19940528,0.69515336,0.00074333453,0.5758929,0.0015983469,0.012076504,0.113221005,0.0010067386,0.26037446,6.446514e-05,0.00044723527,0.353512,1.3573735e-05,0.08039564,0.027485479,0.0007470379,4.784955e-05,0.78035367,0.00065988506,0.003463787
5726,0.001202398,0.015018515,0.004892308,0.025566397,0.7914474,0.008728815,0.007937326,0.5968243,0.09949793,0.072884694,0.0027355626,0.0071105836,0.0014735893,0.09133751,0.14213479,0.0052525727,0.00027808425,0.770396,0.0027426681,0.0034270736,0.020354465,0.006535019,0.003827099,0.0050598546
5732,0.0014361351,0.008480096,0.0020232287,0.026748264,0.70024765,0.014296145,0.005892974,0.6654342,0.044593576,0.031119445,0.00244561,0.0044362447,0.0040757777,0.056338035,0.06458163,0.0069999658,0.00015041085,0.6791022,0.0027343766,0.0037532966,0.007411221,0.013452071,0.0019142878,0.0040915036
5734,0.09270381,0.0349507,0.0024086633,0.0076643475,0.2830134,0.20197494,0.0017517719,0.36830366,0.015076339,0.098494,0.019592747,0.0015222803,0.57957023,0.0003474685,0.0024423923,0.21744244,3.6713373e-05,0.085337065,0.14471947,0.0031707757,0.00014627108,0.4486113,0.0006831143,0.0062646875
5738,0.17747374,0.59131634,0.40075365,0.028620113,0.5183199,0.010458205,0.06323018,0.24020895,0.5870901,0.5336106,0.00079705234,0.03731861,0.05585747,0.036606476,0.08480678,0.01474084,0.0009631967,0.15129389,0.17898028,0.03608005,0.023616156,0.03498226,0.028642997,0.047050342
5742,0.03878419,0.020890918,0.0019237899,0.01170556,0.37363866,0.19240591,0.0018893876,0.4844042,0.017903192,0.08472017,0.027295414,0.0019199958,0.43704233,0.0007467246,0.004150668,0.20287399,5.407911e-05,0.16991861,0.06684554,0.0043328945,0.0002503001,0.3674276,0.00077992067,0.0057359845
5744,0.11154654,0.123366974,0.012062033,0.004538757,0.26320374,0.049776763,0.0019006833,0.22296649,0.049801406,0.3587723,0.0075591803,0.0012628573,0.766768,0.0007693237,0.00785877,0.17953658,7.09304e-05,0.08382119,0.41232482,0.0029903844,0.00024044474,0.2948772,0.0009200072,0.0058092126
5745,0.0027287418,0.010459311,0.0022230162,0.033859402,0.6489717,0.022158407,0.008495029,0.6648871,0.040363982,0.0280134,0.0027746165,0.0064447336,0.005086249,0.045336276,0.050709084,0.008842978,0.00018316896,0.58076966,0.0034147918,0.005065047,0.0074783303,0.02068451,0.0028011336,0.0058707017
5750,0.25771835,0.06955411,0.0027679482,0.03355321,0.2806073,0.4364786,0.0187772,0.55167353,0.016526168,0.031543057,0.032480933,0.022946494,0.08222862,0.0016866968,0.0037663116,0.1382511,0.00048062764,0.10033943,0.061761547,0.007982476,0.003108701,0.48005494,0.021869307,0.040129274
5752,0.22985503,0.16452308,0.013519499,0.004351987,0.22760849,0.07173846,0.0024192939,0.19021653,0.039365705,0.2504955,0.0044595283,0.0016249229,0.68516815,0.0004150581,0.0035460147,0.13231313,5.2420357e-05,0.046409175,0.45021594,0.003271416,0.00017839919,0.34291893,0.0011222406,0.008049718
5757,0.16268446,0.009428025,0.00012829769,0.009582089,0.19899474,0.7239218,0.0012641329,0.5771049,0.0017779743,0.011338867,0.10717283,0.0016313453,0.21944557,8.4641455e-05,0.00045933021,0.3291687,2.237399e-05,0.07245598,0.030946543,0.0010161642,8.237948e-05,0.7783594,0.0010917041,0.005259653
5759,0.008294767,0.02513113,0.006362681,0.06355694,0.56302273,0.024412898,0.03967405,0.61241794,0.058521237,0.02753478,0.0019455854,0.020235978,0.0031609144,0.082555786,0.05828546,0.0066192257,0.00048534758,0.41041622,0.0053373952,0.00931392,0.026784968,0.019722925,0.0099115465,0.014467319
5760,0.03627306,0.050048105,0.008812036,0.086437635,0.42274627,0.06399469,0.101079516,0.6014277,0.04866374,0.023658104,0.003647293,0.051277228,0.005195699,0.03969313,0.028842937,0.0147431735,0.00095871143,0.23367122,0.011839735,0.016146457,0.03493865,0.052477054,0.03515177,0.03478774
5765,0.25028732,0.019505825,0.00030745217,0.014257304,0.20702665,0.6835512,0.0031408153,0.55390054,0.0030933279,0.014044907,0.07650902,0.0039609815,0.15892796,0.00018945096,0.0007169,0.26075032,6.21989e-05,0.067547224,0.043637082,0.0017969846,0.00025981807,0.7299615,0.002907216,0.010705645
5771,0.35122484,0.34386942,0.020288588,0.09670283,0.21121241,0.07083231,0.09872583,0.6232125,0.0607505,0.02544927,0.0030111766,0.31101215,0.005299371,0.01279586,0.01297778,0.01625543,0.002406809,0.11957806,0.038644392,0.017744957,0.06691357,0.13333844,0.60247004,0.12722331
5772,0.10685226,0.0890508,0.0054925317,0.015491768,0.32578784,0.12686667,0.0031697194,0.3829518,0.047051515,0.19971167,0.044456616,0.004613212,0.33718514,0.002887966,0.018117212,0.21415474,0.0002405784,0.19379957,0.13025153,0.0033588007,0.0017412696,0.3790693,0.0039654803,0.009179327
5774,0.59392095,0.56017524,0.046362653,0.00660827,0.2018549,0.04010803,0.006786883,0.1725764,0.104518935,0.28251934,0.001458275,0.008379066,0.27418637,0.0009027399,0.005570245,0.051075004,0.00021417915,0.03491609,0.5596342,0.004509403,0.0013849832,0.25341803,0.012249977,0.021824377
5776,0.6547309,0.5912452,0.04222529,0.007225727,0.19082409,0.04340138,0.0075386064,0.18145008,0.09658651,0.24277115,0.001420053,0.010540664,0.22200578,0.0008810372,0.005057452,0.046574563,0.00025989435,0.03272773,0.5599762,0.0045898333,0.0017329148,0.26665345,0.0177407,0.025507078
5777,0.010399022,0.019562073,0.0027906215,0.041963473,0.54841465,0.06023496,0.014470723,0.66246396,0.035301574,0.02850167,0.005515788,0.012765706,0.009533091,0.022425918,0.027086776,0.020061443,0.00031818394,0.4017712,0.007081264,0.0076669957,0.008097054,0.056644402,0.0071947174,0.012931826
5779,0.113766216,0.2994693,0.14051436,0.030613124,0.49296308,0.028654015,0.038384832,0.32246834,0.29664934,0.3573903,0.002825461,0.02078401,0.13207446,0.017039606,0.047647856,0.035189312,0.0008051148,0.17898463,0.15637787,0.037012402,0.008434689,0.078775115,0.012882204,0.034776367
5782,0.008925527,0.027512467,0.001835999,0.03964153,0.4707172,0.021011012,0.010319784,0.720796,0.038720947,0.03200825,0.0060521504,0.01005049,0.0016252053,0.033906713,0.045964286,0.00997891,0.000540678,0.5705342,0.0037406392,0.0019622217,0.028887035,0.024999745,0.015072403,0.007521135
5784,0.61498046,0.6610837,0.078466035,0.012269952,0.239224,0.031407733,0.015579121,0.22443411,0.16814518,0.2521234,0.0010644848,0.025801979,0.10063038,0.0024515642,0.009378483,0.028955067,0.000564101,0.04835355,0.42744353,0.008444696,0.0056445603,0.1737607,0.051779192,0.044174414
5788,0.0976713,0.0118217245,0.00030072787,0.014984229,0.27468622,0.58625245,0.002367394,0.61032814,0.0040208544,0.017508201,0.08353194,0.0031253996,0.17484272,0.00032574288,0.0013040595,0.25823092,5.7035646e-05,0.121422924,0.028751053,0.0022249962,0.0002768042,0.6288069,0.0019191068,0.008102187
5789,0.03303431,0.08143147,0.0050594034,0.069389276,0.45183682,0.12861717,0.024015568,0.77408385,0.060101993,0.050776597,0.019394988,0.062447723,0.0043876325,0.027792541,0.04635676,0.033737477,0.002598442,0.47614935,0.00782471,0.008519124,0.057792705,0.090120375,0.12112595,0.031643905
5791,0.30492488,0.113895714,0.005347602,0.04545143,0.27646518,0.3573968,0.035641786,0.55208147,0.025147088,0.033615895,0.02174112,0.04757482,0.05085614,0.002984929,0.0054608565,0.09949167,0.000869821,0.102608055,0.06466001,0.011407382,0.007102744,0.40829217,0.058566034,0.06294426
5793,0.17043316,0.5651556,0.3847734,0.027186824,0.5157413,0.012130714,0.05657821,0.24261747,0.569219,0.5533681,0.0009999936,0.03072298,0.07795396,0.03122198,0.08197472,0.018869663,0.0009223498,0.15447728,0.19653104,0.0381497,0.017771438,0.04184179,0.022118004,0.043324567
5796,0.16061547,0.014768157,0.00029328084,0.014220346,0.23592371,0.64165044,0.0026098152,0.5789185,0.0033870845,0.015645491,0.08136615,0.0033305169,0.17455322,0.00023360891,0.00092324265,0.2659558,5.6178058e-05,0.0886319,0.03587629,0.0019221416,0.00024885262,0.68748426,0.0022133018,0.009017525
5797,0.5587861,0.123257056,0.0023342741,0.02971909,0.1959549,0.54883635,0.01917925,0.5094092,0.011821183,0.022136534,0.031603053,0.0304688,0.06506922,0.0008026991,0.0018421453,0.1390214,0.0004613331,0.056214254,0.09286293,0.005148218,0.0027812622,0.6378472,0.042069707,0.052812923
5801,0.3206264,0.023866558,0.00032813323,0.014227674,0.19118732,0.7019545,0.0035139702,0.53615296,0.00302655,0.013417324,0.07189321,0.0044321446,0.14956124,0.00016815048,0.0006246105,0.25457725,6.61807e-05,0.057145476,0.050110396,0.0017327646,0.00026976728,0.75246525,0.0034720397,0.011961199
5806,0.05335234,0.2796727,0.21243913,0.02667191,0.58425903,0.014043224,0.03375754,0.30980816,0.44236615,0.48974445,0.0019156893,0.015343102,0.11366759,0.030069685,0.08898301,0.02597787,0.0005817192,0.24769495,0.11194444,0.03425792,0.009894467,0.040891726,0.0073656514,0.024553854
5808,0.09935889,0.022293607,0.0010031383,0.010305956,0.26686463,0.36338225,0.0018565588,0.46684816,0.008442129,0.048247397,0.037390187,0.0019432564,0.4078459,0.00030627754,0.001612725,0.25967383,4.08565e-05,0.090940185,0.07702259,0.002422461,0.00017834018,0.55528784,0.00092593476,0.0067742798
5811,0.13872553,0.060043283,0.0038581463,0.004131615,0.22085455,0.13422267,0.0013511749,0.26006258,0.01637634,0.14632307,0.01017242,0.0009752017,0.73083586,0.0002194027,0.002056666,0.2108636,2.8243905e-05,0.056242317,0.29190636,0.002417358,7.655967e-05,0.45878428,0.00058533764,0.005204107
5818,0.07110343,0.15962434,0.018607045,0.025911022,0.4501732,0.034124896,0.013466906,0.5059082,0.14154433,0.14625148,0.004854977,0.016886406,0.030310497,0.013745894,0.03189947,0.031094832,0.0004107185,0.26672724,0.04036101,0.008071187,0.010865476,0.09555459,0.01942413,0.020815857
5823,0.035335355,0.01588819,0.0012577268,0.008260579,0.33936527,0.20628625,0.0010368357,0.46471286,0.012969464,0.08251354,0.03158432,0.0010651401,0.5499233,0.0004099184,0.0028932395,0.2582666,2.9837154e-05,0.15381533,0.07099145,0.0027246068,0.00011532287,0.43540558,0.00041252564,0.0038210663
5827,0.30518574,0.017476233,0.00020230336,0.012336187,0.18016908,0.7474345,0.002545311,0.5503063,0.0021366004,0.010700464,0.085642695,0.0032238646,0.15407854,0.000110041394,0.00045164183,0.2828881,4.358739e-05,0.05470087,0.041161474,0.0012849433,0.00016674896,0.7886225,0.002497121,0.009137039
5832,0.1017425,0.015610619,0.00052524504,0.01163238,0.25932392,0.48392367,0.001891592,0.5244771,0.0051975506,0.029151093,0.05767113,0.002048988,0.34042734,0.00023920425,0.0011813197,0.28145313,4.0121005e-05,0.093652375,0.05544405,0.0023083899,0.00017004467,0.61592185,0.000985496,0.0065219738
5842,0.48582137,0.6671332,0.13615331,0.009800095,0.29115608,0.01927204,0.014024723,0.18465343,0.26711276,0.40855694,0.0008214512,0.017022785,0.14546794,0.003359385,0.015187994,0.026951024,0.00039779136,0.057222113,0.43696028,0.009125904,0.0045006927,0.11858486,0.02566287,0.032448567
5845,0.015229007,0.02788763,0.004366613,0.044222936,0.5314337,0.06408431,0.01898245,0.63184035,0.04363235,0.03660244,0.005569468,0.01571651,0.012964929,0.021188278,0.026693877,0.02279489,0.00038454696,0.35175556,0.010451634,0.009776146,0.008904971,0.06389443,0.009023019,0.016688153
5854,0.12269476,0.06147296,0.00424143,0.0032287806,0.22037722,0.106766626,0.0010145571,0.23217115,0.017775735,0.17847694,0.008581719,0.00070743327,0.7897539,0.00018580063,0.0021082808,0.2101787,2.1259793e-05,0.054372296,0.33114827,0.0021210152,5.4572618e-05,0.43710795,0.00041611545,0.0042055077
5855,0.012673992,0.031162813,0.013167499,0.16685694,0.448099,0.01000611,0.27855685,0.5156099,0.06375899,0.01362138,0.0007888429,0.04582415,0.00071395293,0.33020377,0.093514815,0.001795967,0.0011869079,0.27148014,0.004215392,0.014486604,0.18288204,0.0062812166,0.018877598,0.019813085
5864,0.0032916353,0.010353562,0.0019125494,0.03315063,0.6328207,0.02978725,0.007893755,0.6744634,0.03504036,0.02703626,0.0036909063,0.0064916727,0.0065142787,0.033931937,0.041294847,0.011754623,0.00018764404,0.5593474,0.0038422884,0.0052766493,0.0062118275,0.027994609,0.0029606326,0.006294908
5867,0.028007243,0.04425384,0.013154964,0.17684072,0.37029898,0.021976722,0.32854646,0.5423054,0.054100785,0.012582923,0.0013568257,0.07596298,0.0011126375,0.19543324,0.059798095,0.0036360696,0.0015626253,0.20369212,0.0063483836,0.017796725,0.1693988,0.014324779,0.041136574,0.031875554
5870,0.01015327,0.016134325,0.002015699,0.032358475,0.546256,0.081149034,0.008031702,0.6660616,0.029242832,0.03311469,0.009068889,0.008311139,0.020492107,0.011746439,0.019696642,0.034481112,0.00022185383,0.40754092,0.008757491,0.006864649,0.0038094802,0.086169586,0.004515244,0.010238315
5877,0.16625214,0.18454327,0.00819976,0.04213785,0.25482526,0.13001683,0.039260406,0.589653,0.04881858,0.08382809,0.014504519,0.051759984,0.026312962,0.0038687976,0.012876359,0.08931834,0.0006848315,0.1498668,0.05278407,0.0062250877,0.018710127,0.19045973,0.091495216,0.04053856
5878,0.598739,0.09099716,0.0011531869,0.021411274,0.17062207,0.63734055,0.0111310845,0.48936754,0.0067095873,0.016669212,0.03768424,0.016133802,0.07729251,0.00035890014,0.000958406,0.16624077,0.00021073651,0.042551704,0.08922872,0.0028553978,0.0012042422,0.72248054,0.019625597,0.034146905
5879,0.1696586,0.16163215,0.0138666015,0.10150911,0.28255537,0.096953884,0.11640389,0.62751865,0.05026453,0.023726307,0.00508112,0.18225004,0.006702831,0.017838266,0.016930912,0.021439487,0.0019296594,0.16073224,0.0238934,0.020304842,0.0476218,0.119579464,0.2891953,0.09039528
5881,0.02443645,0.05355612,0.0065110885,0.038579244,0.548783,0.07761278,0.011069017,0.6100321,0.07303949,0.11275352,0.038909037,0.013952168,0.025544148,0.026531229,0.05782696,0.0539134,0.0012519909,0.4297487,0.017991642,0.006476001,0.031921934,0.08823468,0.0174607,0.023004197
5887,0.22993816,0.109128565,0.0018319183,0.017083148,0.23725322,0.29186094,0.009984665,0.5924822,0.01802048,0.053859204,0.035989344,0.015917927,0.034311164,0.00056094327,0.004611655,0.1449376,0.0002234072,0.10208951,0.04726753,0.0019286089,0.005944994,0.45143512,0.03805787,0.02348051
5889,0.0024850485,0.00953923,0.0020153825,0.03699671,0.648544,0.019954091,0.009886276,0.6711716,0.03752497,0.022990236,0.002375321,0.006849607,0.003479918,0.055097304,0.053766154,0.0069019157,0.0001870417,0.5861,0.0027523425,0.004851465,0.009158469,0.017150292,0.0029607522,0.005732674
5891,0.00876463,0.015923725,0.002175466,0.03222509,0.5616147,0.06895323,0.007974086,0.66275465,0.031980623,0.034652878,0.007900786,0.008053439,0.01860879,0.01387589,0.022622949,0.030149449,0.0002209992,0.42934698,0.00821867,0.006818663,0.004069958,0.073740795,0.004261131,0.009707262
5892,0.009753129,0.023548443,0.005834419,0.079122625,0.5245943,0.026951998,0.059693962,0.6143482,0.049281497,0.020261683,0.002036076,0.025453081,0.0023952515,0.0953864,0.05559257,0.0060856473,0.00060759456,0.3736439,0.004873061,0.01003038,0.036389943,0.019483035,0.012548282,0.015995933
5895,0.07157174,0.009533538,0.0002613403,0.0141902855,0.29057306,0.56552494,0.0019138487,0.62575155,0.003926742,0.017767286,0.08880632,0.0025806786,0.18648186,0.0003254756,0.0013971606,0.26515397,4.7891637e-05,0.14059122,0.025011063,0.0021377625,0.00023414072,0.6132735,0.0014981163,0.006766551
5897,0.01816139,0.14648543,0.16381235,0.07209783,0.5965425,0.0031993974,0.11972531,0.31691357,0.3779701,0.19847733,0.00047542065,0.019624207,0.0079043405,0.23430566,0.18677588,0.0029892726,0.0007926022,0.29425907,0.024942655,0.02846398,0.06494133,0.00582837,0.0061680153,0.01679347
5901,0.025322687,0.03622723,0.0050438377,0.04833859,0.4869389,0.085454755,0.025681036,0.62410307,0.042533353,0.03589471,0.0064871507,0.021141695,0.014736843,0.017055681,0.021399364,0.028661383,0.00047130627,0.28944844,0.013596109,0.0109850615,0.010050638,0.085200354,0.013563144,0.022391729
5904,0.030380119,0.089702435,0.03181715,0.021232815,0.52653253,0.03687967,0.01007249,0.43005008,0.14785759,0.2539359,0.004741666,0.0077182087,0.19897772,0.009245958,0.031214248,0.055790782,0.00023398743,0.266046,0.07440737,0.016389113,0.0023282873,0.09469404,0.0036786713,0.014126849
5906,0.0019523572,0.023378246,0.0018759123,0.035067864,0.61537886,0.010790388,0.007353278,0.7687529,0.037215304,0.026073573,0.0020489,0.015114849,0.00075604045,0.06645143,0.07434415,0.00410861,0.00031936524,0.7695621,0.0022227901,0.0025927213,0.02445136,0.010303948,0.0141230235,0.0053279893
5907,0.6339197,0.098466836,0.0012139769,0.021327516,0.16590835,0.64549565,0.011325229,0.47737536,0.0067158723,0.016830537,0.03801067,0.01643835,0.08153575,0.00033244485,0.0009006277,0.16840215,0.0002223167,0.039715193,0.10050684,0.0029359497,0.0011816171,0.7358498,0.02000705,0.03545336
5913,0.009406966,0.04436138,0.017268011,0.024846086,0.6151347,0.022526471,0.008788582,0.5109378,0.1281139,0.16284719,0.0033894542,0.006420898,0.069518946,0.020490304,0.048621748,0.027590688,0.00020946823,0.41809404,0.025693007,0.012757254,0.0034090148,0.04429891,0.0024730207,0.009057485
5915,0.011100918,0.011468755,0.0010447481,0.025899904,0.5102482,0.1344784,0.00463444,0.68830585,0.017990151,0.028595097,0.017525,0.0056198128,0.037718333,0.00511562,0.011340808,0.0642098,0.00014692303,0.3878866,0.009474072,0.0053379294,0.0017501742,0.15024583,0.003099184,0.0081252735
5917,0.04503877,0.020590479,0.0016967623,0.007606143,0.32780355,0.18410999,0.0011556993,0.41819608,0.014500105,0.097229674,0.025091292,0.0010804423,0.598992,0.0003831404,0.0028995923,0.23984908,2.9810108e-05,0.12914445,0.09731134,0.0030187962,0.00011268138,0.42044944,0.0004234386,0.004178744
5919,0.43725193,0.028151697,0.00028579164,0.013348269,0.16445608,0.7500404,0.0035959973,0.517177,0.0025014374,0.011006846,0.070675954,0.004571581,0.13222201,0.00011501374,0.00043438675,0.25538895,5.9311507e-05,0.043549493,0.05519981,0.0014101458,0.00023216229,0.80071497,0.0039721904,0.012521757
5923,0.1835406,0.30614576,0.08186153,0.011942139,0.37930185,0.03798568,0.011676061,0.2369137,0.18474963,0.41228354,0.0030977596,0.0076470356,0.37701586,0.003622016,0.01738655,0.066143356,0.00026150877,0.098413795,0.3171256,0.013729782,0.0017661788,0.15015528,0.0049838326,0.020721696
5925,0.081865974,0.010080076,0.00026551393,0.012122493,0.27348116,0.56364775,0.0015898735,0.5907942,0.0037034946,0.019558113,0.085847594,0.0020662802,0.23921981,0.00024145463,0.0011663302,0.2803686,3.815878e-05,0.12129158,0.03146273,0.0019140819,0.0001673678,0.6389397,0.0011628178,0.006046909
5926,0.30909646,0.17351754,0.013790818,0.039439093,0.29975817,0.23311733,0.03842717,0.46892482,0.047810405,0.067932926,0.012408443,0.040214706,0.08832328,0.0036481111,0.0073600197,0.0900257,0.00091706,0.09283725,0.11505586,0.015654087,0.007126275,0.3309157,0.040764928,0.062299643
5929,0.17754814,0.45317152,0.21980684,0.026102317,0.47920954,0.021349307,0.042242456,0.27250952,0.39056003,0.43063498,0.0017723306,0.026669722,0.10870196,0.017764272,0.05004462,0.027294762,0.00086303236,0.14633234,0.20024152,0.03319497,0.011740987,0.06805991,0.019971794,0.04173517
5941,0.32186818,0.27349058,0.0067665675,0.0018083104,0.117380515,0.026379569,0.0009913226,0.14230393,0.025541067,0.26182994,0.0021964377,0.00081603986,0.6637628,0.00015984318,0.0033466406,0.14244637,4.4468114e-05,0.024629015,0.6891495,0.00069571065,0.00029110792,0.312879,0.001475108,0.007145066
5946,0.07109757,0.088132896,0.015629439,0.060194917,0.42372498,0.0969698,0.06496722,0.5448817,0.06657687,0.053805843,0.0058563957,0.041233454,0.02565871,0.014848367,0.019083444,0.03636813,0.00086489116,0.18206191,0.03456982,0.021492682,0.015708677,0.10888739,0.028280554,0.042662494
5947,0.19271845,0.0126632145,0.00018844011,0.011265399,0.2050085,0.7029358,0.0018367305,0.5637865,0.0022621888,0.012755451,0.09274601,0.0023069945,0.20148894,0.00011875242,0.0005548756,0.29888874,3.42483e-05,0.07062757,0.037042577,0.0013418812,0.00013078314,0.75506586,0.0015573582,0.006966922
5949,0.37183696,0.04486881,0.0008771042,0.0146171665,0.19017026,0.5844341,0.005106758,0.4644512,0.005445175,0.02329862,0.04281697,0.005382972,0.2137326,0.00022051403,0.0008174042,0.2328467,9.082587e-05,0.047202636,0.098240994,0.002574641,0.00037710025,0.70072794,0.0037938268,0.015370213
5951,0.33063722,0.03494139,0.0006260668,0.017168563,0.20423225,0.6368338,0.005425183,0.52297246,0.004784357,0.017906211,0.05575719,0.0065656174,0.14641407,0.00028239161,0.00092312257,0.22807105,0.00010757141,0.059659638,0.062429152,0.0025225268,0.00048741113,0.70054114,0.005128703,0.01663892
5954,0.16629076,0.0751963,0.0056855786,0.03212941,0.3306949,0.28373578,0.018941415,0.5131746,0.02930463,0.056076713,0.020458082,0.01800028,0.12410362,0.002467273,0.0058990307,0.124598324,0.0004410275,0.115712054,0.07520698,0.0110830525,0.0030546465,0.35790792,0.012799403,0.03367876
5959,0.05403858,0.033431903,0.0030318394,0.002906293,0.2633455,0.091023706,0.000613669,0.2600528,0.016345493,0.19131806,0.011462295,0.00041827597,0.8496111,0.00018359421,0.0024923272,0.24223655,1.571865e-05,0.08332148,0.26029515,0.0022246237,3.314452e-05,0.40231797,0.00020155996,0.0025782397
5962,0.047237463,0.047181863,0.002073726,0.012929695,0.29714757,0.18423131,0.00382709,0.5802674,0.018072663,0.11792918,0.084685124,0.005362325,0.3839566,0.0015321326,0.01276356,0.3701558,0.0005310627,0.23104945,0.14007899,0.0035200513,0.0031031289,0.39546853,0.007026515,0.015210176
5966,0.29528543,0.26482147,0.02772581,0.06387271,0.28911093,0.11263228,0.07773892,0.5119408,0.07479304,0.056363206,0.004987547,0.11791257,0.026451463,0.008459457,0.011994104,0.039033297,0.0017329429,0.111664146,0.075950734,0.02244595,0.022591867,0.18541665,0.17615078,0.094384745
5971,0.26105472,0.05915996,0.0022297045,0.025668224,0.26179627,0.46078023,0.012245554,0.5190561,0.01303583,0.033492208,0.03527292,0.013236261,0.14150052,0.0009361107,0.0025157544,0.17559017,0.00028873797,0.08234891,0.07863062,0.0063121393,0.001543922,0.5363155,0.010043448,0.028426073
5975,0.007136762,0.032129563,0.0043411097,0.14254999,0.40409985,0.011008965,0.12687781,0.7103454,0.04320396,0.017456349,0.0014836654,0.05048,0.00046826983,0.19753952,0.08229723,0.0025623182,0.001237259,0.44324723,0.0031154912,0.005938719,0.2575497,0.0064802608,0.05211301,0.016296193
5976,0.089998126,0.17609538,0.03510837,0.018979058,0.36554763,0.04540439,0.014148661,0.3126558,0.16270599,0.42014614,0.021914665,0.008578315,0.3957594,0.0069752308,0.055727787,0.20152692,0.00048186487,0.19168673,0.24405916,0.010735482,0.007150046,0.18314816,0.00728688,0.023291312
5977,0.002066936,0.008949654,0.002016476,0.030623928,0.66861075,0.019383958,0.0070329094,0.66855943,0.040470477,0.028122377,0.0026778206,0.005329505,0.0049961703,0.0473196,0.054932117,0.008407203,0.00015926431,0.62100893,0.003056487,0.004535457,0.0067930124,0.018302478,0.0022388732,0.00491152
5978,0.3434622,0.02658337,0.00036078313,0.015613148,0.19081768,0.7064252,0.004210327,0.5428642,0.0032306043,0.012996606,0.06963442,0.005419084,0.12872621,0.00019517586,0.00066765776,0.24446946,7.939854e-05,0.057060543,0.048926715,0.0018437683,0.00034297828,0.74935186,0.0044559357,0.013873332
5984,0.11495625,0.13343757,0.016998826,0.1086854,0.32274592,0.07053315,0.15549117,0.59680223,0.061708655,0.025570974,0.0035717003,0.14493003,0.0054473733,0.030588659,0.024000663,0.015756993,0.0018180392,0.16996193,0.020418443,0.022917641,0.059265457,0.07726249,0.17681888,0.073026076
5986,0.5923642,0.20432076,0.0029969693,0.011652342,0.13056774,0.19976933,0.005479617,0.28442472,0.015175168,0.05258345,0.014971659,0.007980229,0.08439623,0.0005441365,0.004297634,0.14260954,0.0002483622,0.04043345,0.21234483,0.0011375059,0.004453571,0.5418088,0.017769285,0.032399237
5988,0.13694516,0.028227266,0.0010367631,0.022383498,0.2997033,0.47111896,0.0064024525,0.57810557,0.009528384,0.027533578,0.04821416,0.007984957,0.12852365,0.0008867523,0.002630154,0.18480903,0.0001717303,0.121210285,0.04183697,0.0045260633,0.0009661622,0.51631355,0.005641267,0.017478976
5989,0.55695975,0.5918469,0.05722112,0.0057523223,0.20774978,0.027776513,0.0059342925,0.15722524,0.1320523,0.34402078,0.0011874427,0.007438928,0.27595165,0.0010305513,0.0074062105,0.04417553,0.00018502948,0.03803273,0.5641389,0.0040980643,0.0014618309,0.20803788,0.011590526,0.018427616
5995,0.007897367,0.013537681,0.0017588397,0.027301885,0.5598916,0.07688617,0.005431279,0.6678792,0.02877593,0.03736237,0.010151329,0.0060612494,0.02743304,0.0099607995,0.019523378,0.04027437,0.00017339013,0.44423857,0.008713947,0.0059246263,0.002630184,0.08981317,0.0031672115,0.008002855
5997,0.5550911,0.35182765,0.008681909,0.01043226,0.12596154,0.10944717,0.005438796,0.282943,0.04053998,0.19900317,0.012681339,0.0056299884,0.31468132,0.0007193003,0.0066894563,0.15216136,0.00027069225,0.045046728,0.36242545,0.0023167864,0.0018523653,0.53084755,0.011165216,0.016334075
6002,0.35597152,0.30330643,0.012944222,0.003372518,0.2040449,0.06477309,0.0019448097,0.17585717,0.05613789,0.2882848,0.006505292,0.0019304097,0.6030729,0.0005064483,0.0065716784,0.17517672,6.4927845e-05,0.05474002,0.5334009,0.0018326116,0.0002966427,0.44622558,0.0021038563,0.007913346
6007,0.014199527,0.04519892,0.020933175,0.09567849,0.52399623,0.016989442,0.10916187,0.50078493,0.098730884,0.041629355,0.0015759357,0.028200606,0.005286803,0.13581768,0.07420084,0.006095471,0.0008105522,0.29178733,0.011441109,0.018330486,0.053897403,0.015396554,0.010504401,0.020009208
6012,0.053963922,0.25821397,0.15593316,0.02921187,0.5642545,0.015415994,0.033997368,0.3448478,0.39317846,0.4123288,0.0018781627,0.01821115,0.08155158,0.03221278,0.078484744,0.025828395,0.0005362247,0.24917637,0.09413676,0.025561513,0.012219251,0.04293942,0.010386291,0.02590705
6015,0.020686688,0.07466492,0.0055271597,0.03140162,0.5700028,0.040150255,0.02057573,0.63594997,0.07051421,0.06946501,0.0059043034,0.030972496,0.0024026975,0.018799404,0.05167237,0.012958499,0.00066015683,0.406928,0.009726345,0.004585937,0.11883173,0.03274983,0.052685898,0.030798847
6016,0.07205511,0.0055459556,2.6114023e-05,0.0073476173,0.1991535,0.73638415,0.00056476734,0.7777214,0.00075629883,0.0034839273,0.11526518,0.0018775361,0.02514779,6.9429945e-05,0.00041347052,0.26288453,1.8737821e-05,0.17840803,0.0053020916,0.00027100186,0.000108560154,0.74953246,0.0023174544,0.0020943156
6019,0.005824125,0.01807208,0.0036233068,0.033737298,0.6114187,0.034537397,0.009525302,0.6367092,0.0502229,0.043165658,0.004051418,0.008300982,0.011634787,0.029029146,0.03997156,0.016226359,0.00023339319,0.48798698,0.006881446,0.0069454527,0.006412923,0.037579056,0.0039847675,0.008903599
6024,0.07101642,0.18440658,0.073645525,0.014365724,0.47469893,0.031576212,0.010188819,0.29024613,0.20875677,0.43529135,0.004105209,0.006141953,0.40077052,0.0056733936,0.027660526,0.06911451,0.00022977844,0.16802037,0.20582043,0.01831612,0.0016429501,0.112488344,0.0028491402,0.015110924
6028,0.0026521275,0.010538789,0.0023234375,0.028246779,0.65441394,0.024189956,0.0060488437,0.6586972,0.04324914,0.036934722,0.0034952988,0.00512477,0.008980717,0.0330821,0.04701603,0.012566504,0.0001551039,0.5920223,0.004319262,0.0050048037,0.004897085,0.025886402,0.002177017,0.005307131
6031,0.15343927,0.10192587,0.011029632,0.037017938,0.36034313,0.19807264,0.02821115,0.49357808,0.047593426,0.073676735,0.013290628,0.024225464,0.103184424,0.0042294925,0.00921038,0.09203479,0.0006016541,0.12686382,0.08010893,0.015590869,0.005029345,0.26681218,0.0176439,0.040448856
6035,0.0016294133,0.011282982,0.00213785,0.037118316,0.6186585,0.008252476,0.007389984,0.6816692,0.04553154,0.0372364,0.0031036574,0.0053988798,0.0023433175,0.09485995,0.10533171,0.0052172644,0.00025321767,0.71391994,0.002884884,0.0029925262,0.018226802,0.008970164,0.0030285392,0.004455277
6036,0.3463309,0.2439406,0.011498445,0.079992846,0.21660429,0.14336853,0.07280154,0.6239548,0.03847579,0.023269773,0.0067032217,0.21045291,0.010117945,0.006940294,0.008732575,0.03192237,0.0018697415,0.11759275,0.04071822,0.014918363,0.03116995,0.22182561,0.43346685,0.11401746
6038,0.10728772,0.09496079,0.013432335,0.033020124,0.400095,0.14357367,0.022394741,0.47748607,0.05951672,0.096736364,0.010995614,0.018208759,0.12466331,0.0047944435,0.011727019,0.08236609,0.00047350663,0.14794587,0.079735,0.016359063,0.0041086962,0.2148542,0.011507136,0.032104906
6040,0.038528815,0.122045726,0.045103095,0.039700896,0.53170073,0.037081264,0.03464829,0.47387153,0.18234265,0.17024934,0.0031181432,0.02211177,0.04480403,0.023047835,0.043150693,0.029556636,0.0004864235,0.2571971,0.042947065,0.020275256,0.011464312,0.06210159,0.012432728,0.02805696
6042,0.4405293,0.0419603,0.00056413375,0.016975414,0.18259707,0.68492573,0.0058816653,0.5114046,0.004173295,0.014901457,0.05640805,0.007508281,0.12051949,0.00022709274,0.00073036284,0.2194648,0.00010956446,0.049321596,0.0667706,0.002204346,0.00049279426,0.74472654,0.006745417,0.018726312
6046,0.6693348,0.06185307,0.0004811099,0.014875712,0.1372096,0.74938095,0.0059142644,0.46095347,0.0031979168,0.010919951,0.050269075,0.0077609043,0.09514078,0.00011705645,0.00039481057,0.21147706,8.890416e-05,0.02938761,0.087317094,0.0014857621,0.00039775798,0.82330966,0.008537874,0.020247336
6047,0.02297385,0.028616766,0.0034252256,0.041783664,0.4893681,0.10428867,0.017052172,0.64001703,0.033873614,0.034041982,0.008841729,0.01594077,0.019601945,0.011881644,0.017399281,0.036890432,0.00037108696,0.30075237,0.013170485,0.009492767,0.006522814,0.105884135,0.0099647045,0.018605843
6048,0.010596534,0.024848728,0.00497638,0.030215308,0.56696355,0.055275094,0.008547425,0.60541844,0.0520551,0.06433968,0.006664952,0.00754487,0.043127272,0.012122756,0.02414085,0.037516873,0.00021281811,0.38643146,0.015612304,0.009656235,0.0032869969,0.075350076,0.0032837675,0.01009753
6049,0.0014371134,0.006886597,0.0015992571,0.03226664,0.6787232,0.014343177,0.0073954775,0.68082094,0.03590432,0.021341791,0.001991352,0.0049475473,0.0028040707,0.06179661,0.061851576,0.0054848483,0.00013289852,0.6527475,0.0020015188,0.0038154635,0.007878001,0.012480187,0.0019773527,0.0040598656
6052,0.08839904,0.013614961,0.00046256435,0.01102569,0.26328728,0.48242497,0.0016215135,0.53114974,0.0048732758,0.028701587,0.061402943,0.0017709578,0.35969093,0.00022000853,0.0011522004,0.29172444,3.470997e-05,0.09888778,0.05215358,0.0021899804,0.00014388948,0.61828506,0.00082307775,0.0057466333
6056,0.23882216,0.20207444,0.014424278,0.09041123,0.2598118,0.11510818,0.094446965,0.617154,0.048710905,0.026471881,0.0058448277,0.19230555,0.009259357,0.01184382,0.013134527,0.026926786,0.0019835099,0.14194873,0.03310966,0.019288823,0.03821933,0.15999086,0.3410853,0.102311686
6059,0.17623352,0.013332772,0.0002255578,0.012578568,0.21750459,0.67871034,0.0021407013,0.5731077,0.0026775687,0.013757633,0.08786888,0.0027211965,0.18528345,0.00016266567,0.00069473963,0.2859723,4.2235577e-05,0.07834184,0.03540016,0.0015268502,0.00017532345,0.72724,0.0018228247,0.007790438
6063,0.16482621,0.26149195,0.06401642,0.0105933,0.36754632,0.04094371,0.008957498,0.23700312,0.15499759,0.40026617,0.003428888,0.0058654584,0.43630606,0.0028309762,0.014681669,0.07599454,0.00019596261,0.095899336,0.3180036,0.011416596,0.0012367402,0.16474333,0.0036158348,0.017290352
6068,0.009751089,0.0539235,0.02356517,0.03502555,0.62170076,0.017190026,0.018084835,0.5106927,0.14895289,0.13254368,0.002125669,0.010825609,0.028414896,0.042890355,0.06796396,0.014781338,0.00031547935,0.41313705,0.019678263,0.014730821,0.00852828,0.027761644,0.004216679,0.012402764
6078,0.25779673,0.015785309,0.00020538077,0.011559719,0.18958536,0.7228012,0.0021831298,0.54702234,0.002235213,0.01208714,0.08640492,0.0027144225,0.18390104,0.00010979989,0.00048809484,0.2893636,3.8836664e-05,0.05947219,0.042330958,0.0013302771,0.00014453854,0.77399695,0.001965695,0.008066519
6082,0.2306349,0.6277287,0.3698077,0.024895074,0.48431838,0.011777543,0.053041145,0.2310983,0.5525386,0.52318144,0.0008031207,0.03717001,0.065553725,0.026277976,0.06644765,0.016213765,0.00093709544,0.13055292,0.21831818,0.031940382,0.01951935,0.043406986,0.032938957,0.04870412
6089,0.46392125,0.07327253,0.0014250295,0.006981366,0.15803507,0.4292833,0.0028628379,0.32468283,0.006916583,0.043164574,0.02082942,0.00248259,0.3968345,9.775213e-05,0.0006478841,0.22423589,4.1632025e-05,0.028857326,0.22653314,0.0018164071,0.00014043217,0.70290565,0.0017993744,0.010671091
6090,0.023677558,0.04749,0.017001558,0.19413322,0.38459408,0.012325095,0.39545807,0.511402,0.06595271,0.012568895,0.00075542723,0.07444593,0.0006473925,0.29809648,0.078936435,0.001964939,0.0016360164,0.20847708,0.005324899,0.017680425,0.24767032,0.007964587,0.03675351,0.029090833
6091,0.2571263,0.031181693,0.0006712545,0.018757235,0.23214458,0.60253036,0.005631881,0.5476576,0.0056474437,0.019611198,0.0575736,0.007094987,0.13520548,0.00040662696,0.0012811098,0.2165685,0.00012815767,0.07689781,0.05213824,0.0029709802,0.0006099592,0.6529973,0.005552455,0.017194822
6093,0.18890907,0.088492244,0.004462938,0.0024259966,0.18164301,0.09582615,0.0008781105,0.18832804,0.017333785,0.18762504,0.0065672905,0.0006145882,0.79373103,0.0001290397,0.0017910217,0.19526884,1.8037263e-05,0.03924527,0.4250021,0.001496659,4.6872043e-05,0.46552336,0.00045240382,0.0040150024
6097,0.013931421,0.03491991,0.011642555,0.09157293,0.5136366,0.02397041,0.09309881,0.5507784,0.06899054,0.028802859,0.0019568112,0.030102698,0.0036986961,0.11268682,0.062071852,0.006370246,0.0008025947,0.31289428,0.008244978,0.015034374,0.04743434,0.018767146,0.01333476,0.020373091
6099,0.05471395,0.07227564,0.014168343,0.010028917,0.39249748,0.06449954,0.0033527836,0.34107518,0.06507812,0.2569787,0.00796082,0.0026607092,0.5566634,0.0016787306,0.009940839,0.12614192,8.822936e-05,0.1500399,0.17159085,0.007931272,0.00041140793,0.21728162,0.0012254245,0.007953377
6102,0.012136354,0.031482674,0.006785685,0.03242464,0.566306,0.049810056,0.010583114,0.593806,0.064206965,0.07186345,0.005570667,0.009298386,0.037266716,0.0151043525,0.028032595,0.033122156,0.00024829025,0.37393576,0.016530447,0.010288351,0.0043802187,0.06865205,0.004272563,0.011993313
6115,0.78195834,0.22086497,0.0014091067,0.014758023,0.11691599,0.59858996,0.006447485,0.42316872,0.008968866,0.025523864,0.07648143,0.015694719,0.06816197,0.0003345541,0.0018345934,0.23818025,0.0002752413,0.04158562,0.18451981,0.0015133715,0.0025971818,0.8057765,0.032160494,0.032714136
6116,0.022321256,0.041365124,0.014525072,0.17667861,0.39842886,0.016691104,0.32891306,0.5246985,0.0600443,0.013556912,0.0011054133,0.06588253,0.0009972241,0.24164937,0.071556434,0.0028347112,0.0015341158,0.22113831,0.005910038,0.018085366,0.18001014,0.010665771,0.031770702,0.02820102
6122,0.036179703,0.031982113,0.004363703,0.011644438,0.40740916,0.11690552,0.002296384,0.4427902,0.033984903,0.14096148,0.01640687,0.0022108709,0.45944706,0.0011872844,0.0068127816,0.16254722,6.435274e-05,0.18234114,0.084581606,0.005638638,0.00033174705,0.2775298,0.0008997772,0.0064139864
6132,0.12666136,0.020836875,0.00065916195,0.018673455,0.28630883,0.5156872,0.0042651324,0.5803629,0.0068100076,0.02391641,0.05902826,0.0053532836,0.15621565,0.00056930387,0.0019258098,0.21412563,0.000109593515,0.11622453,0.039287504,0.0034221266,0.0005656874,0.5661377,0.0035063445,0.012832843
6136,0.06613687,0.07291716,0.009808303,0.07652899,0.394048,0.09626881,0.08759985,0.5952592,0.048728187,0.029364932,0.005246529,0.06005894,0.009480697,0.020912101,0.019698529,0.024288718,0.0010143457,0.19483152,0.019479467,0.01793877,0.025972705,0.091095835,0.050579913,0.046543162
6139,0.0053904066,0.03591829,0.007256372,0.044750933,0.6371699,0.010640447,0.01861271,0.59352314,0.09288779,0.061672222,0.0026331325,0.010357218,0.0015687817,0.087982826,0.09874742,0.004379246,0.0005626485,0.55631155,0.0044302805,0.004388905,0.06474191,0.010221455,0.0075165513,0.013238851
6140,0.15065849,0.02566498,0.0008034892,0.021211304,0.2837318,0.5192249,0.005766477,0.58201,0.0076746107,0.02367258,0.054937143,0.007306724,0.12907347,0.00069882086,0.002125234,0.19889915,0.00014986756,0.11257066,0.040452816,0.003901505,0.0008061627,0.55809855,0.005224439,0.016394388
6142,0.4163497,0.02914499,0.00032661168,0.014328043,0.17242862,0.73369944,0.0039833086,0.5228971,0.0028104808,0.01180117,0.06878746,0.005088347,0.12944803,0.00014204868,0.0005112655,0.24806517,6.8820795e-05,0.047068484,0.0548919,0.0015882764,0.00028082583,0.78322613,0.0043706656,0.013512397
6144,0.0036949273,0.023046056,0.002224235,0.017360788,0.63796705,0.017564254,0.0041312524,0.69563276,0.068140246,0.04798483,0.006404416,0.0047732033,0.0021203323,0.0155996615,0.04904836,0.009838261,0.00014289694,0.5531821,0.00214675,0.0014788674,0.018825963,0.019393155,0.00515221,0.0064263945
6150,0.006299527,0.021031635,0.0055297497,0.061333936,0.58262616,0.020857299,0.03459301,0.6178262,0.056330957,0.025877206,0.0017715506,0.017278414,0.002715187,0.0920086,0.06355838,0.0056298086,0.00042702787,0.44475797,0.0044125784,0.008375513,0.025701905,0.016464738,0.0079932,0.012137017
6154,0.014719802,0.020265693,0.0023560836,0.03682304,0.5176218,0.094766155,0.011188018,0.6628348,0.029714981,0.031230519,0.009127952,0.011374694,0.018416096,0.011775346,0.018138487,0.035419952,0.000279126,0.35702333,0.009830255,0.0076145125,0.0049927603,0.09647588,0.0067033167,0.013483266
6155,0.18211137,0.25655353,0.03797747,0.107504845,0.29498366,0.048108265,0.15176421,0.5611773,0.101013355,0.040129438,0.0022428804,0.20978552,0.0065383166,0.029100168,0.025607271,0.014078094,0.0023357812,0.15148284,0.032373536,0.02778174,0.067566,0.0747378,0.3049479,0.0941034
6164,0.006071048,0.013814131,0.0021468827,0.031701807,0.5914,0.050973237,0.007506232,0.6653136,0.0342675,0.033867083,0.0061862054,0.007212485,0.0140852295,0.018737383,0.028516768,0.02265839,0.00020697626,0.4813739,0.0065352814,0.0063036084,0.0044793217,0.053538345,0.0036023327,0.008205326
6166,0.41208494,0.093648404,0.0029110739,0.013343032,0.19665004,0.40358394,0.0066388794,0.37403163,0.012795028,0.051087055,0.020287942,0.006089583,0.26848146,0.00036996632,0.0013991513,0.19234055,0.000111423666,0.04225107,0.17214137,0.003204225,0.00053880335,0.61033493,0.004451901,0.020041889
6168,0.09533694,0.26710802,0.12426567,0.016083756,0.48110375,0.027131686,0.015742708,0.2712795,0.28478882,0.486743,0.0032724568,0.008936105,0.32424307,0.007956277,0.035934392,0.057847824,0.00034104963,0.16021012,0.22384182,0.02246129,0.0028609505,0.09749158,0.0046164007,0.020315383
6171,0.05079366,0.037407022,0.004074338,0.0037950075,0.2914743,0.08272488,0.0008412856,0.27626893,0.021573875,0.20524982,0.010835183,0.0005889205,0.8133981,0.0003042035,0.0034308182,0.21591115,2.2946759e-05,0.09787602,0.24029586,0.0028872178,5.5640736e-05,0.35442874,0.00027355368,0.0031247966
6172,0.0017324191,0.008730936,0.002203593,0.040044345,0.6675415,0.011969047,0.011761848,0.66403705,0.042655464,0.020239756,0.0014598918,0.0068436116,0.0018241057,0.09351756,0.07392863,0.003923625,0.00017427627,0.62329733,0.0019209299,0.004164181,0.013747471,0.009751407,0.0028004597,0.0049025184
6183,0.020497134,0.040974177,0.010502775,0.19996846,0.35430694,0.014648279,0.33456248,0.5854188,0.052300606,0.010462046,0.0012092614,0.07900482,0.0005542429,0.2771359,0.0788595,0.0023737405,0.0016901544,0.23996177,0.004208264,0.013703751,0.26788038,0.009755847,0.049234115,0.026470382
6184,0.7051159,0.083148986,0.0006897752,0.017143486,0.13942598,0.7224828,0.007972805,0.4566967,0.004112254,0.011978677,0.043056898,0.011077692,0.08190114,0.00016137215,0.00048765045,0.18816602,0.00012816869,0.029400999,0.09827986,0.0018254321,0.00062904274,0.8055257,0.013182123,0.026634913
6185,0.008166995,0.039781004,0.01382453,0.0344493,0.62085533,0.021690851,0.014003376,0.55489457,0.11343023,0.09844316,0.0025487626,0.009938009,0.022807403,0.036036137,0.055577777,0.016355554,0.00026515973,0.43217376,0.014437053,0.011215922,0.0076094153,0.031475086,0.0039967955,0.011141099
6190,0.09261086,0.090775155,0.012041363,0.005361096,0.30410606,0.06208304,0.0020117022,0.24449584,0.045037832,0.27449697,0.0060632294,0.0014038681,0.71053886,0.0006510837,0.0053690714,0.14013556,4.7482725e-05,0.08446459,0.30494,0.004434209,0.00017052625,0.27042004,0.00072289875,0.0061301994
6197,0.019452732,0.036746386,0.011133913,0.10911337,0.4647879,0.029737296,0.13002898,0.54790413,0.059451334,0.023332292,0.0023348783,0.03846514,0.0035092297,0.11044786,0.053502534,0.0070567685,0.0009897057,0.2632683,0.0088543985,0.01640057,0.059766248,0.022187745,0.018230433,0.024483167
6198,0.009221822,0.013849098,0.0016492284,0.029602554,0.547034,0.08715028,0.006441135,0.6719763,0.025928538,0.03251841,0.010581406,0.0069095218,0.024557432,0.009668632,0.01776825,0.039600283,0.00018972684,0.41941038,0.008663166,0.00635635,0.0029223731,0.09482238,0.0036670156,0.008920079
6207,0.014832137,0.045796297,0.0024601968,0.04743877,0.47809544,0.09756232,0.014937343,0.79442847,0.04022251,0.04351971,0.016822752,0.031417925,0.0026047793,0.023195429,0.03725147,0.029063698,0.0011721969,0.5600592,0.0042342367,0.0040118406,0.03308658,0.059281733,0.06291606,0.016740408
6212,0.1751082,0.016067404,0.00031223428,0.015270719,0.23470925,0.6491585,0.0030362876,0.58292615,0.003504567,0.015134112,0.07998108,0.0038976744,0.1565867,0.00025694616,0.0009531631,0.25809374,6.5676046e-05,0.08739586,0.035687637,0.0020371065,0.0002976155,0.6864759,0.0026898526,0.010141944
6218,0.011524896,0.0139700025,0.001450298,0.028593505,0.52256536,0.11240925,0.0059997723,0.6745938,0.022538885,0.031556536,0.013550372,0.006803731,0.031269286,0.007004909,0.014005805,0.05121016,0.0001796494,0.38648924,0.009836305,0.006186364,0.0024170936,0.12379367,0.0037383032,0.0093074
6228,0.104566626,0.099952154,0.014036023,0.0075514284,0.31838974,0.07297633,0.0032092198,0.27622575,0.050916906,0.24886702,0.0065730857,0.0023271323,0.6145978,0.00096104434,0.006216371,0.13119279,7.3926705e-05,0.091992535,0.2651303,0.005885339,0.00030472656,0.26691917,0.001232152,0.008665845
6229,0.32440796,0.030736813,0.0005015687,0.01641302,0.20319735,0.659219,0.004761663,0.5312762,0.0041759727,0.016207205,0.061768193,0.005996185,0.14010367,0.00025335702,0.0008533208,0.23190464,9.646425e-05,0.061117858,0.0560641,0.0022590999,0.000424436,0.71458787,0.004816024,0.015349169
6230,0.023884777,0.01423795,0.0009966528,0.024020027,0.44452423,0.22939909,0.004471261,0.6636903,0.014521433,0.030426491,0.02874445,0.0057577356,0.07196022,0.0025032493,0.0067264223,0.10826838,0.00013863163,0.28525296,0.015707197,0.005289101,0.001224006,0.26025936,0.0033536237,0.009877384
6233,0.023645166,0.014436463,0.00013679339,0.007873122,0.38556337,0.17448717,0.0012044206,0.70449233,0.005905348,0.0056810863,0.0174141,0.0028556096,0.0041765086,0.0005033905,0.0019366561,0.05205908,2.4846307e-05,0.28696203,0.002160405,0.00046982802,0.00064163347,0.25348464,0.0045563276,0.0029737104
6235,0.3388653,0.090149105,0.0034557574,0.029838296,0.2531468,0.43982244,0.01871893,0.5050662,0.016938804,0.036255293,0.029194094,0.020808762,0.11708032,0.0012142279,0.002947655,0.1527651,0.0004446119,0.075957164,0.09510879,0.007905721,0.0025454503,0.5229864,0.018585237,0.04055165
6236,0.05715327,0.027103117,0.002288979,0.025660409,0.43464726,0.30442822,0.0040099123,0.52037585,0.024844997,0.05975519,0.14207861,0.0047485856,0.23804824,0.0047794636,0.018045243,0.28988224,0.0005717686,0.3190555,0.051512837,0.005924618,0.0021528576,0.46266517,0.0032620043,0.012458064
6238,0.20826359,0.21573535,0.016786804,0.10858101,0.2556917,0.078715414,0.11696971,0.63818264,0.05569918,0.023454176,0.0040325024,0.25179714,0.005113094,0.01878187,0.017483523,0.016970372,0.0022624708,0.15786308,0.024591539,0.02044552,0.061693743,0.11094276,0.4441803,0.10599102
6241,0.31832165,0.027879177,0.0004344277,0.015548742,0.19939306,0.6719353,0.0042299,0.5326148,0.0037524537,0.015336865,0.064707875,0.005311588,0.14492777,0.00022085721,0.0007694147,0.24067953,8.315453e-05,0.0599134,0.053673875,0.0020415373,0.0003583887,0.7266175,0.0041885497,0.013906294
6246,0.35679868,0.08152564,0.0026271674,0.027762989,0.2410243,0.48263645,0.016018089,0.50934064,0.0137389535,0.031535592,0.032820564,0.018479684,0.11594046,0.0009600762,0.0024041678,0.16280042,0.00037185874,0.07152432,0.09007759,0.0065520676,0.0020684816,0.5616977,0.016723713,0.037349693
6251,0.037936326,0.07009193,0.026283115,0.15209362,0.39584884,0.02416871,0.3014374,0.49316582,0.0840768,0.025450256,0.0015469623,0.07156814,0.0030573616,0.14264506,0.057007946,0.005917736,0.0016692572,0.18195572,0.01324353,0.025912052,0.12230792,0.01954639,0.035218474,0.03749394
6254,0.11246117,0.06881655,0.0055856197,0.003264177,0.2363033,0.0861305,0.0010781916,0.22063436,0.022149265,0.21083616,0.0073267906,0.00072681555,0.8007316,0.0002289804,0.0025981588,0.19123706,2.3558325e-05,0.057905786,0.35325938,0.002437745,6.137385e-05,0.3888168,0.00041116198,0.004261232
6256,0.522843,0.0653925,0.0009842723,0.0093516,0.14706941,0.56924987,0.0035656756,0.37365234,0.0052634533,0.027581124,0.028636828,0.003368078,0.2657509,0.0001015809,0.00048621855,0.24157408,4.6869674e-05,0.027611393,0.15383647,0.0014637805,0.00018394203,0.7593343,0.0025978265,0.01271056
6257,0.10291834,0.13743618,0.026159788,0.13992216,0.31782484,0.043634977,0.24229072,0.5433892,0.077448316,0.026174441,0.0023673894,0.14715955,0.004581175,0.05770017,0.03293547,0.010581062,0.0020705834,0.15024076,0.020457478,0.02741446,0.09692356,0.04760487,0.14251123,0.06732307
6262,0.062888406,0.14423768,0.04869984,0.0132619,0.45786244,0.03715594,0.007603289,0.30750775,0.16066635,0.38692597,0.0046871607,0.0050349026,0.4395587,0.0042687645,0.021605229,0.07936811,0.00017219712,0.16653068,0.19194302,0.014864451,0.0011481467,0.13052668,0.0022999218,0.012844766
6265,0.3757255,0.27888125,0.022447867,0.0071095973,0.22881477,0.07540082,0.005583398,0.20868905,0.05674278,0.22935829,0.0037666073,0.0044682845,0.4679405,0.0007742912,0.0046402905,0.09606429,0.00014110665,0.046155162,0.45375937,0.005071496,0.0006031001,0.32375246,0.003995662,0.015915478
6267,0.33883414,0.6188178,0.22633506,0.027175847,0.39878637,0.017440073,0.047906794,0.2590351,0.3886282,0.3645097,0.0010188242,0.04460744,0.05722223,0.01588634,0.03957282,0.017962422,0.0011676474,0.109516576,0.24248217,0.028360715,0.018043624,0.06955623,0.054122444,0.054529674
6268,0.043314014,0.04636317,0.0057669766,0.05428908,0.4393636,0.11499536,0.037726026,0.6116519,0.039505333,0.033378713,0.007732903,0.029499974,0.016657744,0.013543954,0.016768657,0.035088215,0.0006071297,0.23078197,0.018119441,0.013160084,0.0115839625,0.1119715,0.020928882,0.030500283
6269,0.16318911,0.03550527,0.0013263559,0.003996953,0.19399302,0.26264372,0.0009175613,0.3050778,0.00808181,0.08058796,0.018846571,0.0007542371,0.66676605,8.719265e-05,0.00093079585,0.27319494,1.340051e-05,0.04392724,0.1944476,0.001313986,4.560285e-05,0.6018124,0.0003928978,0.0044123577
6272,0.0083343275,0.028807538,0.0068993275,0.024896914,0.6070458,0.036063362,0.006461429,0.58339286,0.081188455,0.0962406,0.005106999,0.006594796,0.037138473,0.018486314,0.038878296,0.030161956,0.00020278887,0.45725673,0.0144589925,0.007524798,0.0037985332,0.05587222,0.0032710882,0.009016542
6274,0.12307752,0.012126034,0.000263075,0.013067284,0.24796861,0.6202456,0.0020407885,0.5851942,0.003326594,0.016594274,0.08569055,0.0026250551,0.20115,0.00022178487,0.00096412044,0.2767135,4.513907e-05,0.09937322,0.0333814,0.001836811,0.00019819252,0.6757863,0.0016255983,0.007413417
6276,0.42716128,0.5990641,0.1313235,0.022794109,0.33643487,0.025249358,0.03345796,0.26981947,0.2579442,0.2740847,0.001254423,0.04259953,0.06675048,0.007936724,0.021840973,0.022210274,0.0010204907,0.08721806,0.27901775,0.019717015,0.013049794,0.105607286,0.06401452,0.055142775
6278,0.016998913,0.11824109,0.021093417,0.026015365,0.5886854,0.020121606,0.015910633,0.45481667,0.1938207,0.18939927,0.007216621,0.012192151,0.022579366,0.05136309,0.09459799,0.025171556,0.0011197712,0.35478225,0.024522966,0.0070924275,0.021928318,0.037658226,0.011593094,0.019244561
6279,0.10058748,0.02158654,0.00077376753,0.0032348915,0.19962841,0.25194758,0.0004967239,0.32424098,0.0062331078,0.07427018,0.023916198,0.00044620005,0.7193686,6.508437e-05,0.0008830871,0.30952224,8.195627e-06,0.05478639,0.1532739,0.000983849,2.6435826e-05,0.60884917,0.00022658469,0.00271358
6283,0.28469563,0.5990182,0.25341704,0.017465757,0.4232105,0.017385347,0.03099082,0.22140071,0.42177257,0.49367598,0.0010799323,0.024886707,0.120905444,0.011423061,0.03759835,0.024985498,0.00067391107,0.10344269,0.29137108,0.022445198,0.009130337,0.073136434,0.024073688,0.041401304
6284,0.013928674,0.029551785,0.0110392785,0.15262747,0.44563216,0.014944397,0.22719821,0.5354417,0.056696963,0.014239107,0.0011774573,0.04436998,0.0010841044,0.24957195,0.07829406,0.0027510815,0.0011413406,0.27011952,0.004830531,0.014505917,0.13482155,0.009436468,0.019071616,0.020714853
6285,0.3318951,0.53652847,0.146403,0.012731137,0.35848102,0.025655344,0.018193247,0.21081978,0.27544424,0.43485785,0.0014817155,0.015374773,0.20308942,0.005008923,0.020495333,0.03694564,0.00045179744,0.08037978,0.36500582,0.014805169,0.0041403114,0.11817521,0.015200167,0.032326315
6287,0.10737622,0.0127318865,6.3969776e-05,0.0048936284,0.1424761,0.527755,0.00044659944,0.6764018,0.0014599842,0.019431874,0.14326283,0.0010878894,0.16775091,4.0742496e-05,0.00071491365,0.3948954,1.9865702e-05,0.09168936,0.025401276,0.00024286903,0.00015590103,0.75100183,0.0023540938,0.002756601
6288,0.007597377,0.011267052,0.0012880383,0.02638864,0.5501175,0.090143055,0.0047515137,0.68584573,0.023120364,0.031523038,0.012286161,0.0055407607,0.027678436,0.008308334,0.016763225,0.045681972,0.00015850014,0.44823578,0.007890633,0.0053291586,0.0022535513,0.102481276,0.002950441,0.0074244784
6293,0.5546494,0.27314815,0.0081415605,0.049046416,0.18772931,0.25785792,0.040279485,0.5451299,0.02785517,0.0266921,0.010144892,0.11950431,0.023824964,0.002339746,0.004062892,0.060046457,0.0012627977,0.0728828,0.08466338,0.0092805,0.012071776,0.40914306,0.2708481,0.10271469
6294,0.13406335,0.1097832,0.011805431,0.0046009594,0.26714513,0.06830798,0.0020096947,0.21648012,0.039118692,0.26175895,0.005455798,0.0013299673,0.7279031,0.00047509812,0.0041013197,0.14376654,4.4370223e-05,0.06312723,0.37187642,0.0037755286,0.00014542858,0.30876234,0.0007472339,0.0065374025
6295,0.13391955,0.06041598,0.0047737313,0.01820463,0.3224474,0.23546214,0.0072157187,0.44257632,0.02594916,0.082550585,0.019468734,0.0066105085,0.28493083,0.0012215107,0.00451938,0.15517846,0.00016879676,0.104843475,0.10788653,0.0071970616,0.0009155073,0.38174263,0.0037252484,0.01753116
6299,0.0018853766,0.008900874,0.002193572,0.032520533,0.67388964,0.015804457,0.007993075,0.6596614,0.04239674,0.02748562,0.0021514741,0.005438553,0.004049267,0.056907788,0.060919967,0.006572606,0.00015459169,0.6227398,0.0027884739,0.004634363,0.0076350276,0.014556591,0.0021483174,0.0047307303
6303,0.0087900665,0.016698439,0.0025864304,0.023987481,0.5608132,0.07071362,0.0047147027,0.630512,0.03703094,0.057434198,0.010286762,0.005163774,0.05112543,0.008122215,0.019511353,0.049984995,0.00015350369,0.4241916,0.013043071,0.006580485,0.0019402235,0.09824935,0.0025047867,0.007638414
6304,0.02955266,0.026250338,0.0024484189,0.036570724,0.45930812,0.15509266,0.012567965,0.6480838,0.025807912,0.032336332,0.013802008,0.013555534,0.030311296,0.00668443,0.011756412,0.057410173,0.00030781966,0.27172205,0.015308828,0.008220175,0.0042031934,0.1620371,0.008852612,0.017864149
6305,0.66853863,0.5926366,0.0364246,0.0050107986,0.16681352,0.038903035,0.0048076096,0.14980352,0.08540539,0.26641104,0.0012467568,0.0065194466,0.29689625,0.0005473519,0.0041173873,0.051604375,0.00015606926,0.026263017,0.62980974,0.0029792916,0.000983723,0.28903997,0.010656357,0.01766368
6313,0.090706654,0.120984346,0.023311146,0.007985776,0.36086524,0.051496442,0.0037852668,0.25990486,0.07827274,0.32373402,0.005292685,0.0025333578,0.6137015,0.0013818152,0.009027976,0.10771058,8.712922e-05,0.10488143,0.27939153,0.0078682825,0.00038852496,0.20438047,0.00121996,0.0089287
6316,0.0025732196,0.009796907,0.002073422,0.034714196,0.6505655,0.021398135,0.008832114,0.66780764,0.038353752,0.025683254,0.0026535583,0.00642612,0.0044678305,0.047877625,0.05127274,0.008076434,0.00018120531,0.5853911,0.0031266017,0.0050107483,0.0077944384,0.019256467,0.002757848,0.005702992
6317,0.034399606,0.038149312,0.0045390883,0.050185677,0.45415697,0.112859465,0.028897163,0.627746,0.036129296,0.031730056,0.008063971,0.024245476,0.01620309,0.013116097,0.01675064,0.03525796,0.00051112607,0.25403714,0.015264541,0.011286984,0.009778764,0.10965281,0.016648505,0.025699124
6318,0.10692239,0.17475589,0.043825045,0.011220301,0.39383775,0.045637902,0.007208317,0.27038866,0.12740147,0.3624628,0.004583437,0.004733807,0.4807207,0.0027203334,0.014412838,0.08665064,0.00016170408,0.11791577,0.26049656,0.011852586,0.0009364064,0.16796513,0.0024676942,0.013915623
6320,0.22810164,0.13350467,0.006446929,0.061132014,0.28550678,0.22459663,0.05633022,0.61673486,0.030393355,0.026878806,0.012248351,0.08554301,0.020241486,0.005653209,0.007444873,0.05426643,0.0010306534,0.119838834,0.040259432,0.013082248,0.017006325,0.26058918,0.12801583,0.07360955
6327,0.03828455,0.02498626,0.0023725147,0.022812715,0.42317423,0.20403124,0.0053107846,0.58089364,0.022627493,0.055177692,0.023805385,0.005744076,0.1600922,0.0021057234,0.0066655516,0.12945971,0.0001492344,0.21570794,0.03574316,0.0072891777,0.0010780884,0.2804272,0.0028250206,0.011474399
6331,0.5485052,0.041240606,0.00037975874,0.013440678,0.15068877,0.74464214,0.0043778117,0.48095906,0.0028329205,0.011661224,0.059265427,0.005439066,0.12771624,0.000106910695,0.00040020322,0.2389129,6.8007124e-05,0.03508143,0.07461558,0.0014696872,0.00026847486,0.81219614,0.0050910274,0.015094297
6337,0.21829577,0.04341241,0.0015971405,0.012352785,0.2305146,0.40065366,0.0038921114,0.4255772,0.009555188,0.04603447,0.029369779,0.0036731162,0.33053493,0.000339928,0.0014649539,0.2248405,7.395604e-05,0.061714537,0.11345908,0.0030256263,0.00032523368,0.58124125,0.0021260907,0.012191325
6342,0.4802944,0.68203837,0.15718289,0.014266744,0.31622928,0.018528495,0.021969689,0.21518217,0.30121744,0.364838,0.00079592975,0.028876415,0.08675508,0.005579082,0.019404253,0.02108993,0.0006444646,0.068556696,0.3622748,0.013073484,0.008730849,0.10012226,0.046796843,0.044308964
6344,0.45384967,0.2596854,0.011874631,0.047922213,0.22523509,0.2117956,0.0439391,0.5247853,0.039176833,0.038744815,0.008622808,0.09899614,0.03049665,0.0033267885,0.0056806207,0.058714844,0.001233419,0.08343945,0.08672641,0.011569983,0.012373005,0.34004757,0.19474684,0.09416148
6352,0.023064047,0.011284961,0.0007010341,0.020590216,0.42974278,0.26820835,0.0031728847,0.66555816,0.011247934,0.028819814,0.03830825,0.004198604,0.09791283,0.0016839233,0.005267285,0.1368369,0.00010223402,0.2810425,0.016156564,0.004417929,0.0007638217,0.31088457,0.0023338664,0.007956456
6353,0.044399086,0.010641783,0.0003408913,0.009926451,0.3019221,0.36223885,0.0015801137,0.57596457,0.0055977236,0.023621533,0.06525289,0.0017873828,0.14024194,0.00031331315,0.0019637658,0.2718411,2.4797e-05,0.14560722,0.023928903,0.0011383849,0.00031117813,0.48489314,0.0011777971,0.004950823
6354,0.11450925,0.13395259,0.015583558,0.1153064,0.30971718,0.0667544,0.15966363,0.6137799,0.058395598,0.02230857,0.003407983,0.16452134,0.004199784,0.033288013,0.024756057,0.01381124,0.0018487544,0.1744163,0.017516702,0.021314666,0.0682698,0.072713315,0.21631959,0.07477678
6356,0.29652867,0.18424734,0.011561883,0.06702831,0.26900023,0.19353023,0.06683183,0.5728084,0.040858667,0.03287429,0.009748617,0.11629723,0.021819897,0.0063258186,0.008904951,0.049681857,0.0015741992,0.11742076,0.05370052,0.017001886,0.019332642,0.2561589,0.19030844,0.09195122
6359,0.011832921,0.03993783,0.012659852,0.018067682,0.5722192,0.03499069,0.0046336306,0.50367856,0.10412696,0.19639589,0.0059106853,0.0041380925,0.17194696,0.00801351,0.028962668,0.058939967,0.00013178197,0.3707496,0.03752693,0.009955304,0.0013664848,0.085130036,0.0016636024,0.0073754196
6361,0.7646155,0.4554101,0.0042862883,0.03493364,0.14156726,0.21424721,0.024748305,0.5840638,0.02599923,0.028340692,0.015563289,0.14879127,0.008071576,0.0043696887,0.008322758,0.044075247,0.0023831462,0.085937776,0.12764665,0.0036122904,0.06941519,0.45471138,0.44557187,0.05832316
6362,0.014187364,0.01747977,0.0018968489,0.02951815,0.51479936,0.11245543,0.0067892945,0.66110724,0.026516033,0.036372263,0.012867544,0.007827134,0.033476513,0.007352029,0.014651018,0.052536175,0.00020536275,0.36310977,0.011542831,0.0066105276,0.0027631023,0.1281157,0.004484689,0.010823231
6368,0.039375294,0.039513003,0.0055370075,0.0087120505,0.37331018,0.08412512,0.0019239071,0.3778241,0.036018517,0.18960023,0.012981102,0.0016519803,0.6045059,0.0010626473,0.0070065544,0.17749555,6.139873e-05,0.16633241,0.14074431,0.005032304,0.00023836644,0.2743931,0.00075920206,0.005067579
6370,0.033487257,0.014038299,0.000795745,0.022799972,0.4066214,0.30781382,0.004159369,0.66110754,0.011441029,0.027437147,0.039086908,0.0055500567,0.08835167,0.0016992657,0.004912314,0.13917954,0.00012675069,0.24382843,0.017949289,0.0046755206,0.0009848301,0.33900443,0.0033293348,0.010263201
6371,0.08265266,0.33214998,0.22938886,0.05775165,0.5349569,0.011654461,0.11378369,0.32646835,0.41639706,0.28192088,0.0010557048,0.040990952,0.021213748,0.07697634,0.10485196,0.009701309,0.0013586553,0.21330519,0.07098799,0.0459325,0.041978773,0.024858078,0.023582654,0.041350123
6374,0.25888017,0.050218865,0.0010735731,0.027555488,0.2434937,0.5611992,0.008529558,0.6001574,0.008513444,0.02216561,0.05516841,0.011385537,0.06847026,0.0006637578,0.0022936522,0.1751608,0.00022944217,0.10135083,0.039063618,0.00369481,0.0011288244,0.62795913,0.012736683,0.025542248
6376,0.0050689853,0.015504377,0.0013887018,0.04809635,0.45913234,0.02871148,0.014294519,0.7346741,0.022616405,0.019058626,0.004798898,0.009802109,0.0028039347,0.039342687,0.03908526,0.01066639,0.00035967393,0.5062404,0.002752654,0.003258521,0.013823489,0.026560567,0.007042139,0.0069316137
6381,0.049328778,0.043638036,0.0056819376,0.0042917253,0.31392646,0.07107634,0.0010520702,0.27359006,0.028127987,0.23492683,0.009406362,0.0007129905,0.80052006,0.00041212668,0.004290409,0.19229384,2.8446422e-05,0.10472166,0.24664253,0.0036017646,7.3817304e-05,0.31048366,0.0003147478,0.0035200478
6396,0.12773633,0.013999491,0.00034829116,0.008564288,0.21886909,0.5460323,0.0012677937,0.49860868,0.0034890117,0.024944808,0.06214237,0.001345116,0.3969927,0.00011079781,0.00067667715,0.32191858,2.2630338e-05,0.06991699,0.060925405,0.0014955684,8.2316816e-05,0.6956754,0.00067059626,0.005036659
6397,0.007398037,0.016882552,0.0027659961,0.030377774,0.5845934,0.053355705,0.0074170427,0.6453974,0.039843544,0.043273326,0.006610797,0.0072894776,0.020198382,0.016321674,0.027621092,0.027049843,0.00020935922,0.4556033,0.00862128,0.006931456,0.004018461,0.06125048,0.0036456008,0.008892742
6401,0.0068813916,0.01870651,0.0036296991,0.048259687,0.5823647,0.032861073,0.01957731,0.6473087,0.04444958,0.027045777,0.002970849,0.013553495,0.004769904,0.04763347,0.04390216,0.009948144,0.00034580263,0.44975504,0.0050564324,0.007574449,0.013719073,0.028362615,0.006873822,0.011527286
6402,0.13211742,0.010721311,0.00019775232,0.01323527,0.23636387,0.67191863,0.0020204114,0.6057161,0.0026599676,0.013135177,0.09759875,0.0026519736,0.17468695,0.00019018506,0.0008073119,0.28778008,4.219773e-05,0.095786154,0.028327115,0.0016083582,0.00018587877,0.70702124,0.0017187176,0.0072748377
6404,0.056008242,0.024620024,0.001966625,0.007468504,0.314569,0.183183,0.0012940256,0.39683542,0.015028359,0.10133035,0.022503486,0.0011721234,0.6049514,0.00037044578,0.0027952138,0.23073767,3.1059084e-05,0.1130993,0.11399601,0.003098296,0.000119256016,0.42337385,0.0004758711,0.0046778466
6406,0.0036535556,0.014390193,0.0033497098,0.02522648,0.64027274,0.028125517,0.0052954513,0.6329426,0.054507032,0.057747103,0.0043223165,0.004915516,0.018628206,0.023392288,0.042232685,0.019476695,0.00015034662,0.55336094,0.006981961,0.0056824605,0.0035620097,0.03641783,0.00211332,0.005855374
6410,0.75996584,0.10117535,0.00077934976,0.013468059,0.11985085,0.69579244,0.0064221025,0.39933088,0.0040262393,0.013574312,0.032918107,0.008053649,0.11281083,9.598693e-05,0.000346861,0.19867937,8.942717e-05,0.020801432,0.1440325,0.0014712983,0.0004035394,0.82401,0.009028739,0.022193365
6411,0.05574453,0.04004914,0.0035582932,0.042761624,0.41435084,0.18767615,0.02147606,0.6211662,0.027872052,0.033106126,0.01418183,0.021349777,0.031899024,0.00633172,0.010400032,0.06265077,0.00045441077,0.20957567,0.022160897,0.010409164,0.0058849202,0.19237146,0.01569584,0.027295858
6413,0.0013085977,0.008079551,0.0022818213,0.030117778,0.6998202,0.011026267,0.0073126676,0.6571515,0.047885396,0.028203292,0.0016367547,0.0046097795,0.0031145005,0.074011564,0.07531135,0.0049893665,0.00013362525,0.6687254,0.0022743172,0.0039608004,0.008402944,0.010304571,0.0017457162,0.003898758
6416,0.09488127,0.085156426,0.011639223,0.041467413,0.4040466,0.14915487,0.031041002,0.52248883,0.054273024,0.07014808,0.010367082,0.024849951,0.0709411,0.006403038,0.012367686,0.069655836,0.00058583915,0.15999298,0.055057313,0.016983334,0.0063773217,0.19223692,0.01673483,0.0364284
6417,0.16434073,0.14054675,0.018092964,0.058685206,0.357507,0.14603293,0.06836879,0.52062035,0.06283145,0.05788196,0.007960575,0.058499344,0.038862344,0.009056925,0.013306909,0.052896935,0.0011824016,0.13417193,0.059836473,0.022651216,0.015194586,0.18294992,0.054199684,0.062939905
6420,0.14251909,0.015867626,7.044855e-05,0.009779235,0.20293823,0.64211786,0.0010685419,0.71628875,0.0016605248,0.005133593,0.09244969,0.002806684,0.032435734,0.00012081692,0.0007077985,0.22702487,6.894738e-05,0.13246997,0.011640974,0.00058721093,0.0002671586,0.7583309,0.004235835,0.005614888
6430,0.060427867,0.35333407,0.30257627,0.0321761,0.59682214,0.0100968955,0.053853992,0.2932906,0.5344533,0.5020381,0.0012217504,0.021672467,0.06132874,0.049564976,0.117661305,0.016241454,0.00074036844,0.24299872,0.09925162,0.038423724,0.019121671,0.027692115,0.010810272,0.02966994
6439,0.806146,0.24759914,0.0028118496,0.02260106,0.13498929,0.5208346,0.016185641,0.41865796,0.01114527,0.020267105,0.017233979,0.03243833,0.0580213,0.00038333528,0.00094569876,0.116103284,0.00037950033,0.026774425,0.17316587,0.0031723736,0.0023733827,0.7091219,0.058320798,0.05790054
6441,0.02202694,0.020711334,0.0019345089,0.0291131,0.47595492,0.1522328,0.0070560435,0.6521969,0.024425013,0.03749127,0.016261969,0.008586771,0.04494507,0.0051083323,0.0110772,0.07023621,0.00020756954,0.30451512,0.014939702,0.00662085,0.0024387247,0.1765273,0.0052639907,0.012755619
6445,0.013794982,0.012014476,0.0009971481,0.025477853,0.49041533,0.16072202,0.0045844363,0.6851108,0.016512558,0.028363489,0.02057743,0.0056903004,0.044941686,0.004088745,0.009552165,0.075778484,0.0001438475,0.35691658,0.010738177,0.0053227856,0.0015721148,0.17955962,0.0032044991,0.008604594
6446,0.01427176,0.03890676,0.00863914,0.033798356,0.5688093,0.045439508,0.013456469,0.5739422,0.076907,0.07893466,0.004816063,0.011420451,0.027785147,0.020596987,0.034828655,0.026270159,0.00030062033,0.3706689,0.016807633,0.010411581,0.0064154305,0.0593705,0.006063186,0.014652525
6450,0.0026450825,0.010576691,0.0023108488,0.03698651,0.64790154,0.019562462,0.010109185,0.6647444,0.041303027,0.02529967,0.0023137266,0.00714516,0.0036987928,0.05661806,0.05573838,0.0070633064,0.0001952427,0.58001876,0.0029805766,0.004942465,0.00958376,0.017329773,0.0031183152,0.006017042
6456,0.07730561,0.008364811,0.00019487631,0.009244137,0.2527228,0.57628584,0.0009974949,0.5737683,0.0029146718,0.019119252,0.09256866,0.0013068197,0.2989464,0.00014622812,0.00087534,0.3168166,2.2666756e-05,0.11076801,0.0321886,0.0013458041,8.8494366e-05,0.681879,0.0007252956,0.004372537
6457,0.44656205,0.28992465,0.011244217,0.06702908,0.19607162,0.158292,0.058632903,0.5974324,0.036552697,0.024821214,0.0065416563,0.19462343,0.012419731,0.0046943845,0.006591638,0.036250193,0.0016995091,0.096003786,0.05539715,0.0123166405,0.024635747,0.2709032,0.43618318,0.11673751
6465,0.69493675,0.2930015,0.0057551786,0.038261916,0.15961564,0.34487373,0.029412465,0.5024183,0.020576715,0.023527944,0.0121266,0.08988696,0.029574946,0.0012203994,0.0023922496,0.07481696,0.00095696567,0.05069774,0.11420762,0.0062337928,0.007482642,0.534947,0.2153219,0.09467366
6467,0.0031283484,0.009217863,0.0015806998,0.031074999,0.6295855,0.033369366,0.0066505116,0.6860893,0.03126561,0.02592586,0.0043335566,0.0058432203,0.007363226,0.028365131,0.037250526,0.0137111,0.00016952549,0.5677445,0.0037578335,0.004891973,0.0051205396,0.03196876,0.0027059643,0.0058676107
6468,0.0038426223,0.010398311,0.0017071269,0.033124853,0.6169299,0.03706688,0.0076661212,0.68337214,0.03150235,0.025743349,0.0044847745,0.006724702,0.007411077,0.027840506,0.03536714,0.014304615,0.00019176854,0.5398444,0.0040948913,0.00530628,0.0056511373,0.03491791,0.0032197586,0.00672619
6469,0.27238488,0.011456614,4.8783433e-05,0.006330085,0.1258302,0.73032975,0.000572504,0.59009856,0.0009673099,0.006863297,0.1571056,0.0009982494,0.18207987,3.8027963e-05,0.0003412022,0.4336965,2.2044038e-05,0.060203537,0.041030858,0.00031748976,7.1696944e-05,0.878674,0.0011093867,0.00359467
6471,0.2383096,0.012471239,0.0001052849,0.010380891,0.14349936,0.78235865,0.001978998,0.5345522,0.0012307474,0.009792696,0.1356492,0.0017968494,0.12460896,6.672689e-05,0.0003802271,0.44830978,3.0311081e-05,0.057405245,0.03241413,0.0004853522,0.00011938869,0.82043797,0.0015567072,0.005564308
6477,0.09394497,0.120117694,0.022677982,0.11284551,0.34845638,0.059736595,0.19165102,0.5476613,0.07320476,0.031024078,0.0031166228,0.10837277,0.0070857583,0.039465275,0.027604757,0.015665347,0.0017347601,0.15664339,0.023619544,0.02687829,0.061106473,0.06257675,0.09461393,0.062217828
6484,0.028614115,0.05414227,0.018665964,0.11294881,0.44791314,0.03265467,0.1643982,0.51625663,0.07498009,0.03141646,0.002432493,0.04560985,0.0059778425,0.0899868,0.047984473,0.009426408,0.0011572983,0.21686822,0.014662408,0.023062637,0.05925162,0.027475882,0.020739459,0.030489428
6488,0.16729328,0.038516223,0.001690322,0.01209789,0.25063607,0.35902882,0.003404642,0.43186283,0.010731395,0.052530408,0.028818058,0.0032492804,0.35837725,0.00038951694,0.0017559011,0.2242873,6.889132e-05,0.07237872,0.10601306,0.0031876492,0.00030812647,0.5446311,0.0017558936,0.010854257
6490,0.13361783,0.013630846,0.00030058456,0.014045415,0.2486017,0.61643755,0.0024023147,0.5840746,0.0036270288,0.01691144,0.08113254,0.0030825152,0.18528338,0.00025411934,0.0010334724,0.26613075,5.367339e-05,0.09810178,0.034359887,0.001989081,0.00024250736,0.6673727,0.0019626375,0.008409354
6493,0.11777465,0.13874897,0.015987102,0.11663803,0.30680683,0.06525145,0.15998763,0.61511445,0.05909675,0.022241352,0.0033375714,0.17235,0.0040838025,0.033520017,0.024950027,0.013424899,0.0019046448,0.1750003,0.017567968,0.021595856,0.07037927,0.07210023,0.23173872,0.07662345
6506,0.025976833,0.047239218,0.016297989,0.17805173,0.3880113,0.017420204,0.34438324,0.51944804,0.06348354,0.014394175,0.0011040672,0.07180919,0.0010691863,0.22959818,0.069073975,0.003012073,0.0016157766,0.20816615,0.00658944,0.019051377,0.18498223,0.011514868,0.03597406,0.030826787
6509,0.019277785,0.053947955,0.029077979,0.16196343,0.44882032,0.010357121,0.3170598,0.46400297,0.09897317,0.02444845,0.0007722394,0.05174686,0.0015511188,0.28138557,0.09261441,0.0025435274,0.0014918455,0.22896981,0.00852641,0.02221969,0.16967203,0.007851007,0.019704921,0.025221014
6511,0.16667628,0.010826642,0.00015624808,0.009952302,0.20192584,0.695727,0.0013875305,0.56568485,0.0020573903,0.012686415,0.097609855,0.0017958336,0.2193339,0.000101320475,0.00053307746,0.31320202,2.6034753e-05,0.073422104,0.034269564,0.0011054002,9.9621946e-05,0.76045895,0.0012180129,0.00565887
6514,0.039243963,0.092314914,0.029650865,0.07197128,0.480317,0.039483998,0.09786024,0.5113286,0.114812255,0.06649001,0.0025437474,0.04203999,0.012509334,0.044044774,0.042120457,0.01587707,0.0008965569,0.22855888,0.024145804,0.023937361,0.030822014,0.043227673,0.023334792,0.035510547
6516,0.0038213711,0.009145837,0.001362605,0.03033786,0.6101629,0.044975717,0.0061684567,0.6938261,0.027051391,0.025104817,0.0058506876,0.005831891,0.009661868,0.020799888,0.02986968,0.018558428,0.00017018174,0.5424553,0.0042851507,0.0050376747,0.00419729,0.04369329,0.0028175402,0.0062352256
6519,0.0059073577,0.024802921,0.004019455,0.02970966,0.71431565,0.048951626,0.0056561953,0.69600093,0.07373431,0.062104635,0.013722441,0.011248582,0.004025113,0.035833992,0.094059035,0.019212214,0.00074276945,0.7003684,0.0045723184,0.0047748503,0.032101654,0.037543323,0.013857678,0.009188556
6525,0.10940642,0.02430453,0.0010646081,0.006203197,0.2378512,0.3022487,0.0011578259,0.38400275,0.007822078,0.06343856,0.02809911,0.001048207,0.58586526,0.00015372224,0.0012247098,0.27398437,2.1163583e-05,0.06781755,0.123995155,0.0019084015,7.594204e-05,0.57162535,0.00048438463,0.0048429933
6527,0.019477816,0.06538632,0.0037773082,0.06030668,0.42491043,0.047762197,0.026504438,0.72772646,0.040163577,0.024777526,0.006748907,0.04857232,0.0018210653,0.04007489,0.048490323,0.015063599,0.0009878291,0.5531264,0.006873825,0.004921873,0.041247383,0.04683809,0.06624384,0.015427304
6528,0.072900034,0.026800057,0.0014375373,0.003986677,0.24120937,0.16055115,0.0006249663,0.31929255,0.011029039,0.1095024,0.01904886,0.00056983205,0.71434855,0.00015791183,0.00187015,0.26027623,1.414553e-05,0.07762651,0.1622852,0.001409524,5.088638e-05,0.48978028,0.00028850712,0.003043804
6530,0.13196029,0.027992208,0.0010405752,0.024097364,0.306035,0.47180793,0.0071084327,0.59241784,0.009759847,0.026128145,0.04845129,0.008988698,0.112114474,0.0010105661,0.0028393178,0.1777197,0.00019294825,0.12784253,0.03807072,0.004809538,0.0011382168,0.5038657,0.006503634,0.018630242
6538,0.032871738,0.047584392,0.012966797,0.137871,0.39683762,0.035902992,0.22059512,0.54267144,0.055413686,0.018732421,0.0024136824,0.06216489,0.0029282689,0.10910916,0.046069056,0.007361696,0.0013858349,0.20435116,0.0101376735,0.019885324,0.08912093,0.026044132,0.03388788,0.034030486
6540,0.016741365,0.030916061,0.0051208157,0.051100288,0.5194647,0.05907835,0.02710722,0.62684476,0.046007298,0.033312544,0.0046358374,0.019993609,0.009545766,0.026914045,0.029097345,0.0187815,0.0004650253,0.3356575,0.010010225,0.010638595,0.012565563,0.05553991,0.011737269,0.019141579
6541,0.011282573,0.01764113,0.0022474942,0.030348813,0.54098797,0.08527006,0.0073112203,0.6539772,0.03128264,0.039101068,0.00990127,0.007834666,0.02775126,0.01000467,0.018630821,0.040609635,0.00021079276,0.39394832,0.010526172,0.006993436,0.003234971,0.09725739,0.0042533525,0.010299349
6542,0.0024247263,0.015726175,0.0020533155,0.037567995,0.60252666,0.010267115,0.00987785,0.72133166,0.04430992,0.027417209,0.0031752398,0.010127715,0.0010608981,0.08067329,0.087456465,0.0044583404,0.00028870688,0.6925509,0.0022013327,0.0027113743,0.03318498,0.0099182725,0.0073514897,0.005909674
6544,0.047866296,0.047475703,0.005464514,0.057936642,0.42249066,0.12256581,0.04323204,0.6203072,0.036882002,0.02927995,0.0077164746,0.033716585,0.014080557,0.013575897,0.01576859,0.034722444,0.00065117737,0.22041765,0.017140916,0.012881888,0.013143702,0.11578217,0.02536206,0.032831527
6546,0.050009448,0.03882815,0.0013887275,0.029471368,0.43608555,0.30109432,0.0054392903,0.7421028,0.019884242,0.03139342,0.03902158,0.014564604,0.009842837,0.0033503212,0.013693469,0.07721565,0.00056050345,0.364384,0.0072024637,0.0032344116,0.0066934307,0.2639903,0.028438918,0.011692663
6548,0.06915144,0.28319567,0.18536833,0.047233798,0.5499059,0.0150751555,0.08057501,0.3429395,0.37615773,0.29319236,0.001405521,0.033012636,0.033100206,0.053442128,0.08799484,0.013696438,0.0010335555,0.22343631,0.07276798,0.040357407,0.027557641,0.031454265,0.01834136,0.037669115
6549,0.24307664,0.023492426,0.000310353,0.0079486165,0.18098225,0.75551665,0.0011398189,0.48938686,0.003837475,0.024569068,0.17081982,0.0014180319,0.2300568,8.044423e-05,0.00078216026,0.47751555,4.819783e-05,0.071249284,0.03471604,0.0007375572,7.175227e-05,0.8624612,0.0012788568,0.0060095545
6552,0.16747478,0.32163188,0.023776852,0.029595952,0.3396168,0.032254867,0.021885779,0.46921697,0.14137308,0.15881664,0.0070996005,0.038658887,0.02712665,0.017239844,0.04879639,0.039500345,0.0011273526,0.2306242,0.12575859,0.007734396,0.040935438,0.10429319,0.07198391,0.03326689
6555,0.1989344,0.08785072,0.005508691,0.04803725,0.3195339,0.30164865,0.03635718,0.5673455,0.02806879,0.035719763,0.019859448,0.04120586,0.048197616,0.0041006105,0.0071569113,0.08938119,0.0008371908,0.12691833,0.051313512,0.013216332,0.0076191546,0.32897913,0.042056672,0.053386927
6563,0.12152892,0.077534206,0.00693376,0.0044596745,0.25129306,0.09182163,0.0016112208,0.24233338,0.026504118,0.2045866,0.007468172,0.0011287023,0.73622,0.00035434734,0.003157785,0.17620504,3.562073e-05,0.063967146,0.32033575,0.0030972974,0.00010767877,0.3687186,0.0006383766,0.0057195066
6564,0.011067702,0.022559628,0.0036292542,0.037427742,0.5567591,0.059681457,0.0123420395,0.6383014,0.0420802,0.03998857,0.0060009984,0.010967943,0.016852994,0.01812274,0.026376467,0.025282593,0.00028612124,0.3924721,0.009878905,0.008644467,0.006013775,0.063859984,0.0057355524,0.012540662
6565,0.04304092,0.03531086,0.0044599012,0.004930283,0.32335088,0.083621,0.0010377419,0.31038982,0.02529947,0.20253094,0.0118993195,0.00076585665,0.77074516,0.00044720157,0.0043183644,0.20613056,3.0350679e-05,0.12100798,0.19759624,0.0036121036,8.08338e-05,0.32796475,0.00033426748,0.003465654
6566,0.039833277,0.061516583,0.016618203,0.19324486,0.33882543,0.020181859,0.3924563,0.5317168,0.05986594,0.012397976,0.0010982878,0.10254665,0.0009235211,0.19989656,0.05776916,0.0031330674,0.0018237056,0.17418124,0.0070967306,0.019460019,0.2208177,0.0141182775,0.06329099,0.039297685
6570,0.842475,0.72940195,0.014318041,0.004910968,0.08973297,0.06325921,0.0030291625,0.21507491,0.05745898,0.23210135,0.0023540882,0.006598589,0.15956855,0.00024327484,0.002834141,0.062290847,0.00014126983,0.022157693,0.53125787,0.0009999732,0.00090864074,0.50511134,0.020868808,0.014687175
6573,0.07457557,0.045093026,0.0039126226,0.003145592,0.25197747,0.09124012,0.0008050128,0.24616268,0.018447498,0.19585927,0.009583738,0.00055133656,0.826432,0.00020663375,0.0025296253,0.21933872,1.8973036e-05,0.07148703,0.29370126,0.0023510342,4.469932e-05,0.39733872,0.0002832607,0.0032803577
6574,0.0022542384,0.008293158,0.0016520816,0.029626064,0.6544141,0.024428265,0.0061793993,0.6807847,0.034427997,0.026887907,0.0034108444,0.0050737155,0.006175239,0.035472248,0.045393646,0.010682847,0.00014910824,0.6088129,0.0032159444,0.0044847233,0.005309329,0.023522161,0.0021857664,0.0049197883
6579,0.5788779,0.45773605,0.021748744,0.0531892,0.18394525,0.10179568,0.054270882,0.5192238,0.058758833,0.03902217,0.0030700064,0.18893541,0.014997944,0.004365848,0.006226011,0.02930434,0.0017648074,0.069648854,0.102357924,0.011846516,0.026450204,0.24494655,0.4507292,0.12341462
6581,0.0016130919,0.008618468,0.0022844065,0.035229735,0.68003595,0.012106783,0.009372597,0.65816164,0.044655126,0.024440626,0.0016100223,0.0057633994,0.0025980626,0.07837578,0.07188082,0.00465036,0.00015460335,0.6361169,0.0022231645,0.004273786,0.01021764,0.01063097,0.0022428837,0.004517958
6583,0.37612465,0.026824156,0.00032506904,0.0150923915,0.18123353,0.7270328,0.004081352,0.538978,0.0029076366,0.011878745,0.071055196,0.0052725542,0.12492106,0.00016590903,0.00057601486,0.24776334,7.335131e-05,0.052372854,0.049366046,0.0016796753,0.00031041988,0.76911455,0.0044467896,0.013600425
6585,0.013059421,0.015447096,0.0015851627,0.030036233,0.51527137,0.11578976,0.0067891465,0.6725715,0.023405667,0.031480048,0.0131781055,0.0076828185,0.029463302,0.007283752,0.014022092,0.050419364,0.0001970944,0.37064132,0.010200116,0.006427256,0.0027435315,0.12572904,0.0043470412,0.010336682
6588,0.6243242,0.11091643,0.0012469569,0.009692234,0.15652932,0.47170556,0.0019664424,0.32112387,0.010137138,0.03951524,0.07587824,0.0032872248,0.16027927,0.00040334385,0.002648806,0.2634591,0.00019548077,0.053516783,0.15943512,0.00079574954,0.0009630586,0.7714417,0.0057086004,0.011793343
6591,0.09909974,0.044812586,0.001902524,0.010732008,0.28450838,0.21918969,0.0015384137,0.48478806,0.019460153,0.103288636,0.05765864,0.0028884606,0.37334704,0.0007027794,0.005689737,0.2658936,9.5299794e-05,0.16774215,0.09880011,0.0023770526,0.00044615564,0.5063355,0.0023886792,0.0067056986
6599,0.20044076,0.32670215,0.018572476,0.08433572,0.27366918,0.057612292,0.08479892,0.64861906,0.09096274,0.05154893,0.0046255738,0.20322098,0.005447593,0.032599643,0.030210437,0.019566102,0.002969485,0.2030392,0.03542798,0.012760617,0.10304831,0.0945793,0.36808187,0.07508034
6600,0.09036701,0.06465054,0.0062828334,0.052246746,0.385231,0.18308629,0.03971957,0.5889219,0.03572457,0.036478702,0.011840656,0.03560713,0.029455695,0.007707632,0.011323562,0.056755863,0.00071721704,0.1735404,0.03073324,0.0143789295,0.009732143,0.1898305,0.029528849,0.04111661
6602,0.254762,0.28338954,0.027695797,0.098665565,0.2580959,0.06787761,0.11836066,0.5876051,0.07643727,0.03407345,0.0031320849,0.23739414,0.007829579,0.01683079,0.017181652,0.018660624,0.0023804451,0.13553895,0.038961112,0.024004422,0.05548633,0.11410891,0.40625829,0.109741546
6609,0.420925,0.026219213,0.00014530064,0.014360553,0.1221863,0.8017232,0.002540355,0.58760905,0.0016014385,0.008671976,0.12841955,0.003947697,0.088765256,7.82462e-05,0.00041698152,0.38298112,8.2881255e-05,0.054685242,0.0319814,0.0006857814,0.00022046757,0.8692666,0.0056969845,0.007712109
6610,0.32126117,0.02250934,0.00029629903,0.013461713,0.18636692,0.71141744,0.003180806,0.5341524,0.0027930443,0.012934632,0.073351614,0.0039921515,0.1540916,0.00014719971,0.00056512,0.26250556,5.7636258e-05,0.05510111,0.048985407,0.0015650541,0.00023089872,0.7634138,0.0031065797,0.011058276
6612,0.017755872,0.03331146,0.008161766,0.09155618,0.47676164,0.0364152,0.09247686,0.58863366,0.05192328,0.022053503,0.0025669148,0.036017656,0.0034327754,0.07997806,0.046186756,0.008296666,0.00084095984,0.29398608,0.007715803,0.013974062,0.04257679,0.027113458,0.01894262,0.023189412
6614,0.19965343,0.016844984,0.0003003505,0.014449713,0.22255205,0.66349125,0.0029181577,0.5691513,0.003247051,0.014744302,0.07951781,0.00370064,0.1644089,0.00021620034,0.0008272671,0.26279566,6.061221e-05,0.07844667,0.038994994,0.0018902492,0.00026190173,0.7069794,0.0025845983,0.009938662
6616,0.24419993,0.20136946,0.013716583,0.09000325,0.25550273,0.11951294,0.092358544,0.6211611,0.046697866,0.025610195,0.006055639,0.19403529,0.009237969,0.0112651875,0.0125924405,0.027617054,0.001962053,0.1406285,0.032859996,0.018710049,0.03740097,0.16600975,0.34913316,0.10309531
6617,0.06368993,0.23839866,0.13883574,0.0425664,0.5444511,0.020174116,0.05937152,0.36351174,0.3162479,0.2862872,0.0020147956,0.026463034,0.054804146,0.036910616,0.07228401,0.019742344,0.0009031038,0.23074783,0.08067373,0.040587645,0.016652675,0.04331105,0.014362733,0.03428072
6619,0.11361809,0.042407524,0.002838836,0.00901482,0.27816483,0.2164939,0.0023486589,0.37611032,0.016791644,0.09508097,0.018816821,0.0021041818,0.5082353,0.00043424475,0.0025896826,0.20724185,4.8790458e-05,0.08195153,0.1409929,0.003361394,0.00021433728,0.45079488,0.0010137768,0.008068664
6626,0.03201228,0.030571615,0.003362457,0.029440327,0.46014667,0.14880735,0.008754776,0.6055586,0.03176945,0.05217956,0.014912814,0.009583216,0.071071245,0.0046091867,0.010831157,0.078886084,0.00023397115,0.25400952,0.024708671,0.0085487515,0.0024514755,0.18995957,0.0055297865,0.015369845
6628,0.0041590277,0.010688982,0.0017169552,0.031246925,0.6123267,0.041549705,0.006847022,0.6807295,0.03146228,0.028388048,0.005265237,0.0063440115,0.009823907,0.023114592,0.0324965,0.01755435,0.00018536746,0.5322108,0.0047210036,0.0054149656,0.0047293967,0.04122578,0.003054253,0.0067434274
6629,0.00428309,0.0126554705,0.002268716,0.033614185,0.6179209,0.034330927,0.008355004,0.6674899,0.038128965,0.030800428,0.004087377,0.007312446,0.008079253,0.030224634,0.03855147,0.014131286,0.00020688826,0.527005,0.004728199,0.0056980704,0.006239118,0.033901297,0.0035053284,0.0073623923
6631,0.26119992,0.17727937,0.012883203,0.003943972,0.21288434,0.072382584,0.00226089,0.17962883,0.03699855,0.24490766,0.0042049065,0.0015307378,0.69152486,0.00034925307,0.0031784156,0.1326885,4.9164246e-05,0.041274764,0.48253086,0.0029191137,0.00016091626,0.36191043,0.0011208549,0.007843448
6633,0.3952135,0.046272874,0.0008483248,0.014781825,0.18504466,0.59984183,0.0052662506,0.46523178,0.005240495,0.021997046,0.043207645,0.0056149787,0.2018854,0.00021136456,0.0007700807,0.232344,9.1080954e-05,0.045241952,0.09745983,0.0024807106,0.00038340254,0.71184003,0.0040648896,0.01584194
6635,0.5451375,0.06971586,0.00016926818,0.009548931,0.08075028,0.5199273,0.0023584934,0.57649624,0.001996271,0.0113693345,0.03264993,0.0056414222,0.035446014,7.292426e-05,0.00032266317,0.17293003,3.381001e-05,0.03826967,0.06811888,0.00031694022,0.00043062193,0.7343992,0.013361257,0.0077915913
6638,0.6968161,0.36038217,0.0019990792,0.059133243,0.12134417,0.3536384,0.03565529,0.6715187,0.01773482,0.026641522,0.036207765,0.15051122,0.011500889,0.0030945837,0.005715818,0.076878965,0.0025562264,0.08789735,0.08424557,0.003681766,0.05469574,0.5270027,0.3918237,0.060671378
6640,0.14626981,0.13928819,0.020565424,0.05458644,0.37773567,0.12903522,0.06283889,0.5039038,0.07111418,0.06891376,0.007410538,0.04943091,0.04522789,0.009489419,0.014782101,0.051651195,0.0010755925,0.13986006,0.06365881,0.023517879,0.013712346,0.16744718,0.041555252,0.057233445
6642,0.0580842,0.031181708,0.0021109257,0.0021130773,0.22631891,0.090731114,0.00039839649,0.23981585,0.012620017,0.17911595,0.011845483,0.00028452254,0.8689452,0.00011347293,0.002002585,0.26287752,1.0075354e-05,0.07277767,0.27536154,0.0014053743,2.130052e-05,0.44533753,0.0001605711,0.0019457373
6643,0.0025517826,0.030427055,0.007354062,0.023986526,0.6191644,0.0060041877,0.0073514897,0.5778233,0.10971867,0.1352426,0.0027947887,0.00625996,0.011632342,0.0691773,0.13311233,0.009773297,0.00036805944,0.6107564,0.011484318,0.0043779407,0.021177778,0.009771052,0.0045028916,0.006380042
6644,0.0051047807,0.01466291,0.0027578322,0.024036376,0.60595196,0.04357872,0.004598798,0.6412456,0.045185547,0.05742873,0.006750272,0.004896599,0.029383885,0.014234691,0.029923905,0.03154626,0.00014703404,0.5082724,0.00878759,0.0056725303,0.0025971,0.059536636,0.002301543,0.006424123
6645,0.038560458,0.015105588,0.0008476267,0.02246675,0.3984658,0.31948042,0.0042323107,0.64703035,0.011532243,0.029046796,0.040620793,0.005549728,0.10081955,0.0015684493,0.004691536,0.14529496,0.00012898499,0.2288658,0.020711334,0.00483032,0.00094204093,0.35529658,0.0032981758,0.010647346
6650,0.002466157,0.011549878,0.0029314558,0.029606506,0.6670835,0.018723443,0.0070587434,0.64295506,0.051066443,0.039440013,0.0026549692,0.0054066665,0.007342399,0.043984376,0.056874543,0.009627217,0.00016322128,0.59870446,0.004172952,0.005219659,0.0061173397,0.01976631,0.0021859412,0.005314274
6652,0.026619688,0.1041152,0.044167913,0.012170892,0.5315807,0.020502826,0.0053197797,0.33397412,0.20529345,0.46262893,0.0045473613,0.0033946836,0.45295158,0.0070921797,0.03783,0.07537551,0.00013803253,0.26336786,0.1455819,0.013331079,0.0010808669,0.08694263,0.0013679959,0.0077558304
6655,0.11054988,0.47855464,0.3743667,0.031034566,0.5555967,0.011362322,0.060908366,0.2641108,0.573901,0.5488714,0.0011492315,0.027085593,0.07293088,0.041235648,0.10358084,0.018497733,0.0009072864,0.19264986,0.15003562,0.04270351,0.019143352,0.035275668,0.016150463,0.037956443
6656,0.11144489,0.04026805,0.0014942113,0.0041952142,0.14365605,0.13743071,0.00077454624,0.29545653,0.00844502,0.14693134,0.043916,0.0006574094,0.8739277,0.00010397659,0.0023768116,0.503688,3.7426566e-05,0.07155488,0.39812383,0.0011577333,9.020966e-05,0.6125089,0.0006683316,0.003448992
6659,0.032673962,0.015132542,0.00093613303,0.02083157,0.40792224,0.28200847,0.0035825113,0.64186627,0.013061899,0.03401341,0.036570285,0.0048225033,0.11083397,0.0016099971,0.005080245,0.14602405,0.000114343406,0.24188945,0.020691974,0.004482638,0.0008298117,0.3386628,0.0028301538,0.009482984
6665,0.3510889,0.0318444,0.00047864803,0.017035188,0.19765952,0.6796117,0.0051367693,0.5377612,0.003988043,0.014743568,0.06297075,0.0066092093,0.12398942,0.00025053407,0.00081051467,0.22948843,0.00010145457,0.059013862,0.053618427,0.0021975057,0.0004577104,0.72647107,0.0055641383,0.016406134
6667,0.45050368,0.05087428,0.0007638159,0.01825129,0.1880009,0.65299046,0.0070744287,0.5027664,0.0051928777,0.017231645,0.0501024,0.008965337,0.1200252,0.0002844379,0.00087723247,0.20640834,0.00013685157,0.050318617,0.075336285,0.0026183724,0.0006399312,0.721987,0.008228861,0.021846069
6668,0.04820425,0.024508514,0.0018862159,0.0029394766,0.25652418,0.115485,0.00049525406,0.29260352,0.0123290485,0.15125094,0.015738003,0.00037100152,0.8351022,0.00015278479,0.0020977366,0.27749488,1.3562607e-05,0.09104172,0.20509824,0.001834535,2.8066348e-05,0.4538476,0.000181943,0.002250625
6674,0.0507464,0.0059737326,9.485238e-05,0.009626495,0.27173552,0.61997205,0.0009948366,0.6673811,0.001918821,0.0072648926,0.11930206,0.002051293,0.08544305,0.00018947264,0.0010490202,0.33746892,2.0717473e-05,0.18335761,0.01047686,0.000721193,0.00013529818,0.6977911,0.0016230604,0.0033047912
6675,0.00408898,0.012241403,0.0022424762,0.035388477,0.6211184,0.031959686,0.009302138,0.66704226,0.037353925,0.028325778,0.0036965848,0.007586071,0.006720343,0.034237873,0.040485837,0.012148383,0.0002144534,0.52970827,0.0043395953,0.0058257757,0.0070103444,0.03000191,0.003561414,0.0073407902
6677,0.0041665076,0.011214902,0.001871882,0.03352548,0.61474144,0.03763909,0.0080421865,0.6770227,0.032993812,0.027233472,0.004499996,0.006997424,0.007931651,0.0276162,0.03532468,0.014671525,0.00020008784,0.5290554,0.00444032,0.005614111,0.0057477774,0.035816524,0.0033455335,0.007075798
6683,0.06092097,0.07326842,0.011295955,0.07456585,0.40622467,0.088088475,0.088109806,0.58290994,0.054803826,0.033350993,0.0048232833,0.054902676,0.0101131555,0.022921748,0.021773463,0.023776427,0.0009844229,0.19838148,0.019989114,0.018300328,0.025764752,0.08400115,0.043173995,0.044304214
6687,0.19395533,0.5532978,0.3265402,0.0350912,0.49254912,0.013075577,0.07191874,0.2660925,0.5089939,0.43760398,0.001001179,0.0425169,0.047476314,0.03617686,0.07639931,0.015086935,0.001232192,0.15396316,0.16748066,0.040624987,0.02589232,0.041774493,0.034902982,0.0504092
6694,0.007964646,0.012086498,0.0014309933,0.027100721,0.5518019,0.08715503,0.0051907967,0.6772338,0.024389725,0.03296054,0.011570818,0.0057967203,0.028001383,0.008622955,0.01715276,0.043435812,0.00016363346,0.43938187,0.008357485,0.005773225,0.0023584408,0.09854125,0.0030205187,0.0077349753
6698,0.068366684,0.19130611,0.02611112,0.05840671,0.42806998,0.058751106,0.06029023,0.5634072,0.13498603,0.11658825,0.006992075,0.05968452,0.008154262,0.03467963,0.056269664,0.028087372,0.0012234827,0.28688392,0.025080929,0.010730855,0.046972457,0.061619822,0.08809426,0.036649916
6701,0.5000211,0.15211473,0.0047269193,0.030849967,0.21977645,0.43067506,0.02348444,0.4784521,0.019437995,0.03621076,0.02276113,0.03131357,0.093670644,0.0011696278,0.002709495,0.1312352,0.0005834158,0.060125336,0.12675467,0.0077815196,0.0035298564,0.5511178,0.036832254,0.05590727
6704,0.12373573,0.3064296,0.13359042,0.023955517,0.4734725,0.031540398,0.028820923,0.30930147,0.28729373,0.38850248,0.002888054,0.017824955,0.1685761,0.012044459,0.038413126,0.04413266,0.0005863081,0.15960716,0.17485908,0.027039353,0.006415515,0.092743084,0.011615721,0.03286764
6707,0.040010165,0.05651316,0.0027590087,0.11181742,0.26723498,0.059207316,0.07194779,0.728324,0.025066003,0.015756346,0.008510751,0.06288764,0.0023587628,0.025248304,0.018035443,0.016550226,0.0016100866,0.25215065,0.007876785,0.005705199,0.09650551,0.05460554,0.13399348,0.026291244
6708,0.007909981,0.012712236,0.0015271346,0.030034505,0.5557759,0.08001849,0.0063394504,0.6832359,0.02563975,0.029820267,0.009752821,0.0068975436,0.019593632,0.011247616,0.019452237,0.035249762,0.00019109724,0.4433948,0.007304725,0.0058702654,0.0032417823,0.084895484,0.003707272,0.008505047
6709,0.0042491057,0.021220505,0.0061938763,0.040366903,0.64654267,0.016197763,0.015634486,0.6031461,0.07521051,0.044105347,0.0017667791,0.010049466,0.0050056065,0.07560779,0.07229096,0.0068414635,0.00028127438,0.5211656,0.00528172,0.0069202455,0.0146570075,0.016059922,0.0043795514,0.00876345
6710,0.004525103,0.03781912,0.006276466,0.036687072,0.60309994,0.034674216,0.008602304,0.72584295,0.07710763,0.106501095,0.010238097,0.017047435,0.017129881,0.02198731,0.06117564,0.044617046,0.00081474154,0.69668305,0.012140821,0.0066523547,0.009773086,0.046693556,0.015797812,0.009714616
6716,0.05800867,0.1998429,0.12714046,0.117902115,0.44353795,0.006871284,0.27442703,0.33745986,0.2578667,0.09184414,0.00053656736,0.058558263,0.0038559535,0.20367125,0.106667556,0.0031302627,0.0016889038,0.16911542,0.027625153,0.032078374,0.1410394,0.009838558,0.028216474,0.036385823
6721,0.08269592,0.021708818,0.0011313111,0.010097129,0.28575358,0.3198583,0.0017823981,0.46075132,0.009517269,0.05532551,0.03533246,0.0018009852,0.44599164,0.00033698478,0.0018976027,0.24977127,4.102176e-05,0.10099792,0.081175566,0.0028117492,0.00017354595,0.5184338,0.00081272546,0.006312106
6722,0.034101024,0.20264249,0.15226546,0.03769709,0.6017779,0.011992912,0.04810653,0.3595247,0.375084,0.3306945,0.0014305811,0.01927974,0.0445429,0.05293479,0.10300257,0.014327862,0.0006284225,0.28817967,0.05795742,0.03319793,0.01690891,0.026214678,0.008618868,0.024202885
6731,0.18970612,0.10663276,0.0015265145,0.07031901,0.15659848,0.15265779,0.023667745,0.7424804,0.013312119,0.014986447,0.015627664,0.048529718,0.009062622,0.003911099,0.005637807,0.04168008,0.0009675329,0.13209163,0.018719994,0.0034871022,0.020206898,0.2655097,0.15405539,0.029384747
6732,0.60885453,0.12149284,0.0020084614,0.023273407,0.1770898,0.572412,0.014157929,0.468251,0.009611595,0.022620635,0.030835366,0.019737398,0.094313815,0.00046199874,0.0012176265,0.15943256,0.00029475387,0.042358596,0.1216652,0.0040002023,0.0016224995,0.68644226,0.02310865,0.04106114
6736,0.006216344,0.017894719,0.0057486002,0.0900308,0.54674196,0.01572323,0.06396108,0.58808684,0.051276427,0.018173365,0.0015612765,0.019887289,0.0016924137,0.1689287,0.07679898,0.003664135,0.0005532232,0.40146154,0.0036236683,0.008823372,0.05012473,0.010995153,0.008066095,0.011848163
6737,0.0553355,0.121660404,0.05187328,0.14358361,0.39597794,0.01724617,0.3157051,0.43392956,0.13160384,0.041847885,0.0010970059,0.07992495,0.0037472325,0.1488233,0.06616099,0.005133286,0.0019316054,0.16274157,0.020198269,0.031745624,0.13464983,0.01757512,0.042267982,0.04370523
6738,0.008956004,0.013336247,0.0006761221,0.029523239,0.45503283,0.16437562,0.0032347823,0.7673654,0.013047946,0.033909738,0.041780885,0.009349215,0.038218107,0.0038233849,0.010987305,0.11400571,0.00022300625,0.5150589,0.012814492,0.002909838,0.0024569025,0.16976596,0.009505451,0.005442658
6744,0.026345374,0.047105093,0.016266447,0.17154564,0.39277136,0.019238902,0.32422745,0.52037853,0.06343696,0.015363805,0.0012435357,0.06936632,0.0012974204,0.20923685,0.0662289,0.0034757124,0.0015930639,0.20896529,0.0071731927,0.019649874,0.16469182,0.01289516,0.034405056,0.031037968
6748,0.2720898,0.561625,0.2310392,0.015787538,0.4110659,0.019655157,0.026174633,0.21554962,0.38871,0.5115161,0.001304036,0.018323354,0.17057775,0.009079879,0.034408554,0.03204321,0.0005732269,0.10088227,0.3222812,0.02160543,0.0060468116,0.08627051,0.016221175,0.035223354
6755,0.26979214,0.021402586,0.00033116844,0.015251815,0.20536332,0.6885394,0.0036178296,0.55739725,0.0032376875,0.013687526,0.07425317,0.0046242955,0.1417218,0.00020959809,0.0007436958,0.25315902,7.1556446e-05,0.066488236,0.04320053,0.0018673092,0.0003101099,0.7292034,0.0035325612,0.012031348
6763,0.1245806,0.018734267,0.0005443746,0.017054971,0.27715772,0.533076,0.0035280169,0.58033335,0.005933176,0.022603046,0.062825456,0.0045168023,0.16427936,0.00046774294,0.0016774461,0.226488,8.843497e-05,0.11269107,0.037682455,0.0028827337,0.00044579405,0.58945656,0.0029541377,0.011235208
6764,0.18168812,0.13719824,0.008352646,0.028085036,0.30872318,0.18294603,0.013799061,0.49421236,0.050467215,0.12727617,0.02724582,0.021056024,0.14634305,0.0045372187,0.012288463,0.1563895,0.0007427397,0.16802326,0.1334239,0.006413327,0.0055368976,0.32075405,0.022144688,0.025324171
6766,0.2694021,0.032667603,0.0006899195,0.019042887,0.22958353,0.6061561,0.005902037,0.54653883,0.0057027675,0.01942605,0.05682568,0.007462819,0.13092305,0.00041051925,0.0012735378,0.21456423,0.00013334077,0.075213045,0.052940708,0.002991071,0.00063894055,0.65594196,0.005955401,0.017937634
6767,0.29357833,0.05321397,0.001484975,0.024991412,0.24762855,0.5300666,0.010952301,0.5388828,0.009928307,0.025643105,0.04257809,0.013537968,0.11035367,0.0007901546,0.0020916096,0.17696534,0.0002655101,0.080921814,0.06461987,0.0049539153,0.0014301739,0.58426,0.011878622,0.02861304
6770,0.0455122,0.04291744,0.00468288,0.049004946,0.43348148,0.1372228,0.029235482,0.6191554,0.034713972,0.033280596,0.009637757,0.02548613,0.02092207,0.010222458,0.014113029,0.043701615,0.0005283305,0.22726709,0.018849155,0.011704252,0.008835643,0.13681006,0.018340172,0.028607547
6775,0.17611475,0.011218868,0.00016596235,0.011344134,0.20752089,0.71241665,0.0017405362,0.579274,0.0021179486,0.011898125,0.09926731,0.0022220109,0.1934371,0.00011835696,0.0005522196,0.30557042,3.2341606e-05,0.07470031,0.03261832,0.001278397,0.00012617439,0.75707495,0.0014927741,0.006623315
6776,0.034504447,0.06120013,0.019392924,0.19002914,0.3595063,0.016274218,0.395294,0.51176083,0.0685523,0.014130968,0.00091313384,0.09004826,0.00089880597,0.23232639,0.06641223,0.0026863804,0.0017911181,0.18206166,0.00708158,0.01976758,0.22774686,0.01141728,0.050038144,0.036026362
6777,0.48658696,0.037900113,0.00039312543,0.012951001,0.15755168,0.7152122,0.0038509674,0.4823035,0.0030734392,0.0132773025,0.057719566,0.004844154,0.13869749,0.00012394138,0.000474469,0.24128114,6.353637e-05,0.039230596,0.07056755,0.0013998982,0.00026186928,0.7932364,0.004417786,0.013724635
6780,0.0015687257,0.010094422,0.0017202932,0.031448856,0.6559561,0.012126193,0.0066884514,0.70868385,0.040145565,0.02796782,0.0029623108,0.0069781677,0.002560708,0.06645143,0.07481176,0.006603949,0.0002477449,0.7048903,0.0026591686,0.0029900584,0.016344357,0.0117407935,0.0041463026,0.0045159
6783,0.02063437,0.018882051,0.00086012005,0.024188435,0.42967513,0.14888366,0.0040459097,0.7151942,0.016497225,0.025278464,0.033071574,0.007959258,0.026678272,0.004718488,0.012495488,0.08423076,0.00021158454,0.42085162,0.011546862,0.0033091637,0.0031831039,0.19481622,0.007145289,0.008291163
6787,0.10069483,0.013537044,0.0004029069,0.012084657,0.25805256,0.52888024,0.0018560094,0.55044234,0.0044110054,0.024053523,0.067611866,0.0021259682,0.29714963,0.00023030244,0.0011015412,0.2857661,3.977085e-05,0.09816439,0.04555652,0.0021326968,0.00017160442,0.635448,0.0010752077,0.0064896364
6788,0.04253593,0.12401711,0.048759416,0.020124905,0.5170076,0.03354772,0.012171421,0.3747081,0.17707366,0.3123107,0.004279249,0.008073042,0.24966876,0.0086757885,0.032298487,0.054534674,0.00026207507,0.22694938,0.10939505,0.020474585,0.0023685123,0.093106,0.0037433964,0.015953941
6789,0.13480924,0.18066835,0.017588248,0.14655593,0.26682308,0.043437537,0.17973563,0.6483135,0.060567915,0.016885363,0.0021668205,0.29357505,0.0017541484,0.046841547,0.02888016,0.007309705,0.00236929,0.18213303,0.013355789,0.019964501,0.13084866,0.0513021,0.46075702,0.09081249
6793,0.08554682,0.082803175,0.011713814,0.055108253,0.40354016,0.13308498,0.051950775,0.5541773,0.053091846,0.049908966,0.008186675,0.03773073,0.033974186,0.010005274,0.014373869,0.049371827,0.00079972,0.1686673,0.03845688,0.019138286,0.01177336,0.14979963,0.027181188,0.042773157
6796,0.013925931,0.024053292,0.003168189,0.018781245,0.5416559,0.07929216,0.004052421,0.59114045,0.04554261,0.085434526,0.01687759,0.004787268,0.087900504,0.0074218996,0.01985858,0.08567576,0.00019196284,0.41104162,0.023589276,0.00524365,0.002245394,0.13495575,0.0028839305,0.008106702
6799,0.0063356757,0.022962572,0.0019368412,0.036118302,0.54101086,0.030685557,0.0091499,0.7436182,0.03598399,0.03218674,0.0071398644,0.013098839,0.003617582,0.033563975,0.04434159,0.014240748,0.00047115574,0.5955539,0.005006445,0.0035323058,0.020080036,0.033392146,0.012148275,0.008642781
6801,0.07766284,0.10150034,0.019645434,0.08205768,0.39841446,0.077275045,0.120411195,0.5468246,0.07200372,0.041692875,0.004139564,0.067046136,0.012934947,0.024831247,0.023568068,0.023694541,0.0012727015,0.17352825,0.028432475,0.025461331,0.03149917,0.08045784,0.049953982,0.05200905
6806,0.2772036,0.024285313,0.00015396971,0.009007845,0.2178691,0.65352535,0.0015464034,0.6192732,0.0032427823,0.008370719,0.113557406,0.0036504485,0.029543554,0.00020497033,0.0010946528,0.21040127,6.545515e-05,0.10939385,0.016102511,0.0006338098,0.00070212694,0.7401273,0.005721227,0.0064188903
6807,0.06495356,0.22694065,0.15319744,0.09727701,0.4742766,0.008246964,0.21754332,0.32348937,0.29544812,0.13316576,0.00074085686,0.05021097,0.0076722614,0.15090095,0.10475742,0.004660265,0.0016223073,0.17678227,0.039955385,0.039181463,0.095847435,0.01335861,0.024142975,0.037600283
6809,0.0033290735,0.010115141,0.001800507,0.03354354,0.62896585,0.030932171,0.007958801,0.6794106,0.033480283,0.025618471,0.0037680352,0.0065976484,0.006228561,0.03332852,0.040043198,0.011821513,0.0001878225,0.5569792,0.0037106536,0.0051814113,0.006261284,0.028668977,0.0030529278,0.0063453373
6812,0.002316408,0.022446109,0.0051739,0.022404782,0.687724,0.0065908516,0.006332413,0.5953275,0.09136345,0.068339355,0.0017636124,0.0054300716,0.002881088,0.06662568,0.09751512,0.004445781,0.0001784419,0.6620972,0.0044634272,0.003131879,0.015818339,0.009138564,0.003085798,0.0048555117
6813,0.45157674,0.44803956,0.030289898,0.07089132,0.20865878,0.06112256,0.07855942,0.54922473,0.08273486,0.04007695,0.00203872,0.24538581,0.008288403,0.009869659,0.011162069,0.017890798,0.0021117576,0.09334411,0.066404246,0.015333747,0.049252726,0.14668646,0.524652,0.123599604
6816,0.00802733,0.01631875,0.0024516424,0.031842474,0.5741039,0.060092725,0.007993785,0.6537362,0.03539444,0.037845813,0.007084853,0.0077887387,0.018624654,0.015496859,0.025226377,0.027543038,0.00021962204,0.44208726,0.008313616,0.0070288475,0.004174976,0.06549146,0.00397806,0.009372017
6819,0.059985407,0.058669414,0.0036716734,0.0035192287,0.2852942,0.09252748,0.00096121937,0.28101513,0.03248755,0.27138433,0.022446454,0.0007449063,0.71624035,0.00050893624,0.0073647033,0.33193234,4.277353e-05,0.1323913,0.24179155,0.0016777032,0.00013989328,0.38422117,0.0004911932,0.003573433
6823,0.11311011,0.270014,0.1080639,0.027771221,0.47455665,0.035161745,0.032505665,0.3390683,0.25045794,0.32215825,0.0030024284,0.0202141,0.13679877,0.012741307,0.03618513,0.04083202,0.0006162616,0.16578105,0.14509052,0.02839432,0.00717358,0.09196092,0.013236304,0.034417313
6833,0.30604318,0.027738212,0.00037017927,0.015500461,0.19368728,0.6602943,0.0041464055,0.5499202,0.00357825,0.013945641,0.068357766,0.0054692742,0.11658321,0.00022944699,0.00083349977,0.23425971,8.1719125e-05,0.065980054,0.046761557,0.0017429331,0.00038272474,0.7249894,0.0050566057,0.012667357
6834,0.19555856,0.13314754,0.010810389,0.07010575,0.3121531,0.1788661,0.07401178,0.58065265,0.04291055,0.033215124,0.009597987,0.09164215,0.02012043,0.008788246,0.011310528,0.046683244,0.0013929344,0.13806544,0.04061877,0.018326474,0.020107381,0.20734172,0.12044573,0.07605412
6841,0.038425185,0.0984439,0.009492256,0.08455684,0.3651696,0.051950607,0.07311097,0.6849633,0.059518147,0.0438688,0.008649018,0.08238251,0.009416884,0.036533706,0.048936456,0.02633778,0.002400536,0.30345696,0.022612287,0.013755128,0.098431855,0.057307355,0.109457485,0.05323647
6846,0.020852707,0.0154416375,0.0012397363,0.023906475,0.46121705,0.18993685,0.004454,0.656809,0.017810635,0.03565822,0.023772515,0.0057345117,0.07010494,0.003024473,0.008057383,0.09797693,0.00014289544,0.30277035,0.015701624,0.0054253093,0.0013183925,0.22856101,0.0033266381,0.009671755
6852,0.21440716,0.2222191,0.030732907,0.06253044,0.3269316,0.103714444,0.08066362,0.50714755,0.08625207,0.06697657,0.004800524,0.09266803,0.028224532,0.010765742,0.014863446,0.039585367,0.00146141,0.12582494,0.06446343,0.023217393,0.02117678,0.15705088,0.11469712,0.081487186
6863,0.12901495,0.36654663,0.19432537,0.032888032,0.5013962,0.022950433,0.04891848,0.30677035,0.36549267,0.38968083,0.002185757,0.025705334,0.09942146,0.022847531,0.05885791,0.02797988,0.000973984,0.17751288,0.15755545,0.04062084,0.012364163,0.06485991,0.016839648,0.03939696
6868,0.0727421,0.1535531,0.048365675,0.010784939,0.4335151,0.0362733,0.006201248,0.2727431,0.15051039,0.41677958,0.0045488286,0.0038934525,0.52262735,0.0031424428,0.018085489,0.08598084,0.00014227357,0.14265689,0.24203944,0.012803277,0.00082435395,0.14162272,0.0017393939,0.011272328
6869,0.0363582,0.06664048,0.0023406579,0.04108547,0.5025165,0.2502101,0.010764168,0.73503876,0.029806942,0.027671443,0.016031908,0.03099294,0.005361534,0.008024874,0.0167226,0.04583823,0.0011099785,0.42168224,0.0060746255,0.0052834167,0.005779913,0.18819074,0.051043846,0.020130055
6872,0.0036484592,0.009462216,0.0015352521,0.029345408,0.6194642,0.041089803,0.0059711365,0.6824995,0.029643966,0.028333561,0.0055801133,0.0055015455,0.010854472,0.021264896,0.031727776,0.018285835,0.00016514701,0.54885066,0.0046153334,0.0052561113,0.0039823437,0.041243367,0.0025492546,0.0060071396
6873,0.502622,0.035402063,0.0003401426,0.01377449,0.15727563,0.74891055,0.004195383,0.49996424,0.002724108,0.011245664,0.06395943,0.005307773,0.12357781,0.00011666509,0.00042654455,0.24325529,6.6853325e-05,0.039028887,0.06380346,0.0014601148,0.00026912766,0.8060721,0.0048655258,0.014419667
6881,0.25020102,0.019987032,0.00032057357,0.012151004,0.19848847,0.6614901,0.002532181,0.52460843,0.0031262361,0.016039671,0.0694988,0.003095836,0.19476087,0.00015462119,0.00065256964,0.27097175,4.7702255e-05,0.061414126,0.05021129,0.001538224,0.0001915206,0.7355833,0.0022015707,0.009237484
6882,0.5682101,0.053061474,0.00054170913,0.016849842,0.15928595,0.7241814,0.006569967,0.4932041,0.003741336,0.012428215,0.05340111,0.0085782185,0.09922761,0.00017735813,0.00055582816,0.21127255,0.00010806655,0.038548235,0.07451013,0.0019058291,0.0005023197,0.7856895,0.0086779585,0.02110622
6891,0.032188244,0.04608167,0.011853417,0.12373202,0.41004786,0.041013725,0.17986865,0.5499149,0.05392655,0.020524357,0.0028231419,0.055434324,0.0037296414,0.08878356,0.042123362,0.008901408,0.0012587964,0.21196815,0.010906703,0.019339576,0.06935657,0.030603483,0.030349724,0.03308435
6892,0.18971616,0.0270961,0.0007182047,0.01962608,0.25958398,0.55842113,0.005445196,0.5650605,0.006525367,0.02189881,0.057346962,0.0068434463,0.13839886,0.0005263917,0.0016589374,0.21076806,0.00013389437,0.09497623,0.045789514,0.0033993719,0.0006685255,0.60438275,0.005017785,0.016168907
6893,0.46919307,0.25126255,0.009163715,0.00282473,0.14825161,0.0814059,0.0017796668,0.15013786,0.026465368,0.1897346,0.003284729,0.0014259124,0.643788,0.00015317633,0.0018268671,0.13070412,4.0724513e-05,0.024106696,0.5991167,0.001652221,0.00012486106,0.46743563,0.0015245448,0.0076245004
6894,0.81178695,0.33681425,0.0029835056,0.006904609,0.08505194,0.32752627,0.0040904954,0.25899345,0.012511438,0.07304704,0.010370418,0.0062188813,0.2235739,0.00011292578,0.0010793353,0.17676403,0.00010611897,0.016344482,0.426893,0.0009590102,0.00067348225,0.7407777,0.012897147,0.026213802
6895,0.0024555812,0.018555768,0.0069996277,0.03108552,0.68710077,0.010025642,0.009684182,0.5887238,0.09435568,0.062027175,0.0013815238,0.0062614027,0.006103301,0.08029975,0.0910644,0.006125335,0.00018911491,0.5964377,0.004950586,0.0056662858,0.00989478,0.011791582,0.0023398518,0.005723877
6898,0.06913629,0.10655242,0.025312098,0.08464892,0.41607928,0.060435556,0.13365173,0.5248605,0.08714389,0.047859605,0.003365422,0.06486382,0.01216327,0.032695767,0.029434683,0.019452764,0.0013091619,0.18010922,0.028604435,0.027933525,0.036248535,0.06344781,0.044074602,0.049759928
6900,0.011122831,0.032033365,0.003190429,0.018958202,0.57724345,0.046458066,0.005625598,0.6279526,0.05986974,0.11459696,0.020823259,0.0061612464,0.019260544,0.013257858,0.040984314,0.045142055,0.00053323695,0.46184015,0.011039487,0.0033301688,0.014612381,0.062654585,0.0090027135,0.012275391
6905,0.010448369,0.019101055,0.0026711992,0.034987032,0.5530313,0.06836158,0.0098987,0.6555977,0.035560112,0.03581748,0.007190499,0.0097918995,0.016848367,0.015572393,0.023743317,0.028336655,0.00025860508,0.40626416,0.00879828,0.0073764776,0.0051052677,0.07230148,0.005385165,0.011451728
6907,0.07677076,0.021474693,0.0011007614,0.0042643873,0.2411464,0.22482781,0.00067388447,0.3475857,0.0085222665,0.086143464,0.023537379,0.00059242354,0.70742744,0.00011934181,0.001302655,0.29038706,1.2748557e-05,0.07168286,0.14176174,0.0015311568,4.132665e-05,0.54430234,0.0002600158,0.0032275086
6910,0.27168003,0.1767338,0.012881404,0.0061815493,0.2188817,0.09519528,0.00361937,0.17657027,0.051191106,0.30356064,0.019071477,0.002006691,0.6562853,0.0010237045,0.016336335,0.33692575,0.00026775838,0.08195707,0.47588912,0.0030361677,0.0009769835,0.46571708,0.0022930107,0.01174847
6917,0.12312716,0.36456692,0.19114383,0.017790033,0.48691607,0.022638073,0.022980075,0.25659174,0.36882496,0.5260966,0.0024159795,0.012954146,0.24372983,0.01097779,0.04490655,0.045617457,0.00046665166,0.15246433,0.23240633,0.0260938,0.004809189,0.081757315,0.0075509567,0.026614081
6919,0.39282867,0.10619692,0.0033406941,0.037083693,0.23998292,0.45708242,0.025265217,0.5395291,0.016718611,0.027514147,0.028892433,0.03666502,0.062371194,0.0015576859,0.0032875608,0.12530594,0.0006305022,0.08187342,0.0736501,0.007937389,0.0041782637,0.5229928,0.046580955,0.055503003
6924,0.007185377,0.01852949,0.0033812176,0.043443985,0.58471024,0.038038176,0.015751733,0.64882785,0.04287332,0.029955827,0.0036397094,0.011984073,0.00668035,0.03651066,0.03877544,0.012700691,0.0003153434,0.44929594,0.005797517,0.0076328428,0.010356763,0.034752294,0.0061020926,0.011221031
6928,0.29487225,0.15163343,0.008701658,0.059609838,0.27837157,0.2538715,0.055992525,0.5662216,0.034502,0.033101767,0.013763734,0.08489899,0.029846778,0.0050786277,0.007744793,0.06541362,0.0013294074,0.11392163,0.057265755,0.015319218,0.014088668,0.30823776,0.124555685,0.081366666
6936,0.12204986,0.42297235,0.26645744,0.030717727,0.527137,0.016710052,0.05280127,0.28652006,0.45981222,0.45643437,0.0015483651,0.028113164,0.08016301,0.028996287,0.072797276,0.022523118,0.00088660995,0.17919275,0.14826146,0.03754553,0.016220385,0.048152164,0.01833964,0.040540896
6937,0.39997235,0.023449136,0.00023214369,0.012850117,0.16532804,0.75876343,0.0030865564,0.532253,0.0022206202,0.010243326,0.07822512,0.0040104114,0.13240771,0.00010862736,0.00042491496,0.26623484,5.255265e-05,0.046563614,0.04790888,0.0012649015,0.00020422027,0.8040435,0.0034695857,0.010974762
6938,0.021993497,0.03039611,0.0039970763,0.042201586,0.49873158,0.092727885,0.017929817,0.6307721,0.03802008,0.037261,0.007912466,0.016129693,0.01945596,0.013427641,0.019408263,0.033835478,0.00038197066,0.30638516,0.013581696,0.01003093,0.006968842,0.095713586,0.009859604,0.018753672
6941,0.6366089,0.15869322,0.0019036896,0.007190067,0.15262415,0.44858888,0.002976043,0.2759151,0.014702714,0.039302204,0.05503553,0.006144978,0.14507681,0.0002780129,0.0025427074,0.31988686,0.000112180816,0.05866254,0.24138896,0.0011383106,0.00065617776,0.7963312,0.009649954,0.0121485265
6943,0.14929342,0.23736969,0.058346197,0.010907891,0.3770348,0.042156354,0.008696934,0.24401495,0.1467784,0.3879571,0.0037378576,0.0055935686,0.44951934,0.0028211866,0.014669657,0.07709677,0.00019440548,0.1013073,0.3070225,0.0121075865,0.0011631546,0.1644912,0.003257426,0.016468044
6944,0.21113639,0.07349977,0.0008167517,0.040072154,0.22414102,0.43100032,0.01286996,0.67703867,0.008091437,0.019157495,0.04552616,0.027897786,0.017660882,0.0019525574,0.004054719,0.11936241,0.0004833692,0.161161,0.038659707,0.002140961,0.005538751,0.4762373,0.03376745,0.016373992
6949,0.13436565,0.12500261,0.00971871,0.018857928,0.3491338,0.105926335,0.0065501216,0.42112923,0.06944361,0.1542684,0.014199846,0.009061791,0.1475531,0.002920591,0.012373937,0.1009806,0.00018809993,0.16849166,0.095811285,0.005172033,0.00245088,0.25756893,0.0078289425,0.015814733
6960,0.0053545455,0.015443138,0.0029125607,0.041510858,0.6035855,0.032091647,0.01359637,0.656322,0.041434243,0.027966667,0.003249211,0.010240954,0.005577653,0.04112714,0.042622637,0.01078504,0.00027467692,0.4887291,0.004690015,0.0066886516,0.010010362,0.02883118,0.004998876,0.009311657
6963,0.0041375933,0.013725113,0.002727262,0.03853857,0.61988294,0.027358275,0.011431702,0.6588199,0.042608816,0.028607735,0.0028933962,0.008678677,0.005182997,0.04408078,0.046315696,0.009742138,0.00023250298,0.5209675,0.0040851156,0.0057382644,0.009290163,0.02494754,0.0040991562,0.007824928
6966,0.3780392,0.5148523,0.081955016,0.05146758,0.2803502,0.032128472,0.0693367,0.42171282,0.17984681,0.11300599,0.0013589569,0.13445924,0.018333199,0.0143697895,0.021169323,0.017059889,0.001846837,0.1082029,0.11325786,0.021198269,0.03541349,0.09943833,0.25726846,0.088878214
6970,0.009993142,0.012051021,0.001222861,0.026270889,0.5252266,0.11426089,0.004804472,0.6832995,0.02083938,0.031140268,0.015005632,0.0057497346,0.034457844,0.0062769027,0.013442329,0.05653182,0.00015633392,0.40628785,0.009235695,0.005472915,0.0019814642,0.13011608,0.003144991,0.008101435
6971,0.16601373,0.20576236,0.01708478,0.13555758,0.25486198,0.052052747,0.15231176,0.65902597,0.058021624,0.01804444,0.0026049777,0.31244764,0.0022621942,0.033578485,0.023766758,0.009248872,0.0024571386,0.17546844,0.01604823,0.019947007,0.11001343,0.06743562,0.5228412,0.102044225
6979,0.61911315,0.4347316,0.018130464,0.0446902,0.17920952,0.14108987,0.043090157,0.49619123,0.04954269,0.04076916,0.004147874,0.14364919,0.022331797,0.002894479,0.0047457106,0.041245114,0.0014723137,0.06150651,0.12404149,0.009983896,0.016869007,0.31877226,0.3506156,0.11526117
6980,0.042923514,0.12102899,0.0060385284,0.097035676,0.27701294,0.059553787,0.1185893,0.7298038,0.042131312,0.0266817,0.004779437,0.104535244,0.0013470697,0.04136444,0.024326963,0.012266265,0.0024151949,0.26893026,0.007025052,0.0070431293,0.0917912,0.046032593,0.18113652,0.031439435
6981,0.12918147,0.040291164,0.0023229292,0.012849267,0.28228816,0.29161906,0.0035657703,0.4351661,0.014850535,0.06679695,0.025054067,0.0034396902,0.3661529,0.00056498265,0.0025435418,0.20508306,7.86933e-05,0.088696875,0.10340097,0.0039159395,0.00037641035,0.47655216,0.0017937287,0.011005097
6985,0.0051653963,0.014583881,0.0026654522,0.040148333,0.6050623,0.03332449,0.012463514,0.6609197,0.039449688,0.027498929,0.0034488314,0.009646226,0.005856032,0.038276296,0.040961776,0.011358855,0.0002614143,0.49480078,0.004616708,0.0064919,0.009137438,0.03008361,0.00470713,0.008925537
6986,0.25167522,0.023686415,0.00042613715,0.01639528,0.21868047,0.65236926,0.0041341996,0.5558438,0.0040062577,0.015916904,0.06838121,0.0052557723,0.1427179,0.0002737454,0.00093624805,0.24024582,8.750434e-05,0.072510704,0.045612145,0.0022386876,0.0003931524,0.6967497,0.0039776843,0.013376036
6988,0.020322008,0.045035835,0.016320312,0.20674331,0.3870778,0.00873129,0.4294952,0.5084224,0.066178165,0.010748094,0.00052966666,0.07298546,0.0003866892,0.3740059,0.08839644,0.0012929285,0.0015518923,0.21447729,0.0041451883,0.015301382,0.31482857,0.0054923906,0.035473894,0.026460232
6990,0.0022081598,0.008081264,0.0015937291,0.031381942,0.6538419,0.02323904,0.0068748863,0.68324536,0.03325359,0.024173595,0.0031034355,0.0053770985,0.0049843155,0.0396176,0.04665394,0.009264275,0.00015370846,0.60766315,0.0028978942,0.004464845,0.006044757,0.021299718,0.0023159203,0.0049773864
6993,0.25943103,0.017614318,0.0002477598,0.012563681,0.1956721,0.7054066,0.0025509342,0.5462369,0.0025756916,0.013013249,0.081118084,0.0031802591,0.17516378,0.0001369739,0.0005697018,0.2765729,4.739012e-05,0.06176409,0.044058274,0.0015090442,0.00018433812,0.7567954,0.002312086,0.009119421
6996,0.4790995,0.43633598,0.0053660115,0.022655386,0.12235686,0.04326021,0.011041824,0.5509751,0.040714916,0.051514436,0.0020944562,0.046852123,0.0067820763,0.0023322115,0.006746708,0.021233965,0.0004749068,0.08933858,0.076625966,0.0012739509,0.014043548,0.18676662,0.24826586,0.024393618
6999,0.004071738,0.013669951,0.0028500927,0.04331839,0.61894715,0.024144204,0.014494109,0.65636325,0.042607598,0.025163615,0.002474242,0.00983596,0.0037855639,0.05624825,0.051427577,0.0076641776,0.00026098994,0.51989686,0.0036376955,0.0060771224,0.012123345,0.02058657,0.004558833,0.008150313
7000,0.02731395,0.080036156,0.011170945,0.056758694,0.6115273,0.08382605,0.022150092,0.61576164,0.103591435,0.10441418,0.018914336,0.03780629,0.011124301,0.06574094,0.092047006,0.041437276,0.0028340037,0.59827304,0.026366267,0.015201808,0.029391956,0.0852937,0.03415981,0.030197516
7001,0.34333292,0.04287946,0.0008154915,0.021458207,0.21769272,0.62629783,0.00808892,0.5465307,0.0061407425,0.018067893,0.053221073,0.010565434,0.103542954,0.00045604695,0.0012783197,0.20007837,0.00017660718,0.06822713,0.05629438,0.0032433586,0.0008989246,0.66859716,0.0095914025,0.023628246
7002,0.006648946,0.015430397,0.0024300688,0.038223546,0.58420473,0.04594926,0.011161294,0.6675773,0.035768528,0.028487619,0.0047350163,0.009751412,0.008324575,0.026685208,0.032377377,0.016366513,0.00026153447,0.46464473,0.00559507,0.006653811,0.0072969384,0.043381058,0.0050696754,0.009793227
7003,0.016862778,0.028926974,0.0058352235,0.017003193,0.51272357,0.072047256,0.0035878734,0.517279,0.05286929,0.13400412,0.011466328,0.0034207997,0.23950179,0.0034654646,0.014253205,0.09505627,0.00010611654,0.30073634,0.04234016,0.008378951,0.0007982327,0.15208745,0.0013775487,0.0071434756
7004,0.0033354133,0.009982982,0.0017349585,0.035454035,0.62580764,0.030468049,0.00878462,0.68477046,0.03251746,0.023017922,0.003519222,0.007117141,0.0050215125,0.037085436,0.041033503,0.010624637,0.00019877161,0.5555207,0.003344594,0.0050336705,0.0072860527,0.026933959,0.0033738774,0.006531237
7005,0.0025280507,0.007868554,0.0013653244,0.029392086,0.6466901,0.031169992,0.0060616955,0.6926031,0.029702602,0.023583177,0.004274775,0.005185808,0.006521013,0.030657006,0.039554033,0.012657819,0.00016007763,0.6019033,0.0032608015,0.004552624,0.005132268,0.028699998,0.0023736106,0.0051894914
7006,0.30645287,0.013213884,9.40498e-05,0.008210749,0.17384046,0.8071892,0.0014038072,0.53894794,0.001712158,0.006702605,0.14967707,0.0018030873,0.07335858,7.395174e-05,0.0005814841,0.38774487,3.6202364e-05,0.06349458,0.018449714,0.0005672624,0.00013522981,0.86306256,0.0017562888,0.005913325
7009,0.026250819,0.026235728,0.0027156516,0.031955086,0.47491732,0.14062972,0.009522675,0.63197315,0.029228946,0.041681174,0.013925297,0.010629781,0.043192882,0.0060846703,0.012400205,0.062573224,0.00025729134,0.28556058,0.017517572,0.008030977,0.0031606217,0.1623732,0.006551484,0.015428977
7010,0.014672944,0.025177542,0.004640819,0.019995887,0.52345824,0.07746635,0.0041857604,0.55999005,0.04692366,0.10076106,0.011623771,0.004191554,0.15733668,0.004367772,0.014817471,0.083043195,0.00012607902,0.32843986,0.030110613,0.008207275,0.0010987148,0.14119512,0.0017681537,0.0077404557
7011,0.32314804,0.054643348,0.00069532584,0.016139805,0.15013711,0.46028012,0.003794456,0.4850361,0.005822107,0.03026765,0.0937886,0.0047073714,0.19895831,0.00031140842,0.0018115686,0.31674537,0.0001666358,0.07420414,0.12041956,0.0013673452,0.00082848314,0.7119715,0.0059059635,0.011321901
7014,0.014397653,0.02037675,0.0024731806,0.033116616,0.52375305,0.09474366,0.009114984,0.6515863,0.031377073,0.037374884,0.009976217,0.0095911855,0.025836732,0.010056589,0.017676426,0.040944614,0.00024676305,0.36139017,0.011366569,0.007581069,0.0038705934,0.10420936,0.005463335,0.012359075
7016,0.022698823,0.02977305,0.0037385554,0.044605322,0.4904927,0.096015446,0.01991766,0.63851905,0.035603918,0.03295641,0.007821015,0.01765774,0.016438581,0.013983191,0.018925844,0.03240211,0.00040597742,0.30135852,0.012569919,0.009912809,0.0077911494,0.09500782,0.011073461,0.01955531
7022,0.079311386,0.1009755,0.018886387,0.07018595,0.4099398,0.08718149,0.09137433,0.5409647,0.07210496,0.04958101,0.0048908894,0.054656457,0.01889359,0.018937932,0.021204041,0.029860264,0.0010928462,0.17441183,0.03332428,0.024245469,0.022660468,0.09552256,0.039810844,0.049241967
7026,0.019730413,0.064423956,0.017268492,0.090904325,0.4566941,0.017268214,0.11768542,0.5671918,0.09392567,0.03214547,0.0011611914,0.047116995,0.0020374097,0.12574111,0.07077279,0.004643591,0.00089184317,0.3037562,0.008144076,0.012862973,0.0802625,0.015835831,0.03082389,0.024698649
7027,0.6014341,0.3568543,0.0090803495,0.057392538,0.1564088,0.17998146,0.047201373,0.5837301,0.029543992,0.02078651,0.0061061247,0.20543543,0.011584306,0.002851729,0.004194835,0.037463196,0.0015314444,0.07037697,0.06852607,0.008646773,0.021269953,0.34191594,0.51704466,0.124500774
7029,0.0063517923,0.012715661,0.0017756753,0.031802975,0.58062696,0.059171498,0.0072741737,0.6769244,0.029511254,0.029916164,0.0070837424,0.0071731284,0.014105243,0.016383948,0.025115518,0.024889456,0.00020274305,0.4735575,0.0062868088,0.006095889,0.004171603,0.060387153,0.0036666165,0.008203565
7031,0.028805122,0.06831268,0.018584697,0.053173583,0.515818,0.04714407,0.04539112,0.53734773,0.09414746,0.07242777,0.0035848678,0.02547863,0.021614816,0.027107459,0.034574833,0.021930063,0.00058492745,0.26502782,0.02425485,0.01962337,0.014469977,0.05559834,0.01324315,0.026899625
7035,0.22479679,0.01251182,0.00015756799,0.011233275,0.19137101,0.7414958,0.0018752756,0.5695561,0.0019145091,0.0106775565,0.09818541,0.0023764737,0.17919815,9.987477e-05,0.0004573848,0.30461755,3.2708038e-05,0.063997075,0.034633428,0.0011846832,0.00012281002,0.7821747,0.0016998319,0.007058131
7041,0.044077452,0.062053423,0.015910832,0.17916064,0.34155673,0.027326839,0.3505421,0.5381943,0.057536487,0.0139389355,0.0015532069,0.09998113,0.0014383629,0.15260996,0.050439112,0.0045762267,0.00181186,0.17323542,0.008654747,0.02095385,0.1700416,0.019650295,0.063261636,0.04175902
7043,0.2766925,0.30983058,0.050768297,0.014754032,0.32747093,0.05861198,0.014853843,0.268134,0.12093388,0.26740184,0.0036488147,0.011600544,0.2803607,0.0030195354,0.01184155,0.06527,0.00038464688,0.08335454,0.3089282,0.0133409975,0.002356929,0.2010194,0.009827402,0.028179275
7045,0.0023969715,0.010078825,0.0023245553,0.038050774,0.6543014,0.017297525,0.010780804,0.6610568,0.04150211,0.024150612,0.0020628886,0.0070474558,0.0031970246,0.064013496,0.059736256,0.006048451,0.00019138203,0.58850735,0.0027412623,0.0049676304,0.010296774,0.0148790665,0.0029582167,0.0057314127
7052,0.010755246,0.0194814,0.0027375356,0.039142873,0.54914874,0.065489255,0.012646747,0.65821683,0.034828015,0.031225665,0.0063322694,0.011523968,0.012504911,0.018682785,0.025010444,0.023601718,0.00029551922,0.39858344,0.007997284,0.007821061,0.006592185,0.06417194,0.0063814474,0.01251268
7054,0.07944487,0.25483495,0.15483958,0.088389315,0.44979316,0.011675934,0.19030099,0.3460463,0.2999194,0.15114352,0.0009566024,0.057070263,0.010595179,0.11183096,0.08742261,0.0074881758,0.0015185038,0.16767965,0.045861978,0.03462776,0.07834341,0.020321116,0.033003684,0.04422407
7056,0.021199623,0.039095543,0.013624543,0.1546584,0.41904366,0.020222034,0.25744173,0.52842057,0.060047884,0.016190303,0.0014378445,0.055551626,0.0015358084,0.19611444,0.06635241,0.0038345414,0.0013618505,0.2327202,0.006823993,0.017861431,0.12971736,0.0134069435,0.026098628,0.026930759
7057,0.06324226,0.07614983,0.012624765,0.04600784,0.4388932,0.10936113,0.03556039,0.5415412,0.06226629,0.06647029,0.0076022604,0.026046418,0.045799244,0.009848913,0.01644031,0.050107207,0.0005830172,0.1912308,0.039421156,0.017689265,0.008414115,0.1351839,0.01655504,0.03362899
7059,0.005106162,0.014572188,0.002642638,0.03393055,0.6107794,0.036836293,0.008895252,0.6568531,0.040908225,0.034430966,0.004314163,0.007807389,0.009688906,0.028118834,0.03721634,0.015673399,0.00022093639,0.5038995,0.0056264307,0.006296632,0.006162231,0.03748205,0.0037707859,0.008135018
7062,0.24374716,0.028205378,0.00065123144,0.014686753,0.21453921,0.5790727,0.003920212,0.5063194,0.004941654,0.022385765,0.05235007,0.0042089913,0.22615483,0.00024510385,0.00092679664,0.25258985,7.464729e-05,0.06255426,0.069188796,0.002497715,0.000318238,0.6748429,0.002610298,0.011918925
7064,0.023231504,0.02753059,0.003126065,0.043368865,0.48276433,0.10833719,0.01806724,0.64887094,0.031497594,0.030323572,0.008884698,0.016891537,0.016980326,0.012104856,0.016858872,0.035945177,0.00038315335,0.29853752,0.012111039,0.009202963,0.0070142224,0.10617088,0.010802096,0.018959166
7069,0.01904145,0.019696338,0.0019760148,0.029066375,0.49075928,0.13627933,0.006984974,0.65015507,0.025362132,0.038296774,0.015065544,0.008165198,0.04338703,0.005662067,0.012151233,0.06391796,0.00020462705,0.32228944,0.014320981,0.0068809288,0.0024598169,0.15807264,0.004791469,0.011986049
7079,0.45097193,0.35357934,0.013553534,0.078909494,0.18279375,0.102861695,0.07101625,0.6248169,0.043721978,0.022258496,0.004026224,0.2829471,0.006532199,0.007045434,0.008221069,0.021933801,0.0020426922,0.099586636,0.045601204,0.012595299,0.04563674,0.19950745,0.6182569,0.1303938
7083,0.018439405,0.015861588,0.0016291939,0.021240354,0.47006124,0.16072349,0.0037412934,0.62313175,0.02066595,0.0484292,0.022284983,0.0042414484,0.12624942,0.0025132156,0.007905807,0.11252501,0.00011529616,0.29695058,0.021886013,0.006182243,0.00090482214,0.22436419,0.0019829436,0.007849518
7084,0.0068634814,0.018647578,0.0034794752,0.03708878,0.5964371,0.03920162,0.011548947,0.64108515,0.045863356,0.0377525,0.004224097,0.009669682,0.010365036,0.028949572,0.03706022,0.016060771,0.0002669445,0.4622535,0.006886173,0.007489352,0.0073280702,0.039931715,0.0047896495,0.010118375
7088,0.09976226,0.044180147,0.002428906,0.0024763413,0.2009193,0.109045096,0.0005766584,0.23566382,0.012806834,0.1578132,0.010561841,0.00043712457,0.8154785,0.00012336328,0.0018020793,0.24170995,1.294729e-05,0.056962106,0.29557323,0.0013453548,3.3057902e-05,0.47632852,0.00028438805,0.0027916157
7094,0.35729524,0.08608264,0.0026781263,0.03268314,0.24888524,0.48281762,0.019795798,0.5367212,0.014800599,0.028382229,0.033359155,0.02604759,0.07869909,0.0013259605,0.0029787223,0.14161254,0.00049911666,0.0822564,0.07330408,0.007163768,0.0030770325,0.53942037,0.028250713,0.045671403
7096,0.79787666,0.22067489,0.0021246546,0.006409245,0.09910299,0.39942488,0.0035218801,0.25808334,0.008607242,0.036827132,0.0091743115,0.004449254,0.20018502,7.871732e-05,0.00047549498,0.1611568,5.1419505e-05,0.01382871,0.32233763,0.0008742398,0.00025578198,0.75758326,0.0059743244,0.016022936
7097,0.6773473,0.09760656,0.0010060237,0.01993238,0.15325181,0.6764549,0.010265924,0.46877787,0.0056675063,0.014567969,0.038840868,0.015013543,0.07711712,0.00025818704,0.00071355223,0.17201146,0.00018741518,0.03470734,0.10046689,0.0024292923,0.0009892031,0.7658863,0.018676953,0.033238478
7098,0.011634705,0.04145536,0.007347228,0.096987166,0.43066648,0.017405355,0.088616066,0.6653962,0.06509684,0.02648587,0.002054027,0.038673863,0.0014334094,0.1271467,0.09378813,0.005357459,0.00087189925,0.41499028,0.0047490927,0.009133194,0.078098506,0.016908871,0.02718784,0.01723754
7099,0.005875346,0.02143678,0.008739342,0.09253384,0.5621189,0.010757427,0.07172806,0.5494162,0.06937624,0.023073193,0.0011670147,0.019119196,0.0017026633,0.22355351,0.09643752,0.0028921189,0.0005525276,0.3980805,0.004145511,0.009118042,0.064579226,0.008079322,0.0071895183,0.011687088
7101,0.028034402,0.032405246,0.004417384,0.026020808,0.4745425,0.122200124,0.007173892,0.57800823,0.039085954,0.07155525,0.013490252,0.0075069643,0.1086431,0.0042973203,0.011696532,0.085213035,0.00019378735,0.25928542,0.030858966,0.009025553,0.0018619912,0.18059134,0.003806622,0.013001183
7102,0.7191464,0.33374083,0.0061342735,0.0028954318,0.10790016,0.120983176,0.0020796608,0.15063637,0.017804762,0.11152339,0.003103204,0.0020735303,0.47937185,8.230521e-05,0.0009876805,0.12207922,4.867869e-05,0.015012957,0.6427407,0.0012411241,0.00014740814,0.59167385,0.003194617,0.009869134
7112,0.4208162,0.18158907,0.008682891,0.043073982,0.24978028,0.31928086,0.039365195,0.5053894,0.03161186,0.042091675,0.016198631,0.05598198,0.06262612,0.0026100012,0.004979725,0.095938906,0.0010263255,0.08028674,0.10503938,0.012517075,0.0077350773,0.42297363,0.07404607,0.074652575
7114,0.7614291,0.2589888,0.0036078568,0.02989407,0.1477441,0.46392214,0.021892935,0.4659753,0.014486482,0.020466376,0.016371757,0.054819554,0.0389155,0.0006939003,0.0015010487,0.09739498,0.00062082394,0.037817486,0.13199118,0.0042580934,0.0042153136,0.64626974,0.11956385,0.07610158
7115,0.05696916,0.038724694,0.0041109575,0.0047306516,0.29495308,0.09723901,0.0010715071,0.3014683,0.021929868,0.18306583,0.011768468,0.000806402,0.7620972,0.00037295526,0.0035128833,0.21149436,2.909748e-05,0.10094326,0.21345326,0.003182842,7.8430414e-05,0.3638606,0.0003805923,0.0038316974
7117,0.007836594,0.019505087,0.006238796,0.099540144,0.5234082,0.017920556,0.07927779,0.5787718,0.04997838,0.017591668,0.0017490849,0.023018653,0.0018439464,0.16774538,0.07212268,0.0040226327,0.000654727,0.3639393,0.0041558133,0.009963212,0.056641046,0.012316739,0.009448907,0.013624211
7119,0.59880424,0.21112758,0.0006159593,0.015362297,0.097205654,0.5323416,0.00580223,0.6297326,0.005166161,0.024838557,0.03433978,0.036565762,0.042806156,0.00022766508,0.0010344444,0.1612141,0.00022238327,0.046016183,0.10752766,0.0010733221,0.0025757602,0.68016124,0.12449991,0.02520684
7121,0.03563446,0.054572918,0.015405771,0.12398275,0.4099492,0.038832057,0.19337203,0.5328065,0.06282384,0.024230886,0.002634983,0.05759962,0.0044443267,0.08762962,0.042897232,0.009322867,0.0013111191,0.20056824,0.013090667,0.021710768,0.07073408,0.030764826,0.030682862,0.035127833
7122,0.103868075,0.007751927,0.00013594906,0.010709216,0.23423155,0.68310815,0.0012707242,0.61080027,0.0020990726,0.012450163,0.113983914,0.0016878598,0.21844961,0.00012710557,0.00066532625,0.32158583,2.570552e-05,0.099783055,0.025656588,0.0012741584,0.00010316524,0.7311856,0.0010285238,0.0051454687
7123,0.021794617,0.13374361,0.08661118,0.028437184,0.61130667,0.013682609,0.02312861,0.38846326,0.29397777,0.3212006,0.0018997615,0.011466419,0.081334256,0.033337124,0.08156453,0.019984448,0.0003686823,0.3239245,0.055300422,0.026010063,0.0071786116,0.03268526,0.0045907395,0.016414214
7124,0.49256754,0.047606003,0.0005810717,0.0180326,0.17536154,0.7021911,0.0068322774,0.5134873,0.0041740797,0.013621373,0.05505869,0.008946596,0.10164762,0.00023157998,0.0007019509,0.21119568,0.00012187671,0.046274275,0.06660272,0.002198898,0.00057931076,0.75611186,0.008669176,0.02136881
7125,0.080574274,0.14932899,0.007308321,0.09177965,0.34816578,0.017169617,0.079737015,0.6063559,0.06379464,0.024766179,0.0016703359,0.08071507,0.000656886,0.10136183,0.06108661,0.0028943983,0.0021368451,0.2740046,0.01455939,0.006520713,0.4966732,0.01970552,0.098573536,0.044224203
7126,0.27586684,0.29020593,0.016419334,0.11661219,0.21916541,0.06266626,0.1144435,0.663129,0.05486487,0.019295793,0.0028840567,0.35738817,0.0029086198,0.01938701,0.016262846,0.01159398,0.0025289299,0.14446546,0.02400745,0.017355492,0.096531704,0.10103412,0.6552476,0.1238596
7128,0.0049138106,0.0146279745,0.0027945028,0.04181304,0.60768545,0.030076498,0.013589657,0.6588104,0.04087145,0.026665676,0.0030555832,0.010030253,0.004975809,0.04419982,0.04433773,0.009889707,0.00026831598,0.49899253,0.004299547,0.0064323945,0.010397246,0.02654326,0.004843246,0.008892826
7133,0.034380138,0.122666284,0.008919481,0.11105358,0.37373626,0.018175622,0.12519002,0.64481175,0.082636386,0.027668511,0.0019214912,0.07456894,0.00040891144,0.08347357,0.05818974,0.0035379028,0.0015685763,0.3124655,0.0050627463,0.005666324,0.34225717,0.014837843,0.10859777,0.039714303
7137,0.64071697,0.15761758,0.001017454,0.014193994,0.10186204,0.41093433,0.0053599267,0.45223373,0.006124441,0.028611045,0.029153308,0.0095311245,0.06417277,0.0001991009,0.0011333601,0.17581217,0.00014408155,0.033942837,0.13532296,0.000834203,0.0019729263,0.69295466,0.023732012,0.027804472
7138,0.66640496,0.1422045,0.0019651384,0.025941592,0.16850501,0.5837764,0.016343163,0.4823328,0.009717613,0.019023197,0.029974498,0.027849885,0.062215447,0.0005228003,0.0012673652,0.13948046,0.00037508926,0.042595163,0.10875349,0.0038444793,0.002206215,0.6944127,0.04165302,0.050801925
7140,0.00569267,0.012619773,0.0018727205,0.03203571,0.59084773,0.051805757,0.0073701986,0.6762043,0.03153147,0.030241122,0.0062353257,0.007161738,0.012320877,0.019109981,0.028128574,0.021876233,0.00020424518,0.49017036,0.005819204,0.005924812,0.00458881,0.052704837,0.003627456,0.007949768
7141,0.11648466,0.37911075,0.22164036,0.03858572,0.5176343,0.018358061,0.06676368,0.31573874,0.40511882,0.36114627,0.0015785587,0.034971096,0.053636674,0.034428645,0.07034691,0.019417057,0.0010595607,0.18503791,0.11652063,0.039221767,0.021380952,0.04618263,0.023555372,0.044461984
7147,0.18191724,0.022750283,0.00056691136,0.016060058,0.24526982,0.56994355,0.0037835806,0.54711473,0.005284075,0.021684723,0.0602409,0.00456428,0.18197352,0.00034862355,0.0012604817,0.23706129,8.537751e-05,0.08570716,0.04902725,0.0026608824,0.00039345105,0.6375675,0.003028133,0.01207077
7151,0.40016147,0.06358492,0.0013246794,0.024368264,0.21801214,0.5861871,0.011573098,0.5279834,0.008445088,0.021426355,0.043551452,0.015218492,0.09544676,0.00061045063,0.0015927274,0.17661045,0.00026084713,0.06565587,0.07075766,0.0042016134,0.0013997443,0.6428851,0.015260204,0.031996273
7154,0.035702676,0.0671355,0.015859056,0.06349147,0.47817868,0.057496108,0.06483533,0.55405056,0.07681843,0.051774763,0.003769928,0.034360807,0.015335021,0.02767247,0.029755607,0.021505076,0.00074231974,0.237527,0.021955501,0.020126387,0.019311676,0.0603019,0.01949679,0.03184473
7155,0.056142513,0.072491236,0.013280195,0.0063089305,0.36159837,0.0528572,0.0020796214,0.27425554,0.05611538,0.30373263,0.006682059,0.0014175728,0.70949185,0.0009301841,0.0074916673,0.13598284,5.2353418e-05,0.11908881,0.24715647,0.0059397686,0.00019054282,0.22405775,0.0006101953,0.0054612686
7156,0.013546955,0.035582516,0.016252534,0.17293644,0.4464115,0.008765256,0.3116923,0.49903056,0.07171798,0.014698862,0.00067390694,0.048300106,0.0006970117,0.35167342,0.098182626,0.0016375879,0.0012749147,0.2607145,0.0045929565,0.015754387,0.2037525,0.0056795087,0.019416405,0.020670539
7158,0.060789272,0.034388047,0.0012082027,0.019596536,0.34514603,0.362076,0.0026420853,0.65816283,0.018221645,0.08020301,0.18655254,0.007533774,0.18882199,0.0016227429,0.016787227,0.3806748,0.00046222276,0.3087638,0.041799437,0.0033891322,0.0024096817,0.55017173,0.01084518,0.011217002
7161,0.008960402,0.04737717,0.004723549,0.037050433,0.60163224,0.018847985,0.015987385,0.65588593,0.06395206,0.043708827,0.0027583328,0.016259039,0.0021002793,0.0511348,0.051501013,0.0060555562,0.00096392655,0.48890942,0.0046799206,0.004924349,0.030665873,0.021011738,0.016773492,0.017545981
7164,0.059756335,0.17176732,0.07276103,0.023020167,0.5104476,0.03264299,0.018560769,0.35652953,0.21562174,0.33118317,0.0037457515,0.011425452,0.20391487,0.010801546,0.03674121,0.04824901,0.00037568976,0.20721024,0.122872755,0.02466918,0.0037858658,0.08829553,0.005834023,0.021481352
7165,0.04829958,0.055144973,0.007652248,0.07596544,0.40796638,0.0908459,0.08015958,0.61207527,0.043364793,0.02523013,0.005105112,0.05058799,0.007703047,0.02366917,0.020983748,0.022133466,0.0009101471,0.215324,0.014818243,0.015598248,0.025047338,0.08003347,0.039078917,0.038609374
7166,0.12428581,0.1129514,0.014071622,0.068608485,0.3626145,0.13042788,0.08110429,0.55981565,0.055582073,0.041645434,0.0069689015,0.067176975,0.020649193,0.012452709,0.015067844,0.039530717,0.0011853329,0.15351903,0.03712069,0.020904124,0.020325737,0.14575185,0.06456034,0.060432393
7167,0.008037273,0.012197987,0.0014512984,0.026504066,0.5507295,0.087936334,0.0049656183,0.6758778,0.024757093,0.03427249,0.011890476,0.0056526917,0.030033588,0.00831498,0.017014107,0.04552662,0.00016087346,0.43907946,0.008628852,0.0056824526,0.0022555902,0.10163909,0.0029593543,0.0076599284
7170,0.52580523,0.45673177,0.010258073,0.03909811,0.16048029,0.082808726,0.022941075,0.5624884,0.049564485,0.050081816,0.0060548615,0.10522059,0.014603795,0.003977188,0.00890211,0.03545731,0.0010220679,0.08543079,0.10566267,0.005002173,0.028890094,0.24998936,0.2684904,0.05188881
7175,0.06588263,0.107136644,0.033253983,0.12270417,0.38672113,0.03707076,0.23587161,0.48396987,0.09713031,0.039453734,0.0023036494,0.077984124,0.007023225,0.07349419,0.04178413,0.011164316,0.0016770468,0.15817575,0.023862436,0.030161077,0.07849724,0.036918834,0.04693389,0.04939462
7177,0.5636811,0.063630246,0.0007499566,0.018531432,0.16794884,0.6877657,0.0080018975,0.4904558,0.0048089493,0.014677442,0.04792883,0.010614441,0.097860105,0.00024069932,0.0007157047,0.19662285,0.00014288006,0.041340306,0.08218067,0.00235825,0.0006946003,0.7576312,0.011032118,0.0250996
7179,0.020618526,0.02915758,0.0037765668,0.03773436,0.5043086,0.09474727,0.0137255015,0.6311141,0.038465038,0.041696817,0.008643499,0.013499437,0.024571132,0.011470528,0.01857987,0.03894412,0.00032263767,0.31579852,0.014131227,0.00911818,0.005445229,0.104471475,0.008164619,0.016791211
7180,0.22708093,0.04452719,0.0014686148,0.023301575,0.2654415,0.4905695,0.008945307,0.53851116,0.010442378,0.029121896,0.041526664,0.010606823,0.13135381,0.0008162393,0.00229588,0.18196537,0.00022035513,0.09046627,0.061113007,0.0049010855,0.0011798509,0.5530263,0.008252832,0.023565676
7183,0.0016103098,0.0099446885,0.0029515366,0.035996173,0.68565375,0.010071116,0.010328611,0.64367974,0.05396576,0.027648885,0.0013305267,0.006113419,0.0024040192,0.095037565,0.08294198,0.0040716906,0.00016432408,0.63644457,0.002314732,0.004307612,0.012222649,0.009108242,0.0023476789,0.004656239
7184,0.049121242,0.022708245,0.0016180397,0.007893533,0.31681475,0.18517765,0.0011341326,0.42982322,0.015055387,0.093337454,0.02465848,0.001213269,0.524775,0.00043141018,0.0030252151,0.2340645,3.1822638e-05,0.13119808,0.0860555,0.0024108216,0.00013786768,0.427145,0.0005556409,0.004362566
7186,0.0006583646,0.006830796,0.0014015003,0.025844641,0.7246692,0.005517928,0.0056589916,0.6651596,0.043494955,0.020353697,0.0011739598,0.0032318851,0.00056254386,0.09519947,0.09213471,0.0025629962,8.650863e-05,0.777002,0.0007712741,0.0018219036,0.011669179,0.004961365,0.0014861067,0.0024794198
7190,0.0054182797,0.013359628,0.0021676156,0.03485242,0.5997621,0.04313888,0.0090416,0.668973,0.034628723,0.029431943,0.004896539,0.007979166,0.009293768,0.02518082,0.032817516,0.01672864,0.0002246857,0.49389988,0.0053535705,0.006269968,0.0059502455,0.041773774,0.003942816,0.008293123
7192,0.0024045259,0.008721725,0.0017208606,0.03160759,0.65027463,0.024049714,0.0070453943,0.679873,0.03473802,0.025525436,0.0031708658,0.0056161634,0.0053370134,0.03895538,0.046341795,0.009750155,0.00016114075,0.5983826,0.0031188533,0.0046019447,0.0061517265,0.022415854,0.0024530932,0.0052500367
7193,0.100249924,0.13417795,0.02114594,0.17238432,0.28726766,0.030703286,0.27252614,0.5649339,0.067733705,0.01715391,0.0016949525,0.19733566,0.0018052341,0.091159955,0.039097138,0.0055372696,0.0021278437,0.1556837,0.012724091,0.021154907,0.16846018,0.031584427,0.22468564,0.06816432
7196,0.0015729279,0.00805838,0.0020113976,0.031608943,0.68430126,0.01416478,0.0076055275,0.66700715,0.042116284,0.025390618,0.0019869676,0.0051105986,0.0033376936,0.06424267,0.06582414,0.0058613224,0.00014776009,0.64864933,0.0023821886,0.004142896,0.008280234,0.012765651,0.002041384,0.0043333382
7206,0.056408316,0.138111,0.04772329,0.043000445,0.49620768,0.041713625,0.046113573,0.44622096,0.15662947,0.15527166,0.0034327277,0.025936386,0.056991965,0.020318473,0.037342414,0.029996404,0.00070828164,0.21833348,0.06015059,0.028507099,0.01126557,0.07123826,0.015148005,0.032892663
7208,0.13500006,0.009095392,0.00014515025,0.011067039,0.22048184,0.70267415,0.0014807197,0.59851325,0.0020588455,0.011887591,0.10850015,0.0019312864,0.20343173,0.00012162734,0.000599517,0.31491318,2.8596345e-05,0.08680575,0.028237574,0.0012664994,0.000113557144,0.74598897,0.0012371606,0.0058003515
7214,0.019554127,0.03606759,0.011714548,0.13047053,0.44100717,0.024665331,0.18032324,0.53972065,0.058309622,0.019026043,0.0018849543,0.044720236,0.0023201394,0.15049158,0.059592303,0.0052624275,0.0011148454,0.24910441,0.007510279,0.016276527,0.0879225,0.017251935,0.020909917,0.024823384
7215,0.2005689,0.041073658,0.0013470313,0.0038015316,0.18147759,0.26806957,0.0009668975,0.2904875,0.0078006657,0.078397535,0.01785545,0.0007797509,0.6589396,7.6794604e-05,0.00085725874,0.26418212,1.3752374e-05,0.03869208,0.21837716,0.0012690641,4.571593e-05,0.6178386,0.00043831312,0.004630608
7218,0.05558838,0.015202037,0.0007772349,0.0045172353,0.25667548,0.24510925,0.0005605494,0.38820913,0.0073417737,0.07384313,0.030902741,0.0005248504,0.69335085,0.00012132211,0.0013048211,0.31589484,1.20650375e-05,0.089369625,0.10532627,0.0014548539,3.7341255e-05,0.5553415,0.00021855981,0.0027116176
7221,0.0023241087,0.009018604,0.0018765882,0.034460116,0.6526202,0.020508759,0.008482997,0.6754098,0.036690813,0.023825856,0.0025609515,0.0062059164,0.003937191,0.049695034,0.052045163,0.0075972476,0.00017198658,0.59781086,0.00278288,0.0046132295,0.007905851,0.018209955,0.0026812116,0.005381341
7226,0.102868825,0.22075237,0.07655544,0.0137618,0.4377036,0.03587579,0.010991181,0.27290773,0.1978528,0.4252077,0.003953458,0.0067795785,0.3971402,0.0047956132,0.02321875,0.0717615,0.00024536645,0.13873547,0.24220665,0.016688067,0.0017139869,0.13016728,0.003557399,0.017426776
7227,0.37711918,0.05510322,0.0012270516,0.01892486,0.20617391,0.5660826,0.007911632,0.48665905,0.007233736,0.024509335,0.041167013,0.008727457,0.16655976,0.00037252085,0.0011673566,0.20786826,0.00015670988,0.054565553,0.09330336,0.0035869377,0.00072431593,0.6622155,0.006721282,0.021765461
7230,0.02573698,0.036669645,0.0051916935,0.033939492,0.49671397,0.09775403,0.012322756,0.59943604,0.04632974,0.058724318,0.009290882,0.012356777,0.042945407,0.009021644,0.017484859,0.049851596,0.00030201912,0.28867298,0.020929398,0.009922052,0.004260429,0.12333356,0.007310131,0.017375182
7232,0.002281269,0.008032431,0.0015425876,0.031374,0.65096784,0.02451791,0.00682751,0.68511283,0.03224125,0.023823949,0.0032607163,0.0053956592,0.005160432,0.037759446,0.04494925,0.009687324,0.00015473698,0.6038269,0.0029441044,0.0045085833,0.005872711,0.022405736,0.002341825,0.0050404333
7239,0.22216898,0.02753216,0.000632664,0.018220786,0.24093509,0.589954,0.0050309175,0.55326474,0.005619541,0.020206537,0.059169646,0.006309421,0.14386724,0.00041158058,0.001338058,0.2205509,0.00011672742,0.08302013,0.048892565,0.0029343772,0.00055574835,0.6410935,0.004710831,0.015523266
7240,0.01892402,0.024373468,0.002831341,0.038305644,0.50156605,0.10271271,0.01311327,0.6508267,0.031765066,0.03366499,0.0093589835,0.013133872,0.02054436,0.011119408,0.01723838,0.038311724,0.00031317308,0.3252618,0.011777188,0.008364262,0.0053828033,0.10622508,0.008015678,0.015783658
7241,0.046297863,0.03281508,0.0007273951,0.023498619,0.39897713,0.27014744,0.008182637,0.7088425,0.012948775,0.026842704,0.0535381,0.017243544,0.017082378,0.003983146,0.012147508,0.11830762,0.00043916417,0.3341481,0.021414656,0.0027385522,0.011132349,0.26792052,0.017553505,0.014702515
7245,0.024294136,0.019737314,0.001694032,0.029711653,0.46521568,0.17274977,0.007403393,0.6554649,0.021217585,0.033351727,0.01825643,0.0088023385,0.0453135,0.004551624,0.009818455,0.0739184,0.00021004083,0.29131672,0.0151295215,0.006773711,0.0023784845,0.19104743,0.0053775064,0.013122919
7253,0.28102934,0.41531646,0.101213634,0.016826902,0.36451408,0.037145592,0.02061005,0.2506828,0.20778745,0.35091537,0.0024775632,0.015047534,0.21838094,0.0052293134,0.019805986,0.046458874,0.00054495886,0.09482699,0.3188394,0.018852387,0.0038558382,0.14286086,0.013264633,0.03235583
7264,0.0548728,0.026636096,0.0017594342,0.030307036,0.398905,0.27380618,0.009206176,0.62963784,0.017865721,0.032456607,0.026523566,0.011141608,0.064879864,0.0028406046,0.0065352605,0.10676422,0.00025290428,0.20726444,0.023865012,0.007039249,0.002262191,0.29474244,0.007548813,0.018292887
7266,0.028396618,0.06429469,0.005008096,0.043693695,0.3865818,0.048670564,0.014943885,0.698834,0.055177454,0.07580542,0.013321136,0.02711273,0.023299064,0.01678984,0.035228357,0.039813865,0.001125743,0.4398489,0.024914267,0.0069140815,0.024314296,0.082321316,0.051324222,0.014626587
7269,0.0022329595,0.013447421,0.0035730747,0.0288435,0.73282444,0.013512525,0.007088611,0.6235564,0.06612438,0.042121343,0.0027570506,0.0057122116,0.0029967201,0.07537324,0.0904013,0.005905784,0.0003090353,0.69227505,0.0036669807,0.004789304,0.014006643,0.013635026,0.0029980254,0.0061654234
7270,0.034192108,0.013528978,0.0008899515,0.0093746735,0.34409022,0.24603306,0.0011120007,0.5067904,0.010568031,0.06269831,0.038462657,0.0012237432,0.45329177,0.0004248726,0.0026934661,0.2517975,3.3159886e-05,0.16691263,0.05298091,0.002621197,0.00013153326,0.44919324,0.0005134235,0.0039753653
7274,0.002337639,0.01069446,0.0026757126,0.036684662,0.66257966,0.015942954,0.010440968,0.6497604,0.046101816,0.02763539,0.0019775718,0.0067538884,0.0036255107,0.06517891,0.06328997,0.0060778796,0.00018753762,0.59289646,0.0030022871,0.005166161,0.009881568,0.014274477,0.0027370579,0.0056279064
7280,0.43569008,0.5711304,0.1069072,0.021061495,0.29894596,0.034180157,0.02918018,0.29255295,0.21638606,0.2536354,0.001408458,0.04145135,0.071540795,0.006218159,0.01648614,0.030653981,0.00084349094,0.078223675,0.2528975,0.013741822,0.010499169,0.13784012,0.07161662,0.05878628
7285,0.06456573,0.14921504,0.050994672,0.01139467,0.45088726,0.034201123,0.0064986907,0.2813002,0.16204926,0.42450562,0.0045420607,0.004055395,0.50703466,0.0036121123,0.020380871,0.08294824,0.0001497507,0.15561506,0.22512937,0.0138886385,0.0009002052,0.13156235,0.0017575241,0.011265974
7287,0.48101312,0.05241895,0.00066906837,0.019131182,0.17943223,0.67717034,0.007928064,0.5193059,0.004721594,0.014360439,0.048260346,0.010308229,0.0903052,0.00026865775,0.00077588955,0.1970034,0.0001304399,0.04746257,0.06469686,0.0023311211,0.0006979919,0.73326075,0.010427935,0.023186026
7291,0.058478862,0.25471824,0.16509403,0.02026752,0.5520002,0.018332867,0.020922648,0.30009645,0.3773705,0.5132018,0.0026142797,0.010822675,0.21559308,0.016195068,0.062214334,0.041414063,0.0004196191,0.22199509,0.15040039,0.028358227,0.004913086,0.06104805,0.0051399725,0.020511083
7294,0.0015869522,0.02089636,0.0015570482,0.031195387,0.6028707,0.009553221,0.005550864,0.77618825,0.03535928,0.02567777,0.0022609818,0.013520618,0.0008664329,0.060100652,0.0808208,0.0047828425,0.00029403705,0.7959188,0.0021866872,0.002179686,0.021249767,0.010212227,0.012504752,0.004323692
7295,0.0034214417,0.009332332,0.0014749055,0.027221419,0.63454854,0.041447096,0.0055807456,0.68553376,0.030680802,0.027674329,0.005949067,0.005189824,0.010565569,0.022915173,0.033661928,0.018840982,0.0001751118,0.57548857,0.004504012,0.005051695,0.0043707322,0.041008677,0.0025406075,0.0058404314
7301,0.08213987,0.09323515,0.016183743,0.024697699,0.4207179,0.108556226,0.013473826,0.44687998,0.074875176,0.14446062,0.009296231,0.011288798,0.18693973,0.0042160517,0.0131133,0.088984385,0.00028173495,0.15999152,0.08919361,0.013467077,0.00248013,0.19917494,0.0064199907,0.023274072
7305,0.026456904,0.1487892,0.029865734,0.053584863,0.5257895,0.014210737,0.061977852,0.5500058,0.20101632,0.10350552,0.0018893813,0.04956173,0.0028920954,0.08784211,0.103142805,0.0074693025,0.0010071511,0.4434427,0.016008554,0.011021437,0.07437105,0.020007668,0.079647474,0.026766958
7310,0.04361103,0.03663542,0.003741201,0.003604853,0.2883886,0.06791576,0.00068012805,0.27441046,0.02318935,0.22641055,0.012016451,0.0005079834,0.81588423,0.00034697427,0.004361769,0.22638813,2.29839e-05,0.11443998,0.23788837,0.0022992336,6.016033e-05,0.34287506,0.00026642426,0.0025225242
7311,0.018162126,0.024942432,0.0030539774,0.038234513,0.50814116,0.09572966,0.0132134175,0.6460528,0.033818528,0.03552845,0.00881135,0.013012532,0.020605631,0.0118530085,0.018346556,0.036549203,0.00031404407,0.33069316,0.011913899,0.008563802,0.0054930346,0.10018323,0.007817198,0.015643127
7312,0.8700827,0.105639786,0.00028295626,0.010096862,0.09543006,0.81566167,0.0024992228,0.409468,0.002311534,0.008515521,0.08954904,0.005922265,0.040212534,8.453168e-05,0.0004635604,0.23327506,0.00015343798,0.028790526,0.105784625,0.00054249377,0.00083491317,0.90459955,0.015131624,0.020171806
7314,0.029302321,0.023690067,0.002088514,0.032742687,0.4571888,0.17199785,0.009725472,0.64651227,0.02327068,0.033725545,0.016669517,0.011014703,0.040677834,0.005150649,0.010295305,0.06865924,0.0002578144,0.2717031,0.016497023,0.007661418,0.0030623495,0.18578638,0.006969383,0.015810026
7321,0.004506794,0.014948707,0.0031635873,0.048090428,0.6072036,0.02343344,0.017985653,0.65456665,0.044511717,0.023622902,0.0022235475,0.011653853,0.0030508866,0.06637286,0.054495104,0.006781749,0.000296225,0.50269914,0.0034979375,0.006167162,0.015725503,0.019216577,0.0055709556,0.009019413
7326,0.0044402,0.021420375,0.0030771743,0.026459761,0.616423,0.04447567,0.007939165,0.6940712,0.04173075,0.0622435,0.013306896,0.012604279,0.017805422,0.02105341,0.059609164,0.049080167,0.0007793108,0.6520438,0.014274201,0.005840972,0.014900491,0.049572844,0.012939075,0.011057176
7327,0.0024059755,0.009353269,0.0019873676,0.03365473,0.65420675,0.020990977,0.008252192,0.6697999,0.03788073,0.025749492,0.0026726301,0.0060695605,0.0045504533,0.046887208,0.05134021,0.008139166,0.00017156648,0.59445035,0.003050363,0.004843881,0.007356021,0.019066514,0.0025824085,0.005426388
7329,0.0077849403,0.067868814,0.017492864,0.024925025,0.7355228,0.014452328,0.01053496,0.5004383,0.19080928,0.13846777,0.0032334186,0.012961731,0.0054517095,0.07654302,0.12921903,0.010202433,0.00086658145,0.59398854,0.01243075,0.0068885614,0.030326335,0.019718282,0.009436561,0.016977731
7330,0.089708254,0.38158342,0.28339598,0.057281334,0.530621,0.008423242,0.12748727,0.29420745,0.47388944,0.3069912,0.0007382671,0.0443151,0.016543971,0.09279871,0.11361152,0.0074968203,0.0012407791,0.19096488,0.07026941,0.040240247,0.05483418,0.018736893,0.025629923,0.041959815
7339,0.0027761844,0.010956424,0.0024643557,0.040778857,0.643041,0.018525159,0.012427717,0.6600604,0.041652482,0.023465952,0.0020776144,0.008002839,0.003046799,0.06569726,0.058525503,0.00606709,0.00021401339,0.5680234,0.0028445881,0.00524177,0.011601557,0.015578206,0.0034571076,0.006382724
7340,0.11310882,0.1109505,0.012963477,0.091069646,0.34155068,0.10036649,0.11978538,0.59442556,0.052238762,0.027475504,0.0052079773,0.10491149,0.0085879,0.020696444,0.01895268,0.023446523,0.0015242493,0.16737051,0.023645354,0.021245265,0.03798343,0.1044937,0.11780901,0.06703587
7343,0.24556148,0.13858902,0.008481582,0.0032807258,0.19770576,0.08589356,0.0016438874,0.18164416,0.026558505,0.21470283,0.004998181,0.0010958981,0.7387782,0.00022384494,0.0023579204,0.15758584,3.417352e-05,0.038358353,0.47429642,0.0023204065,9.654404e-05,0.41491547,0.00079124037,0.0062984345
7345,0.010372518,0.07426326,0.045240924,0.02072138,0.6368888,0.012455189,0.009311917,0.43031606,0.23748237,0.31380808,0.002185523,0.005643268,0.11031184,0.02535344,0.07394685,0.0239486,0.00019238373,0.40956703,0.04034944,0.016254395,0.0031969396,0.03340325,0.0019666513,0.008766483
7350,0.089670025,0.04153695,0.00091101084,0.025669888,0.37722656,0.50481594,0.004163329,0.76779336,0.013247868,0.029689144,0.07668977,0.015099069,0.023571013,0.0013121022,0.00595307,0.16632402,0.000666943,0.29268426,0.013701894,0.0037170495,0.0032268935,0.4878457,0.030843612,0.019371016
7351,0.029779589,0.041307118,0.010768265,0.1387647,0.39806265,0.03719891,0.21034047,0.5554569,0.04935566,0.016512588,0.0025513372,0.059650753,0.0026674913,0.110030696,0.045298565,0.007241685,0.001345266,0.21248907,0.008945527,0.018545924,0.08692208,0.025893169,0.032213956,0.031919733
7353,0.14199886,0.33068806,0.072932236,0.058730777,0.43216768,0.044394817,0.0673117,0.47487894,0.23739485,0.17284694,0.0042258427,0.091372006,0.019724574,0.041902117,0.056065083,0.024799732,0.0020121443,0.22107962,0.063622124,0.022663191,0.057333697,0.0770699,0.12084241,0.067191884
7355,0.00828963,0.022013063,0.00495558,0.06396466,0.55341923,0.028294582,0.03784197,0.62975305,0.048860636,0.023204636,0.0022214085,0.020063516,0.0029853387,0.073696725,0.051876273,0.0070990357,0.0004794003,0.409955,0.0048330096,0.008856846,0.024888657,0.021916602,0.010104706,0.014129412
7357,0.16426237,0.046545986,0.002176321,0.029402541,0.31094703,0.40423477,0.012489081,0.56422555,0.015448829,0.03384258,0.03459607,0.014507731,0.10349579,0.0015796565,0.0039159264,0.14860421,0.00032989227,0.11990607,0.051285308,0.0072319247,0.0020782293,0.447993,0.011165669,0.027578795
7358,0.34908074,0.3337783,0.015649855,0.10480931,0.20077232,0.06943283,0.09884723,0.656183,0.051995732,0.01971302,0.0029758418,0.3598585,0.0033906691,0.014245495,0.012978696,0.013159694,0.0024695988,0.12536356,0.030114865,0.01549979,0.08614582,0.12417953,0.68967617,0.13142753
7368,0.09249145,0.022678548,0.0010414802,0.004346501,0.22936554,0.251535,0.00073444896,0.34748125,0.0077923173,0.07819014,0.024061553,0.00064150937,0.6883923,0.0001064514,0.0011292911,0.29105514,1.2797771e-05,0.06403315,0.1443762,0.0014909421,4.1982228e-05,0.5688213,0.00028961746,0.0035010136
7373,0.07043288,0.028593486,0.0017094745,0.029763006,0.37793034,0.31400424,0.009398772,0.6182791,0.016471218,0.032194894,0.030533625,0.011396035,0.075410806,0.0023675493,0.00565989,0.12040005,0.00026092428,0.18528923,0.02804929,0.0069727763,0.0020949885,0.3370627,0.007879528,0.019595716
7374,0.18761472,0.3049052,0.07793303,0.011117467,0.37170392,0.037868455,0.010659579,0.22973172,0.17648602,0.41396657,0.0030569027,0.006961804,0.39925006,0.0032333832,0.016170373,0.06734655,0.00023930804,0.0940241,0.332456,0.012833103,0.0015516499,0.15429732,0.004508112,0.019501379
7378,0.023615846,0.057787437,0.0022468846,0.026082696,0.54259145,0.09666822,0.009820643,0.74563205,0.049481943,0.030376222,0.009015213,0.021955194,0.001096636,0.0062674247,0.018995604,0.020905053,0.00053196633,0.45616567,0.0026799254,0.0026909478,0.015117468,0.07647958,0.054862395,0.015978707
7380,0.0041909833,0.01189024,0.0020682104,0.035645813,0.6157352,0.03414105,0.009249878,0.6733688,0.035126746,0.02668649,0.0038869018,0.0076835607,0.006571937,0.032653555,0.038469456,0.01257642,0.00021446566,0.5260129,0.0042225313,0.0057093957,0.006923475,0.031634297,0.0036783202,0.0074143647
7385,0.016854702,0.036291048,0.01401483,0.18048714,0.4161378,0.0117519805,0.33240816,0.518758,0.061763007,0.012591065,0.00082433474,0.05783929,0.0006894965,0.30948612,0.08474469,0.0019611062,0.0013922581,0.24190867,0.004616905,0.015959764,0.20695283,0.007304669,0.025944749,0.023739122
7390,0.005370813,0.017579831,0.0042693433,0.05785573,0.59065795,0.021412708,0.0285118,0.6338889,0.049443897,0.023237953,0.0018839148,0.015077826,0.0025643301,0.08549615,0.060599063,0.0056596943,0.0003758879,0.46810263,0.003784954,0.0074544423,0.02233467,0.01661018,0.0069735227,0.010674479
7392,0.08140258,0.46769592,0.42711115,0.044590663,0.5758586,0.005078185,0.107765034,0.24958168,0.627803,0.46997812,0.0004955305,0.034681454,0.0202899,0.10514762,0.1507172,0.0065654614,0.00093744823,0.1983509,0.083434545,0.037884917,0.051075052,0.013546476,0.018128471,0.03569578
7394,0.11635733,0.3812199,0.23179372,0.032342006,0.5210862,0.019365093,0.050627634,0.2981184,0.41680488,0.43398872,0.0019460892,0.02491571,0.09579986,0.026899837,0.06997904,0.026061082,0.00094165007,0.1870228,0.15230216,0.041636042,0.013349625,0.05568501,0.015507549,0.038003318
7395,0.0130776875,0.020583173,0.0026339642,0.036490045,0.53242743,0.08140121,0.011035869,0.6569017,0.033204988,0.033918835,0.008049589,0.01100802,0.017699808,0.013644065,0.02075899,0.031784065,0.00027876778,0.37446576,0.009612207,0.0076977415,0.005235332,0.084492065,0.0063203895,0.012950823
7397,0.16438195,0.017585678,0.0004059542,0.013362532,0.23285538,0.5923945,0.0025891268,0.5435593,0.0040508546,0.019984556,0.06699853,0.0030395472,0.22551124,0.00022770718,0.00094593846,0.26900297,5.3261458e-05,0.080228575,0.04767756,0.0020586997,0.00022979378,0.67238617,0.0018345488,0.008798154
7398,0.019293025,0.091777004,0.04609492,0.04919585,0.5802013,0.017510336,0.048428345,0.4648832,0.18498348,0.13476104,0.0017114831,0.020835254,0.021492887,0.058044888,0.074803405,0.011889775,0.00057877536,0.32397312,0.027063789,0.023865813,0.018279608,0.025894219,0.008977759,0.021188214
7400,0.18808094,0.023983324,0.00058400637,0.018258333,0.25058386,0.5832243,0.0046469946,0.56861854,0.005597357,0.01998776,0.061216343,0.0059049726,0.14059429,0.00043765342,0.001420374,0.22382644,0.00010888092,0.09148461,0.042392347,0.0028503842,0.00053981575,0.6285361,0.004284571,0.014391355
7404,0.083158985,0.028462194,0.0015094251,0.028257566,0.3585748,0.35645956,0.00870358,0.61368716,0.014549055,0.030871512,0.035134684,0.010801373,0.084730536,0.0019101633,0.0047726235,0.13656332,0.00024309699,0.16951105,0.030257517,0.0063220076,0.0017981363,0.38204768,0.0075914757,0.01952802
7408,0.0527232,0.24520454,0.16324641,0.02678669,0.56542134,0.017825296,0.029994838,0.33576563,0.38178334,0.43797,0.0022002219,0.015428064,0.118517615,0.024417901,0.072193384,0.030599302,0.00051762117,0.2433649,0.1045692,0.030142775,0.008415169,0.049967844,0.007819799,0.024634682
7409,0.05558916,0.026659608,0.00205717,0.010505188,0.3337428,0.20176044,0.0017974715,0.45582032,0.017724978,0.088336475,0.024278486,0.0019467941,0.43816465,0.0006250023,0.0035351738,0.20995598,4.9314876e-05,0.13642682,0.07913381,0.0033208632,0.00023794068,0.4056391,0.00090221624,0.006209855
7418,0.06465383,0.010125895,0.00032006876,0.011985045,0.2919957,0.5034126,0.0014846447,0.5885536,0.0045713764,0.023681305,0.077014275,0.0019592936,0.25229335,0.00029786586,0.0014553826,0.27330458,3.8346938e-05,0.13749568,0.03106653,0.0019899209,0.00017472284,0.599458,0.0010612898,0.0057305163
7419,0.062710874,0.014907721,0.00063680124,0.016226687,0.33242795,0.4161897,0.002650709,0.59343493,0.008022266,0.030532341,0.05590865,0.0034548873,0.19336542,0.0006530331,0.0025630412,0.2132255,7.611685e-05,0.16082147,0.03234513,0.0032606293,0.00040964258,0.49638984,0.0019622375,0.008615197
7421,0.036023326,0.04915193,0.010112769,0.103427306,0.4114597,0.054141633,0.13647936,0.5787039,0.050390717,0.02183457,0.003330332,0.05518306,0.004510129,0.056359693,0.033517156,0.012021631,0.0011112626,0.2189251,0.011625267,0.017827475,0.048521463,0.042547185,0.03465101,0.03502072
7424,0.6266509,0.12920171,0.001959244,0.026181307,0.17738652,0.58308303,0.016255181,0.4905263,0.009976019,0.019958293,0.031429995,0.026294269,0.0658881,0.00057199155,0.0013723582,0.14420296,0.00036713027,0.04626042,0.10137678,0.004012444,0.0021685255,0.6834937,0.037057016,0.048965067
7426,0.009914678,0.017496264,0.0023589993,0.035429478,0.5531148,0.0698117,0.009901916,0.6628615,0.032548036,0.032339666,0.0073103,0.009638103,0.015413613,0.015539168,0.023091825,0.027450675,0.00025432606,0.41130283,0.008102696,0.007237028,0.0050919303,0.07122418,0.0052579036,0.011082488
7427,0.057413,0.050694507,0.0066722515,0.00514825,0.3180451,0.074558556,0.0013774663,0.2837127,0.031644803,0.22950882,0.009101566,0.000981617,0.75411785,0.0005220469,0.004708129,0.17731301,3.6408786e-05,0.10513849,0.23818916,0.0040812534,0.000107620865,0.30197734,0.00044838228,0.0043802396
7429,0.123703554,0.12351112,0.01642444,0.0833672,0.351113,0.10545413,0.1123482,0.5682272,0.059577137,0.035646554,0.005456401,0.09235639,0.013567705,0.01722157,0.01772184,0.029208004,0.0015021727,0.15587085,0.03218174,0.023823991,0.03095954,0.11711325,0.094501175,0.06703995
7430,0.002565577,0.018707804,0.006965471,0.028238095,0.769413,0.013859006,0.007373563,0.5685302,0.12997681,0.11695719,0.0074062627,0.005430782,0.0073961886,0.087160625,0.13210484,0.0127873225,0.0004631092,0.725456,0.0055207075,0.0063341325,0.01907091,0.015147898,0.0029561948,0.0076308385
7437,0.45843992,0.026026102,0.00022110078,0.011409419,0.150472,0.7661375,0.0027495902,0.5068811,0.0020630616,0.009970468,0.07364746,0.0036071301,0.13567804,8.233001e-05,0.00035045564,0.26757863,4.4076824e-05,0.03951638,0.05395623,0.0010545413,0.00016629342,0.8247032,0.0033151738,0.010376406
7446,0.6809068,0.36532128,0.01288614,0.017467827,0.18244755,0.23158108,0.015095042,0.33933365,0.03917501,0.07873016,0.006717988,0.024549825,0.11690741,0.0009084975,0.0027112002,0.093982905,0.0004279177,0.03629114,0.2762892,0.0048800698,0.002839985,0.5002008,0.039055414,0.05437846
7449,0.0046918406,0.012312198,0.0020335682,0.03269362,0.60818255,0.040773902,0.0077596037,0.6726365,0.034668256,0.030257137,0.0049141864,0.0071016345,0.0096518,0.024732042,0.033677068,0.016986191,0.00020229873,0.5154157,0.0050795795,0.0057568075,0.0053573097,0.040697824,0.0034678779,0.007461304
7451,0.0062205587,0.045540035,0.024698142,0.024014305,0.65574294,0.01228137,0.009070492,0.49083215,0.17405999,0.19817548,0.002094156,0.0056208232,0.05358272,0.03513702,0.07720394,0.017382886,0.00020055407,0.4808129,0.021552801,0.012663823,0.0041578584,0.025899628,0.0018921008,0.0073872
7455,0.0013952836,0.009905857,0.0032352724,0.02874114,0.7029271,0.010014876,0.0070618596,0.636575,0.06094979,0.03875191,0.0015246769,0.0045007206,0.0041300277,0.07460732,0.08236081,0.005372013,0.00013666952,0.6627238,0.0028438603,0.0042210696,0.0077892244,0.0103506185,0.001626885,0.003975029
7461,0.06469379,0.02615151,0.0006414158,0.010899144,0.23059143,0.3169998,0.0022530837,0.59905463,0.007863184,0.05280313,0.124577425,0.0035545756,0.3296573,0.00049320474,0.0048168013,0.46528482,0.00012700778,0.1931873,0.07983409,0.0015272822,0.00069818343,0.5874028,0.0033505138,0.0076025487
7462,0.0029371101,0.009539753,0.001761899,0.03261695,0.63718015,0.028267324,0.0074956743,0.6799457,0.033921618,0.025716374,0.0035629796,0.00616472,0.005961239,0.035006125,0.042184856,0.011125065,0.00017643938,0.57350445,0.003486859,0.004933992,0.0061403383,0.026359908,0.0027945135,0.0058846357
7468,0.14742458,0.0810005,0.0051728403,0.0030738078,0.20792957,0.089112826,0.0010472224,0.20960605,0.020669248,0.1969754,0.007036653,0.000752905,0.7727483,0.00020692061,0.0024406442,0.18773371,2.3107943e-05,0.050290085,0.37014294,0.0018853938,6.739298e-05,0.4161309,0.0005110949,0.004424041
7470,0.17652865,0.20670216,0.01667674,0.12732345,0.25482133,0.060068216,0.14073646,0.65659106,0.056546506,0.019294646,0.0030540947,0.29528275,0.0029047555,0.027885968,0.021545347,0.011308599,0.0024086642,0.17143588,0.017982207,0.02021206,0.09194107,0.07967796,0.50332564,0.10387002
7473,0.7302743,0.51709867,0.015530907,0.003091079,0.11908213,0.057453528,0.0024974665,0.12785141,0.040349983,0.19140902,0.0015813638,0.0031071897,0.41348627,0.0001887082,0.0020446428,0.07630581,7.5603384e-05,0.016818581,0.69478023,0.0014375063,0.0003404308,0.43767565,0.005455398,0.0115376795
7479,0.10806363,0.4125566,0.28044233,0.044028908,0.53847885,0.012472267,0.08722622,0.2997754,0.4740332,0.37376365,0.0011070542,0.038839836,0.03420133,0.054431617,0.095187604,0.012757908,0.0011881448,0.19502647,0.10203041,0.043639455,0.03189081,0.030932156,0.024662519,0.04410356
7480,0.05783719,0.013419437,0.0006235589,0.008676115,0.28443253,0.35586363,0.0010751063,0.49577218,0.0067923926,0.04522377,0.047930297,0.0011831963,0.46630904,0.00024214231,0.0015347537,0.29538757,2.616782e-05,0.11579103,0.059204005,0.001982765,0.00010340418,0.5619025,0.00050908513,0.004296196
7483,0.13186793,0.017445434,0.0005036814,0.008431172,0.2236585,0.48430765,0.0013966875,0.46841216,0.0045137457,0.03183506,0.049791325,0.0014251876,0.42502075,0.00013339991,0.0008142968,0.30278206,2.5500303e-05,0.06833606,0.074805796,0.0016771363,9.469974e-05,0.66265297,0.00070480985,0.005500437
7486,0.701105,0.43771303,0.014070187,0.03569261,0.16566177,0.1908417,0.03224634,0.4613356,0.040439963,0.040446118,0.005146636,0.1067809,0.029602064,0.0018094435,0.0033198944,0.05277222,0.0011815684,0.048756145,0.1560222,0.0073954603,0.010931509,0.4111391,0.27322277,0.10610994
7489,0.0024204475,0.0109720295,0.0027671151,0.044515654,0.64801073,0.013930031,0.014962997,0.6523381,0.045768473,0.021978112,0.0015422967,0.008520144,0.002080119,0.09156809,0.07063656,0.0043272595,0.00021668717,0.5782443,0.0023891586,0.0049888007,0.015551684,0.011296987,0.0035623363,0.0061245514
7490,0.036335025,0.06694519,0.018701848,0.21134894,0.33919397,0.011426083,0.448245,0.51147044,0.06736152,0.011046315,0.0005694007,0.10458962,0.0004560222,0.2924675,0.06953279,0.0015975207,0.0017953627,0.1697162,0.0055519915,0.016814064,0.330011,0.008049738,0.062607214,0.03599326
7491,0.12174409,0.16878697,0.034878258,0.009956244,0.36730903,0.050201897,0.0061772615,0.25814062,0.10181815,0.3334519,0.0046783746,0.00406413,0.518008,0.0020055254,0.011180847,0.09030691,0.00014069662,0.10255902,0.28863704,0.010268031,0.0007183874,0.1885211,0.0021677825,0.012862881
7494,0.0051232167,0.014598396,0.0013035169,0.035813782,0.5357442,0.050474215,0.006517449,0.73758805,0.026291365,0.037028357,0.023654861,0.0055993455,0.009288508,0.018655641,0.035044733,0.03480104,0.0007831413,0.58776295,0.0046884953,0.0033508197,0.011483587,0.05476369,0.005915366,0.008007489
7504,0.1538754,0.03318572,0.0012656029,0.023756051,0.2963764,0.46236482,0.0076735974,0.5683887,0.010539326,0.029032184,0.044725135,0.009245867,0.12853073,0.0009605241,0.002748052,0.17934301,0.00020275329,0.11484296,0.047273792,0.0051127644,0.0011377545,0.5104289,0.0065942453,0.019827684
7506,0.01299356,0.019795984,0.0024424782,0.036324643,0.52986825,0.08453087,0.01072509,0.662043,0.031596713,0.03241898,0.008351784,0.010875247,0.017405372,0.013151864,0.02003076,0.032540675,0.00027314943,0.37498376,0.00929793,0.0074582538,0.0051077823,0.08700188,0.0062951045,0.012764611
7509,0.028592478,0.02864764,0.0029761575,0.037896454,0.468755,0.13606165,0.014036175,0.63823164,0.029634789,0.035292253,0.011949541,0.014374274,0.028858002,0.007902587,0.013433536,0.051097836,0.00033251237,0.2759909,0.015839273,0.008971863,0.004772939,0.14381282,0.009232367,0.018582266
7511,0.0025688563,0.009254751,0.0018639943,0.032435484,0.6493764,0.024037052,0.0075771627,0.6733067,0.03591209,0.026309283,0.0031136938,0.0058664535,0.005466116,0.03977958,0.04670814,0.009614676,0.00016927772,0.5887779,0.0033021315,0.004921537,0.00638796,0.022275716,0.0025343148,0.0054870564
7513,0.37431905,0.1545377,0.0025674128,0.008645408,0.13493967,0.1520508,0.0033109677,0.35210517,0.013271369,0.10452643,0.030359317,0.004723867,0.4346399,0.0003497714,0.0053310525,0.2521115,0.00020551124,0.061689,0.42704737,0.0017883894,0.0014517932,0.5712241,0.008735184,0.013142515
7519,0.0393625,0.013613566,0.00075044803,0.017837841,0.37882584,0.33596364,0.002791569,0.61820006,0.01020017,0.033757683,0.047663644,0.0036024954,0.17039892,0.0009898683,0.003678444,0.18490875,8.5951215e-05,0.20892954,0.026431395,0.0039853975,0.0005143189,0.41037628,0.001923605,0.008138465
7521,0.065210775,0.023493007,0.001314753,0.023735194,0.3695102,0.33567193,0.0057874173,0.60658556,0.013991931,0.034901775,0.03685193,0.0073134014,0.11376845,0.0015677066,0.0045667314,0.14889912,0.00016978529,0.18159424,0.030516118,0.0054742643,0.001168523,0.38386682,0.0046662115,0.014599361
7526,0.0044127624,0.012036762,0.0020557137,0.03478135,0.6132161,0.0366736,0.008837266,0.67225206,0.034686416,0.027725553,0.0042486875,0.0075094225,0.007563871,0.0295424,0.036518507,0.013957968,0.00021294152,0.5206133,0.0045510987,0.0058491654,0.0063337213,0.034625556,0.0036018076,0.00748421
7527,0.0019987822,0.008325926,0.001806485,0.034289908,0.66107523,0.018002212,0.008381309,0.67609584,0.036632728,0.022758294,0.0023038948,0.0058767297,0.0034046778,0.055102788,0.055786762,0.0066280956,0.00016121559,0.6146536,0.002479416,0.0043741656,0.008189075,0.015736291,0.00246952,0.00494909
7531,0.25293353,0.015708737,0.00020806213,0.012580285,0.1936909,0.7260994,0.0024337175,0.5608175,0.0022921949,0.011572787,0.08788057,0.0030808218,0.1639374,0.00012826489,0.00053037,0.28366697,4.4200155e-05,0.062797695,0.03880297,0.0013962587,0.00017338402,0.7671937,0.002263596,0.008700927
7537,0.1201386,0.22219197,0.019852906,0.18862444,0.33602902,0.02367719,0.26532754,0.6350893,0.104709,0.02541708,0.0025193375,0.23257613,0.0005425892,0.26990154,0.12295775,0.0030774348,0.010958475,0.28307652,0.011836344,0.014414424,0.72693026,0.021890597,0.32108152,0.09162213
7543,0.13868281,0.18692204,0.03738736,0.009716769,0.3563126,0.050095756,0.0064294087,0.24955064,0.10430452,0.33839783,0.0043908185,0.004239233,0.5089984,0.001963751,0.010877899,0.089062825,0.00014530632,0.09563677,0.3055447,0.009856211,0.00075418036,0.19247393,0.0023784281,0.013588724
7544,0.21456842,0.29161027,0.0068273228,0.106102265,0.19098684,0.10718816,0.09470287,0.74280316,0.03391511,0.018190283,0.0037892377,0.331203,0.0011331668,0.011696174,0.010778333,0.0196467,0.0018076625,0.1701465,0.013694365,0.006402019,0.08664494,0.118653305,0.72235,0.067778565
7546,0.0041711433,0.03050771,0.00720786,0.06289957,0.60706604,0.008201549,0.034877684,0.6324544,0.09108297,0.03273497,0.0011800268,0.01691844,0.00039769828,0.1863837,0.13777992,0.0021105432,0.00066452497,0.58272094,0.001955736,0.0042108046,0.093883105,0.005935012,0.010701535,0.011277415
7547,0.24573821,0.021966236,0.0003833989,0.016021373,0.21704505,0.66251314,0.0038685787,0.5605074,0.003724866,0.015141817,0.07131756,0.004934957,0.14283706,0.00025521027,0.0008850996,0.24578089,8.0646e-05,0.07263215,0.04330231,0.0021082137,0.0003604318,0.704111,0.0037068494,0.012635247
7548,0.015728144,0.04061992,0.017325714,0.18903534,0.4199267,0.0075724237,0.37459844,0.49595782,0.073765814,0.013042869,0.0005234994,0.05682504,0.00045955752,0.39258775,0.099914536,0.0012969243,0.0013622208,0.24078812,0.004154604,0.014390029,0.2724758,0.0049017435,0.024855396,0.022394614
7554,0.12214316,0.01316032,0.00030991537,0.011950165,0.24584158,0.5859029,0.0018525091,0.5591408,0.0036712373,0.019718967,0.07641297,0.0023029812,0.24137487,0.00020846962,0.00096887053,0.2800909,4.050143e-05,0.09410504,0.039663017,0.0018070267,0.00017206023,0.6684387,0.0013610305,0.0069547854
7555,0.022596443,0.029170621,0.0048125214,0.01715453,0.47927338,0.09703499,0.0035971247,0.51876706,0.04296945,0.11697336,0.014187391,0.0036063897,0.25443318,0.002682552,0.011042855,0.11233881,0.00010723415,0.26316553,0.046409268,0.0077423197,0.0007478352,0.1929109,0.0015319205,0.007861794
7560,0.0018211701,0.007932881,0.0017580704,0.03517731,0.6642405,0.016191702,0.008759628,0.6777009,0.036454003,0.02120529,0.0020654467,0.005885361,0.0028114219,0.06208368,0.059230838,0.005740819,0.00015740356,0.62345994,0.0022027693,0.004173414,0.009007539,0.013805903,0.0024513367,0.0047506955
7561,0.24140152,0.03306402,0.00078187103,0.02170586,0.24565533,0.58847195,0.0070808823,0.5688117,0.0066239894,0.01979687,0.05568626,0.009155167,0.11089946,0.00056231144,0.00160299,0.2026673,0.00016844223,0.086341746,0.046373345,0.0035001652,0.0008771293,0.6226098,0.0075152037,0.02037782
7564,0.3288621,0.18794265,0.0026557988,0.0076864366,0.1124155,0.21763,0.0048557627,0.3889673,0.0122315,0.089661546,0.019116946,0.006101421,0.32402217,0.00028445906,0.0025196932,0.26741692,0.00011087507,0.046912804,0.27423096,0.001232179,0.0004893669,0.5663216,0.010845839,0.016648395
7568,0.027850373,0.061919264,0.022999693,0.099552654,0.46963385,0.029571546,0.1392793,0.50420505,0.09182084,0.041821703,0.002265254,0.040792428,0.0073356666,0.085129835,0.05189058,0.009895705,0.001038167,0.22855522,0.016592577,0.022935817,0.05149572,0.027214404,0.018511804,0.02967959
7569,0.17640059,0.11139721,0.010158639,0.058505397,0.33691216,0.20868686,0.057930592,0.555456,0.04176174,0.041323695,0.012167133,0.05678029,0.03726085,0.0067620217,0.010128821,0.0646424,0.0011148968,0.1328793,0.05168303,0.01863343,0.012769575,0.23727925,0.05651938,0.06146068
7570,0.21061496,0.21992111,0.026572334,0.0053482587,0.26883993,0.04776808,0.0033939707,0.18811835,0.07214522,0.33540925,0.0033647823,0.0023545811,0.6136089,0.0008119665,0.006200399,0.09724209,7.542918e-05,0.05813671,0.43396425,0.004580197,0.00034536823,0.24503264,0.0016139868,0.009628636
7574,0.7463614,0.16840538,0.0010289762,0.014463306,0.104458384,0.4949023,0.004827311,0.38909236,0.0070177102,0.027873157,0.043995805,0.0076781306,0.09366439,0.00022661364,0.0011612235,0.19598293,0.00014110772,0.028086668,0.16001527,0.0008516069,0.0014990317,0.7716285,0.014180464,0.019978033
7575,0.065759614,0.079752445,0.01451734,0.009056957,0.37301597,0.06471323,0.003305239,0.31344986,0.06073175,0.26098633,0.0074445843,0.0024613405,0.59352934,0.0013840692,0.008653381,0.12521109,8.2705985e-05,0.12878485,0.2053496,0.0076548224,0.0003585445,0.22549962,0.0011429214,0.007966926
7576,0.22474049,0.06445488,0.0028374596,0.0045250193,0.196607,0.21021809,0.0015401257,0.2657076,0.012982965,0.10890781,0.012768386,0.0011537842,0.64720386,0.00014071928,0.0013147034,0.22440366,2.3095341e-05,0.03950631,0.27251178,0.0018111762,8.3125204e-05,0.54841214,0.00064410846,0.006545205
7577,0.0036479658,0.009357472,0.0015129852,0.02832453,0.61860424,0.04247411,0.0055509643,0.6820945,0.029484766,0.029501047,0.0059567676,0.005234833,0.012231679,0.019615522,0.030759808,0.019877464,0.00015890237,0.54971814,0.00482378,0.0052033775,0.003620029,0.043767404,0.002421347,0.0058662593
7587,0.36563975,0.47443736,0.08385597,0.00840675,0.29573584,0.03267027,0.009645507,0.1863823,0.17322455,0.40288404,0.0017709216,0.00813376,0.3322381,0.0021338572,0.011419335,0.052128643,0.00024400961,0.059412133,0.45304698,0.008521702,0.0016594067,0.17166193,0.0077618477,0.021784468
7595,0.0061801225,0.012310646,0.0017196431,0.031022158,0.5821942,0.059673466,0.006895336,0.67672276,0.028981155,0.030249642,0.007332918,0.0068189506,0.0150228385,0.015660172,0.024685,0.025739359,0.000195393,0.47728246,0.0063568656,0.0060581937,0.003884556,0.061470803,0.00344546,0.007918052
7597,0.09801314,0.14835587,0.00474686,0.07884577,0.2878154,0.06291057,0.044236884,0.7376443,0.039202105,0.023339689,0.0083325505,0.08710798,0.0025198287,0.020677058,0.025502034,0.01630412,0.0015870671,0.28158146,0.014037337,0.0065097464,0.08702395,0.08617451,0.1725387,0.04472603
7604,0.77341944,0.16232601,0.0015158579,0.022152245,0.13886179,0.6273382,0.013641095,0.44891953,0.0074151545,0.01483988,0.027349545,0.024648778,0.054750033,0.00031133572,0.00078470184,0.13778788,0.00028263673,0.029741738,0.12305405,0.002607035,0.0016651523,0.75445366,0.04036663,0.047305267
7611,0.042021174,0.06520853,0.013334999,0.06876734,0.4510244,0.069606625,0.074528374,0.56843674,0.06412686,0.041439258,0.0042516403,0.040219195,0.013516498,0.025016498,0.025306763,0.023054443,0.0008343063,0.21955833,0.021125272,0.019993179,0.021011576,0.06908592,0.024482854,0.035103273
7616,0.02961503,0.024625935,0.0028203658,0.02032728,0.44565165,0.15900657,0.0043008206,0.56350315,0.027256424,0.07060104,0.020414952,0.0045870217,0.19217256,0.0022349237,0.007823254,0.124845676,0.00012633066,0.23795104,0.037710335,0.00721382,0.00088984385,0.24757029,0.0021145267,0.009508885
7617,0.0018338512,0.008302167,0.0015769642,0.024365325,0.68761635,0.02252207,0.004878058,0.67829525,0.03668529,0.030694865,0.004127743,0.0042978507,0.0064461753,0.036370445,0.048746128,0.011481579,0.00016024272,0.66343117,0.0034672765,0.00393582,0.0056605046,0.021658842,0.0020468906,0.004483367
7622,0.09070224,0.040758904,0.0030947176,0.025652545,0.3603645,0.2778275,0.008955246,0.5446771,0.022129294,0.052687533,0.025731068,0.009234221,0.15908602,0.0018347481,0.005282547,0.14356579,0.00023027892,0.14626372,0.054376066,0.008086055,0.0015135019,0.35674718,0.005337937,0.019023921
7629,0.35658035,0.019442197,0.00017749416,0.012815842,0.1739547,0.7698699,0.002340334,0.55936605,0.0020435348,0.009422322,0.106084004,0.00339979,0.10971357,0.00013344201,0.0005148506,0.28052065,6.0440434e-05,0.06044471,0.037877254,0.0010174855,0.00020556335,0.8123204,0.0031378698,0.008204853
7638,0.00689775,0.016036872,0.0025661308,0.038784824,0.5831132,0.045740277,0.011704854,0.6638339,0.03667003,0.029078724,0.0046649342,0.010049949,0.008416674,0.027068334,0.032635055,0.016235815,0.0002690122,0.4589538,0.0057896427,0.006891938,0.0075066616,0.04316911,0.0052078855,0.010091464
7641,0.043671522,0.058608957,0.010020006,0.07850266,0.42536077,0.07321957,0.090556905,0.5911298,0.05243687,0.029072259,0.0041659754,0.050121322,0.0075749145,0.03024562,0.025598232,0.018584779,0.0009458439,0.22163016,0.0154540455,0.01759818,0.028433805,0.06461546,0.035328846,0.03786706
7643,0.16459249,0.012726516,0.00022044423,0.013565008,0.22536027,0.68144274,0.002320825,0.5909114,0.0027154542,0.013105028,0.091562144,0.0029982405,0.16768722,0.00018691138,0.0007592309,0.28096405,4.722118e-05,0.085133106,0.031881478,0.0016354391,0.00020429914,0.7173676,0.002023765,0.008175787
7648,0.22411287,0.23459324,0.03301195,0.008108612,0.29772207,0.0560389,0.006030215,0.22089472,0.08484347,0.30700064,0.0038126265,0.004185921,0.50565803,0.0013335975,0.007670966,0.0892689,0.00013999909,0.06832208,0.38163352,0.007349875,0.000670172,0.23435459,0.0028574527,0.014451363
7650,0.606171,0.75858855,0.11178872,0.013327022,0.22523013,0.01926529,0.013443689,0.23785637,0.2879767,0.4175628,0.0030195154,0.04115971,0.1430186,0.0055305515,0.039566044,0.050150435,0.0018015218,0.0899649,0.57335544,0.010516784,0.019985696,0.1737862,0.11780537,0.040142987
7651,0.30433893,0.022806678,0.00032272222,0.014529063,0.19482653,0.70063746,0.0035244548,0.5440489,0.003046705,0.013315752,0.07307561,0.004470924,0.14573619,0.0001784955,0.0006517209,0.25517577,6.6952336e-05,0.059770703,0.04710945,0.0017452593,0.00027910474,0.74709034,0.0034784768,0.011917251
7657,0.0013148462,0.0072640604,0.0018672755,0.03157222,0.693039,0.012158281,0.0075832894,0.6709399,0.041337457,0.023184277,0.0017520773,0.0048293713,0.002656246,0.073255815,0.071041875,0.004911587,0.00013741344,0.6684365,0.0020076975,0.003839043,0.00888749,0.010684753,0.0018973075,0.0039493307
7659,0.13818735,0.0511808,0.0021670812,0.026208933,0.2995304,0.3477043,0.003719291,0.5196284,0.019963698,0.089097306,0.12903482,0.0052041644,0.32895258,0.0026009567,0.0098427115,0.26880988,0.00048219017,0.19124316,0.08198492,0.004445785,0.0012881708,0.590673,0.004045923,0.011557693
7661,0.6731279,0.60754776,0.038450796,0.005060414,0.16751702,0.036775753,0.004919284,0.14934382,0.09016903,0.27142638,0.0011732783,0.0068617724,0.28216767,0.0005765606,0.004294952,0.04881122,0.00016143819,0.026497882,0.628266,0.003001224,0.0010683419,0.27893457,0.011574293,0.018023822
7667,0.014822357,0.08131661,0.041025274,0.04462335,0.5995672,0.0155637115,0.036866806,0.47745594,0.1885255,0.13932033,0.0016058794,0.017401906,0.02044431,0.059926372,0.07948248,0.011526184,0.00046401552,0.358429,0.02322738,0.01946536,0.016264372,0.02369935,0.007281129,0.017831827
7668,0.00641454,0.010683164,0.0012841999,0.02678035,0.5658736,0.07847504,0.0048932703,0.68854153,0.02391724,0.030023327,0.0106144305,0.0055101723,0.02224549,0.010022679,0.018983755,0.03814037,0.00015977964,0.47333592,0.006882124,0.005231874,0.0025294472,0.08629143,0.0028919328,0.007067428
7669,0.016067812,0.024426952,0.0017370599,0.02207653,0.44377604,0.050693944,0.0054842657,0.65551394,0.02682258,0.054613847,0.009811629,0.0081195,0.030281097,0.0051996536,0.018487599,0.059820466,0.00019085668,0.42563865,0.027556926,0.0029362892,0.00807397,0.09057643,0.0091465255,0.008812237
7673,0.025796777,0.12282522,0.064206235,0.023098834,0.57661784,0.02052951,0.014546333,0.40073922,0.24749686,0.33316213,0.0027935994,0.009275139,0.14291567,0.017754361,0.054802768,0.035109088,0.00028065266,0.2984182,0.06943155,0.020697268,0.003969801,0.05527935,0.0040994384,0.015224725
7674,0.5518365,0.042119227,0.0003870117,0.014443548,0.15258275,0.74921143,0.0048509957,0.49111262,0.0029155463,0.011202867,0.059624694,0.006171799,0.112612516,0.00012267448,0.00042948555,0.23231818,7.556503e-05,0.036448196,0.06935437,0.0015145536,0.00031785865,0.808941,0.0059514334,0.016393024
7679,0.34761107,0.19960974,0.015336865,0.03766889,0.2903349,0.22102575,0.037734576,0.45287567,0.050294653,0.07186394,0.011200406,0.04167335,0.090467274,0.0034267574,0.007116174,0.086162716,0.00094558485,0.08653681,0.13152431,0.015434628,0.0071453867,0.33412653,0.04496145,0.06490558
7683,0.17058322,0.017855803,0.00038516923,0.015971445,0.24370863,0.6194093,0.0033578002,0.5768065,0.004141043,0.017123733,0.07355758,0.00427662,0.15866894,0.00030745834,0.0011138746,0.24682388,7.578766e-05,0.090979114,0.038274966,0.0023180167,0.00035062392,0.66217464,0.0029336894,0.010997527
7684,0.32543224,0.20999084,0.016814196,0.009786713,0.24559897,0.10378437,0.0073294193,0.25944722,0.0463922,0.17514293,0.005523164,0.005777277,0.416938,0.0009498703,0.0046855942,0.1063053,0.0001816215,0.056419875,0.35783878,0.006568488,0.00076145434,0.34068,0.004857648,0.01853168
7686,0.02314573,0.037763443,0.011340247,0.13608584,0.42252016,0.028880501,0.1982143,0.5454892,0.054094393,0.017572222,0.0021055348,0.051010802,0.002378644,0.13642828,0.053938314,0.0058398144,0.0012346968,0.23308788,0.007972555,0.017451769,0.0900316,0.019915616,0.025126576,0.027591197
7687,0.09751796,0.11222396,0.014404422,0.11540177,0.32541305,0.06758003,0.1704114,0.6038945,0.05601233,0.021537783,0.003445927,0.13783365,0.0042419257,0.036580507,0.025661295,0.013696103,0.0017328191,0.17499635,0.016616872,0.02151088,0.06670243,0.06754409,0.15808094,0.066934526
7693,0.06881453,0.081489444,0.016099233,0.14976847,0.33345225,0.046305913,0.26336288,0.54997146,0.057071105,0.018616533,0.002716968,0.109795906,0.0033016938,0.076731764,0.035367444,0.009126819,0.0018022038,0.16071297,0.0140303755,0.023308495,0.104433656,0.039264772,0.085781656,0.053131454
7694,0.033228625,0.028811086,0.0013279112,0.018606383,0.45608142,0.2740717,0.0025408114,0.69490725,0.023373015,0.06404158,0.079642504,0.0068863207,0.052591637,0.0022859601,0.014689285,0.18334882,0.00032235353,0.4103088,0.015193087,0.0030389172,0.0029785412,0.3282018,0.010648909,0.0079829665
7695,0.00565729,0.02656346,0.008550909,0.028665584,0.6343242,0.023426393,0.008397558,0.5798609,0.08924102,0.09002395,0.0032400105,0.006526718,0.02870242,0.026733575,0.048077356,0.02004259,0.00019593924,0.48167017,0.01231543,0.009084492,0.0045781364,0.034952797,0.0024540971,0.0078171715
7697,0.4437976,0.3086222,0.018223146,0.0045075794,0.18879172,0.06760526,0.0033765673,0.1675725,0.046343822,0.23392923,0.0029835282,0.0027753857,0.55133665,0.0003942729,0.0032473751,0.101093076,8.5114545e-05,0.032737456,0.56001484,0.0030994907,0.00032054514,0.36651358,0.002711604,0.011628018
7703,0.039584305,0.06750228,0.023312952,0.17056157,0.3724258,0.023654532,0.34911782,0.5055275,0.07454706,0.019693546,0.0014180231,0.08399965,0.0021644805,0.15920752,0.056370117,0.005023352,0.0018357752,0.17517103,0.011203195,0.025115289,0.15187128,0.018115843,0.043551933,0.039027736
7705,0.6569827,0.059985794,0.00048393806,0.015442195,0.14070249,0.75116575,0.0061936947,0.46918312,0.0032317683,0.010851738,0.051550712,0.00810003,0.09360893,0.00012508726,0.00041077725,0.21150137,9.3214e-05,0.030646762,0.083754905,0.0015712251,0.00041965867,0.8193851,0.00877727,0.020752514
7710,0.14902872,0.08591716,0.007942198,0.04345056,0.35357514,0.2351855,0.03295035,0.53710926,0.037381344,0.05148394,0.015763596,0.029729323,0.07269378,0.0044522434,0.008457159,0.09058003,0.0007005032,0.13226715,0.060852244,0.01544097,0.006227215,0.27820206,0.022885887,0.04345018
7714,0.0049071703,0.015338737,0.0030760353,0.03088311,0.62120396,0.03429076,0.0077306977,0.6412016,0.046420164,0.04298168,0.0044153337,0.006835469,0.013177949,0.026086414,0.038786586,0.017302908,0.0002030454,0.51240504,0.006604336,0.006531466,0.0051312433,0.03798057,0.0031496794,0.00759126
7715,0.009285073,0.030561037,0.0040195123,0.042307816,0.56044143,0.08415927,0.013654817,0.7067225,0.050851792,0.07676689,0.022177754,0.018662134,0.020346597,0.029574843,0.04562928,0.063512266,0.001821653,0.5495968,0.014621777,0.006762406,0.017936366,0.073163465,0.020351162,0.0138443895
7718,0.12533768,0.0107172765,0.00020802405,0.0120104905,0.23788366,0.6494746,0.0017376753,0.5873251,0.0027520559,0.014861038,0.09433252,0.0022398427,0.21101086,0.00017146932,0.00079903175,0.2924269,3.6710015e-05,0.09456548,0.03209362,0.0015988065,0.00015293859,0.7034488,0.0013864842,0.0065618143
7721,0.019371286,0.07534779,0.03725786,0.072013356,0.54598814,0.017569555,0.08751618,0.4746405,0.14758188,0.079794176,0.0015525891,0.02813815,0.010275254,0.09091251,0.07515533,0.008370275,0.00077445497,0.2935497,0.019323258,0.023379274,0.03576358,0.020144159,0.011594822,0.023416996
7723,0.058840677,0.07565776,0.012747546,0.053164054,0.4369325,0.09891708,0.04710166,0.5569874,0.06297791,0.055742595,0.0062397835,0.03221051,0.028368875,0.013151857,0.018285844,0.03985423,0.0006615241,0.19711946,0.031273834,0.017742513,0.01201962,0.11324921,0.021391258,0.036104254
7725,0.24700198,0.06569661,0.0026830889,0.031967085,0.28182817,0.43545467,0.01715547,0.5470625,0.01608335,0.032559045,0.033074144,0.02022952,0.09358292,0.0015459079,0.003589826,0.14528352,0.0004362849,0.099059254,0.06404648,0.007818652,0.002711137,0.48395112,0.017988143,0.036889642
7730,0.35673055,0.23566154,0.017696783,0.007882981,0.23011906,0.09219243,0.0058889245,0.22962606,0.047043897,0.1949318,0.0046898685,0.004642088,0.46112898,0.0007569712,0.0042676567,0.10550873,0.00014696746,0.048779592,0.41530076,0.00536806,0.0005950145,0.34771618,0.004018382,0.01634209
7734,0.0043994943,0.013061959,0.002411442,0.03102474,0.6199858,0.035861127,0.007287187,0.6590457,0.039980892,0.036018856,0.0045885504,0.0066018063,0.011123839,0.025758183,0.036987454,0.016824549,0.00019367115,0.52621746,0.005548833,0.0058906507,0.0050736135,0.037915215,0.0030984636,0.0071173
7735,0.0066625467,0.017214002,0.003026963,0.0397718,0.5906248,0.039663907,0.012752761,0.6539013,0.041292522,0.031187505,0.0040231235,0.01043265,0.0078115826,0.031736508,0.036769044,0.014272056,0.00027921144,0.46290913,0.0058258786,0.0071357656,0.008467973,0.03764119,0.0052893744,0.010243448
7736,0.1944729,0.066411674,0.0038564133,0.009784144,0.24422607,0.23930438,0.0036045772,0.3484861,0.018493978,0.09357695,0.015706982,0.0030228903,0.4419921,0.00045704705,0.0023408637,0.19762224,6.4469314e-05,0.0613418,0.1721338,0.00326533,0.0003096847,0.48159254,0.0016882044,0.01168085
7742,0.004736169,0.016445275,0.0038949186,0.027586322,0.62281823,0.033214454,0.006405238,0.62567806,0.05315895,0.057804972,0.00470749,0.0054970966,0.02535245,0.01932759,0.035248946,0.023698477,0.00016736414,0.50273037,0.009075534,0.007283252,0.0034223087,0.043627206,0.002179523,0.0066253925
7758,0.061593305,0.07727612,0.005607489,0.017313078,0.33597463,0.07259057,0.0072364006,0.44262043,0.049612094,0.13486911,0.03305587,0.0074285413,0.13346352,0.006000456,0.029949415,0.16935165,0.00061768293,0.28537837,0.15312348,0.00404104,0.007500092,0.2017692,0.007684349,0.015930107
7761,0.012634285,0.03550486,0.003131879,0.02999657,0.52704084,0.07994239,0.010310251,0.697072,0.038563974,0.06565748,0.027458021,0.01958821,0.02778915,0.014068229,0.0441422,0.09510146,0.0013511794,0.54688823,0.025582368,0.0070309415,0.017308526,0.111735635,0.027075369,0.019254388
7776,0.0010807269,0.008354103,0.0019868617,0.023346521,0.71637,0.010058682,0.0049153776,0.66555035,0.04694398,0.03356178,0.0021191533,0.0038541628,0.003079816,0.061160125,0.071348324,0.005412403,0.00013092601,0.71819913,0.0024080812,0.0030452225,0.0079113655,0.009795807,0.0017496987,0.0034390904
7777,0.2874511,0.3348259,0.055762306,0.011888347,0.31786472,0.051167615,0.011872421,0.23919776,0.1281632,0.30961826,0.0031605212,0.00911196,0.32808423,0.0025384405,0.011258359,0.066035755,0.0003017929,0.07543826,0.35346854,0.011163626,0.0018131877,0.19923487,0.00761037,0.024386989
7783,0.01904849,0.046814583,0.022574306,0.16815032,0.43625504,0.012403458,0.3185636,0.48771197,0.0820109,0.019683104,0.000897035,0.05460468,0.0014259625,0.26526004,0.0838686,0.002747559,0.0014895309,0.22851409,0.0075420393,0.02128333,0.16629714,0.008782105,0.021467108,0.02546038
7788,0.029780293,0.02445673,0.0011777927,0.01586344,0.36966568,0.20577762,0.0014654436,0.5842271,0.014683364,0.104605876,0.07781071,0.0034637393,0.37155855,0.002231496,0.008935294,0.2985133,0.00019678009,0.37600654,0.09724144,0.0026574288,0.0005344643,0.3945816,0.00240242,0.004216719
7789,0.15180293,0.19615367,0.017674746,0.13988309,0.26126763,0.047785815,0.16354753,0.65311265,0.06010266,0.017863555,0.0023926483,0.30405992,0.0020527607,0.038951986,0.026120052,0.008358889,0.002432928,0.17904484,0.014982828,0.020216385,0.11813954,0.05974385,0.49495068,0.097165376
7790,0.045065206,0.019352017,0.0015014884,0.007523887,0.32173517,0.19701424,0.0010826802,0.42615402,0.013402618,0.09103097,0.026863871,0.0010451681,0.5909045,0.000358652,0.002693275,0.25036153,2.8261742e-05,0.12849438,0.09165484,0.0027451525,0.0001069935,0.43863553,0.00041353836,0.004059308
7804,0.003600832,0.008070725,0.000751431,0.016374484,0.63610154,0.07201766,0.0026305707,0.7194195,0.020502945,0.017706051,0.0063771196,0.0040470837,0.0048972866,0.0044437614,0.014995241,0.025893653,7.52208e-05,0.5834135,0.002095112,0.0021202757,0.0023321507,0.057999004,0.003984637,0.0042768396
7805,0.64405274,0.2641885,0.0064835064,0.036396112,0.17983803,0.35080692,0.029517371,0.48811394,0.022761643,0.029906284,0.013677829,0.069120996,0.045001753,0.0012914443,0.0026900533,0.08748518,0.00090439466,0.053343788,0.13154238,0.0073836665,0.006569354,0.52599406,0.1361727,0.084974304
7806,0.020588528,0.03714415,0.0063569923,0.048139688,0.5118816,0.06592262,0.025956698,0.61070716,0.051183186,0.04176246,0.0052152458,0.0195422,0.015223624,0.020771418,0.025837176,0.024541417,0.0004509107,0.30784774,0.013798835,0.011944615,0.010356612,0.06819541,0.011217573,0.02052834
7813,0.0029971618,0.011261353,0.0023823774,0.03491654,0.6439227,0.02281809,0.009131537,0.66208017,0.04158503,0.028515242,0.0027687054,0.0069255666,0.0051012128,0.04594882,0.05053418,0.008939856,0.00019533394,0.5685929,0.0035802706,0.0052592135,0.00796903,0.021275423,0.0030588026,0.0062850458
7815,0.0053894836,0.020308338,0.005363312,0.024592564,0.62055755,0.03193561,0.005584113,0.6010101,0.06719512,0.08321167,0.0048975567,0.005002876,0.040289935,0.016604759,0.03593277,0.029465597,0.00015689155,0.48870355,0.012295665,0.0075586364,0.00278709,0.04925929,0.0019773156,0.0066027506
7818,0.017226027,0.040278144,0.0019745775,0.031962372,0.41691026,0.043822996,0.012195604,0.72136533,0.029337063,0.034827735,0.0077482015,0.012902788,0.0056530056,0.011548225,0.017569777,0.018387398,0.00030737394,0.35253218,0.00875056,0.0030146886,0.023374714,0.048748486,0.017380327,0.012291585
7823,0.24597193,0.4586086,0.03845177,0.058637243,0.35674796,0.025336172,0.097282805,0.4990559,0.19633068,0.09606597,0.002713731,0.11645215,0.003472716,0.057631765,0.07295547,0.010944845,0.0024964227,0.18356605,0.06561036,0.010548056,0.28673708,0.056148414,0.21174027,0.08472025
7826,0.50878036,0.06768937,0.0010520277,0.018662563,0.17954321,0.62861985,0.008396437,0.47788808,0.00618036,0.019409502,0.041211944,0.010245069,0.12349902,0.00029671483,0.00089020765,0.19750184,0.00015110704,0.04409716,0.09410112,0.0028085383,0.00074619503,0.71875,0.009558293,0.024976974
7827,0.43753257,0.41618142,0.039517403,0.00586859,0.22641511,0.044760272,0.005350347,0.1697571,0.09089295,0.31607708,0.0021077832,0.004784109,0.43622988,0.000848176,0.005780195,0.06977901,0.00014159728,0.041101303,0.5352662,0.0046713813,0.0007350236,0.25882503,0.0048558735,0.015555911
7830,0.24058291,0.19939391,0.013327279,0.09259404,0.25352615,0.11751195,0.09457928,0.62767935,0.04574558,0.024361184,0.006015174,0.20184541,0.008530099,0.011668619,0.01278613,0.026484232,0.001997394,0.14272258,0.031211568,0.018719831,0.03953544,0.16201797,0.36467704,0.10380036
7832,0.008348515,0.014407591,0.0019755834,0.024134044,0.55798376,0.0784342,0.0044416315,0.6514277,0.03145941,0.047139715,0.011292211,0.005173118,0.041425716,0.008181542,0.018691739,0.049822282,0.00015812456,0.43842557,0.010858092,0.005809736,0.0020255588,0.10199771,0.0026809731,0.00749445
7833,0.043139018,0.06058801,0.00858062,0.06513149,0.46625623,0.09338088,0.045950286,0.604432,0.051121127,0.03578036,0.005327226,0.04266624,0.010840305,0.023573713,0.024374543,0.024049962,0.0007364191,0.2529527,0.01785112,0.014449,0.021355266,0.08250774,0.03009378,0.039378792
7835,0.008820454,0.020506784,0.0035161749,0.045699053,0.56600285,0.043441895,0.017786069,0.6503756,0.042096216,0.029108526,0.0038940012,0.013819588,0.006778422,0.034165513,0.03573258,0.013884694,0.00034887288,0.42143583,0.0062613846,0.007954409,0.011164858,0.039479792,0.007436548,0.012821938
7842,0.037478298,0.20139854,0.1409474,0.040271558,0.58664656,0.013738289,0.05323709,0.37060967,0.35163832,0.29998213,0.0014875628,0.021924488,0.04057284,0.05083629,0.09399816,0.014808235,0.0006649637,0.27584252,0.05645164,0.03306897,0.018280465,0.028545784,0.010322813,0.026470834
7843,0.33861712,0.029483734,0.00046912543,0.013345262,0.18274385,0.6573094,0.0036397008,0.497156,0.003559223,0.016918354,0.05690751,0.0040413793,0.20176509,0.00015160741,0.00059436687,0.26237467,6.117396e-05,0.048193675,0.07063105,0.0018653728,0.0002436056,0.74384975,0.002799682,0.011664066
7848,0.003962801,0.0131827695,0.002700189,0.028869973,0.6321934,0.03177645,0.006553076,0.6473923,0.044449124,0.042165074,0.0043935166,0.0058432706,0.013121041,0.025764255,0.039737,0.016945632,0.00017711782,0.541057,0.0059513464,0.0059366305,0.0045065414,0.035594698,0.0026043681,0.0065089855
7849,0.13102275,0.063135095,0.0052100606,0.026033228,0.3444696,0.25205523,0.012222011,0.49425003,0.028875481,0.06716244,0.020512434,0.011492647,0.17797144,0.0020094279,0.005769411,0.13338782,0.00029831263,0.12232268,0.08091401,0.009797379,0.0018686962,0.34939706,0.0070966133,0.024465555
7851,0.1288479,0.1158559,0.003429884,0.030045511,0.30983198,0.18215069,0.018333647,0.5954958,0.027425755,0.056499008,0.018891985,0.030361475,0.035989475,0.0032910423,0.010862862,0.09105593,0.0005495051,0.18044533,0.061587162,0.005640264,0.01648049,0.2564788,0.046056807,0.034331746
7854,0.30225846,0.050609026,0.0012574898,0.024658639,0.23765688,0.56035686,0.010891395,0.5501386,0.008745933,0.022487514,0.043253362,0.013547606,0.09645088,0.0006896624,0.0018074826,0.17969114,0.00022822146,0.07726059,0.057253245,0.0043076077,0.0013198956,0.6048437,0.012592541,0.02820102
7857,0.2542161,0.18597123,0.015547217,0.0047691735,0.22816722,0.07129821,0.0028723113,0.1913528,0.04350206,0.25285715,0.004233983,0.0019662376,0.64901876,0.00047817352,0.00379755,0.12447452,6.275609e-05,0.04610253,0.45302427,0.003533548,0.00022715119,0.3358351,0.0014123807,0.009194306
7858,0.012561345,0.028647203,0.007904965,0.08759688,0.5091397,0.027618615,0.078748785,0.5857291,0.055378187,0.022853674,0.0021312423,0.029296221,0.0029507636,0.10059712,0.056067355,0.0065092663,0.0007327994,0.3329568,0.006396059,0.012445773,0.04254731,0.020404551,0.01403898,0.01890946
7860,0.013732396,0.02093108,0.0033241506,0.02249473,0.52199966,0.08994114,0.004655273,0.5947772,0.036949906,0.07202698,0.012671462,0.00471643,0.11281613,0.0046146857,0.013587267,0.077359356,0.0001378728,0.33894828,0.02304441,0.007973834,0.0012927973,0.14172086,0.0020372672,0.008045874
7863,0.21297298,0.072473,0.0040978836,0.008443941,0.23617157,0.22080737,0.003326488,0.31923744,0.018141128,0.10135044,0.0140867075,0.0026244174,0.49816382,0.00037541895,0.0021927694,0.19205253,5.8026104e-05,0.054703336,0.21179211,0.0032942626,0.00025129816,0.4822579,0.0014554823,0.010934423
7865,0.54176617,0.18198735,0.0053285877,0.034888323,0.21081294,0.41267475,0.028023433,0.49150297,0.0210321,0.033200033,0.02031214,0.04477735,0.06847912,0.0013657608,0.0029328219,0.1139606,0.0007464077,0.060990304,0.12083617,0.00817595,0.0049166516,0.5392115,0.063844346,0.068106994
7867,0.020007739,0.015614818,0.0012587856,0.026897913,0.46891022,0.1805333,0.0055697537,0.669284,0.018043537,0.031030472,0.020990977,0.006943278,0.049709946,0.003839955,0.008928202,0.08179577,0.00016791865,0.31138268,0.013441463,0.0058323587,0.0017905282,0.20213783,0.004116758,0.0107062105
7869,0.23364486,0.011635248,0.00013267934,0.010410097,0.18307188,0.76179385,0.0016605144,0.5695152,0.0016669495,0.009815484,0.10372861,0.00209883,0.18285851,7.9584475e-05,0.00038625873,0.31715623,2.7543123e-05,0.060238093,0.03347887,0.0010377052,9.8571065e-05,0.80134374,0.0015252866,0.0064389748
7870,0.31393152,0.030466808,0.0005136445,0.016225051,0.20405541,0.65129375,0.0046443935,0.5298443,0.0042986283,0.016732844,0.059971195,0.0058285054,0.14082406,0.0002607489,0.00087600964,0.23271406,9.2427224e-05,0.06175786,0.05488122,0.002183513,0.00041843008,0.70972407,0.0046529886,0.015062417
7875,0.020518064,0.028398566,0.003851611,0.031476766,0.50296783,0.10218281,0.009397298,0.6172347,0.038839694,0.05301811,0.0105192,0.009704883,0.048623525,0.0074634864,0.015441529,0.055770963,0.00024326348,0.30671856,0.01867381,0.008939239,0.0031876217,0.13007492,0.0052584154,0.013890184
7878,0.021049572,0.022140158,0.0025421183,0.025883,0.48352143,0.13457593,0.005969546,0.6186519,0.028465757,0.051471807,0.01583074,0.00662101,0.081525445,0.004174627,0.010783591,0.082043596,0.00017271361,0.29542753,0.02105716,0.007528791,0.0017065792,0.17937876,0.0034144623,0.010907897
7880,0.006032273,0.010777941,0.0013513365,0.03016687,0.57372904,0.06819044,0.0061626835,0.69225204,0.024649018,0.026646914,0.0085379295,0.0064211832,0.015113216,0.013530226,0.021899583,0.02881737,0.0001820402,0.4803525,0.005873496,0.005516554,0.0034542996,0.06926945,0.0033318468,0.007523769
7891,0.08298575,0.011651541,0.00032880646,0.004455366,0.20945251,0.4186505,0.00049310835,0.43157,0.0036053995,0.038628913,0.0487723,0.0005054829,0.60978305,5.7563975e-05,0.00061712775,0.36683306,8.589455e-06,0.06821336,0.07732948,0.00092546863,2.5889394e-05,0.6891098,0.00023857605,0.0026001295
7892,0.0021106014,0.008079643,0.0016453608,0.030803958,0.65794516,0.022124017,0.006684664,0.68093204,0.034441747,0.02509895,0.0030137945,0.0052180123,0.005062141,0.04044986,0.048184574,0.009120349,0.00014971687,0.61374426,0.0029024489,0.0044104666,0.005967981,0.020563977,0.0022197051,0.004843295
7896,0.025747875,0.040761977,0.008929384,0.09563098,0.4419002,0.04594058,0.10950725,0.58675396,0.050842483,0.022102885,0.0029791698,0.0444395,0.004023989,0.06412933,0.03829455,0.0104539525,0.0009437321,0.25411305,0.009517572,0.0154268695,0.043934185,0.035408936,0.025937133,0.028632531
7898,0.0030681489,0.013983356,0.003588305,0.02588428,0.6588763,0.022469342,0.005711673,0.62993944,0.05901106,0.05559658,0.003455902,0.0049432646,0.013809162,0.031646095,0.051402953,0.014798076,0.00015926598,0.5809536,0.0060220063,0.005549375,0.0044533345,0.027689775,0.0020682751,0.0055806376
7901,0.71048295,0.6387292,0.04238328,0.0071578464,0.17822571,0.042347766,0.0077135027,0.1775007,0.09655381,0.23095395,0.0012141077,0.012046718,0.19103761,0.0008313238,0.0046063177,0.041458216,0.0002751445,0.028959503,0.5757594,0.004252289,0.0019624198,0.26982144,0.02286096,0.027484039
7902,0.04411662,0.050837845,0.007333629,0.040239327,0.45519593,0.11905583,0.021378912,0.57573164,0.0472581,0.056868643,0.009480026,0.017991878,0.04969868,0.007929467,0.014411775,0.056293998,0.00041815598,0.22008707,0.030444244,0.013651511,0.005521454,0.14528304,0.010600864,0.024617791
7904,0.10576841,0.052418906,0.0036098561,0.002861186,0.2210759,0.105418935,0.0008147714,0.23183358,0.016047146,0.17847024,0.009126995,0.0005626527,0.81788826,0.00015430318,0.0019545888,0.22275312,1.7132028e-05,0.055960324,0.32524598,0.0019648352,4.071131e-05,0.4438899,0.00031994947,0.0035182654
7906,0.10619497,0.13720176,0.016412752,0.18025479,0.27166685,0.032322627,0.25484654,0.6104002,0.05718271,0.013211712,0.0017800556,0.25213206,0.0012017454,0.08599761,0.03728435,0.0048231077,0.0022669411,0.16863982,0.010478615,0.019175354,0.1952691,0.032393675,0.33781752,0.07419958
7909,0.106162325,0.1427777,0.02760642,0.092704155,0.3694084,0.06577295,0.15134315,0.5342514,0.08592958,0.04344194,0.0033315965,0.097994335,0.010865481,0.028847888,0.025729174,0.019829655,0.0016617551,0.159752,0.03178456,0.028887108,0.044106785,0.075559735,0.08766075,0.06489723
7913,0.0024868138,0.011903834,0.0033346538,0.050055273,0.6442586,0.011774204,0.019581908,0.6393286,0.050199747,0.021354772,0.0012584543,0.0097419815,0.0016397309,0.11720444,0.080063164,0.0034360096,0.00024056077,0.5673543,0.0023041295,0.0053252126,0.020566793,0.009214731,0.003969513,0.006493161
7916,0.060870793,0.04279914,0.0027636122,0.013729633,0.26873714,0.18682149,0.0026852144,0.47355956,0.020673037,0.17386962,0.0920594,0.0032121819,0.6616371,0.0010093878,0.010351795,0.4558792,0.00024149884,0.18896417,0.1736326,0.0036441148,0.0009054638,0.49599338,0.002526638,0.007114176
7922,0.061747275,0.083508484,0.020319028,0.16656344,0.33546194,0.034172516,0.32182387,0.5285398,0.06541379,0.018586846,0.001958727,0.1113953,0.002639025,0.10697843,0.042602036,0.006837149,0.0019302509,0.1568736,0.013251584,0.025031563,0.13603581,0.028520677,0.076768056,0.050109066
7927,0.019823842,0.037877217,0.009123115,0.08640494,0.47838655,0.038975563,0.08950225,0.5861786,0.055864226,0.025035067,0.002623065,0.03723912,0.004017001,0.06926214,0.043924484,0.009294052,0.0008392107,0.28892368,0.008851219,0.014816697,0.038714036,0.030206282,0.020314459,0.024981841
7929,0.06679392,0.3465479,0.286423,0.047001533,0.5758729,0.009574066,0.089658245,0.30916974,0.49757978,0.38454792,0.0009927537,0.031013824,0.029000927,0.07665849,0.12571542,0.010595709,0.0010520037,0.23568854,0.07588105,0.044039708,0.033402808,0.02238744,0.016152173,0.03531709
7935,0.005090766,0.0312287,0.009718402,0.053032134,0.67577773,0.01036756,0.038532138,0.53509736,0.10797415,0.042525712,0.0015748783,0.0152809415,0.0011406161,0.1531198,0.11277698,0.0032334493,0.00053761166,0.5341323,0.005110572,0.0064701126,0.07690096,0.0077367867,0.007604804,0.011107962
7938,0.35068744,0.28487626,0.02286049,0.0047709546,0.21760035,0.05739232,0.0035014397,0.17073059,0.057883624,0.28134918,0.0029889073,0.0026539406,0.5800273,0.0005422237,0.004279127,0.09759415,8.355037e-05,0.04025595,0.52179074,0.0036629934,0.00033908227,0.3111937,0.0022577182,0.011014122
7939,0.18685582,0.023774581,0.00058219285,0.017938534,0.25171435,0.5795449,0.0045173853,0.5641788,0.0055468306,0.020374509,0.061904967,0.005677906,0.14935406,0.00042281367,0.0014111709,0.22417359,0.0001072183,0.091466606,0.04439508,0.0029231303,0.00051608775,0.628026,0.0040482734,0.0140058715
7941,0.150812,0.50125873,0.3263546,0.033592172,0.5209062,0.013572914,0.066531904,0.269906,0.5141914,0.46729434,0.0011588637,0.03500706,0.059104413,0.036595874,0.08246492,0.017233713,0.001076814,0.1690135,0.15684429,0.041489318,0.022114042,0.040790748,0.024701146,0.045534533
7943,0.012869373,0.029982666,0.0121262465,0.15817662,0.45118862,0.012000056,0.24696334,0.52436745,0.06083671,0.014191707,0.0009584306,0.04394545,0.00089271256,0.29094726,0.08701463,0.0022027576,0.0011470342,0.2742449,0.0045006303,0.014455594,0.1550958,0.0075627477,0.018254269,0.019897632
7950,0.039894395,0.06753455,0.023462238,0.17385836,0.371693,0.023718098,0.3581273,0.5052513,0.074126184,0.019357465,0.0014195207,0.08577087,0.0021411339,0.16183272,0.05662356,0.0049740262,0.0018967459,0.17434034,0.011228531,0.025713114,0.15608412,0.018015243,0.044147845,0.039422844
7956,0.031438805,0.0737981,0.025979126,0.08522057,0.48167476,0.03327562,0.118695594,0.508605,0.10202478,0.05178425,0.0023335044,0.041403983,0.009256496,0.06333867,0.048041224,0.011838185,0.0009838794,0.23406449,0.019581754,0.02442862,0.039871924,0.032734714,0.020245865,0.032113474
7961,0.016520528,0.0331684,0.0027658022,0.04079724,0.4907735,0.1318877,0.007974878,0.7490806,0.040862948,0.0608531,0.0337344,0.01365433,0.010698057,0.016055657,0.050375137,0.057041753,0.0012024645,0.5423074,0.005872645,0.0042911465,0.018112838,0.1135112,0.020900069,0.011397044
7967,0.16292535,0.023299463,0.0007021845,0.013635333,0.24000204,0.51076734,0.0030456232,0.5086743,0.0057960907,0.02800628,0.05010088,0.0032365338,0.27412856,0.00028367774,0.0011696076,0.25761774,6.174009e-05,0.076857835,0.0646628,0.0025728121,0.00027187713,0.62714857,0.0017783467,0.009651429
7970,0.03900188,0.033582773,0.0032940872,0.03835655,0.44550318,0.15898852,0.015676564,0.6253805,0.0293931,0.036821574,0.013356089,0.01606497,0.034602825,0.0066738063,0.011759963,0.059354488,0.00036343228,0.24312794,0.019632176,0.009545855,0.004749081,0.17005713,0.010793504,0.021524655
7973,0.11439595,0.115391575,0.01470948,0.08059493,0.3549138,0.10467779,0.10460526,0.57481384,0.0579266,0.034790117,0.0053585162,0.086859845,0.011973373,0.017956099,0.018187452,0.027888589,0.0013595885,0.16276433,0.02833968,0.021190014,0.030194487,0.11327266,0.09078603,0.06412922
7979,0.25529516,0.07807409,0.0038256722,0.031584203,0.28284127,0.39326757,0.018955447,0.5185206,0.019693276,0.040446132,0.027883528,0.01988761,0.11835301,0.0015973068,0.00380766,0.14634925,0.000458276,0.0917391,0.08239451,0.009135623,0.0027578413,0.4647507,0.016090384,0.03768629
7980,0.005716628,0.028480371,0.0051476713,0.022393456,0.727281,0.032315996,0.007736472,0.5574286,0.0858683,0.05611817,0.0057023894,0.009346485,0.0045933905,0.043813407,0.07431343,0.015596285,0.000596322,0.6204438,0.00705726,0.0049616355,0.014060665,0.03130712,0.0062288763,0.0117916195
7982,0.24515718,0.016160589,0.00022661776,0.01286348,0.19767947,0.714011,0.0025215156,0.55994093,0.0024640558,0.0122255385,0.08508996,0.0031873353,0.16468066,0.00014115754,0.0005735444,0.28005853,4.663916e-05,0.06460601,0.039296106,0.0014599828,0.00018679076,0.7571808,0.0023188572,0.008953985
7984,0.51566845,0.31648067,0.0029526213,0.034504686,0.1770365,0.28915167,0.014786658,0.6645974,0.020880299,0.037261285,0.021092564,0.08725544,0.020769473,0.0018511467,0.0042192265,0.07779281,0.001152426,0.10428541,0.10916452,0.0035169418,0.017345786,0.42489675,0.24469464,0.043635134
7986,0.0947023,0.061370704,0.0015668672,0.031851213,0.32797903,0.24392825,0.009687485,0.6994869,0.019830683,0.029375868,0.034674555,0.022201821,0.023096688,0.0040466245,0.0103109665,0.087973274,0.0005242532,0.25613305,0.022809487,0.0046309265,0.0075036855,0.3098766,0.02943915,0.021567665
7987,0.49055094,0.38637054,0.016317211,0.0705506,0.1833371,0.10233401,0.06706866,0.5908637,0.048576057,0.0269331,0.003707709,0.25142625,0.008960275,0.005983687,0.007524417,0.024669677,0.001979766,0.08857221,0.06085835,0.012935161,0.038103566,0.213954,0.5619013,0.12879081
7989,0.2319189,0.2815308,0.04507392,0.0071636736,0.30032796,0.04366224,0.0057883556,0.19759835,0.10815869,0.3712761,0.0029758487,0.0039767115,0.5169966,0.001393787,0.00867617,0.080985226,0.00012957992,0.065321505,0.41720054,0.006988053,0.00067581714,0.20765465,0.0027399044,0.013799795
7992,0.1665354,0.14514261,0.013432544,0.089044265,0.30697566,0.117488965,0.10495606,0.6016242,0.050111208,0.028106244,0.0061674193,0.13436624,0.010313231,0.014956294,0.015537257,0.027977418,0.0017289023,0.15416351,0.029435387,0.02086664,0.03539218,0.13839069,0.18959726,0.08239932
7993,0.01345261,0.016187705,0.0016937386,0.03022854,0.51514673,0.114024974,0.0069785733,0.6689474,0.024434453,0.03267556,0.0128644435,0.007880564,0.029845355,0.007442886,0.014310653,0.05009182,0.00020206778,0.36733216,0.010538813,0.0065523162,0.0028236774,0.124882296,0.004475217,0.01061423
7994,0.0038251923,0.04170135,0.0028962593,0.024248581,0.46339664,0.0039705834,0.008791889,0.7071354,0.056994196,0.037728187,0.00052912306,0.015354935,0.00043891207,0.038911816,0.06177943,0.0021464548,0.00018501202,0.55009174,0.0020572687,0.0015411444,0.03170591,0.005960577,0.026519885,0.006095985
7996,0.3350437,0.020241894,0.00022799135,0.011845159,0.1740621,0.7348222,0.0025578327,0.52965194,0.0022748562,0.011582046,0.07896495,0.0032288942,0.16217752,0.00010598375,0.00045030485,0.27664712,4.4394306e-05,0.050684728,0.047937844,0.0012684999,0.00016689308,0.78978056,0.0025787475,0.009369414
7999,0.4098319,0.035503324,0.00046887685,0.016441943,0.18425146,0.6976075,0.005205241,0.52317137,0.0037287257,0.013899502,0.06139224,0.006685963,0.121654086,0.00021080342,0.0006921082,0.22857563,9.690514e-05,0.051459935,0.059224788,0.0020356781,0.00042822288,0.74974954,0.0058506625,0.016816108
8002,0.061401047,0.09502248,0.020601325,0.050459333,0.4574225,0.078441255,0.048783828,0.514962,0.086554796,0.080334015,0.0053949743,0.030856661,0.03845965,0.014660107,0.022625944,0.037336007,0.0007010936,0.19672868,0.0416035,0.022121731,0.01192016,0.09997834,0.019095756,0.036923572
8004,0.0027576208,0.010333438,0.002156525,0.032752853,0.64811826,0.023418996,0.007920394,0.66609526,0.039605103,0.02883379,0.0029945313,0.0061882846,0.0057184333,0.041271612,0.04849327,0.009687269,0.00017731501,0.58067274,0.0035661056,0.005066124,0.0067662634,0.022294011,0.0026932317,0.0057981466
8006,0.002502193,0.0086436095,0.0016507595,0.0324171,0.6462266,0.025152788,0.0073513086,0.68222857,0.033192787,0.024197018,0.00323614,0.005798411,0.005143992,0.038432475,0.044809785,0.009727975,0.00016515,0.5918633,0.003076671,0.004685548,0.0062695225,0.022921328,0.0025519794,0.0053832326
8007,0.14268799,0.15695219,0.014662683,0.11819432,0.28315994,0.07202738,0.1440889,0.6385504,0.05346869,0.020387365,0.0037837406,0.21145813,0.0040081153,0.027244983,0.021690324,0.014339644,0.0020771497,0.17376867,0.018084455,0.020867566,0.0702369,0.08498483,0.327471,0.08786851
8010,0.098375425,0.10500373,0.017051341,0.05263481,0.4084444,0.117407195,0.05388324,0.51982063,0.06759995,0.06631637,0.0073449467,0.03820688,0.043145034,0.01035223,0.016095849,0.048781093,0.0008570999,0.16152345,0.050342016,0.021999776,0.011852507,0.14493056,0.027483717,0.045723807
8016,0.030100819,0.03316243,0.0038106926,0.043350257,0.46852195,0.118973985,0.019876404,0.6307919,0.03390476,0.034699522,0.009557837,0.01831683,0.021897146,0.010588143,0.015662795,0.041265473,0.0004134079,0.2698102,0.015637351,0.0102731595,0.0068370784,0.121214345,0.011963245,0.021625292
8017,0.09949031,0.100101575,0.01222049,0.090722606,0.34885964,0.097599946,0.12090018,0.5961803,0.051183768,0.026620831,0.0050052097,0.095961384,0.007993683,0.022043174,0.019487448,0.022633994,0.0014170788,0.17133541,0.021520074,0.020402746,0.037620917,0.09772824,0.10090403,0.062186092
8019,0.045665823,0.122591384,0.06419604,0.12933898,0.42912865,0.01361883,0.28218988,0.40921056,0.15869614,0.055705696,0.0009897876,0.06262314,0.004555815,0.16396828,0.07942455,0.0048836074,0.001759739,0.18042019,0.022039324,0.03226834,0.11877889,0.014886185,0.029647963,0.037618775
8032,0.55611837,0.11550062,0.00021102463,0.023524592,0.08290197,0.7154205,0.0038215597,0.73182046,0.001861318,0.01261511,0.12382581,0.02012287,0.056718055,0.00013444142,0.00063018315,0.2784692,0.00032014874,0.07589791,0.085764565,0.0007259426,0.0011712912,0.83638895,0.054339536,0.015288707
8033,0.036964484,0.019071318,0.0012641444,0.026549932,0.41922885,0.26037836,0.006126796,0.6477026,0.015593291,0.031182539,0.02887559,0.0077546015,0.07101838,0.0025127481,0.0063682664,0.11132654,0.0001794941,0.2411151,0.01944668,0.005941901,0.0015797119,0.2864508,0.0048448257,0.01321907
8034,0.010169049,0.027241087,0.011231691,0.12080381,0.50381374,0.01362625,0.13766442,0.5279299,0.06609197,0.020353252,0.001280684,0.029749721,0.0017045479,0.2268951,0.08491043,0.0031428016,0.00085614,0.31470263,0.005347673,0.013077533,0.090117216,0.009511006,0.011517251,0.016758729
8036,0.085525215,0.089207545,0.01378817,0.008381285,0.3417333,0.0708832,0.003292968,0.29687467,0.053947307,0.24732316,0.007114217,0.0024561104,0.5966433,0.0011434904,0.007190485,0.12824221,7.916915e-05,0.107893616,0.23174247,0.006646978,0.00033777347,0.24952365,0.0012404433,0.008464395
8038,0.6463133,0.07405654,0.0007131875,0.0148035055,0.14479984,0.68649435,0.006194551,0.44037896,0.004296174,0.014947654,0.04164588,0.007948838,0.11563531,0.00014915672,0.00051303924,0.2014794,0.00010179996,0.030816838,0.10851235,0.0017485487,0.0004611085,0.79145116,0.008419085,0.021237388
8041,0.0031257637,0.01174868,0.0025587187,0.033379454,0.6462248,0.023637172,0.008596377,0.6538792,0.043289002,0.0320632,0.002983629,0.006575484,0.0064415406,0.04139573,0.04919489,0.01001654,0.000191192,0.5647532,0.0041037523,0.005618835,0.006978345,0.022925038,0.0028356183,0.0062797563
8043,0.058006965,0.008176672,0.00022713192,0.011900346,0.28932354,0.5421519,0.0013354836,0.61747205,0.0036863082,0.019361734,0.08949916,0.0017946322,0.22749159,0.00025889944,0.0012813234,0.28639433,3.3639975e-05,0.14431173,0.024793442,0.0017525867,0.00015021006,0.6216608,0.0009804579,0.0050750053
8044,0.060230743,0.01160702,0.000437634,0.015252976,0.34745273,0.46796185,0.002663479,0.5517741,0.0077519896,0.019797722,0.12364619,0.002650235,0.15036602,0.0007732899,0.0042508123,0.3547379,0.00010672257,0.2021745,0.023294399,0.0023550303,0.0005842254,0.59046936,0.0016112215,0.0082131345
8050,0.056833606,0.07810852,0.01759879,0.18164183,0.32192162,0.027121775,0.34853187,0.53877425,0.06068015,0.014395819,0.0014917837,0.12178796,0.0014417727,0.14020059,0.047548614,0.004547795,0.0018847847,0.16126001,0.009526516,0.020925974,0.18201645,0.021372253,0.0900482,0.047991674
8053,0.03681493,0.039810646,0.0048549427,0.02664512,0.45666727,0.13235638,0.008354064,0.5715107,0.042099454,0.07363014,0.013260327,0.009423341,0.08843254,0.0047151097,0.012237275,0.0818309,0.00022334565,0.24426657,0.031539004,0.008283741,0.002352739,0.19075818,0.005874071,0.016305596
8056,0.063371636,0.025503777,0.0012943206,0.0019792118,0.20507188,0.12028119,0.00031936952,0.25691837,0.008998767,0.13992387,0.015316693,0.00024672144,0.85764205,7.764363e-05,0.001436043,0.30337274,7.899419e-06,0.06846668,0.24019152,0.0010320098,1.6176224e-05,0.5205745,0.00014875236,0.0017041551
8058,0.002672799,0.016741915,0.006221204,0.028150221,0.6758403,0.014818423,0.0074458774,0.600101,0.079277515,0.06868308,0.0022368191,0.004924662,0.0155994985,0.040793538,0.062160585,0.011919408,0.0001587473,0.57327056,0.007151695,0.0072229407,0.0049665254,0.019616907,0.001580565,0.0051959995
8068,0.00155052,0.007435513,0.0017567981,0.032307766,0.6772535,0.014710827,0.0075271493,0.6751479,0.037850022,0.023039803,0.0020293863,0.0050902306,0.003108478,0.060566086,0.06177749,0.0057833004,0.00013896303,0.64471865,0.002197788,0.004001795,0.00783625,0.013044373,0.0020317412,0.004239924
8070,0.008522904,0.01431027,0.0018091499,0.031912107,0.556921,0.075116575,0.0074953414,0.67410403,0.028173706,0.030979363,0.00866023,0.0077460026,0.01803233,0.012755445,0.02086115,0.03168095,0.00021146757,0.43225914,0.007627838,0.0064347754,0.003810117,0.07839011,0.0041422113,0.009319279
8073,0.22237161,0.024416875,0.00055574754,0.0110218115,0.20189415,0.56231725,0.0024692689,0.47714505,0.004364395,0.024721745,0.049343023,0.002562929,0.29684493,0.00015960484,0.0007338886,0.27974677,4.238834e-05,0.056052968,0.074451,0.0017890169,0.0001694311,0.69486284,0.0014854798,0.008549191
8077,0.038462058,0.016246673,0.0012385107,0.010067541,0.34857863,0.23055622,0.0013843073,0.4880129,0.012619743,0.07079692,0.034205478,0.0014211927,0.48049787,0.00048928714,0.0030027395,0.23987351,3.8941806e-05,0.1578461,0.064055845,0.0033152825,0.00016148176,0.42762744,0.00056047435,0.004636183
8078,0.09511075,0.112021804,0.015808485,0.1033448,0.3419739,0.071442746,0.15439524,0.58666134,0.06090035,0.026440453,0.0035523046,0.113635026,0.005673036,0.032524657,0.02464392,0.01622403,0.001567246,0.17178777,0.019252025,0.021581735,0.053774547,0.07264327,0.1197702,0.0637128
8080,0.4214293,0.18223561,0.009184563,0.036669854,0.25296536,0.31815267,0.0329865,0.47803465,0.033376306,0.050744396,0.015612165,0.04201042,0.08265396,0.002301509,0.0047159246,0.10550311,0.00082980254,0.0747099,0.12122247,0.011336926,0.005927995,0.43509737,0.050161194,0.066814534
8082,0.20468782,0.3921236,0.1316054,0.012639075,0.39387625,0.029278671,0.015137096,0.22017987,0.25838217,0.4840965,0.002374008,0.009176265,0.33665326,0.0049179676,0.02352072,0.05566999,0.00033669098,0.10021073,0.3425771,0.017051652,0.002359996,0.12504837,0.006259788,0.02333153
8087,0.01572968,0.030406663,0.009448987,0.11443658,0.46961546,0.025707314,0.12862794,0.5538782,0.05472621,0.019881092,0.0021389623,0.035535943,0.0026827483,0.13510042,0.058733918,0.0057450966,0.0009477031,0.27905783,0.0069986265,0.014506422,0.0666571,0.018209377,0.016093608,0.021379845
8096,0.006221829,0.016334103,0.0028533402,0.03526075,0.5979006,0.041326992,0.009827795,0.6537127,0.04136008,0.03514706,0.0046136435,0.008722896,0.01043909,0.026400514,0.034964982,0.017123453,0.00024338436,0.47751668,0.006296038,0.0067593353,0.006455374,0.042110693,0.0043628644,0.009210617
8100,0.03865334,0.04462977,0.0063291434,0.0050327675,0.34002855,0.05579563,0.0011244799,0.29157707,0.037359122,0.2679268,0.009997248,0.00083456514,0.7671988,0.00063555007,0.0066228323,0.18496357,3.445757e-05,0.13957594,0.21988581,0.0037186227,0.000111610294,0.26515266,0.0003880696,0.0031983363
8103,0.06314856,0.34495616,0.27777484,0.0290963,0.58368677,0.011966133,0.04443844,0.29862317,0.5117309,0.5137087,0.0014289875,0.019902334,0.08201997,0.038051844,0.1012681,0.020984726,0.00065551087,0.2352541,0.11053558,0.035441253,0.0145549495,0.034576844,0.010246915,0.028954212
8105,0.05963626,0.0443574,0.0018522437,0.015437962,0.3213462,0.17946477,0.0023910077,0.59392715,0.021009862,0.087125234,0.043909967,0.004638179,0.2125244,0.0013973103,0.0076655042,0.18601477,0.00018951602,0.21944591,0.05726022,0.0028051296,0.0010658122,0.38691512,0.0041738204,0.008586397
8110,0.0194413,0.10011798,0.03637425,0.035156,0.646206,0.019487029,0.0124349175,0.4370782,0.2790851,0.3508941,0.012464219,0.010456267,0.06652536,0.0922014,0.16079149,0.037308306,0.0014027067,0.5444517,0.04020218,0.012101686,0.020879203,0.04786163,0.007812805,0.018736372
8120,0.1312633,0.4983849,0.3598458,0.03408167,0.5384995,0.011820895,0.06927983,0.26735955,0.5527224,0.4998923,0.0010766134,0.03280733,0.057259444,0.042948224,0.09662663,0.016300483,0.0010401787,0.18093139,0.14754705,0.043182157,0.02307327,0.03564253,0.021469623,0.042743605
8123,0.35531917,0.036909644,9.912994e-05,0.012715026,0.1057127,0.77294827,0.0020502047,0.7048888,0.0013021341,0.0073128995,0.11941391,0.0047331606,0.06168274,9.4741285e-05,0.0004006737,0.34101278,0.00016063172,0.08781201,0.044160496,0.00055286504,0.00023490054,0.8514017,0.009123468,0.007351423
8125,0.2864831,0.026763033,0.00045860876,0.013698893,0.20206858,0.63585293,0.0034436386,0.51198417,0.00395092,0.01809775,0.060429696,0.0041766907,0.18153077,0.00020350941,0.0007856828,0.24695052,6.819188e-05,0.060192138,0.059578218,0.0019327042,0.0002830307,0.7147378,0.0030959374,0.011883105
8130,0.655785,0.06102953,0.0002796193,0.011108098,0.12968859,0.7025307,0.0030875073,0.44496962,0.0031560054,0.0080867885,0.05888457,0.0050722347,0.056025855,8.7616136e-05,0.00046213577,0.23131551,5.586355e-05,0.037154555,0.061130837,0.0007936194,0.0004377054,0.84745353,0.0067249183,0.011479939
8131,0.035590783,0.06127884,0.0139428815,0.0749567,0.4580814,0.057619516,0.08621703,0.56771886,0.066838175,0.038331516,0.0035142654,0.041757297,0.010149431,0.033676192,0.029991847,0.018119968,0.0008699229,0.23119564,0.017928984,0.02007298,0.025997706,0.054459307,0.02419094,0.033341072
8133,0.14401364,0.041103996,0.0021601282,0.022224704,0.30427414,0.37412408,0.0077860816,0.5221869,0.014735515,0.04311845,0.033192787,0.008043712,0.19170325,0.0010152749,0.003145372,0.17949079,0.00019111217,0.10742817,0.06785938,0.0061432547,0.0010389141,0.46689615,0.0048512993,0.0187065
8135,0.5185976,0.14260364,0.003479237,0.035232786,0.21161743,0.47772667,0.025313688,0.5199526,0.016322356,0.025972798,0.02636451,0.041906346,0.056720633,0.0012814504,0.0026874987,0.12017602,0.0006581002,0.06609378,0.09040724,0.006883973,0.0043623033,0.57071435,0.061776426,0.06362883
8150,0.015089932,0.010750386,0.00078223256,0.023489336,0.47110197,0.19604856,0.0038288024,0.69026387,0.013527686,0.026497569,0.026396187,0.0049643978,0.055800967,0.002943696,0.007579809,0.0947784,0.00012195496,0.3405584,0.011197772,0.004764875,0.0011842173,0.22035326,0.0028069613,0.008014605
8152,0.5484177,0.3925827,0.019424135,0.048307933,0.20084617,0.13478626,0.048170995,0.5000613,0.052547015,0.043487582,0.004494631,0.13756648,0.024342576,0.003461674,0.0057710083,0.04102173,0.001541711,0.07101085,0.11652839,0.012509888,0.01756538,0.2868708,0.305626,0.11039505
8154,0.008834068,0.023066292,0.0045288014,0.055275854,0.5529762,0.03454699,0.026814321,0.6405996,0.048067696,0.026695115,0.0027850738,0.01759555,0.004337321,0.0521584,0.04463386,0.009598386,0.00040798495,0.41032994,0.0055573117,0.00820906,0.01799039,0.029132463,0.009508266,0.013848649
8155,0.014626463,0.04075197,0.003916773,0.0088587515,0.45791584,0.042703588,0.002588088,0.5849859,0.056310203,0.20757072,0.00752388,0.0059306445,0.08669861,0.0017957422,0.01879338,0.09282273,5.66578e-05,0.34472778,0.035627365,0.0025543813,0.002427451,0.10003216,0.009018893,0.0042173713
8162,0.09317095,0.01754858,0.00062362244,0.017945945,0.30645233,0.48127124,0.0035389098,0.59294033,0.00715433,0.025526466,0.05913432,0.004551671,0.16327561,0.00061528775,0.0021783868,0.2137673,9.4857896e-05,0.13548282,0.03428766,0.0033372096,0.00050917815,0.53735864,0.0028231621,0.010954729
8164,0.13280088,0.056724813,0.0041170376,0.031845085,0.34309766,0.29794365,0.015735706,0.54060864,0.024533262,0.048430417,0.024056647,0.015503408,0.120755106,0.0023188705,0.005640125,0.12936074,0.00038736145,0.12931173,0.061110657,0.010319939,0.0026340734,0.35906148,0.010300725,0.028550109
8172,0.005224608,0.01691292,0.005673824,0.09274558,0.5541427,0.012313741,0.0661994,0.5909158,0.052784413,0.016576901,0.0012357121,0.019531531,0.001197907,0.20716797,0.08761814,0.002757212,0.00052197004,0.4226181,0.0029490525,0.007945692,0.05993101,0.008439674,0.007901844,0.010918052
8173,0.04080777,0.046052735,0.00746247,0.014128783,0.42825437,0.09844227,0.0035491784,0.4430758,0.05107773,0.16360275,0.012454955,0.0034685817,0.37335736,0.0019552892,0.009560822,0.13114898,9.4795505e-05,0.18924099,0.08468428,0.0072668735,0.00060246635,0.23206311,0.0015402678,0.009009868
8174,0.075772405,0.11547897,0.032561664,0.12402391,0.37510532,0.040257003,0.237554,0.49046052,0.09355495,0.037824187,0.002403961,0.08800024,0.007119632,0.06604498,0.038542368,0.011665688,0.001785065,0.1532605,0.024990227,0.031111164,0.07841602,0.040917467,0.057608005,0.053809606
8175,0.6200403,0.538946,0.034103118,0.032267157,0.20486075,0.08497986,0.035571605,0.4176867,0.09094876,0.07946599,0.0025402906,0.10028873,0.027177922,0.0039329277,0.006978785,0.03534281,0.0013068833,0.059464876,0.1712368,0.0089758495,0.017801896,0.25437853,0.26401994,0.10052141
8179,0.07166808,0.010390845,0.0003038971,0.014712928,0.29644164,0.5447823,0.0020766824,0.6211567,0.0044141384,0.01921748,0.082659155,0.0027875407,0.18419932,0.00037000512,0.0015423623,0.25547066,5.3147043e-05,0.14282806,0.026112989,0.0023120607,0.00026542458,0.59557503,0.0016199558,0.0072012297
8182,0.39427644,0.0529142,0.0010240214,0.019850092,0.20440574,0.60398555,0.008137092,0.5068217,0.0066046277,0.020869616,0.045537673,0.009821491,0.13037345,0.00038598487,0.0011450355,0.20224172,0.00016406793,0.05674564,0.077566884,0.003280657,0.00079897995,0.6776904,0.00844136,0.023400247
8186,0.47662157,0.032371894,0.00032108987,0.012737499,0.15713869,0.74317664,0.003640908,0.4953589,0.002599343,0.01169214,0.064672336,0.0044703167,0.14374903,0.0001019308,0.00040021085,0.254815,5.734859e-05,0.03871786,0.06558431,0.0014000168,0.00021798293,0.8069333,0.0038791057,0.01269231
8189,0.04769386,0.08274572,0.027478144,0.11722749,0.41281137,0.036204763,0.20780273,0.49317127,0.08975831,0.037821192,0.0024149204,0.06154573,0.0070429263,0.07753429,0.04383058,0.010977909,0.0014198142,0.17793642,0.020479,0.027671974,0.06830879,0.03364207,0.03241772,0.040959198
8190,0.0106856795,0.027264621,0.0066363825,0.069396466,0.53832877,0.029605651,0.049852293,0.6099206,0.054911453,0.025778903,0.0022161913,0.024186134,0.0033911832,0.07528441,0.051988423,0.007502435,0.0005750232,0.37441972,0.006091352,0.0107693225,0.028651357,0.023154894,0.012231045,0.016999518
8194,0.0762582,0.047156658,0.0044623595,0.0044567604,0.27269506,0.10060002,0.0011783228,0.2789766,0.021174483,0.18118656,0.010473025,0.0008588147,0.7625613,0.00032644797,0.003102548,0.20365672,2.9146911e-05,0.08287018,0.2502608,0.0030536551,7.908608e-05,0.37849113,0.00043453663,0.0042959657
8195,0.094265394,0.022176536,0.000995857,0.004720078,0.23085657,0.26852718,0.00078703015,0.36025482,0.0076053552,0.07280978,0.025643192,0.0007035902,0.6626179,0.00011371839,0.0011231578,0.29221004,1.3908801e-05,0.06547883,0.13405342,0.0015167184,4.67797e-05,0.5753126,0.00031798988,0.0036942447
8199,0.74139214,0.5168441,0.015620721,0.0034457038,0.12076324,0.063929394,0.0028607235,0.13499388,0.03979555,0.1798054,0.0016782655,0.0035770002,0.3879073,0.00020417238,0.0019978315,0.07678013,8.5802254e-05,0.016951663,0.68032724,0.0015696014,0.00038512974,0.44754192,0.0062206616,0.012912124
8202,0.7958722,0.29111803,0.0033572083,0.007036176,0.10427744,0.29397535,0.004160436,0.24949697,0.012621977,0.047092635,0.0067789326,0.006116543,0.17634107,0.00013581237,0.00078431907,0.12568529,7.720041e-05,0.015741957,0.35494956,0.0010564809,0.0004657895,0.68670523,0.009775411,0.01909592
8205,0.34354544,0.15613233,0.0056891763,0.0022525361,0.15089399,0.09178599,0.0010998589,0.15752934,0.019168323,0.1834781,0.004524272,0.0008021168,0.7410123,0.000106953215,0.0015412979,0.16509253,2.268648e-05,0.027094003,0.54089695,0.0013237473,6.0664304e-05,0.49572384,0.0007527827,0.0050604744
8208,0.06783402,0.013043617,0.00045064688,0.018051332,0.32228324,0.48831517,0.0030209853,0.6319454,0.006222752,0.021787548,0.06730437,0.004068116,0.14353287,0.0006246742,0.0022309495,0.21569383,8.317071e-05,0.16073395,0.025181344,0.0031046104,0.0004695133,0.52750957,0.0024804252,0.009267712
8210,0.07385955,0.08170016,0.011670213,0.087561324,0.37545198,0.088374,0.11753015,0.5901435,0.052045718,0.027366878,0.0045821276,0.07532574,0.007657232,0.025508512,0.021593086,0.020974228,0.0012311572,0.18392208,0.019081239,0.019748716,0.0351674,0.0827154,0.06630476,0.052011352
8212,0.016485136,0.1706758,0.16671027,0.036787506,0.65277815,0.0049962224,0.045077812,0.35111812,0.44022974,0.34054616,0.00068820786,0.014678185,0.021608438,0.10220282,0.1627668,0.006647013,0.00045854738,0.3631792,0.034076106,0.02493693,0.022368932,0.011022867,0.0052664005,0.015450861
8213,0.07879454,0.020163834,0.0010242088,0.007949752,0.27192363,0.30301675,0.0012769762,0.43443194,0.008689304,0.060011677,0.03349991,0.0012623128,0.523435,0.00024252749,0.0016262835,0.2692465,2.8080294e-05,0.0928323,0.09066474,0.0022529766,0.000109563414,0.53689724,0.0005545325,0.0050153793
8215,0.01216012,0.0250032,0.004220992,0.049826007,0.5406523,0.050206456,0.023266891,0.64001656,0.0434243,0.029858856,0.0041406318,0.017260715,0.0074524134,0.031792518,0.032650486,0.015482396,0.00041661438,0.37611175,0.0076636258,0.00927304,0.012567066,0.045528315,0.009702806,0.01590042
8219,0.0061729397,0.016725747,0.0030519003,0.03494976,0.6018692,0.039723035,0.009910389,0.64668036,0.043116376,0.037203908,0.004510598,0.0085534,0.011098987,0.026654614,0.035846464,0.016935017,0.00024166374,0.4778018,0.006604621,0.0070490013,0.006319426,0.04094555,0.0041703694,0.0091436645
8220,0.04653164,0.33444163,0.31531355,0.031404015,0.6180248,0.007917371,0.051673014,0.29308432,0.564714,0.5249703,0.00105322,0.019268299,0.05478639,0.05896834,0.13795844,0.014139598,0.00066232274,0.26941437,0.08613773,0.03591176,0.019780178,0.022097558,0.008875598,0.025407447
8226,0.0047991285,0.015040333,0.0029521135,0.039991,0.6129888,0.02919467,0.0125468215,0.654955,0.0433392,0.029229522,0.0030623307,0.009549617,0.0055272044,0.04308657,0.04524063,0.010306739,0.0002575095,0.50468194,0.004518462,0.0063588326,0.009750072,0.026787143,0.0045805187,0.008684959
8227,0.04568545,0.050983485,0.006741074,0.05670659,0.43727064,0.10836695,0.04338901,0.6030514,0.043099925,0.034829855,0.0070585753,0.032271728,0.015975732,0.01486166,0.017790291,0.03298038,0.0006548933,0.22542438,0.019022964,0.014150671,0.013080511,0.10588204,0.023023747,0.03251627
8228,0.013422954,0.06478504,0.047313515,0.09651626,0.55283093,0.007457434,0.13443384,0.4165355,0.16457216,0.06814805,0.00085089554,0.025278397,0.005533674,0.21529987,0.11735088,0.0036170185,0.00090825645,0.2971958,0.015124604,0.023692373,0.06957539,0.008349873,0.008017794,0.018119564
8230,0.110370025,0.3157771,0.15494597,0.03919964,0.48664263,0.027337655,0.060379762,0.36195928,0.32200068,0.29983494,0.0020159397,0.03597741,0.056429334,0.026276227,0.05239392,0.027095562,0.00094213564,0.18100049,0.10068083,0.031415615,0.017634118,0.06302103,0.026657207,0.04628671
8232,0.008207189,0.0261936,0.0031644788,0.028950192,0.62688255,0.054812904,0.0095831305,0.700116,0.045064684,0.04775252,0.0059679393,0.012945551,0.0021484678,0.030276524,0.046788312,0.016448354,0.0003949909,0.614532,0.0051261582,0.0034856128,0.0145681,0.03764024,0.013710541,0.009000859
8234,0.009307951,0.11752662,0.02563969,0.04257951,0.53785986,0.009401299,0.041508798,0.5781516,0.18915299,0.13080539,0.0037615309,0.022917049,0.0059028124,0.0774897,0.14649828,0.011960518,0.0016296337,0.46012962,0.00988077,0.008378785,0.059703864,0.016541855,0.03327028,0.026895918
8238,0.36250573,0.03796744,0.0006208781,0.01841167,0.20277338,0.65517175,0.0061922683,0.5324917,0.0048291096,0.01646104,0.05707314,0.007964406,0.11885663,0.0003110847,0.00095790526,0.21602014,0.00012646131,0.060263414,0.05842879,0.0025617983,0.00059468107,0.7062255,0.006921668,0.01920815
8241,0.38799578,0.035323594,0.0004999452,0.017434282,0.19142424,0.6884551,0.0056089093,0.53345156,0.004012764,0.014259289,0.061150033,0.0072712023,0.115572445,0.0002474232,0.000780607,0.22461288,0.000107699394,0.05546369,0.055937603,0.0021964677,0.00049433176,0.7351748,0.0063813543,0.01776073
8245,0.78818965,0.33482498,0.005994983,0.011407886,0.13496052,0.30615023,0.0084808795,0.2906167,0.019425329,0.053672966,0.0071718716,0.012941158,0.14638767,0.00029036537,0.0011419381,0.11185185,0.00019096734,0.020743063,0.34286857,0.0024221118,0.001066389,0.63725257,0.019221678,0.0347082
8258,0.056713887,0.034679335,0.0031489162,0.0031835227,0.26522076,0.094241984,0.00068381574,0.2671038,0.016899742,0.18600598,0.011570627,0.00047836907,0.83307695,0.00020650907,0.002599024,0.2372826,1.7621687e-05,0.08457726,0.25214505,0.0023201383,3.93361e-05,0.40069103,0.0002329177,0.0028148834
8259,0.12992431,0.008014261,0.000118928736,0.009917659,0.21453053,0.717955,0.0012081492,0.59877133,0.0017808371,0.01122672,0.11692806,0.0015780582,0.22178522,9.4066396e-05,0.0005144275,0.33218578,2.2456397e-05,0.08457661,0.027283404,0.0011093793,8.382945e-05,0.76479715,0.0010032939,0.005003816
8264,0.0022103933,0.009269974,0.0020684788,0.039169464,0.6520642,0.016546013,0.0110213375,0.6704167,0.038936112,0.02118803,0.0019393316,0.0071068914,0.0025551992,0.069297664,0.06075008,0.005420178,0.00018635027,0.59642553,0.0023352702,0.0045453715,0.011218503,0.013749572,0.0030359048,0.005505818
8266,0.12702826,0.14244366,0.0027424933,0.07541691,0.21070682,0.071284585,0.051234223,0.76096725,0.021989774,0.01149981,0.0037108934,0.106253624,0.00095931767,0.01383405,0.013567629,0.010635038,0.0011787837,0.18645766,0.006830725,0.0035390798,0.0641168,0.08982729,0.2891118,0.037746053
8271,0.72769,0.5622211,0.024200767,0.0050469036,0.14448921,0.058017284,0.0046329536,0.15707645,0.057991154,0.1992028,0.0015781147,0.0063755424,0.29517892,0.000394503,0.0028513954,0.062143262,0.00014945841,0.021740884,0.63146424,0.0025038884,0.00081073603,0.37542892,0.010987963,0.018536692
8286,0.5689896,0.51468027,0.043381568,0.024991162,0.2269041,0.07235585,0.027919773,0.35579416,0.1008698,0.12037814,0.0023858515,0.057745606,0.058498908,0.0032263217,0.0077039935,0.040404294,0.0010030947,0.061790433,0.24330723,0.010713854,0.009771624,0.24140756,0.12410966,0.07363111
8298,0.3330109,0.01955312,0.00021032199,0.010834218,0.16751675,0.733884,0.0022060028,0.5219499,0.0021547598,0.011622544,0.07792781,0.0027949098,0.16988298,9.191507e-05,0.0004157479,0.284717,3.692598e-05,0.048564367,0.04772601,0.0010818477,0.00013865186,0.79802614,0.0022676263,0.008431371
8306,0.3902071,0.06550345,0.0015965399,0.008721131,0.17269182,0.43105996,0.0033234446,0.35093066,0.007972887,0.045229346,0.022521978,0.0028977522,0.35989842,0.00015811794,0.00082655996,0.23096426,4.7966874e-05,0.034829587,0.1757904,0.0018866424,0.00019622382,0.6719222,0.0019493308,0.01174309
8308,0.2729209,0.027660297,0.0005110406,0.01688761,0.21791287,0.63847136,0.0046443976,0.54411685,0.004478029,0.01720326,0.06312111,0.005857559,0.14292918,0.00029694036,0.0009956497,0.23131779,9.958169e-05,0.07000269,0.051185872,0.0024368754,0.00044804817,0.68962026,0.004529945,0.014830995
8311,0.001346937,0.006936201,0.00069698243,0.014488873,0.68058926,0.015338448,0.002470782,0.70709264,0.022617018,0.021473186,0.0025214928,0.0029464315,0.0036085427,0.017368777,0.024942454,0.008334225,8.194403e-05,0.64125603,0.0023025735,0.0014105487,0.0053201006,0.01552186,0.0020994702,0.0027786633
8315,0.12460128,0.022953587,0.00076674274,0.020747863,0.29432678,0.5008646,0.0051365304,0.59300554,0.007868987,0.024347201,0.0545063,0.006623266,0.12903191,0.00073126645,0.0022653318,0.20010641,0.00013456748,0.12304698,0.03600509,0.0037259667,0.00075472466,0.54196775,0.004603229,0.014812522
8319,0.109430715,0.33760437,0.18177857,0.046311475,0.508349,0.019172406,0.0812186,0.33737957,0.35283104,0.28190237,0.0015859166,0.04079771,0.038394205,0.03959957,0.06842166,0.016459875,0.0012260288,0.189479,0.095504045,0.041257113,0.026504606,0.0430774,0.027496666,0.046033457
8320,0.6546128,0.13388203,0.0020265046,0.020670975,0.1643648,0.56798875,0.012495883,0.44066426,0.009177961,0.023255533,0.027739946,0.017048871,0.10561498,0.00036129012,0.0010138047,0.1613313,0.00024786635,0.035614472,0.14489739,0.0034790488,0.0013297551,0.7058426,0.019597195,0.03795822
8321,0.26458108,0.07373717,0.00017513048,0.032292474,0.14184831,0.4761588,0.0074284323,0.8500701,0.0031829358,0.0057543544,0.043198835,0.05184865,0.0029813363,0.00069111947,0.001663906,0.08633896,0.00046239945,0.17102444,0.0115229245,0.0007831186,0.010304692,0.5055484,0.16651416,0.014834227
8322,0.050681815,0.0790025,0.024955384,0.15375565,0.37154058,0.031954568,0.3072712,0.50419503,0.077056,0.024376817,0.0019332524,0.085499555,0.0036394864,0.11098655,0.046963885,0.0075526186,0.0018262985,0.16448948,0.015387188,0.027723925,0.11568192,0.026620885,0.04741498,0.044325836
8325,0.04512172,0.07612104,0.018598143,0.011944491,0.4356311,0.053778768,0.004290497,0.3564959,0.08545062,0.2776545,0.007267703,0.0032935862,0.49702248,0.0025537182,0.013890897,0.106261075,0.000112202215,0.17932585,0.14912446,0.010462801,0.000591385,0.17514561,0.0014482954,0.008792305
8329,0.13364181,0.032516953,0.0014357559,0.020655522,0.29722118,0.41896543,0.006043376,0.5465505,0.011632254,0.035748485,0.039115384,0.006937248,0.16992594,0.0008598631,0.0026907595,0.19251549,0.0001499007,0.111767426,0.05248528,0.004588746,0.0008436059,0.5005628,0.0044070953,0.016391234
8333,0.10764058,0.10446778,0.0029608337,0.028072504,0.30620202,0.14559402,0.011905281,0.65514004,0.0309745,0.052882582,0.012100244,0.026825346,0.011189254,0.0018047453,0.0068645612,0.052899122,0.00017058839,0.16000976,0.017011855,0.0023274843,0.0099654,0.20026888,0.05289162,0.017162547
8335,0.17946775,0.0397129,0.0015554138,0.0051092384,0.20259716,0.27804172,0.0013146835,0.32040134,0.008949407,0.07631774,0.019274386,0.001080993,0.6089653,0.00012226771,0.0010631796,0.25758135,1.9876634e-05,0.04615846,0.1864796,0.0016557949,7.118328e-05,0.5890281,0.00056315894,0.0056695263
8338,0.0026103468,0.008363032,0.0014990582,0.030551707,0.6413299,0.029301867,0.0064004026,0.6889008,0.03123969,0.02471366,0.0039100125,0.0054605794,0.006312306,0.03189189,0.040577855,0.011979462,0.000160201,0.5916165,0.0032950174,0.0045648306,0.0053163418,0.027538726,0.0024731443,0.0053368537
8340,0.46685869,0.49143186,0.05196088,0.04146721,0.25096887,0.054519556,0.049924027,0.41866738,0.12045823,0.09614135,0.0020693066,0.10852093,0.028587997,0.0069562313,0.012277508,0.026394358,0.0015890873,0.086323656,0.15071929,0.016749963,0.021649554,0.16287579,0.22536606,0.09047813
8346,0.16419567,0.12937406,0.012511738,0.0042589703,0.24965778,0.066791125,0.0020251414,0.20002447,0.039304327,0.26511118,0.0048993323,0.0013337111,0.72494984,0.00043167116,0.0038555467,0.13910694,4.4210778e-05,0.055072483,0.41131142,0.003420647,0.0001460158,0.31911558,0.00081105204,0.006764495
8347,0.025370896,0.034982428,0.004800438,0.048840515,0.484845,0.08822864,0.026149988,0.6256041,0.040464256,0.03434984,0.006723097,0.021207735,0.014715992,0.016579231,0.020742735,0.028880067,0.00047445702,0.28744024,0.0134962555,0.0111664,0.009896498,0.08646477,0.013480337,0.022345655
8352,0.017128717,0.019356314,0.001993326,0.032058835,0.50031257,0.12250196,0.00834054,0.66095424,0.02596311,0.033819783,0.012788796,0.009361531,0.030118892,0.0074119996,0.013879381,0.05159959,0.00023132685,0.33699122,0.011940727,0.0070623634,0.003248382,0.13347635,0.0055525335,0.012561961
8356,0.004807008,0.0172884,0.0042177564,0.052059606,0.6061065,0.020289756,0.022825515,0.63404197,0.051968165,0.026051275,0.0018924357,0.0130940555,0.0029328093,0.07992404,0.061572596,0.005952737,0.00033107155,0.4882912,0.003846808,0.006959915,0.019038975,0.016672643,0.006000902,0.009785203
8357,0.013114207,0.032360304,0.010910501,0.09584558,0.50803816,0.022219049,0.09553714,0.5480344,0.0667697,0.026752068,0.0019182932,0.029037545,0.0032938276,0.12770683,0.06478265,0.005841313,0.0007853598,0.3121998,0.0074912696,0.013788937,0.05278172,0.017172249,0.012701773,0.019257905
8363,0.0037695875,0.010134181,0.0016797482,0.029749926,0.6232498,0.04002891,0.006320315,0.679666,0.03191272,0.0288765,0.005285324,0.005841008,0.010041983,0.023669107,0.033884533,0.017467925,0.0001800275,0.5502689,0.004629032,0.0052557923,0.004575354,0.039644364,0.002782229,0.0062962146
8365,0.13281168,0.018405952,0.0005007376,0.018546993,0.27499673,0.5652912,0.0040560327,0.5980251,0.005555238,0.01959587,0.0671991,0.0052649267,0.13854976,0.0004942741,0.0016412414,0.22474308,0.00010065284,0.113218024,0.03381799,0.0029569569,0.00052292866,0.59876835,0.0035850876,0.012435228
8378,0.05344109,0.03979267,0.0046211365,0.019596703,0.40902624,0.16367473,0.005496054,0.49974367,0.033282347,0.09264161,0.01819514,0.005428748,0.25189278,0.0019925009,0.0074608023,0.13062325,0.00014702087,0.17798474,0.064526625,0.008251894,0.0009481013,0.27478778,0.0026280559,0.012546455
8381,0.047085512,0.36633864,0.36348507,0.036187075,0.6218469,0.0058193617,0.069185026,0.28187922,0.60604286,0.50748634,0.00069595303,0.023097694,0.031444266,0.084723264,0.1600693,0.009054159,0.000700649,0.26327127,0.072415136,0.03565571,0.030559162,0.0153884655,0.010531533,0.026712732
8383,0.21979192,0.048608895,0.0017238804,0.027788555,0.280323,0.47476476,0.0119164605,0.5595579,0.012241483,0.028563999,0.0400964,0.014703372,0.10012778,0.0011756792,0.0029605804,0.16141333,0.0003115851,0.10224081,0.05427903,0.006007026,0.001826535,0.51637864,0.012499983,0.028980678
8389,0.68842196,0.042229947,0.00014414408,0.013330746,0.10517083,0.86781555,0.0030416704,0.5120125,0.0016683285,0.00670519,0.14179057,0.005512731,0.042392675,6.602154e-05,0.00035707944,0.31647325,6.591038e-05,0.036849108,0.040372018,0.00055492314,0.00037320456,0.9035606,0.010846117,0.009302499
8392,0.11839158,0.15290196,0.028322926,0.007945339,0.34294495,0.05121323,0.0043608556,0.24522738,0.0859684,0.33641687,0.0046592257,0.0029227037,0.5848868,0.0014288233,0.008968422,0.10336196,9.704663e-05,0.09268571,0.30811596,0.0075110397,0.00046631545,0.2091013,0.0015525224,0.0104271
8393,0.25004303,0.24692805,0.018868813,0.0054340125,0.23743668,0.028495092,0.0025103122,0.13356765,0.08043866,0.4023044,0.009816285,0.0016822063,0.70242554,0.001617238,0.023470996,0.16432868,0.00029223695,0.08127896,0.6418821,0.0033808623,0.0020402963,0.28717536,0.0018014172,0.009816763
8402,0.03522626,0.046333518,0.010879669,0.1270701,0.39088145,0.04508362,0.18743964,0.56044483,0.049806315,0.018546244,0.0029829198,0.060223978,0.0035083494,0.082588315,0.038775064,0.009463732,0.001271911,0.2033953,0.01051813,0.018487372,0.071041875,0.033552814,0.03513765,0.034448236
8407,0.001563016,0.009560822,0.0018638081,0.025003936,0.68551624,0.014101437,0.0053925845,0.6767589,0.043736085,0.03445354,0.003141798,0.0049657496,0.0043931035,0.049180564,0.06241606,0.008301591,0.00014868047,0.69240844,0.0031356658,0.0033848172,0.008047951,0.014861639,0.002475444,0.0040952163
8408,0.07152069,0.036140557,0.0024905,0.0025568514,0.22798163,0.102019824,0.0005481395,0.24792041,0.013575028,0.17016456,0.011402629,0.0003953486,0.840853,0.00013670184,0.001998174,0.24927483,1.3022034e-05,0.068503566,0.27513954,0.0016509669,2.9537707e-05,0.44802627,0.0002204356,0.002533582
8415,0.40859503,0.733845,0.24139579,0.013107458,0.34905437,0.009987149,0.022849962,0.19665903,0.44545084,0.5030917,0.00063516735,0.02756334,0.0804105,0.009734799,0.038985826,0.017860174,0.00061825046,0.08344192,0.35631657,0.012462416,0.012949987,0.06418764,0.048381403,0.03804818
8427,0.041114617,0.026214527,0.0019919106,0.03164354,0.42463636,0.21829379,0.009592965,0.6403242,0.02099648,0.03354133,0.020418536,0.011467873,0.0501691,0.0038223353,0.008142508,0.08687745,0.00025606135,0.23465973,0.019687729,0.00718842,0.0026999088,0.23815535,0.0077237175,0.017479936
8428,0.51558536,0.04299642,0.0004551651,0.015150274,0.16257317,0.7233534,0.0051643206,0.49397382,0.0033568954,0.012724504,0.057744674,0.0065624765,0.11913703,0.00015166542,0.00052017753,0.22702122,8.632931e-05,0.040191825,0.0712384,0.0017493728,0.00036785495,0.7868203,0.0061330735,0.017161218
8429,0.103156015,0.063541554,0.0060923314,0.040869884,0.3773841,0.2219922,0.025378974,0.5604934,0.033851147,0.048014976,0.016107641,0.023067845,0.06965628,0.004441304,0.00861104,0.089196324,0.00054068316,0.15321353,0.046845064,0.013571446,0.0050829235,0.25667784,0.016037265,0.034265734
8433,0.11207037,0.019415336,0.0006321656,0.019971427,0.29801205,0.5132143,0.0044905585,0.602073,0.006980543,0.022640068,0.060339965,0.005812127,0.13440059,0.0006654248,0.0021405595,0.20714363,0.00011843927,0.12883669,0.033292565,0.003543961,0.0006527012,0.548615,0.003879229,0.013168553
8434,0.14772452,0.05334914,0.0030326624,0.03299613,0.32969305,0.34615868,0.015917024,0.56594956,0.020273319,0.03803732,0.027379647,0.017870676,0.0861319,0.0022927367,0.0051799887,0.12645754,0.0004019691,0.1309994,0.048680022,0.008633367,0.002933984,0.386459,0.014139625,0.03132322
8435,0.55350304,0.04005468,0.00035312877,0.013954214,0.15021628,0.75812054,0.0045508007,0.49130127,0.0027175278,0.0107375225,0.061514974,0.005773931,0.11415291,0.000110613386,0.00039726915,0.23727132,6.9739566e-05,0.03566697,0.06793356,0.0014311984,0.0002856603,0.8162236,0.005556837,0.015570155
8436,0.28904018,0.16816817,0.011428813,0.0051539214,0.2105349,0.096800745,0.003087431,0.20792048,0.033026375,0.198519,0.00519936,0.0021548436,0.6181339,0.00040444869,0.003012182,0.13986202,6.57577e-05,0.04277455,0.4291183,0.0033197366,0.00022539592,0.39416435,0.0016315994,0.010025585
8437,0.059966214,0.042989515,0.0046674744,0.02382579,0.40640315,0.18237765,0.0076896125,0.5281584,0.033267558,0.07680304,0.018125284,0.0078072264,0.17697383,0.002500964,0.00778223,0.12027958,0.00020056537,0.17809924,0.05432913,0.008921045,0.0014665871,0.2722593,0.00417192,0.016150666
8438,0.7800653,0.09934359,0.0003886209,0.0068985852,0.114803955,0.73845184,0.00234555,0.37640718,0.0035126163,0.012453559,0.057294376,0.0048304964,0.06268155,6.148339e-05,0.00041439684,0.2336562,4.7709535e-05,0.022694312,0.0927177,0.00053653354,0.0003188098,0.8652221,0.007189178,0.015661929
8442,0.37754932,0.020735936,0.00020708247,0.011679617,0.16575024,0.76211447,0.0026189163,0.5278412,0.0020447243,0.010336233,0.08088779,0.0032899021,0.15305533,8.8625005e-05,0.00037566628,0.27934217,4.2461164e-05,0.045808364,0.048126522,0.0012045882,0.00015342628,0.81010914,0.002699122,0.009581764
8445,0.002900374,0.009280946,0.0017123747,0.03240647,0.638498,0.028594477,0.00740992,0.6795163,0.033074543,0.0254625,0.0036413164,0.0060119876,0.0061274925,0.034120075,0.041525275,0.011220471,0.00017398086,0.5745402,0.0035035962,0.0050204643,0.0059012114,0.026489329,0.0026884715,0.005785999
8453,0.25025958,0.09217967,0.005088202,0.04024175,0.29666126,0.35428134,0.028756047,0.5387895,0.024786774,0.039283358,0.023861486,0.03171498,0.07820836,0.0026035022,0.005281337,0.116958395,0.00069942017,0.10434716,0.0714308,0.01178762,0.005013036,0.40593022,0.029644959,0.049215674
8461,0.10389747,0.1390465,0.02426429,0.1350099,0.31665486,0.046105634,0.22552848,0.55966234,0.07512454,0.025455177,0.0024336653,0.15408263,0.0042740745,0.05302241,0.031978022,0.010784949,0.0020345023,0.15718715,0.01939709,0.026177403,0.09228704,0.05047472,0.16044882,0.06880401
8462,0.046357766,0.053204115,0.0074689672,0.054241493,0.44151273,0.10849685,0.04054688,0.59401333,0.045576144,0.039211772,0.0072390763,0.029767226,0.02063388,0.013324908,0.017131213,0.036664046,0.00062555325,0.21959691,0.021947835,0.014967776,0.011469967,0.11127551,0.019943641,0.031635694
8465,0.0013434464,0.0067215334,0.0016138847,0.03153987,0.68423265,0.01356939,0.007148892,0.67907214,0.03659954,0.02182182,0.0019338386,0.0047172536,0.0028146587,0.06297867,0.06371009,0.005336869,0.0001276407,0.6608629,0.0019726267,0.0037733787,0.007676009,0.0118932715,0.0018493695,0.0038906587
8467,0.5045018,0.1242234,0.00032997527,0.018918289,0.12014612,0.44205868,0.005187946,0.6843763,0.0030826486,0.011282132,0.019064855,0.026676742,0.019600363,0.00016415918,0.00059985445,0.08261022,0.00014325397,0.05142672,0.0554234,0.00093739276,0.001800435,0.61305296,0.067146264,0.018377649
8472,0.45014438,0.66188353,0.090872124,0.010360713,0.23580448,0.012594379,0.01490985,0.16214189,0.2720718,0.4306029,0.0013908142,0.01366799,0.12374915,0.0068302206,0.03779369,0.036553234,0.0005018263,0.07158549,0.4858381,0.005795893,0.008154143,0.11866108,0.021544237,0.02282538
8474,0.21271579,0.24364996,0.026272371,0.10181475,0.27176896,0.069805466,0.12602411,0.59205234,0.07459879,0.03328071,0.0033312866,0.21840985,0.007729194,0.018911095,0.01856084,0.019063197,0.0022789573,0.14500801,0.033658925,0.024485309,0.054081608,0.10725078,0.3524633,0.10254691
8476,0.004249255,0.01715342,0.0019554074,0.023176827,0.61339355,0.023767684,0.0067637735,0.66557604,0.04080635,0.041949164,0.0054886523,0.006201113,0.004913788,0.027653571,0.038870227,0.013881853,0.00025436343,0.5780456,0.005513403,0.0030954059,0.009374328,0.027718637,0.004417875,0.0062506916
8477,0.30953258,0.088152595,0.0034465375,0.03590902,0.2679895,0.43223432,0.0231818,0.54119444,0.018301567,0.032238703,0.029481858,0.028837884,0.07666865,0.0017881239,0.0038214545,0.13148195,0.00058041076,0.09200368,0.0707646,0.008735535,0.0038469962,0.48506707,0.029943347,0.04788395
8489,0.35350963,0.2808027,0.02278397,0.061877202,0.26120168,0.1287307,0.06973805,0.52123964,0.062447812,0.04830937,0.005492737,0.1278827,0.025776658,0.0064714714,0.009584937,0.041582905,0.0017367366,0.10159581,0.081326745,0.019655654,0.021075804,0.21925744,0.21501964,0.10001087
8502,0.004666932,0.016034368,0.003701878,0.05036414,0.60735476,0.021773847,0.02076804,0.6417153,0.047970045,0.024942797,0.0020608683,0.0123394,0.0030621006,0.07264382,0.05786059,0.0063481396,0.0003160932,0.49408543,0.0037422033,0.006782073,0.01710748,0.017796434,0.0056856466,0.009419212
8503,0.0017334438,0.0086357435,0.0021849815,0.034994353,0.6753069,0.013564299,0.009155323,0.66102624,0.042637777,0.024374822,0.0017862362,0.005803275,0.0028863447,0.07071617,0.06702824,0.0051696636,0.00015743943,0.62847495,0.0023474242,0.004397803,0.009523655,0.011907491,0.002289993,0.0046630157
8505,0.0054105786,0.017515497,0.0039257105,0.05079648,0.5982497,0.02422114,0.021608017,0.63998276,0.048543066,0.026024576,0.0022318093,0.013220469,0.0034450411,0.066750385,0.054585345,0.0071113044,0.00033720717,0.47601032,0.0041854503,0.0071793045,0.016931755,0.020108406,0.0062735393,0.010326458
8508,0.099099964,0.1302576,0.020737048,0.15596533,0.2992014,0.036323108,0.25062206,0.5652224,0.06831182,0.01930357,0.0019656527,0.17521547,0.0023596215,0.07663882,0.03664372,0.0069549303,0.0020247079,0.15849093,0.014061398,0.021773985,0.13507526,0.037337314,0.1944777,0.06737487
8512,0.041378222,0.015628595,0.00086707406,0.022071378,0.39269266,0.3266206,0.004180953,0.640157,0.011527814,0.029943444,0.04149658,0.0054749367,0.10823929,0.0014816287,0.004529644,0.15026812,0.00012750432,0.2207532,0.022156578,0.0047877096,0.00090270035,0.36669374,0.0032517584,0.010747024
8514,0.116184436,0.11075856,0.015685396,0.06692911,0.37611893,0.12590702,0.08070078,0.54723424,0.059213437,0.04630646,0.0069668693,0.059831586,0.025374135,0.012286617,0.0154412305,0.04167145,0.0011707235,0.15278207,0.041445363,0.023090165,0.01879363,0.142314,0.050701246,0.056854393
8519,0.048911244,0.07882618,0.017027149,0.06696734,0.447904,0.067960635,0.07760714,0.5511,0.07524778,0.05003844,0.0040678247,0.042007737,0.015628595,0.024368603,0.026039973,0.024405224,0.0008538816,0.20928435,0.024985068,0.021168811,0.021400895,0.07168034,0.026408937,0.037995763
8526,0.0099106105,0.019967679,0.00037457776,0.021785468,0.38858283,0.06803444,0.002851177,0.8292464,0.01000406,0.016273437,0.015350228,0.008709663,0.0033337446,0.007042042,0.017372822,0.027929215,0.0002488163,0.6278157,0.0045015197,0.0011820956,0.007351086,0.08575128,0.014920332,0.004962766
8527,0.6797707,0.42677933,0.011285653,0.0027056697,0.11739865,0.06584281,0.001973068,0.12937333,0.031088328,0.17704196,0.0019839185,0.002165763,0.49308872,0.00013969187,0.00174407,0.09507358,5.5378914e-05,0.017100008,0.6858313,0.0012716601,0.00021278304,0.47428393,0.0034811918,0.009476904
8529,0.0054905703,0.019067613,0.0042888164,0.039931413,0.6164746,0.026772939,0.01385586,0.6295012,0.054706234,0.03795874,0.002845731,0.010189169,0.0069004586,0.045405574,0.04969297,0.010585026,0.00027752062,0.48813233,0.0057744873,0.007346129,0.010229723,0.02630125,0.004761769,0.009616293
8533,0.06248376,0.091232754,0.02233099,0.10131285,0.39851186,0.055070683,0.16784169,0.5270087,0.07731337,0.03702743,0.0031875188,0.06858619,0.008916081,0.04400143,0.031344026,0.01613758,0.0013847187,0.17324416,0.023301624,0.02676484,0.048474852,0.053366207,0.044021748,0.047601297
8535,0.34095854,0.025458662,0.0003390433,0.014817601,0.18868454,0.7085842,0.0038434858,0.5378767,0.003067283,0.012984421,0.07085856,0.0049003256,0.13792413,0.00017520113,0.0006257933,0.24976908,7.1766575e-05,0.055845287,0.049979847,0.0017579877,0.0002993525,0.7553445,0.003958623,0.012896734
8549,0.6403154,0.05222972,0.00040773474,0.014649131,0.13991034,0.76469886,0.005493584,0.47440428,0.002869146,0.010220365,0.055574283,0.0070741572,0.09786659,0.00010878274,0.00037221785,0.22198722,8.0569145e-05,0.030778296,0.07797398,0.0014482265,0.00034747165,0.82728493,0.00746261,0.018601414
8551,0.06074167,0.018210694,0.0009964363,0.0038988262,0.25068796,0.21016657,0.0005534085,0.34980804,0.008268996,0.08987175,0.02472966,0.00047871098,0.7414137,0.000110381894,0.0013304829,0.30262417,1.1052543e-05,0.079239026,0.13571022,0.0015035258,3.2889293e-05,0.53583574,0.00020006437,0.0026992194
8553,0.710621,0.20926239,0.0036078535,0.011221063,0.14019905,0.39659005,0.006914216,0.313457,0.013372386,0.045151073,0.011895457,0.008428528,0.1838596,0.00023591169,0.00094090763,0.15170169,0.00012433606,0.02319414,0.26874673,0.002072894,0.0006446591,0.6839887,0.00955702,0.025942639
8554,0.23481975,0.033771433,0.00092061266,0.017975388,0.2356383,0.5436001,0.005583144,0.52005434,0.0067186113,0.025092902,0.048400342,0.0061361603,0.1896411,0.0004029025,0.0013429628,0.22538252,0.000118950404,0.07286577,0.06745473,0.0034142467,0.0005504838,0.62628436,0.004032415,0.015733195
8555,0.031272776,0.015793504,0.0013172909,0.015421323,0.40008426,0.231961,0.0024053014,0.55876344,0.014631502,0.056109447,0.034837022,0.0025521615,0.3021035,0.0009671389,0.0043269326,0.18737675,7.132352e-05,0.20809819,0.0416254,0.005015296,0.00036851098,0.3550388,0.0010527736,0.0063851275
8561,0.02347651,0.04800417,0.010851206,0.061024014,0.5017579,0.05191659,0.04971377,0.58278835,0.06492764,0.04261532,0.003626841,0.027679008,0.01204989,0.030830294,0.031406935,0.018580362,0.00061648135,0.27817494,0.015511889,0.016346222,0.017311763,0.051549572,0.01468031,0.02492044
8562,0.017942885,0.0123768225,0.0009006475,0.022806231,0.4592907,0.2036551,0.0037556172,0.67690957,0.014646681,0.030326596,0.02694781,0.00501724,0.066628985,0.0026707228,0.007251235,0.10421268,0.00012243059,0.31798583,0.013221297,0.004720324,0.0011209226,0.23999856,0.0029010994,0.00844784
8564,0.009379626,0.02255311,0.0039264862,0.039307397,0.57224536,0.04686946,0.013497983,0.6387047,0.04699567,0.038781077,0.004625738,0.011740396,0.0113048935,0.026095012,0.03339457,0.018580727,0.00030510072,0.4203172,0.008067607,0.008037704,0.008003342,0.04832402,0.0062753656,0.012381452
8567,0.27545452,0.17190304,0.014594308,0.053954594,0.30380565,0.20963635,0.057871208,0.51593935,0.049168672,0.051802605,0.01089321,0.06645255,0.048660275,0.0054853396,0.008954006,0.06956875,0.0012837524,0.107610926,0.0810771,0.019081205,0.012588296,0.27666298,0.076833405,0.07501783
8569,0.013538496,0.014004172,0.0013385321,0.02598399,0.5033705,0.13556084,0.004986712,0.6697048,0.020696001,0.033964727,0.01712919,0.0060349866,0.045119587,0.0049615414,0.01140294,0.06777864,0.00015765334,0.36253014,0.011671286,0.0058040125,0.0017924862,0.1580505,0.003360958,0.00902732
8571,0.12424784,0.28885666,0.09916778,0.019130562,0.44792354,0.033446103,0.018317321,0.30029538,0.24591702,0.3883359,0.0028076277,0.012814672,0.22244786,0.0084414985,0.028080098,0.049691964,0.00035569695,0.14029357,0.19936952,0.018807642,0.00383691,0.10779622,0.008370025,0.027648572
8577,0.702442,0.46427724,0.0130713135,0.002941028,0.11906492,0.06343023,0.0022569934,0.13025874,0.034857325,0.1815571,0.0018300767,0.0026018647,0.45540193,0.00016283002,0.0018716798,0.08713938,6.536284e-05,0.01709513,0.6872513,0.001378828,0.0002673273,0.45988747,0.0043000104,0.010584927
8580,0.0046710935,0.029859858,0.008392912,0.043187562,0.6977432,0.019020224,0.013094943,0.5839441,0.10089553,0.06359115,0.0033971337,0.011156917,0.0018946779,0.08739744,0.11718365,0.0076544713,0.000528208,0.6149069,0.0033196227,0.004857674,0.039292276,0.01394991,0.0083165765,0.013231316
8586,0.17378792,0.03366146,0.00045372883,0.019181035,0.2637311,0.5634634,0.002454005,0.7231283,0.007086836,0.016797028,0.14982332,0.009103278,0.04480377,0.00072588655,0.0035035815,0.25359744,0.00028247244,0.22834401,0.025788125,0.002004201,0.0021855584,0.6584586,0.013700936,0.011711402
8590,0.00337946,0.013986459,0.0036465118,0.052211016,0.6242237,0.015226656,0.021680081,0.6393211,0.050293844,0.022500921,0.0015004014,0.011447108,0.0020042553,0.10218078,0.07163067,0.0042952555,0.0002856015,0.52996993,0.0028130035,0.0059294254,0.020947298,0.011949068,0.0049515744,0.0078859115
8591,0.07675927,0.1019243,0.019969054,0.061867006,0.425795,0.087072,0.073494524,0.5273203,0.07727405,0.060528267,0.005245924,0.044857264,0.026063787,0.016570907,0.021178355,0.033622444,0.00096074917,0.17823556,0.038443476,0.024134733,0.01771368,0.10103861,0.030921621,0.045673557
8592,0.19444555,0.057775542,0.0027355705,0.0057494566,0.21642004,0.21468444,0.0018457922,0.29639268,0.013360521,0.09916544,0.014714588,0.0014667833,0.6001128,0.00020190522,0.001631308,0.21388039,3.13289e-05,0.048913937,0.2307194,0.0022818444,0.00011892352,0.5192684,0.0008051436,0.007190012
8595,0.12005295,0.013721209,0.0003339585,0.013966127,0.25766283,0.58771753,0.002334698,0.5812101,0.0040382156,0.018784283,0.077005275,0.0029951562,0.19497985,0.00028020082,0.001153271,0.26278612,5.3742326e-05,0.103825666,0.034882337,0.002072563,0.00024734324,0.6477496,0.0018552948,0.008237808
8597,0.0027762596,0.009897825,0.0020129841,0.033500716,0.64653945,0.024224699,0.00821503,0.66863346,0.03712749,0.026824655,0.003054789,0.0062452527,0.0054539023,0.04095815,0.04707668,0.0094940765,0.0001800045,0.57812965,0.0034565113,0.0051813647,0.0068070316,0.022316933,0.0027053335,0.005811989
8599,0.026820729,0.039993115,0.0063650417,0.060297117,0.47509697,0.07230895,0.044143703,0.61428475,0.04567534,0.030949568,0.0049092597,0.029265102,0.009463231,0.025082137,0.025173225,0.020670766,0.00062369026,0.27592063,0.012607426,0.013164872,0.016379185,0.06562101,0.018679742,0.026212927
8601,0.0030215713,0.011335485,0.002407781,0.032138735,0.6461625,0.024335254,0.007808793,0.65931964,0.04241199,0.032232676,0.0031433199,0.0062701935,0.0067550596,0.03895631,0.048005495,0.010689794,0.00018251763,0.57161885,0.00404862,0.0053078104,0.006493229,0.024089383,0.0027450502,0.0060691717
8602,0.053960912,0.0664797,0.0051798956,0.0027004585,0.30550852,0.049013942,0.0008773353,0.20960349,0.039400242,0.30438793,0.008696157,0.00044921887,0.71430576,0.0006813471,0.008345338,0.17864487,2.6069236e-05,0.10140057,0.21862608,0.0014697516,0.000107043816,0.2858614,0.00030965728,0.0030653207
8609,0.014041448,0.039466523,0.009707165,0.03719228,0.56638175,0.04343747,0.015851265,0.5739547,0.076456204,0.075699106,0.0044659623,0.012019116,0.030994771,0.020012276,0.032952547,0.02645834,0.00031183832,0.3531981,0.018011712,0.012730831,0.0063078366,0.0575562,0.005478253,0.014718888
8611,0.11040216,0.019131912,0.0006914697,0.0070467014,0.233472,0.38696995,0.0011602206,0.4290066,0.005831767,0.045263674,0.038686763,0.0011272307,0.51779866,0.00013875423,0.000993483,0.29505238,2.1597541e-05,0.07055765,0.09320172,0.001730895,7.825053e-05,0.6184238,0.00052759604,0.004830393
8616,0.0029405584,0.010402487,0.0020393478,0.033273634,0.6396873,0.025766578,0.008058065,0.67278945,0.03790851,0.027295366,0.0031431825,0.006490384,0.0055373465,0.039528366,0.045836776,0.0101848375,0.00018245011,0.5717639,0.0035034833,0.0048907083,0.006946205,0.024124404,0.0029460187,0.006046634
8619,0.36041608,0.1969029,0.014839672,0.012060039,0.24459058,0.1648409,0.0087691555,0.29024532,0.045070745,0.15227316,0.007954707,0.007202007,0.34334716,0.00095953385,0.0041207485,0.13106282,0.00017458745,0.051635772,0.27835873,0.00555221,0.00095043797,0.40364325,0.0055218465,0.024760231
8622,0.009728099,0.03329505,0.009021174,0.03357715,0.59494364,0.03428341,0.012159215,0.5767098,0.08011257,0.08046986,0.0039820014,0.009356142,0.030392736,0.022263106,0.03800923,0.023731716,0.00025693243,0.403245,0.015418051,0.011242516,0.005450272,0.047480606,0.003923739,0.011400721
8623,0.0025242337,0.008543631,0.001605132,0.031348832,0.64526427,0.026547244,0.0068435925,0.68360054,0.032675188,0.024926601,0.003496821,0.0055730185,0.005771602,0.035171177,0.04305079,0.010677118,0.00016045892,0.592419,0.0032096624,0.0046598096,0.005710809,0.02470252,0.0024616367,0.005316443
8631,0.7807941,0.08136183,0.00037459665,0.0109051345,0.10342597,0.73400724,0.00386238,0.4041747,0.002618127,0.00922105,0.04009662,0.006208384,0.07984669,6.585685e-05,0.00029037474,0.19744214,6.289688e-05,0.020903122,0.10874149,0.00079809007,0.00030389684,0.8559272,0.009330133,0.016716134
8632,0.2396354,0.020654544,0.00035477293,0.0153899705,0.21562737,0.66650116,0.0035527928,0.55978024,0.0035198287,0.014900357,0.07329961,0.004512891,0.14949885,0.00023441594,0.00083916757,0.25136808,7.319074e-05,0.072229035,0.04282984,0.0020034793,0.00032106414,0.7098061,0.0033328368,0.011779991
8633,0.007149606,0.017182618,0.0028956258,0.03949057,0.5847373,0.043778412,0.012574678,0.6553765,0.039289232,0.03086842,0.0044399826,0.01042828,0.008605225,0.028516907,0.034079477,0.015707592,0.00028107865,0.45359087,0.0061459425,0.0073190015,0.007907542,0.041569337,0.0053316797,0.010483417
8636,0.008790805,0.052313346,0.0078014513,0.034421097,0.6109702,0.024290496,0.011693198,0.60981536,0.103358544,0.10037684,0.0044471547,0.011860785,0.0055123963,0.04641441,0.056037758,0.018843772,0.00034397078,0.5888661,0.007614797,0.004752698,0.014446685,0.031588927,0.007944331,0.009154726
8638,0.0340072,0.017351352,0.0011809972,0.02207269,0.41751048,0.2579708,0.004214343,0.6301298,0.015214492,0.03728181,0.03219597,0.0054595023,0.10772284,0.0019063362,0.005798177,0.13185255,0.00013308671,0.24195656,0.02250632,0.0052091563,0.0009989147,0.3115045,0.0031872916,0.010522109
8645,0.09574751,0.09374672,0.013583836,0.054670252,0.39772588,0.13156767,0.05445367,0.54254735,0.057890426,0.054836206,0.007848322,0.03968847,0.036176234,0.009927233,0.0145460805,0.050315715,0.00082896877,0.16160381,0.042686336,0.019738315,0.0121358,0.15293755,0.029550789,0.04553633
8646,0.6378386,0.69155353,0.08447234,0.011206724,0.22912635,0.029326325,0.014487218,0.2157231,0.1797763,0.26920795,0.00090638484,0.025588147,0.09917064,0.0022938866,0.008923272,0.028678413,0.00052082277,0.04446576,0.4414189,0.0072977534,0.005471832,0.1741083,0.055085868,0.043917682
8647,0.04195665,0.03664646,0.0047478597,0.0043812026,0.32068473,0.074486166,0.00094611564,0.29129016,0.02607807,0.22126755,0.010864763,0.0006626347,0.79857236,0.00041045016,0.004341355,0.20389585,2.7302893e-05,0.116577365,0.21819581,0.0034821893,6.953762e-05,0.31790307,0.00028758112,0.0031907172
8648,0.15580662,0.030498117,0.0011336936,0.006194469,0.21211833,0.33105823,0.001339852,0.3678808,0.0075948173,0.05979152,0.025686279,0.0012073175,0.54626644,0.00013809241,0.0010331528,0.27270094,2.2037795e-05,0.05419048,0.13598482,0.0016436628,8.251857e-05,0.60567546,0.00061267987,0.0056739314
8652,0.045797125,0.030614482,0.0024606148,0.036596507,0.42261723,0.2053243,0.013801074,0.636791,0.02321614,0.031923275,0.017461436,0.015291141,0.03861472,0.004922326,0.00914974,0.07367217,0.0003350846,0.22685754,0.019730497,0.008424573,0.0039372845,0.21400693,0.010684903,0.021288957
8654,0.005799458,0.016259123,0.0031028604,0.04691235,0.5911991,0.030939762,0.017570296,0.6562271,0.041554924,0.024894131,0.0028787,0.012246904,0.004234413,0.0492475,0.044824176,0.009208587,0.00031463563,0.4724059,0.0043464946,0.006875577,0.013135337,0.026186448,0.0061092135,0.010244604
8656,0.1398117,0.061108217,0.002452664,0.0026548507,0.20623855,0.14096023,0.00064151274,0.20598228,0.018346116,0.19568989,0.025112791,0.00056005747,0.8039315,9.6857555e-05,0.0028548155,0.4083477,2.0499285e-05,0.06746948,0.3190242,0.0012729052,7.237184e-05,0.61846566,0.00043185067,0.003633602
8659,0.12549824,0.022237686,0.00074016274,0.019207183,0.29101217,0.49898764,0.0045433026,0.5788485,0.007510165,0.025343904,0.055490896,0.005732891,0.15067406,0.0006378946,0.0021058084,0.20698984,0.000118591386,0.11873514,0.03951686,0.0035813488,0.0006283782,0.5512511,0.0038185313,0.013565504
8662,0.53523886,0.063230455,0.0008574008,0.017541396,0.16915843,0.65762544,0.0075615942,0.4750629,0.005083579,0.017007312,0.044378515,0.0091488585,0.12852637,0.00022477891,0.0007113311,0.20687684,0.00013011182,0.03993707,0.09626066,0.002519782,0.0006041785,0.7457994,0.008362849,0.02264098
8665,0.10731604,0.020424606,0.0007333308,0.0038894853,0.20717146,0.30136818,0.0006265957,0.35110137,0.005826097,0.06366608,0.027184017,0.0005536806,0.68083936,6.903942e-05,0.0007979437,0.31324282,9.7245165e-06,0.055108402,0.13644427,0.0011708194,3.072721e-05,0.6251881,0.0002622401,0.0031710712
8666,0.65287757,0.18241756,0.0015628136,0.011559072,0.120014735,0.33458236,0.0041754614,0.3410374,0.009923752,0.046316076,0.034712303,0.0054346677,0.16989931,0.00033353435,0.0019762246,0.19255704,0.00017991169,0.03528191,0.24766707,0.0009942031,0.0017227195,0.6976796,0.010173889,0.01828856
8667,0.008769934,0.02071392,0.0035314432,0.04198058,0.57133186,0.045201723,0.014960994,0.64773107,0.043340914,0.03282652,0.0042824536,0.012405813,0.008604733,0.029667607,0.034359332,0.01600244,0.00031978483,0.42615423,0.0068803327,0.007829535,0.009255591,0.043509405,0.0066372785,0.012285032
8669,0.036566444,0.02777562,0.0030960627,0.0034800144,0.30265856,0.08229268,0.0006286504,0.2915396,0.019117817,0.19959475,0.013061954,0.00043980076,0.83640707,0.0002672651,0.0034036248,0.24002467,1.900007e-05,0.11428217,0.20975311,0.0026628536,4.0980976e-05,0.36218533,0.0001931246,0.0024122933
8676,0.14719763,0.31329265,0.11663627,0.013244465,0.41790393,0.030570948,0.013661794,0.23616575,0.24681063,0.4895802,0.0030354997,0.00752774,0.39073682,0.005129715,0.025732784,0.065312505,0.00030304157,0.11878262,0.30968803,0.01854297,0.0019369684,0.12492054,0.004360953,0.019829603
8680,0.3990075,0.042115703,0.000652538,0.018575773,0.19643673,0.6615273,0.0066185137,0.525012,0.004864176,0.016210785,0.055341404,0.008535912,0.1149253,0.00030079554,0.0009167325,0.21216321,0.00013208164,0.056368917,0.06261511,0.0025688356,0.00062256394,0.7153195,0.0076673445,0.020462042
8682,0.034926683,0.22104107,0.17564835,0.031141704,0.60921574,0.011532379,0.037012465,0.34036946,0.41598302,0.41214418,0.0015594682,0.015655147,0.06817801,0.043664675,0.10407608,0.01788542,0.0005503846,0.28985676,0.07185001,0.03233098,0.012512386,0.029207097,0.0069013503,0.021995852
8684,0.046199456,0.068500936,0.019665115,0.12275587,0.3996239,0.043815006,0.20742634,0.51986676,0.06961919,0.028631814,0.0028605752,0.06380686,0.0062978733,0.07081627,0.038137656,0.011703628,0.001436487,0.17809965,0.017748805,0.025995044,0.06635204,0.03760753,0.034378465,0.040398933
8685,0.64940214,0.6882782,0.07721331,0.008148758,0.21491526,0.028570218,0.01009387,0.18188149,0.1643467,0.30697662,0.00088804564,0.016009288,0.15425153,0.0014859473,0.007372805,0.03295435,0.00034900563,0.037001062,0.5272551,0.005671425,0.0031316932,0.19113904,0.030554818,0.032204583
8687,0.022573592,0.010264692,0.0005748604,0.021170273,0.42342892,0.29033205,0.0032105837,0.6856872,0.009838544,0.024266906,0.040755723,0.004348336,0.082412526,0.0016378702,0.00488695,0.13855268,0.000100760975,0.28300962,0.013760155,0.0040821275,0.00078945886,0.3214483,0.0025027406,0.0079390425
8691,0.5000865,0.395207,0.022487594,0.027036479,0.2736865,0.19402725,0.0310754,0.35138062,0.09612234,0.092960596,0.011965308,0.056828555,0.031192955,0.0053246487,0.015296914,0.08917103,0.0010028697,0.09943535,0.15618733,0.010105635,0.01460936,0.3722784,0.07535903,0.07513718
8700,0.06506524,0.010037396,0.00030710764,0.013965163,0.29969373,0.52606106,0.0018535288,0.617138,0.0045469766,0.020571234,0.080851234,0.0024991515,0.19877899,0.00036190252,0.0015741962,0.25961483,4.815997e-05,0.14675605,0.026284622,0.0022128217,0.00023754423,0.59005356,0.0014160696,0.0066200723
8702,0.06366965,0.02882606,0.0023094092,0.006488939,0.29913342,0.16669701,0.0012100425,0.3648195,0.016068265,0.11604802,0.018929426,0.0010664373,0.6448736,0.00033036308,0.0026899406,0.22983527,2.7537713e-05,0.09910233,0.13816816,0.0028068002,0.00010414001,0.4248315,0.0004440926,0.0046344073
8703,0.12543683,0.026004078,0.00096769386,0.022280702,0.30556586,0.4692392,0.0060710222,0.58508253,0.009268381,0.026988555,0.0498793,0.007594192,0.12911932,0.00088697963,0.0026643293,0.18544257,0.00016470731,0.12701534,0.039583568,0.004519781,0.00093003205,0.5111983,0.005242733,0.016535465
8705,0.015065713,0.025247164,0.0035775325,0.043144017,0.5256691,0.07154108,0.017128155,0.64449006,0.038357217,0.033149198,0.0062451963,0.014960924,0.0129844695,0.018705253,0.02406317,0.0248055,0.0003624047,0.35300797,0.009794975,0.009044363,0.008060272,0.070313424,0.008750536,0.01598503
8706,0.30625865,0.014975611,0.00015297577,0.011215319,0.17232494,0.77407765,0.002122164,0.55581605,0.001735687,0.00934321,0.09457234,0.0026882053,0.15754913,8.231101e-05,0.00036439116,0.29922715,3.423775e-05,0.052224807,0.037751436,0.0010877992,0.00012386355,0.81104004,0.0021040405,0.0078878
8707,0.0016005603,0.006511487,0.00038214435,0.012279092,0.5940697,0.021011604,0.0010730874,0.8003957,0.017534206,0.019243445,0.0023726963,0.0032875184,0.0028782596,0.0058824853,0.015059772,0.009584543,3.7906273e-05,0.67073095,0.0013674814,0.0007202884,0.0020070367,0.022499608,0.0040188422,0.0016639084
8708,0.023884105,0.05938071,0.025493711,0.20621812,0.39121237,0.007935313,0.4534102,0.47548229,0.085411415,0.014550511,0.00046963192,0.075278364,0.0005581662,0.36344442,0.0909675,0.0014169911,0.0017607805,0.19587594,0.0058458443,0.019337567,0.30731392,0.005613477,0.033609245,0.02854568
8711,0.040755894,0.011414482,0.00050075405,0.017442401,0.36370307,0.39130357,0.0025262812,0.64067584,0.0076403837,0.026335554,0.057376005,0.0033879632,0.15028933,0.00079866906,0.002982415,0.19627994,7.6340606e-05,0.20474394,0.022195382,0.0033622938,0.00044390364,0.45091063,0.0019083369,0.0075563258
8712,0.12922673,0.017740484,0.00048713502,0.017140113,0.27368063,0.55697954,0.0035382407,0.58554465,0.0053858934,0.02068109,0.06755702,0.004514798,0.16117884,0.00043647308,0.00155637,0.2308558,8.759826e-05,0.11094339,0.036644064,0.0028491279,0.00043327466,0.6033604,0.0029502194,0.011218371
8714,0.0587964,0.2685012,0.18026745,0.028690867,0.56331974,0.017431315,0.035644107,0.33135852,0.3978208,0.43417862,0.0020313251,0.01777258,0.10197033,0.027102863,0.07504834,0.027955104,0.0005834347,0.23493624,0.10546443,0.031848084,0.010243516,0.047499288,0.009337294,0.027275216
8716,0.13617595,0.075071685,0.0056899986,0.0038187455,0.23072486,0.100496694,0.0013787051,0.23136152,0.021776514,0.18946292,0.007691457,0.000946852,0.75966537,0.00025347012,0.0025120266,0.18838257,2.92743e-05,0.055489853,0.34318972,0.0026271688,8.048967e-05,0.4067206,0.0005575157,0.0052191974
8717,0.002515727,0.009749447,0.0020824862,0.032517053,0.65380675,0.021944923,0.0077890223,0.6666408,0.03912843,0.028035644,0.0028565547,0.005927812,0.0053567654,0.04324099,0.05012996,0.0090403855,0.00017069984,0.5914035,0.0033534437,0.004952653,0.0067669167,0.020642892,0.0025254702,0.0054886206
8725,0.11907428,0.124715306,0.013634172,0.105557226,0.31685656,0.08315478,0.1409513,0.6129528,0.053042836,0.023075799,0.0042903586,0.14365095,0.0055973623,0.025926655,0.021218892,0.017684286,0.001751155,0.17087935,0.019713199,0.021164527,0.053643998,0.08916725,0.18474431,0.07392558
8734,0.3539938,0.16946907,0.0081282295,0.05708965,0.2562388,0.27379027,0.051743653,0.56327534,0.03155691,0.031164447,0.014291166,0.09040178,0.030079395,0.0041319267,0.0065595238,0.06819299,0.0013267128,0.10335779,0.0633206,0.013781241,0.013150836,0.3456222,0.14657357,0.08629173
8735,0.74910134,0.47802225,0.011350018,0.0027940765,0.1077913,0.072205655,0.0021813707,0.12751947,0.0304489,0.1609941,0.0018283955,0.002578019,0.43633524,0.00013353978,0.0015487073,0.08932729,6.127181e-05,0.01473056,0.6935648,0.0011771483,0.000243669,0.5022832,0.004603688,0.01063281
8736,0.050306544,0.041679047,0.0023381715,0.0060110246,0.27807644,0.08653346,0.0007204817,0.34732455,0.025727242,0.1987676,0.054733854,0.00067285897,0.7952723,0.0005296574,0.009108918,0.40256914,6.6151675e-05,0.1894792,0.18504511,0.0020909777,0.00017265466,0.49537772,0.0005068789,0.0032802674
8737,0.028989157,0.015774498,0.000965565,0.026220528,0.42696783,0.25323293,0.0053359275,0.6766461,0.013860467,0.026398921,0.029086703,0.0072223996,0.056906186,0.0025959504,0.006354267,0.10665829,0.00015823347,0.26663512,0.014778464,0.005177112,0.0015509969,0.27429068,0.0045839725,0.011649086
8738,0.0351339,0.14446183,0.0743272,0.0304954,0.5663179,0.02241465,0.026512532,0.39383674,0.23952721,0.27872857,0.0026753095,0.014215226,0.09861187,0.022782369,0.057229646,0.027374348,0.0004547247,0.26879755,0.07023449,0.028677609,0.006865842,0.050630532,0.006574662,0.021430515
8742,0.06545865,0.044835243,0.0040843864,0.0402452,0.40708587,0.19848312,0.020233518,0.60078096,0.029502576,0.038931884,0.015332443,0.02007445,0.045068666,0.0053426125,0.009688509,0.072772,0.0004457167,0.19382247,0.02849818,0.01100212,0.005037803,0.21505123,0.014304285,0.027906574
8752,0.08472435,0.048115738,0.003959302,0.003337755,0.24614373,0.09827356,0.00089540746,0.24890429,0.018225068,0.18616319,0.0096286405,0.0006243596,0.80927795,0.00021197122,0.0024478517,0.21663122,2.0580299e-05,0.06819499,0.2935986,0.0023718975,5.0439055e-05,0.4078968,0.00033042606,0.0036259706
8754,0.0013241093,0.01065117,0.0014016305,0.021524282,0.63106817,0.0072009503,0.004535472,0.7157099,0.03879139,0.02929359,0.0016746838,0.004649062,0.0016561472,0.039983105,0.05611323,0.0038929177,0.00010563516,0.6768837,0.0018810271,0.0017670096,0.011230855,0.008660067,0.0032408992,0.002862997
8755,0.008038642,0.024414467,0.006017142,0.06168305,0.56544983,0.024775516,0.0366788,0.6165973,0.057354297,0.02751354,0.0019949405,0.019412082,0.003228285,0.07919567,0.05719886,0.0068067894,0.00046466436,0.41603497,0.005227473,0.008963252,0.025254177,0.020202285,0.009571745,0.014052531
8766,0.010113714,0.02679405,0.0067409263,0.07122973,0.5391555,0.027215378,0.052031953,0.6084593,0.055936687,0.025084743,0.0020371976,0.024300845,0.0030216032,0.083639175,0.05513419,0.00679878,0.000573956,0.378962,0.005704112,0.010460441,0.031118779,0.021029321,0.012132965,0.016535092
8778,0.052044347,0.027527757,0.0022433812,0.0037851736,0.2687976,0.117734164,0.00068144384,0.3098841,0.0142529495,0.14671384,0.0154249,0.0005325784,0.7890334,0.00022362756,0.0025194236,0.25386122,1.9105657e-05,0.09759524,0.19126253,0.0022072971,4.568608e-05,0.43001467,0.00026386624,0.002817334
8780,0.12581286,0.010673734,0.00020539234,0.0126886,0.23932971,0.65711045,0.0018779589,0.5975405,0.0027495446,0.014133824,0.095851794,0.002445604,0.19258305,0.0001853823,0.00082303735,0.28909442,3.9786217e-05,0.09676791,0.03002141,0.0016292799,0.00017128239,0.7015853,0.0015409398,0.0069129746
8782,0.02695162,0.041467678,0.012144235,0.15379569,0.39343014,0.027730802,0.25537267,0.5452447,0.053196717,0.015143419,0.0018574233,0.06342089,0.0018163,0.15151343,0.054163687,0.0051228446,0.0014146961,0.21435404,0.0075772195,0.018206308,0.11718345,0.018661693,0.03313038,0.030678457
8783,0.10482739,0.030252544,0.0014066196,0.02814078,0.33644542,0.4024778,0.009114037,0.6092601,0.013059661,0.02862909,0.038906023,0.0114377765,0.086606316,0.0016340275,0.004079697,0.14831704,0.00025001864,0.15126304,0.032743692,0.0059777936,0.0017457686,0.42512706,0.008416753,0.021090845
8785,0.004234087,0.010933159,0.001765313,0.028601354,0.6099094,0.044233344,0.005769086,0.6772922,0.032676335,0.032817695,0.006007564,0.005729451,0.013348044,0.019183084,0.030595835,0.021580074,0.0001680593,0.5317419,0.0053805113,0.0052655786,0.003805109,0.047625132,0.0027649598,0.006479739
8787,0.0973116,0.12077601,0.020747459,0.120334454,0.33490157,0.058920387,0.2000234,0.56232476,0.06833348,0.026787678,0.0030856456,0.12485748,0.005765263,0.041519374,0.027839428,0.014196778,0.0018443916,0.1589632,0.021166489,0.02615031,0.06915535,0.061265063,0.11911698,0.064933516
8789,0.0044043865,0.012237845,0.0021214513,0.03475337,0.61433566,0.035938587,0.008874944,0.67044616,0.035540722,0.028318148,0.0041705254,0.007530733,0.0075872666,0.030062316,0.037155375,0.013819888,0.00021355924,0.521096,0.0045918357,0.005866176,0.006405617,0.03413331,0.0036044114,0.007501597
8792,0.19442052,0.2143935,0.016245749,0.12063144,0.25069696,0.067511134,0.12960489,0.65512395,0.054809287,0.020151945,0.003447984,0.28891072,0.0035070777,0.023269366,0.01937143,0.013171726,0.0023901055,0.16550902,0.020214459,0.020106656,0.08052784,0.09257741,0.50475854,0.107249275
8795,0.03790594,0.030310486,0.002733746,0.037470646,0.44148847,0.17203824,0.014233909,0.63719255,0.026128769,0.033465765,0.014646779,0.015216205,0.033759464,0.006084024,0.010821506,0.062837966,0.00033885363,0.2456133,0.0180559,0.0087400535,0.004372698,0.18067782,0.010317412,0.020419814
8800,0.16737266,0.09035947,0.00822199,0.016439306,0.31245872,0.18741967,0.008246488,0.38825515,0.03606973,0.11393984,0.013446536,0.006922514,0.31635118,0.0013259012,0.0051543033,0.14110096,0.00017391736,0.090471424,0.14927313,0.007559945,0.0009846681,0.35461524,0.0041038054,0.019765245
8801,0.23019554,0.096917965,0.00536928,0.051190443,0.2960268,0.31568983,0.04131143,0.577785,0.026090441,0.030722572,0.019185726,0.051283445,0.039040763,0.0038553907,0.0064671896,0.08638946,0.0008802828,0.11897376,0.048425656,0.012530184,0.00853483,0.34460068,0.06087209,0.060265645
8808,0.006156063,0.020850383,0.005248764,0.05541475,0.5921943,0.022244774,0.027903834,0.6211786,0.056276336,0.028491747,0.0019732576,0.015424782,0.0033671516,0.078085296,0.060025763,0.006519434,0.00038915657,0.4544565,0.0047243987,0.008168563,0.020867186,0.018463062,0.0071943495,0.011678136
8813,0.3148025,0.018828787,0.00022170009,0.010586506,0.17299564,0.7273519,0.002151415,0.5181969,0.0022131135,0.012443991,0.077297576,0.00260017,0.19393386,8.757512e-05,0.0004068749,0.29136404,3.5229594e-05,0.04880584,0.050593484,0.0011858552,0.00012514823,0.79328096,0.0019480436,0.008148449
8815,0.0013969797,0.008415328,0.002337422,0.02796437,0.6976681,0.012593128,0.00630564,0.65782917,0.04917837,0.03218204,0.0019338524,0.0043448745,0.004228972,0.06220051,0.07093819,0.006320363,0.00013415405,0.6678693,0.0026448488,0.0039717094,0.007045231,0.012464682,0.0016718368,0.0039330604
8820,0.69058853,0.4202365,0.010755352,0.0030029623,0.1159527,0.074264474,0.0021824546,0.13780966,0.029821232,0.16278324,0.002176498,0.0024508704,0.45641616,0.00015164459,0.0017245001,0.09747854,5.993609e-05,0.01737786,0.6582513,0.001268089,0.00024299735,0.48946986,0.004055784,0.010383351
8822,0.14550848,0.055827036,0.0006164417,0.036690526,0.19091548,0.51643014,0.007762637,0.8109251,0.0064466363,0.013730053,0.056005884,0.025953975,0.017788919,0.0010624698,0.0035468824,0.1319034,0.00048284768,0.1848107,0.010880696,0.0020688127,0.002597288,0.5420263,0.057828005,0.022233449
8827,0.27449635,0.32981032,0.04293462,0.034358166,0.3358715,0.12776242,0.028392829,0.40404892,0.1623621,0.30203718,0.027858153,0.03650449,0.23340732,0.008232601,0.029529817,0.17168698,0.0015201003,0.14927453,0.2539208,0.014942179,0.016504042,0.29295266,0.04321421,0.06130358
8836,0.039727043,0.01553458,0.0008956724,0.020179909,0.39141476,0.31478864,0.0035416787,0.6282605,0.011939354,0.033709772,0.041283272,0.004687002,0.1294758,0.0013437613,0.0044422154,0.15959112,0.000110929635,0.21965486,0.023969531,0.0044506015,0.00074419036,0.3736,0.0027130456,0.0097345095
8837,0.014449252,0.03684024,0.006044794,0.062517785,0.52623016,0.03405087,0.045052562,0.6304215,0.054244544,0.025167648,0.0024129406,0.028053401,0.0028891074,0.056589525,0.042032357,0.008268141,0.00051018305,0.37088338,0.0066362377,0.009627199,0.03417261,0.02800954,0.018978508,0.020096954
8838,0.26613837,0.03605887,0.0008226606,0.021301731,0.23862089,0.590747,0.007224565,0.5564295,0.0066405116,0.020186687,0.054086763,0.009265562,0.115126684,0.00052843377,0.0015242521,0.20200337,0.00016947668,0.0805516,0.051297538,0.0034822803,0.00086090015,0.63222224,0.0077102627,0.020965999
8841,0.55975056,0.31577188,0.01016713,0.002897091,0.13665205,0.0771098,0.0019762667,0.14386503,0.02831612,0.18184349,0.0027336513,0.0017729712,0.57970655,0.00015086157,0.0017822599,0.11658118,4.880605e-05,0.021085778,0.6345891,0.0015701244,0.00016159604,0.47198525,0.0021941822,0.008741326
8843,0.18465644,0.11349238,0.010924491,0.04743707,0.3419155,0.21946727,0.043340035,0.5218596,0.044370234,0.055103272,0.013340214,0.03944901,0.064787164,0.0051654303,0.009215885,0.08149595,0.0008938803,0.12302206,0.06968654,0.017670376,0.008390417,0.2681127,0.03395214,0.053574115
8851,0.21363631,0.18296006,0.018673014,0.0048348513,0.2509849,0.06057292,0.0028597796,0.1901483,0.05191212,0.28958562,0.0039806776,0.001898469,0.66709167,0.00056609116,0.004512103,0.1172659,6.257657e-05,0.05193731,0.4454034,0.0040292297,0.00023171338,0.29557484,0.0012434243,0.0087553095
8853,0.03361712,0.11542224,0.010469645,0.0709328,0.46346578,0.03481614,0.046824127,0.62405944,0.083105974,0.06549401,0.006585977,0.047440935,0.0022511273,0.044851247,0.06184524,0.009914774,0.0016248857,0.3373647,0.013317589,0.007923688,0.17286178,0.030005742,0.07089462,0.04446391
8856,0.11929963,0.511469,0.3924291,0.039155956,0.54926753,0.008400544,0.08989807,0.26288456,0.58800936,0.46787423,0.00070323923,0.04068042,0.03025931,0.06417723,0.11261292,0.010224742,0.0010557013,0.18226632,0.11282539,0.039792314,0.037276227,0.02333777,0.02644956,0.04441677
8859,0.104736164,0.0077364203,0.00013435647,0.009930674,0.23028354,0.6794574,0.0011436471,0.5994592,0.0020571435,0.012976437,0.11275695,0.0015052684,0.2404962,0.0001119089,0.0006241728,0.32838833,2.2825801e-05,0.09592519,0.02737043,0.0012095395,8.756251e-05,0.7377352,0.0009062449,0.0048041684
8865,0.047299545,0.028026363,0.0025774182,0.021864466,0.4059639,0.21669851,0.0053437683,0.55914813,0.022721898,0.05970825,0.024712432,0.005682269,0.1887555,0.0018396842,0.006131925,0.1395775,0.00014871634,0.19302422,0.043622203,0.0072776554,0.000994784,0.30508044,0.0028090528,0.012058222
8867,0.37161645,0.031401597,0.00043582678,0.01572794,0.18876605,0.6910175,0.004595342,0.5259674,0.0036155959,0.014285424,0.06347911,0.005840831,0.13287877,0.00020438663,0.00069690216,0.236092,8.686615e-05,0.05409943,0.056652933,0.001969925,0.000374997,0.7446257,0.004878176,0.015085864
8868,0.14505473,0.027626703,0.001027199,0.0067992797,0.21883331,0.35065204,0.001381889,0.38906202,0.007291908,0.054846674,0.028792834,0.0012913421,0.518481,0.00015162348,0.0010562273,0.27644315,2.3877537e-05,0.05891396,0.11927028,0.0016925755,9.1131515e-05,0.6074258,0.0006456779,0.005757973
8875,0.04397128,0.059897907,0.015430498,0.15656056,0.3611698,0.034955952,0.2879843,0.5377333,0.057738166,0.017155293,0.002119638,0.0844755,0.0023875262,0.11596682,0.045203697,0.006640703,0.0016685851,0.1787306,0.010666359,0.021870846,0.11933908,0.025926275,0.051391456,0.041146673
8877,0.0056517087,0.022826836,0.0027569062,0.040164206,0.59916455,0.02504895,0.012142685,0.6900897,0.051631466,0.036092933,0.0050145965,0.012356666,0.0011724867,0.05452011,0.075394474,0.0082432,0.0005120229,0.6208756,0.0032093981,0.0032702642,0.041349236,0.019623633,0.010619359,0.009057267
8884,0.17727542,0.45093673,0.22480606,0.032978516,0.47903854,0.020756466,0.055348422,0.2897602,0.39381135,0.39069805,0.0017201982,0.032551512,0.0793605,0.023418495,0.057060774,0.023592409,0.0011221695,0.1565732,0.17705733,0.03967795,0.015747357,0.06287955,0.02498626,0.045711808
8890,0.0873693,0.05411583,0.0048223753,0.0037310203,0.25525483,0.09257882,0.0010654009,0.250248,0.021289717,0.19672334,0.008934373,0.00074814307,0.7901906,0.00026752055,0.00282752,0.20205458,2.4859106e-05,0.0707293,0.29437038,0.0026653535,6.54184e-05,0.38416445,0.0003947903,0.0041038524
8891,0.0019272602,0.008003187,0.0017231812,0.03215769,0.66405034,0.0188495,0.007359643,0.6779429,0.0359508,0.02393084,0.0025228518,0.005378259,0.0040037925,0.048979685,0.05352852,0.007418682,0.00015071192,0.6217228,0.002594931,0.0043088472,0.0070073544,0.016992126,0.0022428113,0.0047261436
8894,0.082484365,0.09755445,0.015319764,0.10721828,0.35342658,0.06891033,0.16714008,0.57817096,0.05918651,0.025317457,0.0035397457,0.10192198,0.0055938787,0.036789216,0.026071385,0.015394017,0.0015594475,0.17328885,0.01848003,0.022644864,0.055522554,0.06566541,0.0942521,0.058528755
8896,0.044967726,0.24084538,0.19057193,0.053121857,0.5791223,0.0104857115,0.08924615,0.34816185,0.3961884,0.28414574,0.001104242,0.02866708,0.023516942,0.083699815,0.119369246,0.009633207,0.0009968698,0.2630424,0.053425297,0.041079976,0.032565344,0.020736134,0.013444467,0.030847266
8897,0.46669775,0.04514249,0.00058126554,0.0177448,0.17962933,0.69334936,0.006493146,0.5141196,0.0042338823,0.0142479185,0.055564877,0.00842468,0.10838165,0.00023643138,0.00072977913,0.21396974,0.000118609816,0.048164673,0.06605261,0.0022286684,0.00055412774,0.7488285,0.007914783,0.020412263
8898,0.6028154,0.6848517,0.09515079,0.014201455,0.2546115,0.026564205,0.019152967,0.23260786,0.19881505,0.25633866,0.00092314545,0.033082075,0.0770394,0.0033423728,0.01149619,0.023684075,0.00069017394,0.05364307,0.3941292,0.0101109315,0.008014902,0.14552654,0.06876972,0.049883176
8899,0.43126333,0.02829596,0.00029447637,0.013585651,0.16640261,0.7462412,0.0036817538,0.51892483,0.0025701437,0.011182064,0.07025373,0.004686364,0.13139367,0.00012126591,0.0004521234,0.25378782,6.134032e-05,0.044436783,0.054904647,0.0014478446,0.0002430101,0.79650664,0.0040569576,0.012735297
8901,0.14818917,0.077388704,0.0051099374,0.0030358806,0.21119456,0.09676274,0.0010784535,0.21065655,0.019664995,0.19362108,0.0071777343,0.0007341961,0.7893422,0.00018304045,0.0021428822,0.19488446,2.231235e-05,0.048177622,0.37918895,0.0020675468,5.8129062e-05,0.42933324,0.00045987937,0.0044653877
8905,0.0031372986,0.008734193,0.0014295733,0.030330226,0.6261817,0.036266632,0.006213991,0.69174755,0.029154522,0.025093758,0.004790873,0.0056142095,0.007883235,0.025656369,0.034881804,0.01500182,0.00016442407,0.56835496,0.0037612058,0.0047821957,0.0046752607,0.03481647,0.0026274887,0.0057505444
8906,0.0066018812,0.029035803,0.0075936597,0.04250933,0.6447662,0.022361556,0.013007064,0.58922946,0.08694023,0.09760387,0.013050709,0.010682661,0.013139696,0.065832645,0.10644133,0.021508718,0.001177257,0.60230887,0.013457863,0.008060768,0.042242166,0.027646251,0.007784984,0.014192566
8907,0.7416475,0.33188447,0.0019183873,0.0030364303,0.07218486,0.17591289,0.0012878409,0.23943059,0.009670558,0.089372605,0.010998498,0.002115243,0.3279311,6.359656e-05,0.0009874799,0.19175966,5.042828e-05,0.019053895,0.5091562,0.00039970796,0.00026108074,0.72237253,0.005801961,0.007247594
8914,0.0016035609,0.009124722,0.0024070903,0.026876073,0.6974058,0.013647312,0.0064789313,0.64881444,0.049337376,0.03552033,0.0022159764,0.0045987805,0.0046708006,0.05672658,0.06535276,0.007034151,0.00014126419,0.65368927,0.0031391287,0.004066573,0.0071362583,0.013712881,0.001849594,0.004143333
8915,0.032618582,0.012631364,0.00069598056,0.020709144,0.40204078,0.32094967,0.0034166197,0.6540605,0.0103469305,0.028098766,0.04421862,0.0045407843,0.10994319,0.0013850629,0.004420476,0.15424964,0.000106436775,0.2416702,0.019185835,0.0043569054,0.0007461289,0.36221936,0.0025979774,0.008981675
8920,0.019641144,0.019122355,0.0018464308,0.02891894,0.4862841,0.14426425,0.006883467,0.65195286,0.023840621,0.0368248,0.016000682,0.008047769,0.04467156,0.0052844267,0.011465534,0.06650501,0.00020152229,0.31765124,0.014419513,0.006837771,0.0023548868,0.16538835,0.004718721,0.011925115
8921,0.18167858,0.057463855,0.002166205,0.025808055,0.29258218,0.4909943,0.0064546554,0.50960875,0.01759119,0.06223296,0.1118934,0.007689638,0.25936362,0.0014763318,0.0045106914,0.3114827,0.00055336294,0.12936746,0.08658217,0.004660531,0.0015416333,0.6180183,0.008940612,0.016488014
8924,0.010866126,0.026425777,0.010681421,0.14840917,0.4680671,0.011769993,0.20713973,0.5315553,0.05886814,0.014364502,0.0010051626,0.03797885,0.00093288487,0.2874852,0.088588245,0.0022261906,0.0010135614,0.29462117,0.004164009,0.013137686,0.13665354,0.007443143,0.015315982,0.01775163
8927,0.062284082,0.037299376,0.0032815116,0.0030934233,0.25825506,0.094146974,0.0006992006,0.25890943,0.016932491,0.18786946,0.010950323,0.00048507468,0.834243,0.00019696065,0.002499476,0.23395154,1.736064e-05,0.07892683,0.2667298,0.002269515,3.9044993e-05,0.4042228,0.00024118679,0.002902025
8929,0.08893588,0.02484227,0.0013011751,0.005984603,0.25168884,0.25116378,0.0010377647,0.37713954,0.009751605,0.07816619,0.02472355,0.00096937694,0.61061823,0.0001897871,0.0015430439,0.26935977,2.0769143e-05,0.07658378,0.12453225,0.0018794602,7.752399e-05,0.5334722,0.00043662146,0.0045036203
8930,0.3762515,0.14489843,0.0067794784,0.042055335,0.2606213,0.35182768,0.035623766,0.5166348,0.02752825,0.03944566,0.019933693,0.04645804,0.06762025,0.0024820217,0.0048499024,0.10583863,0.0009064133,0.08561205,0.09335169,0.011966261,0.0065734438,0.43537855,0.055632036,0.06603106
8932,0.31507212,0.018302193,0.00020987567,0.012535403,0.17882113,0.74651444,0.002652525,0.54862475,0.0021833468,0.010725642,0.083940305,0.0033754408,0.14960653,0.00011363374,0.00045865992,0.2794528,4.560933e-05,0.05399641,0.041802082,0.0012916565,0.00017673823,0.7882538,0.0026563106,0.009471468
8938,0.080608346,0.25953105,0.13603564,0.04701555,0.51597434,0.022070082,0.075114764,0.36726755,0.29949334,0.24543014,0.0018558468,0.03553051,0.040539376,0.037385017,0.06413357,0.018294167,0.0010514004,0.20613737,0.078042224,0.03890643,0.022261607,0.044608675,0.021747336,0.040819976
8941,0.0017709258,0.011085269,0.0033907979,0.030021131,0.69031364,0.012013071,0.007595738,0.6343658,0.060172707,0.03950793,0.0017470063,0.005121909,0.004785142,0.06715855,0.07566563,0.006249161,0.00015385641,0.6362362,0.0032989741,0.004653195,0.007925736,0.012448949,0.0019301176,0.0045891055
8942,0.03743906,0.024502642,0.0010841871,0.014369215,0.4252006,0.24501234,0.0021467705,0.6013885,0.01828168,0.056204747,0.0878084,0.0042413697,0.14849302,0.0023807068,0.010979193,0.22460827,0.00023261805,0.35559738,0.041254558,0.003121842,0.0015287523,0.3824373,0.0034990245,0.008449848
8945,0.0702212,0.03358243,0.002502455,0.0034768144,0.24620898,0.123782404,0.00073489716,0.28577054,0.0139591815,0.14940226,0.013449445,0.00055396475,0.7962555,0.0001868679,0.0021278071,0.25085345,1.7992352e-05,0.0776646,0.22798319,0.002061676,4.298034e-05,0.4519495,0.0002872046,0.0031453676
8946,0.24540675,0.3346894,0.065853894,0.0502669,0.34747437,0.055478323,0.07186456,0.42495576,0.15041704,0.12377381,0.0027553518,0.0793818,0.037804473,0.013224731,0.021302825,0.029909356,0.0015294157,0.12516822,0.10563546,0.027262371,0.0213684,0.11858368,0.09936111,0.07439833
8954,0.44820294,0.28413904,0.016718611,0.0060150004,0.18790461,0.08950339,0.0045062406,0.1989072,0.0432267,0.19766892,0.003785188,0.0038353757,0.4661784,0.0005067028,0.0033127845,0.11043126,0.00010636211,0.035650015,0.47204906,0.0032644486,0.00046163384,0.39126098,0.003926639,0.014784178
8957,0.3009316,0.11021398,0.005115948,0.046225622,0.27867222,0.36260647,0.03585679,0.55619717,0.02448423,0.032611143,0.022753512,0.047807775,0.050315306,0.0030208589,0.005500059,0.09969417,0.0008966356,0.10440077,0.063552834,0.0116353305,0.0072298716,0.4088641,0.058186524,0.06263758
8958,0.20068933,0.12736282,0.011503134,0.008056545,0.26376995,0.104197636,0.0044965865,0.26670998,0.03662625,0.17980033,0.006921072,0.0032092624,0.54830414,0.0007358796,0.004277648,0.13096198,0.000102611404,0.06538979,0.3154395,0.0057004346,0.0003759771,0.33890098,0.00210502,0.011895496
8964,0.035438694,0.06318943,0.013524512,0.0357597,0.49991184,0.07308705,0.019304693,0.52753425,0.077391714,0.0967393,0.0067361463,0.014914123,0.06784951,0.010397414,0.021661505,0.046547838,0.00037200254,0.24495155,0.03811946,0.01630354,0.0051073194,0.10655831,0.0077890335,0.021983849
8966,0.011487178,0.023301095,0.0037419102,0.044118814,0.54951537,0.054646023,0.017479388,0.643499,0.041686654,0.03260308,0.004887553,0.014273055,0.009865807,0.025495742,0.029968647,0.018619217,0.0003575565,0.38776916,0.008138185,0.008781486,0.009365954,0.05224314,0.007910888,0.014390597
8967,0.5407936,0.03687616,0.00031966623,0.013428545,0.15006325,0.7636289,0.0041739275,0.49387744,0.0025396592,0.010456414,0.06426898,0.0052887346,0.11877388,0.00010133478,0.00037644964,0.24353454,6.4105894e-05,0.03589031,0.06573164,0.0013711569,0.00025313417,0.82011807,0.0050199283,0.014498252
8980,0.25785828,0.21501343,0.022710012,0.0076281987,0.26920035,0.070096835,0.0053967345,0.22349623,0.060741916,0.2504565,0.0043608495,0.0038576587,0.52016246,0.0009610092,0.0056882994,0.098946966,0.00013044773,0.059841223,0.39884904,0.006343527,0.0005405358,0.2824572,0.0027863295,0.013923666
8984,0.08920963,0.007636727,0.00014044637,0.010011472,0.2386335,0.65134716,0.0010726367,0.607545,0.0022689837,0.013978544,0.10600829,0.0014537869,0.22814411,0.00012727959,0.0006981425,0.32371002,2.2106964e-05,0.104291745,0.024983011,0.0011412362,8.922435e-05,0.721193,0.0008593442,0.00446017
8987,0.38331228,0.3601963,0.010392826,0.05669606,0.20528232,0.07517683,0.028383859,0.57621723,0.06408359,0.057989378,0.005790763,0.073042944,0.011786182,0.00832804,0.0145035805,0.036445726,0.0011462544,0.15742329,0.068319455,0.0054980745,0.02748512,0.21114656,0.1621261,0.048878066
8988,0.30407304,0.109162755,0.005849335,0.029218497,0.27401313,0.3438819,0.020356826,0.47356898,0.025584338,0.05294613,0.0207924,0.020537408,0.13441712,0.0016541728,0.004058229,0.1362592,0.00047000736,0.08056008,0.11077637,0.009438326,0.0028773728,0.4499918,0.017490052,0.041644193
8989,0.21646169,0.062363733,0.0031324332,0.015704056,0.26029348,0.32724658,0.0064712074,0.4229658,0.016279316,0.06105886,0.022830244,0.0059321495,0.29111895,0.00066259166,0.0024842506,0.18492775,0.00013438951,0.07200042,0.12500279,0.004862556,0.0006544905,0.49661863,0.0036409446,0.017576149
8993,0.094245486,0.009343311,0.0002089787,0.010391114,0.24684286,0.6058614,0.0012748338,0.57810104,0.0028956574,0.01759728,0.091843665,0.0016274413,0.26955527,0.00015543007,0.00083368056,0.30988914,2.7398564e-05,0.10207576,0.033095527,0.001482597,0.0001104911,0.690073,0.0009131944,0.0051884404
8996,0.23712417,0.023784779,0.00045442334,0.017452816,0.22659676,0.6432154,0.004493373,0.56652266,0.004328194,0.01618215,0.0676769,0.0057758423,0.13268158,0.0003213471,0.0010523233,0.23465544,9.784482e-05,0.07780308,0.042807247,0.00240693,0.0004590232,0.68097234,0.0044091647,0.014211546
9004,0.15951449,0.016662234,0.00018419723,0.006179285,0.1735033,0.5306507,0.0006884223,0.49951664,0.002592259,0.030411117,0.15889694,0.0010293149,0.37210432,9.1955924e-05,0.0012334132,0.43774956,3.3440832e-05,0.08549801,0.077543765,0.000585663,0.0001531791,0.77426547,0.0010139786,0.004144476
9005,0.14880008,0.01139387,0.00019940316,0.012294549,0.22596194,0.67628086,0.0018976696,0.5863893,0.0025556744,0.013498439,0.094947025,0.0024404353,0.19299163,0.00016015534,0.00071498303,0.29259917,3.833407e-05,0.08619619,0.03217271,0.0015191126,0.0001590212,0.7220826,0.0015807028,0.007027549
9007,0.08073713,0.05174011,0.0050326004,0.0052955467,0.28072304,0.103271805,0.0014310982,0.29221603,0.024236709,0.1795515,0.01043039,0.001106126,0.7128748,0.00042387279,0.003534166,0.19377086,3.5641904e-05,0.08721667,0.23115589,0.0032596472,0.00011193495,0.36685023,0.00056598755,0.005046696
9011,0.008095871,0.013939216,0.0017872677,0.03115995,0.5604522,0.07332738,0.007108405,0.6737948,0.028318947,0.031649273,0.008662991,0.0073829712,0.018649561,0.012620581,0.02105566,0.031886544,0.00020289504,0.4392127,0.0075802184,0.0063227676,0.0036235321,0.077547625,0.0039045918,0.008950035
9012,0.038000163,0.27590623,0.27535367,0.050178703,0.6034154,0.005142858,0.094555594,0.2950421,0.5081118,0.35586533,0.00063970615,0.02430984,0.017551415,0.12621474,0.16253622,0.0059694126,0.00080361404,0.26012,0.04944142,0.03439184,0.045908686,0.011380868,0.009977611,0.025031528
9013,0.031115124,0.049030684,0.002870322,0.04203755,0.33805534,0.037850633,0.020651124,0.6766596,0.03271894,0.030782616,0.0037437144,0.014153391,0.0034829902,0.017043151,0.026796326,0.01206422,0.0004635239,0.34116393,0.007854964,0.004086866,0.01725563,0.05754643,0.018543439,0.0153185055
9016,0.6751384,0.54239845,0.02379046,0.0038498791,0.14353672,0.04400491,0.0032393455,0.13793863,0.060162228,0.23824856,0.0014378281,0.0042141783,0.36810344,0.00033443706,0.003157977,0.062999055,0.00010303126,0.022438038,0.66093075,0.0020291265,0.000571341,0.34620893,0.0070463982,0.013276003
9017,0.6366157,0.13075335,0.00062036264,0.0113079855,0.12580138,0.5651421,0.004855394,0.45451948,0.0049430183,0.016627325,0.031300046,0.010071859,0.057124946,0.00018684348,0.0006904298,0.18377854,8.983837e-05,0.040763035,0.108394206,0.00084417127,0.0006295786,0.7689438,0.016110014,0.015505745
9018,0.031329222,0.035924133,0.004324719,0.045579247,0.46677554,0.11253827,0.022929741,0.62561786,0.036402997,0.03521034,0.008687653,0.020237232,0.020042976,0.011806532,0.016620286,0.03829366,0.00044839425,0.2651662,0.015888615,0.0108431745,0.007865197,0.11392727,0.013353445,0.023118747
9041,0.036881812,0.019023793,0.0012665743,0.024931451,0.41607812,0.26133355,0.0054052076,0.6422359,0.015789667,0.033585668,0.02969202,0.007020134,0.08120716,0.0022915907,0.0061572273,0.119423166,0.00016280223,0.2388683,0.02044145,0.005560462,0.0013719948,0.29846433,0.0043596816,0.012485312
9042,0.3457462,0.29140142,0.016415477,0.08397371,0.21944968,0.10260285,0.08239684,0.6117685,0.050849818,0.0269535,0.004566153,0.23916002,0.008557095,0.009100104,0.0107166385,0.0244938,0.0020851854,0.118376784,0.042856395,0.016720852,0.041107092,0.17690049,0.48273808,0.11868589
9045,0.413658,0.056922182,0.0010421502,0.021855876,0.20744425,0.6156183,0.009486215,0.5218966,0.0069241105,0.019493634,0.0469067,0.012372831,0.103178136,0.00045968546,0.0012733783,0.18859695,0.000203349,0.060282595,0.07050191,0.003480626,0.0010375126,0.6744132,0.0119818775,0.027557034
9047,0.0025623844,0.0082221925,0.0014766644,0.029764878,0.64184254,0.0296464,0.0060686576,0.6886449,0.0310323,0.025395852,0.004048983,0.0052318866,0.0068338183,0.030127244,0.039759878,0.012549777,0.00015329833,0.5934793,0.0033714843,0.0045480346,0.0049128393,0.028352715,0.0023462018,0.0052026855
9055,0.06290598,0.09189373,0.025056748,0.16880548,0.33998227,0.030627722,0.3407298,0.5120592,0.07450498,0.020945583,0.001730998,0.1113605,0.0028406954,0.11423844,0.045163356,0.0066009555,0.0020194396,0.15223052,0.014644453,0.027214343,0.14288072,0.026501602,0.07243695,0.050389886
9062,0.09117453,0.0976305,0.015370739,0.067309074,0.3947415,0.10991611,0.080859825,0.55136824,0.061076034,0.04573224,0.0061765276,0.053904783,0.022111587,0.014464706,0.017306678,0.036707878,0.0010688488,0.16559717,0.035455056,0.022654427,0.019236764,0.12021996,0.041595973,0.05075387
9064,0.11721499,0.038000267,0.0019883276,0.028172636,0.3365035,0.36612275,0.010220481,0.57970524,0.016093744,0.035370864,0.033223804,0.012158069,0.1001602,0.0017685461,0.0044894563,0.14215715,0.00027769583,0.14221781,0.041596238,0.0068068644,0.001884139,0.40817145,0.008873678,0.023133311
9067,0.12447572,0.09066631,0.009041436,0.060780313,0.3608842,0.17470688,0.058840755,0.57472765,0.04202037,0.03736351,0.010175472,0.05335986,0.02550544,0.008949632,0.0120886555,0.05105996,0.0009921612,0.15525693,0.03621303,0.017380264,0.014283169,0.18645862,0.050982106,0.054380264
9068,0.7166786,0.09797135,0.0008592476,0.018640786,0.14197104,0.7001047,0.009391734,0.45750389,0.0048651937,0.012864813,0.039170947,0.013749249,0.07475172,0.00020105418,0.00057309394,0.17479256,0.00016138708,0.030289963,0.10341771,0.0020724346,0.0008362093,0.79038924,0.017410422,0.031255513
9069,0.076157525,0.02446152,0.0012460137,0.02567107,0.3581662,0.36873618,0.006879107,0.61502975,0.012957518,0.030478152,0.039099947,0.008692089,0.09802407,0.0015919964,0.0043174746,0.148502,0.00019664354,0.17246558,0.02962069,0.005632885,0.00137454,0.40034115,0.0058314344,0.016607266
9072,0.22915179,0.12052057,0.0035424882,0.003726802,0.22942355,0.14293234,0.0015938932,0.19489002,0.026588688,0.14679927,0.011845784,0.0010599347,0.56000125,0.00027756693,0.002874593,0.18901576,2.638543e-05,0.043689728,0.21915296,0.0013834954,0.00017058579,0.524875,0.0008412824,0.008721729
9074,0.0024597277,0.008284156,0.0015639404,0.030738937,0.6475043,0.02673373,0.006586744,0.6830935,0.032107253,0.0251115,0.0035996484,0.005340642,0.0060896897,0.033909105,0.042508814,0.010932985,0.00015599768,0.5957992,0.0032462752,0.004696549,0.0053690844,0.024954477,0.0023249632,0.0051672193
9076,0.29932222,0.17955522,0.0103560155,0.06893787,0.2618702,0.20068702,0.06682708,0.5857556,0.037657145,0.029526688,0.010202985,0.12348413,0.01954299,0.0062135556,0.008606356,0.048971623,0.0015799903,0.11864101,0.04933241,0.016242763,0.019927105,0.26161626,0.2101744,0.09352307
9077,0.69305205,0.44421604,0.013035026,0.0031240701,0.12363456,0.06988837,0.002449792,0.1352579,0.033864707,0.17675768,0.0019828274,0.0026727545,0.46594578,0.00016433756,0.0017872194,0.092140734,6.8367226e-05,0.01736898,0.6797389,0.0015393163,0.00026040978,0.46859825,0.0040858104,0.011145806
9078,0.7852008,0.15936469,0.0009085053,0.013870514,0.14080197,0.5150099,0.0077489056,0.3285908,0.008131113,0.015084029,0.034738064,0.0110985,0.03493876,0.00066214195,0.0017536092,0.14413223,0.00026901785,0.04199862,0.12713417,0.0008607673,0.002960721,0.7586246,0.021339979,0.019506471
9081,0.0068940823,0.014784199,0.0021933236,0.035715666,0.5799786,0.05262473,0.009589559,0.6702567,0.03332229,0.029452585,0.0056846514,0.008852383,0.010634842,0.02136955,0.02865231,0.01996349,0.00024099648,0.46105263,0.006086833,0.006571868,0.005842664,0.05138207,0.0046060355,0.009436263
9086,0.5210104,0.14705214,0.0020948236,0.013197441,0.14954585,0.45361292,0.0049088337,0.35791802,0.010975451,0.0524341,0.0591589,0.0060517774,0.274472,0.00033062114,0.0022349332,0.30573568,0.00024574008,0.043218277,0.21985321,0.0017229969,0.00078851974,0.7378727,0.011376362,0.018667636
9087,0.006177616,0.012434942,0.0017606842,0.030078351,0.5827703,0.059851337,0.0065200306,0.67367405,0.029634453,0.032083783,0.0075543807,0.0065437425,0.016706536,0.014879249,0.02444538,0.027191281,0.00018884933,0.47777292,0.0066744136,0.0060400176,0.0036121141,0.06342847,0.0032869717,0.0077657965
9089,0.16093224,0.014664199,0.00029563985,0.012722432,0.227652,0.6319953,0.002229028,0.55935264,0.003275791,0.016846152,0.077902764,0.0027254454,0.21271187,0.00018984047,0.00081751944,0.28015232,4.5300658e-05,0.08121825,0.04078723,0.0017655753,0.00019101432,0.69799143,0.0017008259,0.007931992
9091,0.22274478,0.011293526,0.00012993813,0.010490945,0.18488635,0.7566017,0.0016319231,0.57405376,0.0016709267,0.00975886,0.104615524,0.0020977585,0.17947373,8.363039e-05,0.00040627996,0.31528652,2.7600547e-05,0.06269597,0.032227125,0.0010287527,0.00010192244,0.7966873,0.0015351577,0.006342307
9092,0.22742723,0.03170158,0.0008615387,0.009544923,0.20265608,0.47492445,0.0024065536,0.42569432,0.005844564,0.035428364,0.036122452,0.0023065358,0.36798662,0.00016595286,0.00085299474,0.2656665,4.035662e-05,0.05172663,0.104231425,0.0019227656,0.00015794738,0.66097814,0.0013056877,0.008598006
9093,0.014036386,0.02540744,0.0038544443,0.04670347,0.52997375,0.062026136,0.020336632,0.64357567,0.04021479,0.031028701,0.005200905,0.01647104,0.0098748,0.023814967,0.0273575,0.020057138,0.00039602138,0.3600744,0.008772041,0.009250935,0.0101201795,0.058371797,0.009550162,0.01634091
9094,0.81748223,0.25660935,0.0026145496,0.017989581,0.12784481,0.49485368,0.012186152,0.38671702,0.011061118,0.022011783,0.014271082,0.023614265,0.061602004,0.00032428314,0.00086870487,0.113474764,0.0002757393,0.023745604,0.1862697,0.0022750825,0.0018110219,0.71523106,0.043768313,0.047361515
9095,0.01295431,0.016555024,0.0016186044,0.033049256,0.52970105,0.109070376,0.008975853,0.6865753,0.024570433,0.02492141,0.010869257,0.009907952,0.014979634,0.011535086,0.017275767,0.037212536,0.0002698599,0.39015067,0.007932146,0.006113088,0.0051109917,0.1009871,0.006473225,0.01168937
9098,0.67531276,0.0798536,0.00072710676,0.017844189,0.14665402,0.71302027,0.008286777,0.46674007,0.0043787593,0.012659685,0.04398682,0.011473599,0.083671466,0.00018585911,0.00055117474,0.18809788,0.00013762942,0.03228425,0.094185464,0.001995308,0.00068159675,0.7926311,0.013345117,0.027128495
9103,0.0067017297,0.04256879,0.019497186,0.030967837,0.6446418,0.014498946,0.013074808,0.52036,0.14347723,0.1329351,0.002033998,0.008054265,0.028603196,0.04396153,0.07292783,0.013992234,0.00025546734,0.46494865,0.016499707,0.012448697,0.006821256,0.024205036,0.0028900718,0.009270298
9105,0.07899043,0.3159831,0.21880946,0.06292449,0.5285187,0.010977143,0.12649587,0.32770061,0.40091962,0.25542548,0.0009939526,0.04243993,0.01785152,0.08674357,0.10680795,0.0085906405,0.0014101611,0.2109344,0.064474314,0.04556961,0.04779971,0.022487197,0.02376723,0.040833216
9106,0.67127144,0.11516755,0.0005057802,0.008921184,0.09755321,0.6511753,0.0021726284,0.43739244,0.003945158,0.01959129,0.07807137,0.007309705,0.1364423,6.564742e-05,0.0007594766,0.33780548,8.893232e-05,0.047075525,0.17816418,0.0007749319,0.0002839153,0.88075864,0.015370616,0.013789163
9108,0.009289487,0.026461117,0.010234427,0.12338747,0.49669993,0.012321126,0.14701034,0.5401141,0.06431365,0.01815204,0.0011481127,0.031025948,0.0012613595,0.24637273,0.088169426,0.002741604,0.0008087376,0.33078852,0.0046215556,0.011455281,0.107211955,0.008342252,0.013063423,0.015859682
9109,0.04469086,0.02897973,0.0027739583,0.023845797,0.41655728,0.20550016,0.006179411,0.57192457,0.024483997,0.05742353,0.022579318,0.0066054943,0.15526034,0.0022379411,0.006857023,0.12620507,0.00016972459,0.20326304,0.03894708,0.0077702063,0.0012459022,0.28132004,0.0033690098,0.013105788
9110,0.06710956,0.03942356,0.0031364604,0.036940932,0.3995621,0.22999913,0.01610483,0.607661,0.024853125,0.036702048,0.018971143,0.017263304,0.051735558,0.0042523756,0.008350206,0.08439483,0.0003892649,0.19285975,0.02813453,0.009633885,0.003954455,0.24783963,0.012372517,0.025518263
9111,0.62864673,0.05376889,0.00044454704,0.014227595,0.14129342,0.7478733,0.005264432,0.4661862,0.0030874265,0.011310507,0.052792255,0.0067192134,0.105781466,0.00011346958,0.00039638302,0.22185941,7.871987e-05,0.031135654,0.082237095,0.0014394297,0.0003406198,0.82029593,0.006982173,0.018100899
9112,0.2174143,0.030579094,0.00019574916,0.007846725,0.13549678,0.53351665,0.0010556153,0.59539795,0.0028146266,0.029470183,0.10480475,0.0022065328,0.3122955,0.00010069613,0.0008731109,0.3923632,4.3591925e-05,0.06601622,0.07691306,0.0005719278,0.0002575387,0.77355534,0.0027172796,0.0049081533
9120,0.027857965,0.07022317,0.011970378,0.101503395,0.47514102,0.04391336,0.1516253,0.6082604,0.08052644,0.036287054,0.0034721652,0.05538209,0.0014791244,0.10512655,0.064949505,0.010541762,0.0012969448,0.3433839,0.006041583,0.011878728,0.09772809,0.028164731,0.05111094,0.045761876
9121,0.06569079,0.033770952,0.0006805083,0.021991858,0.27192312,0.2524016,0.006262535,0.7109464,0.007851832,0.019300874,0.038984656,0.011430036,0.018591635,0.00093929033,0.0044699814,0.10424034,0.0001710955,0.16219424,0.016013505,0.0019296098,0.0056012417,0.30973387,0.021269796,0.01664532
9122,0.003303086,0.025667582,0.0078050946,0.025060285,0.7056569,0.011132738,0.007564129,0.5777653,0.11184626,0.105133794,0.0038042793,0.006807244,0.008438753,0.067154184,0.104425654,0.010892787,0.00033310632,0.6500238,0.009090044,0.0052863243,0.015282626,0.0160146,0.0036184364,0.0073723374
9126,0.1596126,0.44673195,0.23814335,0.04700902,0.48728108,0.015864862,0.08926391,0.3102016,0.412309,0.31531042,0.0012659199,0.048651382,0.034108832,0.042540524,0.07383653,0.014108319,0.0015100513,0.17262885,0.12145685,0.045165747,0.031821977,0.042116467,0.03809423,0.05164847
9127,0.024232587,0.058506377,0.0149234645,0.027639946,0.5336112,0.053623907,0.011182628,0.51422143,0.09690303,0.13840987,0.006034255,0.009605351,0.09588179,0.010040183,0.02577619,0.04963225,0.00024523944,0.2883088,0.03845004,0.013389855,0.0033004496,0.0958516,0.004594467,0.015422119
9130,0.2440205,0.25457102,0.016477607,0.11379206,0.23366342,0.070454344,0.115367465,0.6551119,0.05452674,0.020825475,0.0034475238,0.31226397,0.003760852,0.018862851,0.016742716,0.013919018,0.0024329016,0.15189077,0.023991773,0.018861108,0.078282215,0.10678459,0.57182264,0.11700839
9131,0.08506249,0.15413639,0.042975083,0.029820172,0.45590982,0.05501384,0.026273463,0.40212628,0.13523354,0.19775245,0.004822169,0.017501067,0.14604695,0.009155479,0.024626072,0.050835837,0.0005348738,0.17747946,0.10921694,0.02502357,0.004988299,0.118404776,0.010714921,0.029040612
9132,0.037708335,0.021278672,0.0019827387,0.008529922,0.35123795,0.16412617,0.0012427144,0.4398833,0.018070353,0.10636164,0.023617763,0.0012425436,0.5518986,0.00053036516,0.0036907466,0.22707437,3.5382625e-05,0.15278818,0.084219255,0.0032112626,0.00014565354,0.38489303,0.0004956954,0.00433166
9135,0.002591427,0.012157801,0.0032338323,0.042533617,0.65347147,0.014213758,0.014359284,0.6405003,0.0503954,0.026131883,0.0016170769,0.008340769,0.0026929025,0.08504021,0.070752665,0.004851785,0.00022115705,0.57284766,0.0028745807,0.0054666367,0.014108066,0.012108478,0.0034101526,0.0063599683
9138,0.5910317,0.35770994,0.011021889,0.0028538273,0.13106704,0.06753811,0.001956624,0.13844162,0.030939061,0.18744451,0.002388579,0.0019292407,0.5430877,0.00016089725,0.0019538885,0.10511747,5.204727e-05,0.020559805,0.64876264,0.0014476004,0.00019335805,0.45537764,0.002680016,0.0089168
9146,0.004845279,0.015567313,0.0032431274,0.04605574,0.60642457,0.02556168,0.016889319,0.6514092,0.044690624,0.025759466,0.002476034,0.011334842,0.0038066742,0.057372794,0.050891113,0.007873033,0.0002937599,0.4954949,0.0039780983,0.0065203854,0.0136694815,0.021749662,0.005413795,0.00927167
9148,0.002401162,0.009086324,0.001903253,0.031383134,0.6554395,0.02278269,0.0071660723,0.67038655,0.037006848,0.027582806,0.0030576044,0.005526444,0.005732763,0.03991857,0.04814118,0.009563725,0.00016150977,0.5979451,0.0033257797,0.004870132,0.0060719973,0.021502111,0.0023346504,0.005225525
9151,0.11527988,0.08728708,0.009388363,0.059070513,0.36949393,0.16983521,0.05665146,0.5698949,0.043237064,0.039643865,0.010029335,0.048144013,0.028719537,0.008767277,0.012123619,0.05287906,0.00093801954,0.15585,0.037570063,0.01785883,0.013170485,0.18277301,0.042195145,0.050983492
9153,0.093981996,0.11255595,0.014907855,0.13404779,0.31140834,0.05483171,0.204426,0.6041484,0.056351643,0.018413683,0.0028915976,0.15951386,0.0029654473,0.049963694,0.029796561,0.010216744,0.0018699996,0.17414746,0.014040676,0.021354541,0.09255551,0.05355386,0.18524705,0.066966236
9155,0.078758225,0.08903444,0.00804794,0.061922405,0.43814304,0.08968974,0.054414075,0.55495495,0.056673747,0.038375866,0.006813669,0.04078584,0.0046266248,0.020456541,0.029541053,0.020645112,0.000873306,0.2531966,0.020786189,0.009260529,0.047040015,0.08993444,0.038163222,0.04249109
9158,0.092449255,0.01776574,0.0006361861,0.019165056,0.31225708,0.48191848,0.00393949,0.60207176,0.007336073,0.024642421,0.059352126,0.005080614,0.14838952,0.00068538357,0.0023247434,0.20574392,0.000107170876,0.14057525,0.03271243,0.0036125204,0.0005901046,0.5265746,0.0032068547,0.011720071
9160,0.07656566,0.33171347,0.23739938,0.029360238,0.5597547,0.01601304,0.042413827,0.30068174,0.4468297,0.48032358,0.0019101978,0.019275654,0.10717532,0.029630978,0.08313564,0.026253507,0.0007335579,0.21812633,0.1311276,0.038884312,0.011590615,0.046136487,0.010242839,0.030500727
9163,0.56121576,0.45445898,0.027039746,0.0046466864,0.17730747,0.049662873,0.003982393,0.15439494,0.065052085,0.25910434,0.001902035,0.004151969,0.42886946,0.0004607098,0.0037525804,0.07304035,0.000114490686,0.029082166,0.6085831,0.0030193257,0.00055368536,0.32430175,0.005187781,0.0141036445
9167,0.21770206,0.020560855,0.0003890759,0.015763372,0.22564732,0.6446232,0.0036191018,0.5620179,0.0038797688,0.01614597,0.07153964,0.004581203,0.15354711,0.00026718917,0.0009529827,0.24699356,7.760024e-05,0.07782864,0.042732026,0.002179106,0.00034666696,0.6897452,0.0033082988,0.011888762
9170,0.028758822,0.01669403,0.0011695102,0.025639012,0.4367399,0.23512486,0.0053777923,0.6560384,0.015622765,0.031160852,0.027450543,0.0068235574,0.068571284,0.0026681242,0.0068484847,0.105238706,0.00016140618,0.2668026,0.017171534,0.0057383403,0.0014616061,0.26256573,0.004107225,0.011512881
9175,0.21048287,0.01942775,0.00036437952,0.015642622,0.22619288,0.6496501,0.003482431,0.5671001,0.0037329209,0.015667317,0.07374547,0.0044267406,0.15271953,0.0002608257,0.000935919,0.25013423,7.43665e-05,0.07911151,0.040816005,0.0021189495,0.00033296723,0.69201607,0.0031775439,0.011483793
9179,0.0024980311,0.0093057165,0.0019127723,0.034849234,0.6494086,0.021699017,0.008734646,0.67336446,0.036422223,0.024114061,0.0026772134,0.0063713538,0.004193571,0.047662713,0.050371144,0.007955625,0.0001781918,0.5886011,0.0029453298,0.0048515364,0.007792012,0.019212425,0.0027566126,0.0055968235
9181,0.1425192,0.022976642,0.00071276864,0.018760715,0.27775177,0.5201722,0.0045649325,0.57052875,0.006920289,0.024281608,0.05673884,0.005625113,0.15874588,0.0005528898,0.0018448683,0.2149767,0.00011419478,0.107798904,0.04286937,0.0034450064,0.0005822384,0.574873,0.0037206076,0.013592042
9183,0.0072181686,0.011871124,0.0014589119,0.02857268,0.5618386,0.07792851,0.0057060537,0.68168396,0.025215276,0.030798836,0.010049726,0.0061820005,0.021679256,0.010664533,0.01936219,0.036346484,0.00017591173,0.45522013,0.0073480736,0.00577547,0.0028478373,0.08446904,0.0032211258,0.007804763
9184,0.55650973,0.4277735,0.019529166,0.055934247,0.18405664,0.110082455,0.055682026,0.53522444,0.053779196,0.035696913,0.0034919092,0.1931544,0.01463624,0.0043512313,0.0062169246,0.030728335,0.0017562696,0.07323903,0.092501275,0.012038826,0.026145453,0.25053298,0.45335117,0.12298199
9196,0.3287684,0.034983702,0.0006138331,0.018082308,0.210046,0.6422452,0.0057696546,0.5346807,0.004900413,0.017293027,0.058148593,0.0073430873,0.12843326,0.00031960467,0.0010102445,0.21907094,0.00012198008,0.06409979,0.05733751,0.0026271262,0.0005619828,0.69478786,0.0061150035,0.017972209
9198,0.012275622,0.02885555,0.0116692465,0.1564844,0.45521483,0.011868701,0.23837467,0.5264282,0.059956558,0.014060779,0.000964402,0.042501405,0.0008863206,0.29240245,0.08763435,0.002180131,0.0011163156,0.27949068,0.004368425,0.0141307805,0.15160124,0.007455137,0.01750858,0.019305479
9200,0.29476595,0.07187922,0.00043131807,0.06353291,0.1386033,0.6195177,0.015263923,0.78894407,0.0034808114,0.010922029,0.10725352,0.051881973,0.028850097,0.0014276735,0.0024395382,0.17301387,0.0009870441,0.14130801,0.03737707,0.002566585,0.0064708916,0.6387909,0.068328194,0.02468178
9201,0.016620832,0.03681411,0.007611069,0.03555703,0.544167,0.058685325,0.013886351,0.58416665,0.062443,0.06947443,0.0059926566,0.011413703,0.039210204,0.01399278,0.025223928,0.035064053,0.0002963106,0.32998446,0.019642828,0.012140986,0.004963115,0.0776095,0.0054252325,0.014880233
9204,0.22889806,0.011895586,0.00014107586,0.010652924,0.18679298,0.75334996,0.0017216956,0.56885713,0.0017525225,0.010171516,0.10185003,0.002176028,0.1842154,8.577697e-05,0.00041075904,0.31221458,2.9133882e-05,0.061783392,0.034211434,0.0011023852,0.00010554545,0.7938718,0.0015642041,0.0066177836
9206,0.09123641,0.10855955,0.009905642,0.029408516,0.45515525,0.10340217,0.014284746,0.5080199,0.08152549,0.13350706,0.032875344,0.01617856,0.025865987,0.012170307,0.04817841,0.08351107,0.0009375156,0.34075555,0.045521718,0.0061399834,0.027205255,0.16480961,0.027458346,0.03510823
9207,0.28416568,0.14478996,0.008593501,0.0583814,0.28491494,0.25808746,0.05471087,0.5626681,0.034591295,0.034277193,0.014283673,0.07823456,0.032340497,0.005052164,0.0078121405,0.0680021,0.0012871537,0.114787325,0.058211483,0.015489418,0.013350755,0.30918336,0.10907906,0.07820425
9208,0.2596928,0.0148635935,0.00018331362,0.012187369,0.18832344,0.7425357,0.0022944682,0.5639199,0.0020727136,0.010697527,0.09172026,0.0029126343,0.1613412,0.00011302047,0.00047637057,0.29048228,4.027788e-05,0.060698934,0.037123565,0.0012833178,0.00015514102,0.7804308,0.0021665182,0.008294681
9218,0.0981978,0.023411527,0.00097068417,0.023012992,0.32687694,0.43762165,0.0058824853,0.6019641,0.010023678,0.027630595,0.04819983,0.00747058,0.11959303,0.001059588,0.0031301917,0.17592587,0.0001645367,0.1466413,0.033931173,0.00473716,0.0009982886,0.47404295,0.005020171,0.015625149
9222,0.76126236,0.18442266,0.0015119562,0.008296288,0.11259193,0.45474896,0.0039784154,0.28648028,0.007979276,0.026525924,0.01566256,0.005628637,0.101264216,0.00012137107,0.00070607953,0.16175668,7.08101e-05,0.019746099,0.18533216,0.00078485627,0.00042608107,0.75612366,0.009496476,0.01807543
9223,0.0022986673,0.015730863,0.0049202247,0.031180123,0.79723996,0.014660432,0.008375953,0.5810622,0.10801459,0.049201183,0.0030815864,0.005724232,0.0015202588,0.10687159,0.13479969,0.004587028,0.00053237216,0.74844503,0.0019315657,0.005112958,0.020799562,0.011693777,0.0038468847,0.0073006973
9227,0.10488943,0.09769148,0.0024300804,0.035745956,0.39286244,0.22550933,0.013092243,0.7381244,0.032748025,0.041138925,0.03402098,0.045351706,0.006253385,0.0037950703,0.010342899,0.06253251,0.0010996456,0.2532035,0.014019062,0.0036136964,0.025364216,0.24296185,0.13851269,0.028215097
9228,0.33541077,0.3246426,0.017266355,0.07588535,0.21428332,0.082389235,0.052998785,0.61777985,0.078265324,0.07342431,0.009459597,0.13244788,0.017954048,0.022344988,0.029117193,0.034950763,0.0031439983,0.16986178,0.071634665,0.013223654,0.069048256,0.17488287,0.31392118,0.06891606
9233,0.053946394,0.04941001,0.003099971,0.023058701,0.39474657,0.24473849,0.0064315293,0.5278556,0.029888669,0.07090848,0.060042497,0.0057491786,0.120647125,0.0031597007,0.014166058,0.20673276,0.0007363731,0.2261896,0.026533613,0.0043183253,0.0013063861,0.40447015,0.00617514,0.014790854
9235,0.0047831167,0.013270884,0.002338433,0.032210175,0.6135963,0.03856448,0.007773354,0.6628045,0.03836986,0.03375639,0.0047316416,0.007072302,0.010453291,0.025836093,0.03581862,0.016955797,0.00020934247,0.51625234,0.0055087404,0.0059675514,0.005454244,0.03954477,0.003417797,0.0075538196
9239,0.29219055,0.019889576,0.0002673393,0.013180784,0.19098392,0.7121533,0.0029068775,0.5426808,0.0026529322,0.012707796,0.078105904,0.0036496627,0.16073069,0.00014311486,0.0005664733,0.26853022,5.3608113e-05,0.058498863,0.04594771,0.0015529799,0.00021144577,0.76106215,0.0027625875,0.010183992
9240,0.025134696,0.024175372,0.0023389794,0.033959825,0.47237116,0.14518966,0.010326779,0.6490195,0.026397113,0.034768157,0.013805819,0.011508053,0.033440787,0.006542865,0.012219977,0.058275998,0.0002695863,0.29023454,0.014806858,0.0077301385,0.0035946185,0.15750226,0.0072630662,0.015688663
9244,0.39804035,0.4956998,0.048400037,0.015496436,0.2475653,0.035572596,0.010031398,0.25559053,0.16790402,0.38647193,0.0070832595,0.016583648,0.23246455,0.0054340567,0.03259444,0.07803791,0.00085368805,0.1127906,0.45696926,0.006706346,0.009322511,0.1965465,0.024455426,0.017984658
9263,0.011639181,0.030829214,0.0068114684,0.040938526,0.56730855,0.04431336,0.016993893,0.6046287,0.060504165,0.05280002,0.004277481,0.012565977,0.019447912,0.023152113,0.032278955,0.022031063,0.00032586683,0.37254277,0.012829199,0.01145616,0.0074658035,0.051249515,0.005747287,0.013882024
9268,0.4256253,0.023132026,0.00021032318,0.012151027,0.15877992,0.7753926,0.0029303285,0.52575684,0.0020143285,0.009580949,0.078922994,0.0037374382,0.13512291,8.781496e-05,0.00035553979,0.2722164,4.6215984e-05,0.04253899,0.04889928,0.0011810631,0.00017126344,0.8198389,0.0032432908,0.0105681205
9269,0.002927023,0.015643194,0.0016186829,0.026286568,0.6093309,0.018125009,0.0056587067,0.70479345,0.03639246,0.03579064,0.005391271,0.008108873,0.0050906674,0.03815448,0.053618003,0.012168509,0.00025136193,0.6722887,0.005411348,0.0030477655,0.01371519,0.021340592,0.0054495563,0.00535816
9270,0.272807,0.018843053,0.00025678572,0.011157781,0.18326527,0.691788,0.0022047414,0.5229929,0.0026035272,0.01409443,0.073458,0.0027327687,0.1901031,0.00011887364,0.00052820216,0.28356984,3.91054e-05,0.05560167,0.047854163,0.0012313491,0.000153014,0.76498395,0.0020370055,0.0083633205
9273,0.04282572,0.05486937,0.010511029,0.007893567,0.3886122,0.061550368,0.002197051,0.3272515,0.052571096,0.26120034,0.0088086855,0.001630263,0.6583547,0.0011628036,0.008397505,0.14380403,6.0991228e-05,0.15174158,0.18081872,0.0066935257,0.00022987572,0.22770776,0.0006779553,0.00548153
9274,0.023603959,0.106064975,0.053764634,0.016668588,0.5674006,0.020975389,0.008304319,0.37242797,0.222191,0.3903964,0.003437179,0.0053791488,0.27586314,0.010498073,0.043815337,0.048922077,0.00018452753,0.28680918,0.09305726,0.018177625,0.0018061127,0.067809604,0.0021187277,0.010750121
9277,0.07772927,0.102020055,0.019638294,0.04550705,0.43792185,0.09618293,0.041388236,0.504804,0.08103907,0.08690003,0.0065967077,0.02873955,0.054110702,0.010586105,0.018632837,0.04841874,0.00066158024,0.17815289,0.05180248,0.02094045,0.009330614,0.12938948,0.018651078,0.038096406
9281,0.28875625,0.04039164,0.0009254025,0.020954667,0.23382843,0.5811527,0.0074853087,0.5401944,0.0069777975,0.021556623,0.050904136,0.009394405,0.12382708,0.00051197375,0.0015005949,0.19989319,0.00017398718,0.07545131,0.058984257,0.0035983815,0.0008613716,0.63432485,0.0078110457,0.021666117
9287,0.26346865,0.5073735,0.17639212,0.013342455,0.39621365,0.023624124,0.01960706,0.2125862,0.32037294,0.48968604,0.0015962176,0.014298464,0.22575858,0.006335717,0.026394093,0.038936924,0.0004403648,0.09375022,0.338913,0.017483164,0.004178407,0.103204854,0.011917762,0.03066209
9289,0.0050556655,0.021789169,0.0064371596,0.048445724,0.62437177,0.01749205,0.02244884,0.6014068,0.06896811,0.037918247,0.0017621077,0.012521456,0.004294002,0.080931954,0.069510035,0.0063171536,0.00033423016,0.4857657,0.0052817455,0.008260308,0.017601602,0.016012557,0.0053574746,0.010219569
9290,0.0047665625,0.04108356,0.022838606,0.026698504,0.6723933,0.009757864,0.010218947,0.5067396,0.17462677,0.1643687,0.0015610867,0.006107343,0.029054819,0.052667595,0.09213084,0.011861624,0.0002089269,0.5164463,0.015331666,0.010884489,0.0060352213,0.01824651,0.0020062213,0.0070054596
9298,0.68601406,0.39202487,0.01000962,0.003162541,0.12045991,0.08539804,0.002352823,0.1442823,0.027212469,0.15134166,0.0024396705,0.0024761022,0.47281605,0.0001403948,0.0015424467,0.10377319,6.2724255e-05,0.017470436,0.65644455,0.0014695487,0.00022328582,0.5077376,0.003746257,0.01082988
9299,0.29967245,0.059567586,0.0010034431,0.013873711,0.22935724,0.45703036,0.0032077983,0.48843095,0.010306277,0.039477624,0.08562972,0.006437136,0.13392666,0.00062681944,0.0031574324,0.22149988,0.00014039359,0.1036039,0.0860633,0.0019669132,0.0012430407,0.6493318,0.00713998,0.015184007
9303,0.0036443677,0.010063631,0.0016679561,0.03344477,0.6198771,0.03544871,0.0077820094,0.6847348,0.031186866,0.024816934,0.004273468,0.006690242,0.0067934184,0.029390767,0.03635053,0.013366216,0.00019020919,0.54584193,0.0038653642,0.005223854,0.005854447,0.032845315,0.0031781811,0.0065747765
9304,0.077955484,0.18203242,0.06532613,0.047750797,0.4780776,0.037888456,0.064465255,0.42029068,0.17880262,0.16022499,0.0029159472,0.03467801,0.049076404,0.023466554,0.040081862,0.025848165,0.0009814753,0.19700135,0.07112342,0.034459338,0.015721887,0.067028046,0.022214442,0.040082555
9306,0.39144593,0.020850876,0.00019886714,0.01218656,0.16361728,0.7737781,0.0027932979,0.53571916,0.0019788174,0.009566269,0.08223769,0.0035625123,0.13796401,9.105568e-05,0.00036895846,0.27719188,4.4618828e-05,0.0454528,0.045290396,0.0011848627,0.00016623491,0.8147242,0.0030017206,0.010049978
9310,0.16746642,0.016084557,0.00032952198,0.013963304,0.2351617,0.62693083,0.0026503534,0.5648771,0.0036209647,0.017011179,0.07650901,0.0033231569,0.18691906,0.00023440432,0.0009409407,0.2626305,5.7317753e-05,0.08564857,0.04005792,0.0019960618,0.00024885382,0.6827688,0.0021888667,0.009193819
9313,0.70671374,0.17925319,0.0024185574,0.027962148,0.15788095,0.54128337,0.018708298,0.4782241,0.01099952,0.018752404,0.024273496,0.03766627,0.050412357,0.00057068275,0.0013486012,0.121965595,0.0004603173,0.040867597,0.1150709,0.0040021064,0.002838512,0.6796838,0.06729857,0.059877433
9318,0.0027007356,0.011155149,0.002584945,0.03772857,0.6508138,0.018508049,0.010864337,0.6550576,0.043864526,0.026689133,0.0021918055,0.0073050633,0.0037795228,0.059820816,0.058205213,0.006739618,0.00020138801,0.57550085,0.0031459357,0.0052977577,0.009965823,0.016403753,0.0030948352,0.0061451825
9322,0.11178336,0.13206391,0.021783149,0.0887134,0.36063203,0.08211967,0.13414544,0.55206406,0.072400466,0.039331246,0.0041440977,0.09515149,0.012083029,0.02260754,0.02143639,0.024052074,0.0015752352,0.15734844,0.0317164,0.026535418,0.037371714,0.09263998,0.08932341,0.06553013
9323,0.10020737,0.1615609,0.03811945,0.008698504,0.3792149,0.04226007,0.004995886,0.24676046,0.11349728,0.38538274,0.0043794955,0.003197309,0.57154834,0.0019424427,0.012032067,0.0937379,0.00011200797,0.10787357,0.29517463,0.009402284,0.00057549466,0.17458183,0.00156787,0.010664961
9328,0.021152835,0.012653565,0.00028010493,0.014635544,0.36839828,0.26961416,0.0024474652,0.79305667,0.005783994,0.018339086,0.024843603,0.008420121,0.011541911,0.0006946533,0.0041468088,0.09474944,9.096768e-05,0.32945967,0.0073419367,0.001265219,0.0027963545,0.22989644,0.019079365,0.005326367
9331,0.432542,0.024151424,0.00022190649,0.011897711,0.1577092,0.7701335,0.0029043027,0.5174271,0.0020782582,0.0100164795,0.07632828,0.003665725,0.14061742,8.594368e-05,0.00035349256,0.27183568,4.5502456e-05,0.04141813,0.051767655,0.0011791824,0.00016678554,0.8196127,0.0031699014,0.010566021
9333,0.021058643,0.04268362,0.015491366,0.1904903,0.3921263,0.012313247,0.37549776,0.5172322,0.063256584,0.012234624,0.0007859614,0.068898685,0.0006428479,0.30169308,0.080283,0.001978097,0.0015384115,0.21951379,0.004949212,0.016705086,0.23512024,0.0077978354,0.03321778,0.027109196
9337,0.1191072,0.018249184,0.0005485043,0.017344477,0.2823847,0.5300193,0.0035765176,0.5841918,0.0060384287,0.022644874,0.06330518,0.0045669544,0.16309129,0.00049089105,0.0017399181,0.22537121,9.047526e-05,0.116478704,0.036703356,0.0029817685,0.00046038337,0.58243287,0.0029456192,0.011304617
9339,0.63918376,0.2760854,0.0065335263,0.040351655,0.1748002,0.32323715,0.031943142,0.510839,0.023119781,0.026454717,0.01223153,0.089462526,0.032042317,0.0014973334,0.0029093279,0.074661374,0.0010244821,0.05784185,0.10991536,0.007378269,0.008200919,0.49786422,0.20031838,0.0938224
9341,0.49728304,0.048955165,0.0006193698,0.016095238,0.1689881,0.68569285,0.0059543196,0.48682886,0.0041931225,0.015233857,0.050378747,0.0072681294,0.1272353,0.00019230139,0.0006301405,0.22073129,9.884074e-05,0.04159478,0.07850453,0.0020289277,0.00045098507,0.76088417,0.006514587,0.018801827
9342,0.034140754,0.06518769,0.01965064,0.20753612,0.34947988,0.0113326525,0.44426584,0.5049887,0.07004969,0.011883397,0.00058384385,0.097690344,0.0005046406,0.29538086,0.07223191,0.0016537672,0.0018002309,0.17454067,0.005747274,0.017610418,0.31384403,0.007939699,0.055528417,0.03491612
9347,0.022984024,0.06520923,0.034101818,0.17633021,0.42116523,0.008506125,0.3787302,0.4534942,0.10854936,0.023302222,0.0005721854,0.06118292,0.0010572909,0.32314512,0.097568415,0.0020032912,0.0016403773,0.2082737,0.008011258,0.020581055,0.22941807,0.006670134,0.025234457,0.027363889
9348,0.025794026,0.1426199,0.02170042,0.09183243,0.55524915,0.014706613,0.10231806,0.59235466,0.1626435,0.05720916,0.0014772002,0.06388781,0.0005647191,0.15389512,0.12274932,0.0031313,0.0018986082,0.4658274,0.0066244486,0.009340434,0.34148556,0.010031636,0.08671466,0.03657281
9350,0.7143996,0.52792543,0.016818201,0.0032173772,0.12141013,0.051111236,0.0025399707,0.13198021,0.044256188,0.20661573,0.001532035,0.003375223,0.40206566,0.0002134249,0.002310195,0.07196653,7.981712e-05,0.018108161,0.68755287,0.0014750501,0.00040388101,0.4077045,0.006124093,0.011602365
9351,0.17548576,0.0972807,0.00776903,0.047826838,0.33634955,0.24288052,0.039603323,0.5494975,0.036442526,0.044281475,0.014797222,0.04027881,0.049118992,0.0050131856,0.008581428,0.07920471,0.0008142572,0.1307139,0.053493217,0.014582818,0.008288724,0.27785963,0.038693484,0.052632853
9352,0.6025809,0.39146656,0.015292921,0.0040956093,0.14725342,0.07194479,0.0031393464,0.15779214,0.03952581,0.19112016,0.002454626,0.0032258278,0.4553224,0.00027181927,0.0024306134,0.0950662,8.526646e-05,0.023687366,0.606401,0.002095447,0.00035718054,0.42409566,0.004320585,0.012676754
9358,0.13849494,0.19005375,0.038928036,0.009897933,0.3588595,0.04954755,0.006640803,0.25055394,0.10792468,0.34231824,0.0043550646,0.0043780874,0.5017191,0.0020514987,0.011245033,0.08827768,0.00014963339,0.096825525,0.3028868,0.010062762,0.0007919461,0.18981987,0.0024631605,0.013886019
9361,0.0027588499,0.02088031,0.00385732,0.021017166,0.6559641,0.019439448,0.005724919,0.66329443,0.06929746,0.099556096,0.007962846,0.006692391,0.013044071,0.029907154,0.076668516,0.02862521,0.00033041157,0.7000121,0.010536453,0.004152961,0.010818923,0.026220692,0.0048647732,0.006114888
9363,0.003268446,0.017859349,0.0037313197,0.026290448,0.64622104,0.01077639,0.008426624,0.6075859,0.06559507,0.05852367,0.0024290555,0.004861852,0.0023904243,0.061977062,0.094115615,0.0053023677,0.0002967499,0.6471804,0.004157162,0.003462956,0.016841415,0.01245137,0.003318134,0.006195089
9370,0.099714175,0.26496118,0.11657007,0.060487706,0.45811346,0.025659328,0.109997235,0.39870885,0.25480428,0.17126937,0.0016922597,0.056775432,0.023328746,0.042093035,0.05460491,0.016656406,0.0013576549,0.18231103,0.06325757,0.035745554,0.03382747,0.046620782,0.041934825,0.05152978
9374,0.31273326,0.3123108,0.016050823,0.109859005,0.20959644,0.066876754,0.10531991,0.6598592,0.053434227,0.019700758,0.0029778557,0.35754788,0.003221518,0.016317504,0.014414004,0.012626238,0.0024894327,0.13446228,0.02714707,0.016383257,0.0895129,0.11400313,0.67231476,0.12793186
9397,0.03582627,0.056264695,0.011455204,0.08275285,0.44101277,0.057026006,0.099655345,0.5799832,0.059053846,0.02994372,0.0033442779,0.04827364,0.0062856236,0.041833095,0.0320049,0.014555729,0.00095171295,0.23614855,0.0138576245,0.017868599,0.033791754,0.049027935,0.031209463,0.03481602
9399,0.43096277,0.06142165,0.0011168496,0.022535658,0.20577826,0.61425406,0.010254951,0.52087235,0.0072270106,0.019545924,0.04548502,0.0135090295,0.098173164,0.00048103402,0.001302701,0.18416299,0.00021900683,0.059370212,0.07221081,0.003596122,0.0011405889,0.6736772,0.013501674,0.0295098
9400,0.15210006,0.10222323,0.00927078,0.06352575,0.34296644,0.18882865,0.063389964,0.5749363,0.040780716,0.035632346,0.010901771,0.06315898,0.025481664,0.008399674,0.01136778,0.052846037,0.0011387613,0.14627618,0.03961866,0.01801021,0.015510018,0.20492679,0.06661754,0.06143354
9401,0.16167401,0.10885833,0.010293854,0.061588783,0.34200203,0.19141859,0.06254501,0.5629722,0.04289873,0.039278742,0.010998872,0.06070347,0.030631412,0.00781098,0.011025929,0.05711162,0.0011418854,0.1396659,0.04559906,0.018840855,0.014497011,0.21403167,0.061613195,0.061748248
9408,0.21604124,0.055592768,0.0025194262,0.009618837,0.23194301,0.29637972,0.0033930289,0.3618444,0.01277034,0.07014313,0.020129664,0.0028661394,0.44317093,0.00032219806,0.0017320851,0.20884137,6.157474e-05,0.056616712,0.1690764,0.0032297752,0.00025283388,0.5340683,0.0015954023,0.010966556
9409,0.2689205,0.054187607,0.0017142538,0.026317302,0.25910354,0.5018811,0.011863877,0.54208934,0.011291284,0.027810788,0.040127013,0.014366783,0.10966636,0.00094044424,0.0024292562,0.17092565,0.00029211352,0.08685649,0.063669324,0.005551836,0.0016281588,0.5552293,0.012337233,0.029597104
9410,0.093825914,0.094357915,0.012582495,0.07023665,0.38119462,0.11369385,0.08240028,0.57063687,0.05494365,0.038260594,0.006151447,0.061426364,0.015482445,0.015693923,0.017386096,0.032632813,0.0010838328,0.171399,0.028631138,0.019604787,0.02202417,0.11888625,0.05513469,0.05356783
9411,0.12722091,0.049108043,0.003135022,0.03161141,0.340003,0.32619885,0.014262519,0.5618856,0.020887656,0.041320708,0.026952116,0.01509958,0.10486655,0.0021804327,0.0052043446,0.13245918,0.00035740674,0.13435633,0.0508767,0.008971546,0.0025094135,0.37519023,0.010494394,0.02737915
9412,0.016519165,0.023018364,0.0027982953,0.038090948,0.51355004,0.09336757,0.012697409,0.6520077,0.032415107,0.03361771,0.008720608,0.012481368,0.019141445,0.012226253,0.018634101,0.035009596,0.00030433288,0.34222394,0.010947793,0.008293807,0.0054424256,0.09602765,0.0073995325,0.014808709
9419,0.05530862,0.08397079,0.02542567,0.15957054,0.36078432,0.03157793,0.32381383,0.5047698,0.07662458,0.023243409,0.0018593788,0.09423861,0.00336715,0.11251975,0.046423886,0.0072003226,0.0019335938,0.15900253,0.015392345,0.028209167,0.12559162,0.026580742,0.054854423,0.04677433
9421,0.14986365,0.01307826,0.00017473001,0.0074432036,0.30452606,0.6785698,0.0012722793,0.5371351,0.0040280623,0.010382988,0.18332875,0.0021005096,0.061816476,0.00033157505,0.0021854423,0.34597284,5.0461138e-05,0.18064146,0.01949143,0.0007566297,0.00034321783,0.74255264,0.0016939499,0.004692324
9428,0.008247552,0.039186787,0.0028667622,0.05047475,0.4535709,0.014824998,0.02129489,0.7404307,0.044046693,0.021756563,0.0028784182,0.025929086,0.0008114305,0.061003715,0.060286727,0.005385546,0.0005990926,0.53319955,0.0034552861,0.003323579,0.062098496,0.016407402,0.029802496,0.011071706
9432,0.009454559,0.021544112,0.0035839684,0.040742937,0.5674052,0.04870726,0.014157317,0.6464528,0.04365227,0.03473068,0.004670707,0.012249037,0.009963871,0.026695816,0.03261755,0.01798727,0.00031778347,0.41874337,0.007492135,0.007886845,0.008543793,0.04828585,0.0066627744,0.012566469
9435,0.07530587,0.020755406,0.001106714,0.011125969,0.29477492,0.32763058,0.00185884,0.48693663,0.010029439,0.052961357,0.037182238,0.0020186412,0.3964267,0.0004052866,0.0020805853,0.24987814,4.5262783e-05,0.11201827,0.06773036,0.002757335,0.0002072968,0.5128724,0.00092836673,0.006597627
9437,0.7427486,0.49609557,0.017844716,0.016445152,0.16541132,0.15791598,0.0153282825,0.324453,0.05173356,0.08512932,0.0036968326,0.033838946,0.07832224,0.0009955951,0.0029229787,0.066721246,0.0004920782,0.03266278,0.29804444,0.004258126,0.004112793,0.441664,0.0759777,0.062161982
9439,0.70612067,0.2753406,0.004978468,0.034407817,0.16524394,0.38906986,0.026732199,0.48821646,0.019516073,0.024680499,0.014372977,0.06914817,0.035496302,0.0011299604,0.0022698692,0.08394451,0.00084324984,0.04755718,0.1245984,0.00568459,0.006543935,0.5686133,0.15448016,0.08655123
9440,0.15624966,0.5454203,0.38032144,0.03343251,0.5258838,0.011166622,0.071693376,0.25687882,0.5673933,0.502632,0.0009289919,0.036736466,0.05199433,0.042364124,0.09283939,0.0149504915,0.0010801237,0.1668139,0.15943615,0.041721318,0.025101729,0.03503568,0.026145859,0.04594703
9442,0.002049722,0.010797368,0.0030097337,0.044938095,0.65874165,0.010793494,0.015476807,0.6453758,0.05019577,0.02207509,0.0012347057,0.008264618,0.00167812,0.112628035,0.08171169,0.0034426353,0.00020471486,0.5963248,0.0021267273,0.0046747946,0.017762294,0.008804777,0.0033398592,0.0056388364
9444,0.018387362,0.015459205,0.001340311,0.0244288,0.47523847,0.1684448,0.0046119224,0.65784067,0.019428575,0.036695454,0.021153808,0.00585056,0.063306525,0.00355312,0.00913376,0.08800653,0.00014818354,0.3202165,0.014755563,0.0056098374,0.001451827,0.20389782,0.0033551315,0.009556289
9446,0.002079547,0.0104300305,0.002762586,0.03781081,0.6680677,0.013425437,0.011101081,0.64792544,0.048132055,0.026456162,0.0016665797,0.006801988,0.0028888504,0.0780107,0.07030683,0.005010831,0.00018357162,0.6043991,0.0026512449,0.0048804963,0.011376593,0.01181841,0.0027095478,0.0053623198
9454,0.09991347,0.1045315,0.016191263,0.064962186,0.39091748,0.11443678,0.07746755,0.5445739,0.06280003,0.049234115,0.0064098253,0.053545494,0.025095332,0.013305381,0.01669519,0.039537087,0.00106523,0.16045587,0.039158285,0.022700172,0.018136313,0.12896326,0.042266436,0.052263588
9456,0.021018846,0.028512185,0.0036241782,0.042835467,0.49818835,0.09361893,0.01792503,0.6389313,0.03577191,0.034147292,0.007915387,0.01619743,0.01743803,0.013720331,0.019210858,0.03276511,0.00038037976,0.3111795,0.012421311,0.0096555725,0.007156447,0.09410608,0.009955628,0.018361697
9457,0.07641225,0.1282171,0.006182718,0.031122196,0.34808314,0.11685303,0.016043968,0.64048994,0.04882273,0.101977184,0.022372264,0.023707647,0.04611074,0.006836693,0.02014838,0.09862694,0.00094986346,0.26424128,0.054864153,0.0068250177,0.016040832,0.20112672,0.043594636,0.039992027
9461,0.0044491226,0.039852444,0.0077479742,0.03248903,0.6825569,0.019307293,0.015522808,0.63972414,0.113325134,0.09866571,0.007529365,0.012991886,0.004580579,0.047096953,0.10828524,0.014831286,0.0011279226,0.60981244,0.0070740264,0.005843905,0.0370875,0.018673053,0.013020384,0.016126461
9465,0.24824078,0.14437486,0.00585541,0.06472669,0.35616678,0.28948283,0.044324927,0.6364928,0.037650287,0.031507947,0.029877549,0.08650546,0.017151989,0.009972326,0.013895562,0.07759572,0.00224087,0.21885276,0.048184227,0.015573359,0.027875567,0.3325375,0.12971026,0.07182833
9467,0.008764365,0.021443143,0.0040013683,0.050759394,0.5630726,0.03786595,0.022743482,0.64362,0.044725813,0.027457522,0.003224548,0.015783872,0.005228998,0.043671016,0.040295474,0.01121434,0.00039057966,0.41690612,0.0058379048,0.0083119925,0.014518472,0.032839064,0.008376518,0.013476906
9472,0.023499252,0.08488016,0.008281323,0.055380855,0.47407806,0.047604576,0.02987178,0.7030287,0.07602368,0.06362077,0.0059742085,0.047039855,0.004371124,0.039194603,0.047475938,0.01915058,0.0009065609,0.47063217,0.0135819195,0.007114395,0.05195554,0.044618636,0.04953734,0.020297786
9474,0.6918177,0.1685021,0.0023540682,0.02713007,0.16475822,0.5533906,0.018010082,0.4776539,0.01101328,0.019792046,0.02603169,0.033383228,0.05595594,0.0005793374,0.0013666735,0.12776026,0.00043890413,0.041722573,0.11623513,0.0040509254,0.00268215,0.68118364,0.054942932,0.057166237
9476,0.7173409,0.51927984,0.016601535,0.0031809786,0.12300433,0.054025978,0.002558558,0.12928651,0.04322567,0.20023085,0.0015575776,0.0032202122,0.4085333,0.00020794412,0.0022314629,0.07387395,7.873263e-05,0.017852515,0.68962324,0.0015103769,0.00036937074,0.41928476,0.0056212493,0.011632732
9477,0.050849367,0.0517152,0.007845505,0.005811273,0.34165254,0.068315655,0.0015545898,0.29525194,0.037936144,0.24602446,0.008915153,0.0011179661,0.73360014,0.0006724929,0.005722051,0.16695985,4.2088657e-05,0.11947047,0.22095613,0.0047520124,0.00013308835,0.2740881,0.0004884598,0.0045794663
9479,0.0027057494,0.010134592,0.0020089631,0.031847216,0.6596773,0.024073876,0.007923452,0.67042077,0.039181493,0.026713355,0.003123004,0.006101245,0.0051524183,0.045320738,0.0503752,0.009521762,0.00019838178,0.5975441,0.00341961,0.004916687,0.007881862,0.021879753,0.0028196617,0.0058262404
9484,0.18603192,0.12091546,0.011401601,0.059456903,0.33381557,0.20223318,0.06145287,0.5492523,0.044429097,0.043188527,0.011522257,0.060234766,0.037944317,0.0069226786,0.010318981,0.063755386,0.0011792688,0.12953483,0.055097986,0.019550502,0.013496141,0.235035,0.060691,0.064224124
9492,0.58778477,0.67876554,0.09286619,0.008263091,0.23834799,0.023558017,0.010558986,0.17802478,0.19521922,0.34594515,0.00083703967,0.015128539,0.15547536,0.0019016279,0.009557098,0.030332062,0.00033926088,0.043129906,0.50159997,0.006356573,0.0033516192,0.1593479,0.026677255,0.030378401
9494,0.10250866,0.01797986,0.00027021574,0.011120529,0.19940305,0.55053496,0.0021895918,0.6175108,0.0025419854,0.02474716,0.08287244,0.0032675203,0.28590256,0.00015912055,0.0013921215,0.41622093,0.00011412773,0.11742367,0.08507514,0.0012126716,0.0003530365,0.6819465,0.0042437403,0.007944418
9495,0.6929893,0.13176827,0.0014274606,0.006815176,0.11626764,0.4507969,0.0031465325,0.29380232,0.0066067805,0.033584442,0.015316226,0.0034238654,0.2564474,7.674606e-05,0.00049113657,0.19105116,4.6752713e-05,0.01880616,0.26771772,0.0011069102,0.00019645014,0.7567855,0.003732112,0.013330039
9501,0.41263103,0.03153743,0.00037950304,0.01497163,0.1769846,0.71738076,0.0043592704,0.52048683,0.0031531188,0.01277767,0.06538903,0.0055578575,0.12927978,0.00016437971,0.0005751185,0.24079706,7.760594e-05,0.0485545,0.05749492,0.0017461451,0.0003249705,0.7699828,0.004772379,0.014555408
9503,0.39123178,0.1471011,0.007077088,0.03132312,0.25695744,0.34256524,0.025100408,0.46441767,0.027823469,0.051734272,0.01870815,0.028049525,0.114547856,0.0017343217,0.0040385127,0.122944154,0.0006213097,0.07251056,0.12939331,0.01015629,0.0038463587,0.46188033,0.02822181,0.052392617
9504,0.19743158,0.017037256,0.00030960058,0.014669388,0.22441088,0.65955764,0.0029883971,0.5703211,0.0033394068,0.014941153,0.078665555,0.003795597,0.16223793,0.00022607842,0.0008549057,0.26088,6.2521685e-05,0.07953981,0.038775384,0.0019275472,0.00027324527,0.7025341,0.0026531632,0.010122692
9506,0.07143541,0.014039118,0.00055612565,0.0050699925,0.23688461,0.3375744,0.00061486976,0.41959047,0.0055227475,0.05289906,0.038974036,0.0006159596,0.6219567,0.00010032493,0.000946566,0.33617464,1.2073152e-05,0.07924299,0.08726976,0.001247923,3.9130508e-05,0.62101775,0.00026847207,0.003036002
9510,0.15501675,0.09731887,0.0083692465,0.059656277,0.34261477,0.20668015,0.055961773,0.57371676,0.038236827,0.036221884,0.012258319,0.056516152,0.029356046,0.007351792,0.0105079,0.058999576,0.0010528769,0.14429757,0.041333836,0.016984083,0.013271482,0.22388327,0.058343906,0.058820743
9513,0.10201187,0.014930933,0.00043785892,0.016430613,0.28610006,0.5408607,0.0029748036,0.5974232,0.0053079976,0.021016823,0.07039071,0.0038602087,0.16945432,0.0004381625,0.0016375934,0.23591843,7.52574e-05,0.12393166,0.032618146,0.0027263344,0.000379758,0.59006447,0.0024008283,0.009683399
9516,0.19534062,0.05974443,0.0028618092,0.029817754,0.30012858,0.38989612,0.014710082,0.54496783,0.01824994,0.037879907,0.029076168,0.016832992,0.098028064,0.0017265576,0.004101524,0.14191139,0.0003582964,0.109764054,0.057694994,0.007302667,0.0024274315,0.44466522,0.014138941,0.032345846
9521,0.049224105,0.05035354,0.004224976,0.013126265,0.3554776,0.121876754,0.0028691336,0.41506878,0.04045528,0.20458114,0.0520286,0.0029663723,0.41225374,0.0022090275,0.021667972,0.2813896,0.00018214992,0.20332927,0.12677756,0.0034825667,0.0021636896,0.32269138,0.0019224233,0.011314944
9524,0.14060934,0.030025255,0.0012699959,0.013006416,0.26122427,0.39266998,0.003153333,0.4698125,0.00929511,0.04426001,0.03558199,0.0031931233,0.32863137,0.00039589228,0.0017195219,0.23405875,6.761745e-05,0.082893215,0.08258742,0.0031185108,0.00030811183,0.55286384,0.0016798857,0.0100531755
9530,0.073552184,0.03764272,0.0026808227,0.03475993,0.38730466,0.26123655,0.01408482,0.6087152,0.022131747,0.035589345,0.02216135,0.015894506,0.05829171,0.0035135292,0.0072992668,0.09620869,0.00035663936,0.1852032,0.029068707,0.008696918,0.0033430164,0.281561,0.011580377,0.024702748
9533,0.0034250712,0.009817672,0.0017016099,0.03132885,0.6274744,0.03469789,0.0069289184,0.6788628,0.032067876,0.027347762,0.0044799233,0.0059874407,0.008209263,0.027242886,0.036404673,0.014365845,0.00017635274,0.55547327,0.004153442,0.005293756,0.005020693,0.03343508,0.0027422453,0.0061366493
9539,0.0013494741,0.008214296,0.0023370297,0.0311344,0.6971822,0.011051218,0.0076973224,0.6562412,0.048111312,0.02772842,0.0016128524,0.0048174555,0.0030069582,0.076640904,0.0762593,0.0048756883,0.00013935979,0.66462755,0.0022668247,0.0040379623,0.008838724,0.010203515,0.0018228961,0.003997399
9540,0.0012776552,0.01551424,0.004168581,0.030403001,0.68119913,0.010501185,0.0073049664,0.6748036,0.07872566,0.07190235,0.0029500271,0.0070180222,0.0031807171,0.07398866,0.11030819,0.0086724255,0.000297093,0.7514879,0.0028577894,0.0032005631,0.014674435,0.009187631,0.005400767,0.0046698716
9547,0.025706258,0.049649216,0.010469423,0.05466441,0.50108415,0.05966095,0.03993081,0.581208,0.064177684,0.048335187,0.004344982,0.024696846,0.016886177,0.023438651,0.027619775,0.023479518,0.00055588875,0.2719292,0.018108776,0.016003372,0.013285127,0.06329915,0.0133365495,0.024737213
9550,0.40615866,0.21877317,0.006086966,0.0059042387,0.13290137,0.11470952,0.0025403886,0.24972591,0.02773835,0.2043459,0.021169195,0.003094147,0.70597696,0.0003589306,0.005518148,0.30100203,0.00020569433,0.05540693,0.593106,0.002132701,0.0006487844,0.59817314,0.0052724667,0.00779387
9551,0.5854213,0.06914253,0.0008242303,0.010979277,0.14028487,0.6228261,0.004216168,0.39651993,0.00462894,0.020977914,0.03318242,0.0045152563,0.19604412,0.000108905,0.00046376724,0.22970894,5.9605103e-05,0.027471302,0.13613182,0.0014339992,0.00025026427,0.7811587,0.0039696107,0.014837851
9554,0.10207625,0.33116838,0.19385715,0.07543399,0.47097215,0.010625554,0.1630956,0.3259865,0.3531819,0.18779905,0.0008311534,0.059976846,0.011382936,0.09414461,0.09008772,0.0069341213,0.0015861079,0.1721164,0.058225602,0.039575215,0.06971282,0.020998077,0.03859844,0.047299635
9555,0.010156021,0.01241717,0.0012930356,0.025523651,0.52560246,0.11318251,0.0045809294,0.6780845,0.021765323,0.03354491,0.01521462,0.0055603273,0.03816172,0.006106264,0.013554724,0.059111185,0.00015489727,0.40564042,0.009822535,0.0054566395,0.0018859244,0.1329677,0.0030402553,0.008019604
9556,0.030318994,0.25856778,0.2819684,0.048457704,0.6210488,0.004288784,0.08640769,0.29664862,0.5266435,0.37710994,0.0005877168,0.02082915,0.017370591,0.13978715,0.1839659,0.0055198777,0.0007449907,0.28834227,0.045147877,0.033584062,0.042317025,0.009809419,0.007985271,0.021495009
9561,0.025443535,0.031682093,0.0038881963,0.042245936,0.48433575,0.1048892,0.018292172,0.6313938,0.036157675,0.036485087,0.008709963,0.016878169,0.020985816,0.011791916,0.017419372,0.03785186,0.00038852976,0.28915933,0.0145380655,0.009977619,0.0067487312,0.10849335,0.010678016,0.019892715
9565,0.49859527,0.47010297,0.03921381,0.0055138213,0.2079861,0.04036644,0.00505956,0.16226457,0.09184502,0.30758193,0.0017680133,0.005152472,0.3887595,0.0007685376,0.005547341,0.06226589,0.00014257194,0.037068438,0.56070495,0.0039954893,0.00082159514,0.25849417,0.0061580674,0.015714679
9570,0.34181198,0.13144308,0.0037881143,0.013310146,0.20858207,0.22355315,0.0058198334,0.3716766,0.02579459,0.08886173,0.030822467,0.0067455997,0.116470404,0.00087909086,0.0062200422,0.18650277,0.00019039736,0.08788577,0.13251884,0.0021832802,0.0032587796,0.5059701,0.01084766,0.024752216
9575,0.08966919,0.34576532,0.2328279,0.03918456,0.5457641,0.016333155,0.06380202,0.3166165,0.42760304,0.3940511,0.0016844983,0.027878284,0.06136039,0.04017506,0.08651763,0.019464957,0.0010323683,0.21281295,0.111248985,0.044682357,0.018915705,0.04166051,0.016178263,0.037891377
9576,0.10614712,0.02443136,0.001107005,0.016798126,0.29519865,0.41159803,0.0038124688,0.53556204,0.009593714,0.037023664,0.04314086,0.004178956,0.24588192,0.0005856588,0.0021968829,0.22201452,9.124899e-05,0.11112135,0.055514775,0.0038448845,0.00046689928,0.5202148,0.0022103386,0.0110378275
9580,0.45274553,0.39189956,0.021550616,0.07075919,0.20076911,0.087236986,0.07267524,0.5703857,0.060794175,0.03310689,0.0031519455,0.23483902,0.009968341,0.0072633624,0.009033758,0.02355876,0.002019281,0.09310147,0.064311095,0.014914663,0.038759794,0.18702358,0.50639725,0.12415399
9588,0.04092212,0.03899903,0.0042935982,0.042054586,0.44703946,0.14130023,0.020360345,0.6145977,0.034144778,0.03869503,0.011137925,0.019033868,0.030879378,0.008147825,0.013248124,0.051984567,0.00042582524,0.23657688,0.02077345,0.0109974705,0.00605758,0.15068012,0.012701923,0.02415625
9595,0.05932606,0.20044546,0.100074306,0.021941582,0.52249944,0.02707658,0.019049963,0.3412996,0.2731032,0.39744,0.0032436207,0.011459893,0.20288695,0.012478964,0.04424255,0.04746742,0.0003775658,0.21355437,0.12880611,0.024445163,0.004221685,0.079591416,0.005893276,0.02145287
9596,0.005222115,0.01384092,0.0023662453,0.037986588,0.6023748,0.037360586,0.010867361,0.6675366,0.036668047,0.027473142,0.0039827297,0.008963404,0.006808041,0.032321393,0.037166413,0.013213647,0.00024536878,0.49590197,0.0047594397,0.0062833573,0.0077387374,0.03445787,0.0044350424,0.00864356
9600,0.0638699,0.09907538,0.029523298,0.15311602,0.35815215,0.031210603,0.31160885,0.49499774,0.085143745,0.026940176,0.0018175393,0.098423034,0.0038646632,0.103359625,0.04547732,0.0076105604,0.0019406317,0.15302189,0.017716987,0.029102914,0.12056381,0.028391847,0.060818247,0.050097596
9603,0.58235663,0.60738015,0.063143186,0.0067560957,0.21712193,0.031244071,0.0075355032,0.1671598,0.13740882,0.3260881,0.0011549186,0.009502524,0.24578214,0.0011498507,0.0069051976,0.042479124,0.00023553276,0.037445292,0.5544125,0.0050461325,0.0017425747,0.20990705,0.014175598,0.022959443
9607,0.043829665,0.028077973,0.002861843,0.0046970854,0.30289117,0.107822984,0.00085120054,0.33045584,0.018253645,0.16058815,0.015110476,0.00067109975,0.7641083,0.00033757935,0.003317481,0.23675208,2.5498455e-05,0.11736682,0.17287113,0.0028908362,6.435267e-05,0.38520527,0.00030468154,0.0031458968
9610,0.022755291,0.07650103,0.025019638,0.03912639,0.5578847,0.035003677,0.024953267,0.5136441,0.13573824,0.12544928,0.0032513984,0.016818542,0.036507733,0.024981381,0.04257427,0.024905628,0.00038945887,0.30551174,0.028857836,0.016803876,0.009381659,0.05315173,0.008308653,0.020900521
9619,0.040911246,0.05771089,0.00933815,0.050401732,0.4622937,0.089569785,0.036159605,0.57952034,0.05692566,0.05012605,0.006155162,0.026408525,0.023037624,0.014840584,0.020125762,0.034700625,0.0005542445,0.23366243,0.023109883,0.014784804,0.010875838,0.09870581,0.017008366,0.029467482
9633,0.34318876,0.07113111,0.0020236243,0.02758361,0.24233408,0.51207435,0.014466114,0.5292518,0.0121260295,0.027370077,0.0365127,0.018391652,0.093574405,0.0009689813,0.0023790074,0.15976132,0.000342167,0.07759757,0.07104452,0.0055686785,0.0019996166,0.57255375,0.018360266,0.03651618
9637,0.13648768,0.010481182,0.00020036889,0.0067847813,0.22920042,0.6338726,0.0006153663,0.46213546,0.0034085303,0.018995734,0.24235359,0.0009110573,0.3611195,0.00014675362,0.0015284119,0.49720857,3.812437e-05,0.13557677,0.04713315,0.00087264593,7.960451e-05,0.82957625,0.0006602266,0.0032591945
9638,0.40612242,0.3275828,0.024715792,0.0048072813,0.20810178,0.056490876,0.0037733102,0.16624139,0.06054355,0.27777356,0.0026855592,0.0030406108,0.5447391,0.0005307283,0.004144218,0.09165958,9.3600844e-05,0.036887955,0.5470923,0.0036082938,0.00038877278,0.31667334,0.0028062714,0.012054752
9639,0.033142947,0.031791344,0.003306334,0.038194247,0.45966402,0.14247338,0.0150409555,0.6286874,0.030725386,0.03734553,0.012241719,0.015262762,0.031915985,0.0074876403,0.012964795,0.05407106,0.00035080212,0.26011682,0.017953929,0.009442071,0.0048359344,0.15279955,0.009972426,0.020111874
9643,0.60322857,0.05246404,0.00047131878,0.014723487,0.14827992,0.737847,0.005464162,0.47233054,0.0032516175,0.011924862,0.053822674,0.0069696205,0.1105574,0.00012611006,0.00043732126,0.22025514,8.597827e-05,0.033467375,0.08241312,0.0016162458,0.00036484547,0.8087355,0.0070302486,0.018501591
9645,0.16309051,0.3981363,0.17784292,0.040832236,0.4555628,0.025174726,0.06986235,0.3406397,0.33421135,0.29027414,0.0016745928,0.04737289,0.046803646,0.02639506,0.049148362,0.022642916,0.0012004789,0.15685897,0.118989676,0.033196215,0.022112543,0.06311002,0.0414349,0.055379767
9647,0.5795772,0.097111836,0.0014427095,0.02402455,0.18150263,0.6188769,0.01332768,0.49748042,0.008026374,0.018531658,0.03783716,0.01951075,0.07751927,0.00046683027,0.0011901814,0.16269347,0.00027975746,0.047477894,0.09135185,0.0036147316,0.001547665,0.6999352,0.023916481,0.039499044
9650,0.094945334,0.27547887,0.14066967,0.020583441,0.49330837,0.026837338,0.021673054,0.28774297,0.30583465,0.4680756,0.0032386635,0.011174575,0.26470932,0.011136766,0.043880027,0.05170457,0.00047578764,0.17551935,0.2026839,0.029374318,0.0038510498,0.0899833,0.005901888,0.023589512
9651,0.10974066,0.23080777,0.016986232,0.026685974,0.38994476,0.07590869,0.012786652,0.570892,0.102364935,0.208709,0.0062944335,0.032162238,0.04709951,0.005615788,0.01574384,0.054793373,0.0005580345,0.25425982,0.08100089,0.0069443667,0.009434573,0.13673899,0.053732853,0.024035415
9653,0.06461613,0.078952275,0.014194815,0.10785473,0.36975658,0.06377654,0.16812299,0.5680256,0.05756339,0.024902971,0.0034623027,0.081578575,0.005437632,0.043670304,0.028345352,0.014473975,0.0013952312,0.17893139,0.016599428,0.021474406,0.054769665,0.05661341,0.063867316,0.04992309
9655,0.060564324,0.08243039,0.021874402,0.13444188,0.370325,0.045550916,0.24786925,0.5175742,0.07045269,0.02693642,0.002782617,0.08219828,0.0057436046,0.07053439,0.03636104,0.011520248,0.0016953575,0.15962712,0.01907666,0.02789895,0.08071611,0.040207967,0.04973076,0.047877688
9660,0.52350795,0.33311456,0.013991615,0.0034448036,0.15554021,0.06837489,0.0024865216,0.14931291,0.036932185,0.21007378,0.0026259783,0.0022043344,0.5622175,0.00023299364,0.002374601,0.105502516,6.339831e-05,0.024834603,0.6168724,0.0020651731,0.00022811245,0.41789526,0.0025264532,0.009988035
9662,0.11875822,0.04855163,0.0025298211,0.0024425255,0.19313893,0.11802852,0.0006259266,0.22865576,0.0124913985,0.15436906,0.010168012,0.00045926325,0.81283313,0.0001107394,0.00158649,0.2411253,1.3052421e-05,0.05033826,0.3157466,0.0013566097,3.214592e-05,0.4950217,0.00029901965,0.0030214265
9663,0.1946187,0.12530383,0.010370188,0.0049453084,0.23951,0.086983025,0.0024858592,0.21799184,0.032665834,0.21376151,0.0057823854,0.0016728122,0.6820699,0.00041903486,0.0033576759,0.14473613,5.4333024e-05,0.05294723,0.39306775,0.0037218872,0.00017193919,0.35793313,0.0010693988,0.007993079
9665,0.23469953,0.041067477,0.0012798945,0.009251263,0.20390198,0.40330368,0.0025943115,0.3939639,0.007818781,0.04617551,0.028022649,0.0024200445,0.38727257,0.00020713736,0.0010805991,0.2464032,4.4159795e-05,0.050855137,0.12573811,0.0020134652,0.00018582722,0.6237748,0.0014205582,0.009324567
9670,0.076979816,0.110268846,0.027988536,0.11734155,0.37340054,0.047446836,0.21522968,0.50752133,0.08497171,0.036143005,0.002750066,0.08659031,0.007687179,0.05449685,0.034125954,0.013537745,0.0016942861,0.15541722,0.02483596,0.029629305,0.06753277,0.047844265,0.059244975,0.05427395
9674,0.49892867,0.0373838,0.00037795035,0.014790076,0.16163774,0.7407718,0.0047167307,0.5053569,0.002965563,0.011563921,0.06253754,0.006030598,0.1167827,0.00013787781,0.00047873834,0.23554397,7.7233926e-05,0.040860116,0.063482516,0.0016070863,0.0003246144,0.79547703,0.005574142,0.015786383
9676,0.027150363,0.057421774,0.023877902,0.19179486,0.38941163,0.013349224,0.40523896,0.49185592,0.07856323,0.016431427,0.000820752,0.07625208,0.0010757421,0.26567197,0.07660666,0.0025794797,0.001825598,0.1945761,0.0075845057,0.022459835,0.22020747,0.009411078,0.034563534,0.03161265
9685,0.10578877,0.14443894,0.029317401,0.009590591,0.3656812,0.053082224,0.0052614715,0.26968765,0.092470914,0.32291722,0.0050971294,0.003589524,0.53834856,0.0018378699,0.010520491,0.09979928,0.000118563454,0.106957905,0.26771605,0.00915166,0.00060609716,0.19786148,0.0018636122,0.011571167
9686,0.088163555,0.0834658,0.01070211,0.069937505,0.3835184,0.12273878,0.077985704,0.5794867,0.048838675,0.034889787,0.0068814727,0.057470452,0.016088104,0.014504765,0.016230112,0.03458211,0.0010532616,0.17359386,0.027536016,0.019331133,0.020225808,0.12447512,0.049365573,0.050731614
9687,0.017918997,0.14195229,0.1078974,0.033050824,0.6318356,0.009049267,0.031880733,0.38672432,0.34600022,0.30928996,0.0011970225,0.013580494,0.040690705,0.05817307,0.112583816,0.011983187,0.00040164063,0.35120505,0.040467765,0.024817793,0.012623362,0.020014113,0.005222293,0.01623929
9689,0.23193109,0.034066122,0.0008822817,0.019801656,0.24717216,0.5544262,0.006253053,0.5438332,0.007126909,0.023397768,0.051074278,0.0077077895,0.13929279,0.00052532443,0.0016135741,0.20568512,0.00014784058,0.08369305,0.054455254,0.003486209,0.0007351622,0.6124745,0.005898974,0.018432537
9691,0.0019809136,0.00831686,0.001778002,0.034278937,0.6614822,0.018175306,0.008535852,0.67784876,0.036649186,0.02211509,0.0022826793,0.005940332,0.003237383,0.056599177,0.05598219,0.006554899,0.0001626263,0.61605525,0.0024136053,0.0042417115,0.008641281,0.015629329,0.0025459202,0.00497209
9692,0.18715447,0.029102856,0.0009146015,0.014893332,0.2421048,0.4939257,0.0039383443,0.49759763,0.006807502,0.03028749,0.045355856,0.004077768,0.26172417,0.00033932965,0.0013217299,0.23923808,8.218427e-05,0.07463939,0.074295916,0.0031196584,0.00036035606,0.6105417,0.0023359335,0.011750995
9693,0.14624193,0.01495342,0.00034838502,0.009507907,0.2161135,0.57208276,0.0015318342,0.5070431,0.003396964,0.022584546,0.06421379,0.001628048,0.3562834,0.00011974452,0.0006683188,0.31261423,2.7263552e-05,0.068015896,0.059791893,0.0016097011,0.00010102756,0.7017806,0.000841387,0.005745647
9698,0.005786539,0.017604569,0.0038674418,0.054153025,0.58728004,0.025155144,0.024533527,0.6424469,0.046594862,0.023841392,0.0022202937,0.014485475,0.0030858656,0.06947557,0.05371945,0.0068819877,0.00036265372,0.46402922,0.004055653,0.0073110303,0.018815264,0.020152388,0.0069908337,0.010873877
9703,0.008463483,0.02175335,0.004473707,0.032218646,0.5824878,0.047921345,0.009247623,0.6185801,0.04972089,0.054360047,0.005660673,0.00771312,0.029863201,0.015556562,0.027237713,0.029362777,0.0002196832,0.41562986,0.012231662,0.009365375,0.0039490536,0.060327396,0.0032555596,0.009502797
9708,0.024849843,0.046308454,0.009111467,0.05091928,0.50299394,0.06442226,0.032861777,0.58893204,0.060014717,0.048565246,0.0048597367,0.022049636,0.019152824,0.020195784,0.025516316,0.026327271,0.0005015016,0.2770773,0.018023394,0.014801413,0.0111008985,0.06992174,0.011948375,0.023191806
9719,0.4229986,0.09638823,0.0020659282,0.02102801,0.27833727,0.50830084,0.0072945654,0.44124368,0.021287592,0.044764448,0.0550751,0.009814636,0.10125354,0.0007288686,0.0034230358,0.20551059,0.00020864738,0.09446872,0.076294,0.0039732093,0.0019468553,0.70126647,0.010355172,0.024570353
9721,0.31283864,0.69331133,0.35811982,0.024456965,0.43800482,0.010803992,0.051907897,0.22492304,0.53932977,0.49030945,0.000614708,0.04403845,0.05185164,0.022783648,0.056038614,0.0137785645,0.0010166105,0.11144477,0.24571566,0.028504366,0.021423442,0.04592015,0.049415212,0.0525039
9725,0.073468655,0.008739199,0.0002222027,0.011586343,0.27205816,0.57512623,0.0013776381,0.60284305,0.0033504982,0.018230446,0.09240791,0.0018388262,0.23742674,0.00022033874,0.0011028631,0.29284543,3.2819706e-05,0.12598251,0.02784517,0.0016881595,0.0001443237,0.6501253,0.0010318009,0.005428601
9729,0.005241308,0.036388166,0.016665272,0.031118833,0.6574552,0.0128798755,0.012192147,0.5343809,0.13693787,0.117689915,0.0018034634,0.0075197504,0.021538168,0.05054481,0.07750641,0.011854528,0.0002333745,0.49505764,0.013051214,0.010755352,0.0072887153,0.020321542,0.0026037365,0.008169077
9733,0.1194681,0.013469188,0.00032406897,0.013970732,0.25700817,0.5920477,0.002315245,0.5839559,0.0039616153,0.018399363,0.078039214,0.002984469,0.19205995,0.00027757406,0.0011396288,0.2641319,5.3087682e-05,0.10408539,0.034039643,0.0020349892,0.00024538,0.65022194,0.0018550087,0.008184034
9737,0.06666131,0.015659122,0.0007212335,0.0049689035,0.24831983,0.28578556,0.0006482599,0.39986706,0.0066785277,0.06394011,0.033255614,0.00061712036,0.6541331,0.000117787946,0.0011505088,0.31633934,1.30992075e-05,0.08253997,0.10055046,0.0014601127,4.22274e-05,0.58030033,0.00026226856,0.0030827909
9738,0.5303073,0.03967542,0.00037616317,0.014451466,0.15586825,0.7473191,0.0047187093,0.49664718,0.0028914022,0.01128001,0.06129838,0.0060121105,0.11542708,0.00012549596,0.00044163986,0.2347012,7.502345e-05,0.038035948,0.066948615,0.0015397172,0.00031213014,0.80496174,0.005687096,0.01593843
9739,0.0045565157,0.013747258,0.002616287,0.04073795,0.612466,0.029528622,0.012698808,0.6616682,0.039744187,0.026214503,0.0030729454,0.009429873,0.004955041,0.043646727,0.044347737,0.009815742,0.0002548783,0.5095824,0.004119909,0.0062187724,0.009848081,0.026049316,0.0045014443,0.008398224
9741,0.017873798,0.021418253,0.0023363892,0.034433637,0.50231737,0.113509886,0.010056509,0.6550279,0.028442837,0.03424658,0.0112452125,0.010706857,0.026300348,0.008738825,0.015235446,0.04561032,0.00026245118,0.33201736,0.012074887,0.0077014132,0.003968636,0.1212288,0.006379111,0.013811461
9745,0.13533257,0.40810463,0.23491718,0.02842746,0.50516224,0.02033531,0.04436676,0.2828678,0.4147992,0.4597475,0.0019803697,0.023074519,0.11863673,0.021624811,0.062276352,0.029405823,0.00086947216,0.1707273,0.18145958,0.038726956,0.011034538,0.063133046,0.014932069,0.037439544
9747,0.10988721,0.11714482,0.01311403,0.10818982,0.31827042,0.07971241,0.1480379,0.6152457,0.052138742,0.021806993,0.0040689455,0.14061508,0.004991545,0.028356133,0.022059437,0.01650778,0.0017010065,0.17284314,0.017979698,0.02059537,0.05673039,0.08279425,0.17527473,0.07094389
9750,0.27328038,0.48543796,0.10153899,0.012631797,0.33898246,0.029748883,0.01383468,0.23822038,0.26471314,0.5000359,0.005055874,0.015323555,0.28637224,0.0074841506,0.041994717,0.07735563,0.00070636824,0.11931742,0.43035835,0.011705102,0.0066211727,0.13330951,0.016629498,0.024222262
9752,0.07251058,0.409343,0.3681578,0.04904059,0.57290286,0.005808293,0.111697905,0.2679648,0.5742186,0.41214985,0.0005851184,0.034174185,0.01913255,0.10716178,0.14593089,0.0067475806,0.0009899437,0.20847578,0.07317586,0.03921984,0.0510148,0.014267495,0.017318651,0.03503673
9754,0.19728921,0.20720199,0.016730694,0.10021632,0.26601145,0.084763154,0.111813895,0.62900484,0.057358265,0.026544029,0.004356763,0.2168736,0.0063545248,0.017643413,0.017023383,0.019834897,0.0020023487,0.15405223,0.026369806,0.019600846,0.052645687,0.11779657,0.37752125,0.098688185
9760,0.0068601505,0.014274881,0.0020795688,0.03260264,0.58024853,0.056915864,0.007864345,0.6697632,0.032736942,0.032248057,0.0066513624,0.00775455,0.014009697,0.017718198,0.02665701,0.024198532,0.00021981772,0.46565232,0.006686539,0.006336903,0.004642646,0.058929004,0.0040249983,0.008822623
9762,0.19414987,0.04963401,0.0021961315,0.0065380097,0.2149909,0.26335877,0.001966246,0.32568964,0.011511612,0.08151831,0.017741872,0.0016143195,0.5512284,0.00019998696,0.0014182838,0.23108579,3.205573e-05,0.049910493,0.18971293,0.0021702903,0.00012565524,0.55101126,0.00086305616,0.007552844
9765,0.435814,0.06386966,0.0012908747,0.017486718,0.19105062,0.5692322,0.0076859966,0.461653,0.0071217082,0.024931999,0.03712389,0.008351977,0.17256382,0.00031206582,0.0010082782,0.20654683,0.00013960652,0.046443354,0.108383484,0.0031974122,0.0006483412,0.68329614,0.006619245,0.02179644
9766,0.0044045285,0.010696457,0.001695226,0.028789299,0.6080954,0.046600655,0.0058733015,0.6754556,0.030936377,0.031920508,0.006339032,0.0056668934,0.014090356,0.018140102,0.02912825,0.022155715,0.00016999427,0.52491856,0.005572263,0.0055556176,0.003634876,0.049249064,0.0026866642,0.0065042754
9772,0.40820095,0.046182595,0.00073900196,0.01955053,0.19861652,0.6522837,0.0074134986,0.5249491,0.0053318823,0.016826445,0.05304029,0.009623022,0.109508164,0.00033787073,0.0009966128,0.20497221,0.00015041344,0.05708064,0.06450616,0.0027888746,0.0007278531,0.70620334,0.008887852,0.022511128
9778,0.69600916,0.39438647,0.0041791806,0.02647653,0.125836,0.16881047,0.016940402,0.559278,0.02243377,0.029499203,0.007622328,0.07163366,0.018096764,0.0014352527,0.0032746533,0.047541298,0.000717312,0.053119853,0.12125183,0.0026297388,0.013275648,0.4258591,0.25362653,0.056694105
9786,0.052906048,0.07766008,0.022914236,0.14839065,0.36948946,0.036561478,0.28805095,0.51190424,0.07255779,0.02426302,0.0022220162,0.08449819,0.004143018,0.095899045,0.042780876,0.008711297,0.001773459,0.16318947,0.016088111,0.027490782,0.10306486,0.0306722,0.048155062,0.04509521
9788,0.2088022,0.44258532,0.04913903,0.030816207,0.34441558,0.033863157,0.02203319,0.46359092,0.23118243,0.29168525,0.0056796325,0.043455694,0.05361151,0.0050724996,0.02262571,0.04679388,0.000998972,0.15127884,0.10521376,0.009869557,0.022152884,0.113575675,0.10903845,0.043130644
9789,0.02809183,0.03448143,0.004223259,0.05151921,0.46750012,0.097886376,0.028405892,0.63922703,0.03620687,0.02902733,0.0070332885,0.023789281,0.012279225,0.016314311,0.019145451,0.029331267,0.00051433605,0.27749082,0.012391029,0.010525997,0.011080554,0.0922914,0.016173186,0.023816653
9795,0.0685225,0.06694766,0.008755252,0.05527216,0.41286993,0.13012496,0.046825938,0.5781176,0.04639249,0.04183942,0.008174491,0.035214502,0.025658067,0.010903664,0.0147398,0.04411232,0.00071885413,0.18753509,0.028904187,0.016484145,0.011725949,0.13786817,0.025648313,0.03844321
9796,0.03717803,0.018949665,0.0015950212,0.014137891,0.3811414,0.22505869,0.00223926,0.53385174,0.016520336,0.06651154,0.031577952,0.0024818648,0.33382916,0.00090649835,0.0042365245,0.19872537,6.667944e-05,0.18717611,0.04915712,0.004384222,0.0003468888,0.3731951,0.0010706404,0.0065833963
9798,0.0132319825,0.012898591,0.0011308041,0.017864184,0.50707287,0.14481968,0.0029724087,0.6427109,0.01970675,0.041234516,0.024424218,0.0036899103,0.08371281,0.003541978,0.009957203,0.10108108,0.00012800489,0.38018307,0.015744003,0.0044329753,0.0011614664,0.19350322,0.0021956812,0.0066047306
9811,0.12533538,0.098766096,0.010804954,0.005365469,0.2758648,0.07663973,0.0022460413,0.24001229,0.037696823,0.23870529,0.0062673236,0.0015466508,0.6960149,0.0005435896,0.0042713587,0.14706369,5.0191135e-05,0.06994088,0.32791987,0.004141753,0.00017169738,0.31251177,0.00085882,0.0070384224
9812,0.6297755,0.5206617,0.027477855,0.0043657073,0.16080129,0.043992467,0.0037802286,0.1463935,0.06733308,0.25337934,0.0015388275,0.004590088,0.3727426,0.00042070646,0.0036174946,0.06348448,0.00011669524,0.02581612,0.6349291,0.0025471144,0.00064004486,0.32214785,0.0068696826,0.014332543
9817,0.4308649,0.1693944,0.004995457,0.00243067,0.13614506,0.11540467,0.0012901785,0.16357663,0.016597234,0.14948748,0.004740178,0.0009685816,0.68533915,9.009266e-05,0.0012186675,0.16993424,2.5110787e-05,0.02319167,0.54057527,0.0012394442,6.739298e-05,0.54898286,0.0009942467,0.005919428
9819,0.06664138,0.10162678,0.024386413,0.09103358,0.4075784,0.0577315,0.14764224,0.52704,0.08414036,0.04335154,0.0032112368,0.06730797,0.010425947,0.037116736,0.030304754,0.01794643,0.0013286676,0.1772952,0.025980173,0.027042802,0.04132503,0.058891978,0.045230195,0.0491536
9823,0.2323674,0.2708109,0.01742925,0.12917258,0.22987927,0.051375426,0.1320086,0.6651035,0.058548816,0.018250145,0.0023930112,0.3694375,0.0021542192,0.026957301,0.01994566,0.008962634,0.0026006498,0.15695883,0.019701997,0.018104715,0.12048604,0.07744917,0.6479097,0.11741891
9827,0.0019778288,0.008001212,0.0017193295,0.031113723,0.6644619,0.020005275,0.006938322,0.6758012,0.035611555,0.02520492,0.0027458314,0.0051480155,0.0047089066,0.04427128,0.05125356,0.008199586,0.0001478589,0.6197107,0.0028091818,0.0044735097,0.0062434566,0.018374305,0.0021213635,0.004696067
9828,0.08523163,0.023829704,0.0013046515,0.01121544,0.2939413,0.31366187,0.0021395546,0.46639326,0.010647099,0.056567498,0.03402604,0.0021644682,0.41513446,0.00040987914,0.0021435511,0.2360276,5.0281484e-05,0.10468442,0.080447,0.003210132,0.00022172039,0.4997872,0.0009957838,0.0071880175
9831,0.0067528263,0.018584376,0.001883021,0.0360981,0.5667781,0.03951741,0.010661249,0.70992506,0.03511257,0.023339186,0.005694306,0.010454398,0.0023718385,0.033532634,0.044567965,0.012524546,0.00038144572,0.57533574,0.0032322863,0.0040947283,0.013947419,0.036329698,0.008233839,0.009130834
9832,0.058484662,0.08578479,0.019134589,0.087609135,0.41412497,0.06353922,0.13080692,0.545583,0.072851256,0.038681153,0.0035565302,0.061071794,0.010260445,0.03367347,0.028098075,0.018982915,0.0012117409,0.18711688,0.023259535,0.024916833,0.035981163,0.06191925,0.04006593,0.04534355
9840,0.015977405,0.031708125,0.0065428833,0.07393965,0.4960288,0.040881526,0.060303096,0.6169557,0.049347494,0.02358226,0.0027427801,0.030840646,0.0038022196,0.05816436,0.04094994,0.009823036,0.00067210494,0.3256467,0.007224709,0.011741143,0.02943635,0.03209298,0.017591849,0.021364776
9841,0.17371091,0.22708614,0.018068492,0.1445202,0.24685486,0.042211823,0.1596687,0.66074944,0.060871605,0.016821578,0.0020118896,0.35394827,0.001605183,0.040044926,0.02557594,0.006917484,0.0025667718,0.17358725,0.015066387,0.018905539,0.14331694,0.055916,0.58799183,0.104164965
9845,0.007938951,0.019444125,0.003352774,0.030076606,0.584051,0.050938487,0.007560221,0.6363219,0.046048585,0.04976923,0.006242365,0.007646037,0.021668708,0.016892636,0.029178577,0.027631463,0.00021359549,0.4485129,0.009443125,0.0069956947,0.0042066597,0.061491545,0.0039054987,0.009394862
9849,0.008762995,0.015926244,0.0022108224,0.028174073,0.5601465,0.072467186,0.006145075,0.6538246,0.033113077,0.04208571,0.009202619,0.006648959,0.028367499,0.010719744,0.020755649,0.038438164,0.00018586993,0.42937496,0.00973569,0.006494813,0.0029059574,0.08629426,0.0034589842,0.008767349
9852,0.011967717,0.02579259,0.0013115818,0.049859032,0.38704154,0.024405792,0.0253763,0.69954276,0.02076523,0.016348239,0.002923728,0.022000628,0.0017663594,0.031644877,0.030051528,0.006426534,0.00026161177,0.36655885,0.0043438915,0.00269157,0.06349553,0.023278516,0.018785248,0.009389956
9858,0.003139302,0.015235595,0.0026792714,0.03423464,0.64500844,0.019849723,0.010439411,0.6425483,0.049723864,0.048604142,0.004193095,0.0070667556,0.001812143,0.046228364,0.07087138,0.008381689,0.0002941646,0.62635684,0.0035943775,0.0029017918,0.02682468,0.013398293,0.005163576,0.0071127885
9860,0.08914168,0.018084845,0.00074238126,0.0058675944,0.23876281,0.33073205,0.0008760088,0.4090563,0.006414816,0.055337258,0.034405652,0.0008419043,0.5895655,0.00012803821,0.0010694728,0.3031959,1.663534e-05,0.07410803,0.09999604,0.001573405,5.794996e-05,0.59835577,0.00037685916,0.003934738
9863,0.012210128,0.048851743,0.009336922,0.028561577,0.6393821,0.030552715,0.008411871,0.5668608,0.12962787,0.12772849,0.00551242,0.008782669,0.014425654,0.025582122,0.06265073,0.02364886,0.00034345206,0.54046893,0.010465057,0.00602292,0.014360439,0.04146854,0.0077085155,0.01150026
9865,0.12356242,0.13104178,0.014389639,0.10529118,0.31506383,0.08180078,0.13990358,0.61087966,0.05480645,0.023905125,0.004218405,0.14791115,0.0057292534,0.025684906,0.02129901,0.017686555,0.0017878184,0.17006096,0.020426814,0.021494322,0.053808127,0.08974117,0.19378343,0.07568531
9872,0.022340968,0.012428659,0.0007714098,0.011776567,0.42801514,0.2127856,0.001519677,0.5895174,0.013074777,0.044638686,0.039957833,0.001955238,0.19829361,0.001213277,0.0052937865,0.17320882,7.011853e-05,0.28864542,0.02592215,0.0030573052,0.00041304983,0.33182275,0.001155719,0.0048401747
9874,0.064922996,0.32462978,0.051690597,0.07235499,0.3862606,0.018958604,0.12778224,0.551745,0.22587416,0.123091124,0.0024295026,0.08348733,0.002445773,0.087308794,0.088753015,0.008841648,0.0018241196,0.23870961,0.016802954,0.009989204,0.11189826,0.025795536,0.12034755,0.052534703
9879,0.022172788,0.017642336,0.0014429884,0.029401863,0.4663188,0.17690252,0.006905741,0.66794103,0.019385953,0.030290402,0.018984683,0.008387585,0.041806176,0.004456885,0.009510893,0.07421011,0.00019772384,0.3012332,0.013449287,0.0063033393,0.0022854023,0.19185537,0.005135325,0.012320035
9880,0.0020524277,0.009697774,0.002291149,0.034159064,0.6729388,0.0159805,0.009114683,0.6616672,0.044296496,0.025587995,0.0020497553,0.0061805244,0.003326744,0.06652632,0.06417325,0.0061352975,0.00018335524,0.61961186,0.0026910899,0.0045301854,0.010112741,0.014105389,0.002633178,0.005208904
9882,0.123238795,0.03581941,0.0019421551,0.02101678,0.3122444,0.36481616,0.0065486697,0.526336,0.014139352,0.043709442,0.034439173,0.006808782,0.20750453,0.00095804856,0.0031328055,0.18413532,0.00016304148,0.11423266,0.06422945,0.0058330614,0.0008789355,0.4614148,0.003884128,0.016196406
9888,0.5934614,0.36722168,0.010186324,0.057445057,0.16172095,0.1672391,0.048384566,0.57726216,0.032655887,0.022664659,0.005649356,0.20451343,0.011764321,0.0031337868,0.004552034,0.035937298,0.0015925961,0.07181169,0.07134089,0.009112104,0.022543207,0.325018,0.5107329,0.12498288
9891,0.049436703,0.062201537,0.010698765,0.02802799,0.45890585,0.10404859,0.012427132,0.5045736,0.062024903,0.10772456,0.010040669,0.010881013,0.13426226,0.005196236,0.014302645,0.07577002,0.0002792554,0.20521513,0.05539168,0.01353621,0.0026834437,0.16828968,0.0057567745,0.019730346
9896,0.41987386,0.28048867,0.0056980974,0.008606002,0.12614463,0.090589754,0.007577356,0.39720935,0.02960463,0.12509178,0.0074660797,0.006532861,0.20667093,0.0007425422,0.0055081737,0.11257294,0.00031166893,0.050593335,0.28838244,0.0020300904,0.0016437129,0.40227827,0.020031229,0.022439178
9900,0.123434015,0.009384798,0.00016615649,0.0114392005,0.23062688,0.6772274,0.0015394688,0.59766996,0.0023352958,0.013124512,0.10349497,0.0020106416,0.20758517,0.00014339981,0.00069375546,0.30691618,3.1148906e-05,0.09292857,0.028875774,0.0013907884,0.0001274958,0.72514886,0.0012565925,0.005971476
9907,0.121422,0.11221641,0.013225881,0.080185376,0.35080308,0.11727652,0.10011588,0.5795262,0.05282002,0.032929406,0.006197655,0.08717047,0.013061548,0.015934302,0.016711002,0.030543018,0.0013957774,0.16050145,0.029592846,0.021334795,0.028337033,0.12583531,0.09274265,0.06522197
9911,0.54356873,0.26027358,0.0077674016,0.0034640275,0.13433844,0.105615996,0.0022112464,0.16847786,0.022940693,0.14721645,0.0037994087,0.001959409,0.538046,0.00016065472,0.0016441778,0.13489272,5.001039e-05,0.022810536,0.5521102,0.0015109004,0.00017593372,0.51408947,0.0024297985,0.009521528
9912,0.29503053,0.022098335,0.0002219979,0.014371924,0.1771157,0.6880888,0.003117131,0.58635587,0.0024325266,0.010110455,0.07666414,0.0048383377,0.098633595,0.00015822021,0.00060597406,0.25087422,6.4931184e-05,0.06255682,0.037524477,0.0012019052,0.00029949783,0.75081813,0.004670741,0.009921517
9914,0.22244556,0.14939521,0.0147194555,0.05387833,0.32726967,0.19534095,0.05776288,0.5175721,0.051837426,0.05480372,0.0106329,0.05744612,0.04985536,0.0062455903,0.01010131,0.06807042,0.0011768899,0.117435805,0.07319606,0.019975275,0.012213316,0.24871373,0.058415093,0.06717497
9916,0.03174902,0.011309729,0.00058444566,0.01972029,0.39543468,0.34159946,0.0030287248,0.6599051,0.009150415,0.026294468,0.04915573,0.0040839696,0.11542412,0.0012041006,0.0039936546,0.16609307,9.422915e-05,0.24104545,0.018383272,0.0039617154,0.0006380056,0.38365108,0.0023162002,0.008274063
9921,0.6885592,0.50842667,0.01800671,0.0034106355,0.1311598,0.051551852,0.002722606,0.13434827,0.04688916,0.2105874,0.001605132,0.003397277,0.40521643,0.00024359467,0.0025227764,0.07267107,8.427059e-05,0.019910716,0.67364407,0.0016820823,0.00041173305,0.39591458,0.005713734,0.011940582
9925,0.017158283,0.12809591,0.10109631,0.056184303,0.6015953,0.006891892,0.074264966,0.39814314,0.31403115,0.18237343,0.00075376575,0.022062754,0.010587129,0.13361624,0.13500027,0.005703793,0.0005965534,0.33109277,0.023872536,0.021691635,0.04170504,0.011261019,0.008595959,0.018899094
9934,0.5815755,0.17008516,0.003722225,0.024830075,0.19310464,0.44238678,0.016929463,0.45742747,0.016609369,0.032761656,0.019878987,0.026481455,0.079056874,0.0008240678,0.0020234932,0.12406278,0.0004104564,0.049251534,0.12744538,0.004772803,0.0026754912,0.59550583,0.0378767,0.05115292
9936,0.051746458,0.07889837,0.017946742,0.08571809,0.4235252,0.061447617,0.12264051,0.5495633,0.07160761,0.0382733,0.00350542,0.05618884,0.010006488,0.034695778,0.028875973,0.018497363,0.0011280371,0.19591765,0.021675805,0.023783145,0.034307174,0.058968656,0.035463836,0.042158656
9940,0.121820375,0.011353337,0.00023476665,0.013635411,0.24723917,0.64094424,0.0021158361,0.6020248,0.0030998385,0.014854051,0.09110128,0.0027721121,0.17964593,0.00022557328,0.0009434022,0.27854684,4.6276764e-05,0.10187965,0.029503543,0.001780981,0.00020946386,0.68242276,0.0017575492,0.007549681
9941,0.12001567,0.36753255,0.20842335,0.034198847,0.5127155,0.021086484,0.052513607,0.30811837,0.38638255,0.3962334,0.0020378889,0.026620813,0.08888178,0.026277531,0.065065965,0.025774853,0.000992562,0.18484582,0.14644979,0.04173027,0.013882082,0.058365006,0.017046947,0.039579865
9945,0.50040454,0.2524952,0.0064597577,0.002589638,0.123546585,0.072984196,0.0013105879,0.16049567,0.02030887,0.16729067,0.003906853,0.001253872,0.62963426,0.00014578359,0.0021016232,0.1523149,5.9321577e-05,0.023618354,0.63616955,0.0009901003,0.00016970032,0.4854173,0.0019565504,0.006835245
9949,0.058507945,0.015582286,0.00025761581,0.004483176,0.23796615,0.3625991,0.00040792977,0.52428126,0.0044753808,0.043423712,0.06545929,0.00074614916,0.45565143,7.993861e-05,0.0013355726,0.40839088,1.9428944e-05,0.12117751,0.051278375,0.0006175202,5.6484358e-05,0.67639697,0.0007245699,0.0027073452
9951,0.17753948,0.03264829,0.00026661408,0.021066122,0.22685441,0.5463548,0.002745655,0.7364016,0.0046218773,0.014297717,0.13432306,0.009169263,0.037476726,0.00064087904,0.0026909362,0.21687606,0.00019217456,0.17810673,0.023594812,0.0012748404,0.0028313946,0.628549,0.011669498,0.010053589
9952,0.13234173,0.054804843,0.00085636845,0.01749883,0.33242425,0.38617906,0.0040284544,0.6468537,0.015328628,0.028537925,0.07591627,0.010856618,0.034590583,0.0017322254,0.0072969347,0.15510048,0.00038577575,0.19217288,0.023690576,0.0026010396,0.0036087534,0.5001554,0.017174253,0.020237384
9961,0.007858115,0.024046322,0.0018842851,0.020943305,0.58357286,0.054853372,0.0027512591,0.7602796,0.042273283,0.049539164,0.011699073,0.009705158,0.0067332084,0.0091372,0.03261823,0.03220374,0.00032122948,0.6496395,0.0054285517,0.0027890466,0.008061618,0.06507307,0.017044405,0.006469196
9965,0.26563442,0.18694213,0.012326082,0.07662242,0.26557726,0.1583012,0.07760036,0.59582055,0.04311076,0.029274538,0.007984942,0.14527619,0.014916499,0.008205229,0.010413207,0.038804594,0.0017213948,0.12884283,0.042206537,0.017795717,0.025579417,0.21203148,0.24946624,0.09626331
9967,0.2796855,0.022295156,0.00019778495,0.012340475,0.20144631,0.7583854,0.0023669975,0.5795326,0.003203663,0.0101247905,0.15014444,0.004128526,0.06301689,0.00015787086,0.0011154014,0.38468575,0.0001056941,0.08871253,0.024125708,0.0008614631,0.0003792085,0.8274948,0.0041628173,0.008878959
9968,0.40318915,0.31638217,0.016276773,0.07333562,0.20966731,0.11392937,0.07083782,0.5910005,0.049216732,0.029181926,0.0046855393,0.21594247,0.010903263,0.0068157087,0.008793087,0.028554713,0.0019269063,0.1037424,0.05418729,0.015037635,0.03288595,0.20864294,0.4571675,0.11884137
9975,0.0030781692,0.010638855,0.0021068018,0.03443862,0.6391132,0.025528787,0.00867551,0.66914517,0.037830196,0.02700695,0.0031039834,0.0067531466,0.0054333457,0.04079352,0.046232868,0.009822007,0.00019169033,0.56555223,0.0035842957,0.005242491,0.0072439928,0.023591338,0.0030218991,0.00625631
9977,0.060470823,0.027762307,0.001847498,0.0022900007,0.22838688,0.115222484,0.00042915685,0.2591465,0.011062109,0.15667851,0.013750925,0.00030534604,0.8613845,0.00010107161,0.0016343963,0.28070545,1.007036e-05,0.0709492,0.2508148,0.0015216687,1.9709454e-05,0.4810497,0.0001590379,0.0020931957
9983,0.28100678,0.16439916,0.010001543,0.0034966096,0.19577281,0.08309146,0.0019349793,0.1772807,0.029635446,0.21934983,0.0045243967,0.0013071403,0.7109382,0.0002517464,0.0025001185,0.1462763,4.0906987e-05,0.03674241,0.4946359,0.002468684,0.000121102974,0.40738508,0.0009883186,0.0071794097
9984,0.15664472,0.060622383,0.004076002,0.009227042,0.26752746,0.20135705,0.0032398966,0.34242144,0.01966694,0.10553311,0.015239753,0.0026350797,0.5049741,0.00046972168,0.0027355289,0.18488191,6.293096e-05,0.069523044,0.18511407,0.004041815,0.00027027496,0.43786913,0.0013543757,0.010195083
9986,0.010124509,0.019197907,0.0014692654,0.017990837,0.45486492,0.10745176,0.0045421817,0.6899701,0.017305104,0.06377973,0.021491783,0.00768576,0.10288499,0.0027190503,0.013752651,0.15551366,0.00043127572,0.43534407,0.039966818,0.0040155593,0.0027789567,0.1627303,0.008700248,0.009211458
9993,0.14254098,0.24425611,0.0070318705,0.07146035,0.26283267,0.06224944,0.05431134,0.7608678,0.057168316,0.031826258,0.0030223818,0.16735372,0.0016106609,0.01847066,0.021979282,0.010589981,0.0017776882,0.26700184,0.011378616,0.0070854933,0.11369606,0.07918781,0.38528928,0.060194287
9998,0.3286504,0.041560207,0.0008248714,0.020267343,0.21920474,0.61263525,0.007316774,0.5366469,0.006203829,0.019381862,0.051949095,0.009339185,0.11626887,0.00043501492,0.0012698985,0.20368294,0.00015928953,0.0679961,0.058898736,0.0031453914,0.0007925508,0.66445804,0.008113339,0.021768669
10002,0.20157284,0.1966624,0.021061186,0.088036515,0.2950701,0.099512935,0.10920557,0.57595146,0.0641809,0.036020655,0.004905359,0.15329812,0.012694438,0.014168422,0.015609872,0.028073728,0.0019530469,0.1407934,0.039408457,0.024037957,0.036029547,0.13709244,0.22293591,0.09185818
10003,0.7424425,0.32344574,0.0069789537,0.021207083,0.16348512,0.3359949,0.0171703,0.38602152,0.02327321,0.043580774,0.010135339,0.03236554,0.08498188,0.0006697276,0.0018016488,0.09802125,0.00050640246,0.0331274,0.24157415,0.004820522,0.0031731518,0.5816538,0.05586002,0.061856598
10009,0.14575827,0.0122849345,0.00023255487,0.012373268,0.23047556,0.6524326,0.0019574196,0.5771885,0.0028765905,0.015058944,0.08817442,0.0024981082,0.20121159,0.00017695896,0.0007851727,0.28643948,4.048969e-05,0.08730703,0.03452477,0.001608859,0.00017012804,0.70722795,0.0015945452,0.007245711
10011,0.13773827,0.2890753,0.10211915,0.014771745,0.43205035,0.03346948,0.014739191,0.25795582,0.23095569,0.4381426,0.0032812108,0.009014766,0.33698025,0.005640114,0.02536248,0.060585115,0.0003270214,0.12685893,0.26458436,0.018917624,0.0024586644,0.1219381,0.005273484,0.02192613
10013,0.23160471,0.3906132,0.06594481,0.09908094,0.28977716,0.025167583,0.1411126,0.50958157,0.16102594,0.058124833,0.0010786069,0.23044118,0.0048928037,0.03894263,0.032966256,0.008469503,0.0023081242,0.14212446,0.040245663,0.02520031,0.09084373,0.052132517,0.36544985,0.092186235
10015,0.05922161,0.06740138,0.011192135,0.024702193,0.4405725,0.11014059,0.010767346,0.47696,0.061498847,0.12293559,0.010730525,0.009435304,0.18263163,0.0040540043,0.012697229,0.08794094,0.00024630025,0.1841814,0.07083889,0.012848031,0.0020726277,0.19227569,0.0049363365,0.018967248
10016,0.1569121,0.026992101,0.000845796,0.02144142,0.28176668,0.51793027,0.0060165916,0.57903767,0.007891379,0.024008319,0.053532813,0.007613143,0.12734741,0.0007134469,0.002142198,0.1972262,0.00015563368,0.11042984,0.041491717,0.0039482056,0.0008408728,0.5580323,0.005517124,0.0170393
10019,0.008433647,0.024232086,0.0012748989,0.019256607,0.5480417,0.06216057,0.0046184678,0.7112026,0.029633619,0.06108411,0.015174377,0.008267531,0.01036827,0.008404019,0.025904255,0.037675727,0.00032448384,0.5021552,0.008147874,0.0022204171,0.0087165525,0.071515776,0.009843194,0.008482126
10026,0.3517586,0.02793694,0.00039078025,0.010451477,0.16851713,0.65970135,0.0025615336,0.47047696,0.0030913844,0.017278794,0.055265713,0.0028229954,0.23628819,9.929702e-05,0.00046459064,0.2773534,4.0411614e-05,0.042129368,0.076408975,0.0013839811,0.00014734337,0.7691829,0.0020058106,0.009250887
10033,0.14262325,0.1365891,0.019931477,0.011726705,0.33690295,0.0783451,0.0069787647,0.29722095,0.06392381,0.22226714,0.0064180144,0.004956045,0.4654451,0.0016563499,0.008144426,0.10167029,0.00016585714,0.09671445,0.25387716,0.010072105,0.00075514265,0.2414749,0.0029149782,0.014662904
10036,0.0155176055,0.03317371,0.00710026,0.06818046,0.5116731,0.039999746,0.052381016,0.60949314,0.05377973,0.02779992,0.0027994253,0.027899863,0.0046679196,0.054102834,0.041487545,0.01051227,0.0006261154,0.3329507,0.008019342,0.011996619,0.025601638,0.032987017,0.01556521,0.020874932
10040,0.019911367,0.053032156,0.024249805,0.19987157,0.40868634,0.0071842857,0.42989025,0.47393474,0.085839674,0.014818633,0.00045798207,0.06608995,0.00053455675,0.38668033,0.09810514,0.0013156328,0.0016251387,0.21288604,0.0053522224,0.018095959,0.2960265,0.0049897977,0.028188907,0.025700102
10043,0.19626868,0.15402399,0.011265532,0.0034927607,0.21805543,0.05762376,0.0015377357,0.18256374,0.038698446,0.27561966,0.0044432976,0.0011692239,0.71576154,0.00036286502,0.003898737,0.13348532,3.6883222e-05,0.04981342,0.44797507,0.00229463,0.00014195322,0.33068195,0.00090786495,0.005873249
10047,0.010040888,0.0736595,0.02542401,0.029829208,0.66255176,0.00990379,0.013929291,0.43140566,0.23344961,0.17161849,0.0031444211,0.008139028,0.01212928,0.113756254,0.13629574,0.012183386,0.00077044516,0.59334004,0.015704386,0.008110108,0.013657234,0.022737898,0.0036329236,0.012822777
10048,0.009584398,0.0171855,0.0023981098,0.030547472,0.5578371,0.071907096,0.007409324,0.6517425,0.033893142,0.040048875,0.008540126,0.007651643,0.024352282,0.01209033,0.021591082,0.034693915,0.0002123078,0.4175883,0.009690728,0.007030665,0.0035285784,0.081699766,0.0040239473,0.009760883
10049,0.008904568,0.015785763,0.0021349988,0.032421794,0.56029475,0.0704357,0.008101638,0.66254914,0.031204093,0.0340146,0.008040992,0.008071072,0.018757783,0.013603235,0.022152932,0.03030534,0.00022211116,0.42623028,0.008284893,0.006945308,0.004034016,0.074575916,0.0042464174,0.009753779
10055,0.26382518,0.0475419,0.00035777438,0.0072862143,0.14418559,0.46376717,0.00070428726,0.49208164,0.0039751916,0.02351132,0.05131595,0.002362744,0.25300494,8.649164e-05,0.0010763395,0.3629242,4.490538e-05,0.07848772,0.07937008,0.0006260528,9.015205e-05,0.79389536,0.004950177,0.0062066284
10059,0.2976975,0.028655749,0.0004888962,0.017251465,0.21111555,0.65797573,0.004907813,0.5473573,0.004256128,0.01586785,0.06406161,0.006281842,0.13078631,0.0002860566,0.000931936,0.23061897,0.00010244306,0.0667733,0.050073322,0.0023502044,0.00046636304,0.7031524,0.0050475025,0.015593876
10060,0.154323,0.012979424,0.00024255802,0.010360352,0.21509723,0.63626313,0.0015590711,0.544801,0.0028703043,0.017057192,0.07931144,0.001953139,0.24177341,0.00013752042,0.0006810292,0.30178007,3.0295882e-05,0.0760335,0.040022843,0.0012899186,0.00012156843,0.7225834,0.001233919,0.006307089
10070,0.21735188,0.048224874,0.001935577,0.010657363,0.22778979,0.3509687,0.0034675994,0.392025,0.010757949,0.056442272,0.024407472,0.0031040376,0.388153,0.00031563514,0.0015254209,0.22140746,6.311667e-05,0.057931498,0.13728872,0.0029290693,0.00027086676,0.5646486,0.0017558518,0.011248083
10076,0.3997722,0.0675139,0.00031763146,0.0073775877,0.07897124,0.5282282,0.0016801431,0.5561671,0.002323453,0.029666774,0.041892335,0.0040198714,0.1967188,3.1691954e-05,0.00045552014,0.3458002,3.4580324e-05,0.036295336,0.12850028,0.00041421657,0.00021182312,0.7825166,0.011433653,0.0071276147
10080,0.45000678,0.07441437,0.0014717783,0.023982028,0.20838074,0.5836494,0.012134327,0.51113445,0.008729764,0.02202723,0.040509008,0.016012678,0.0974072,0.00057080644,0.0015015033,0.17278795,0.00026843755,0.059287317,0.081906766,0.004189922,0.0014289963,0.65400434,0.016596375,0.033910383
10082,0.8182873,0.21709056,0.0016794074,0.012008001,0.10946104,0.49426147,0.0065832874,0.34163254,0.007855071,0.021461882,0.014189631,0.011540502,0.08500274,0.00016985621,0.00062878133,0.12937926,0.00013047984,0.019397924,0.20727286,0.0012701077,0.0008155692,0.75423396,0.020368269,0.027926056
10084,0.28829405,0.1360509,0.0017877979,0.037630994,0.20660147,0.23286885,0.017702842,0.69046426,0.014675924,0.01566587,0.015866322,0.045405548,0.0091879,0.0023050604,0.0052886414,0.05136264,0.00058530306,0.12991625,0.024516238,0.0037194905,0.011982977,0.349367,0.113363355,0.03581962
10088,0.030023448,0.036958862,0.0050283694,0.039403375,0.47659642,0.111526646,0.017089874,0.60866463,0.040163342,0.04649297,0.009484562,0.015215598,0.03790804,0.008679612,0.015038519,0.050134674,0.00035815843,0.25890347,0.0211581,0.011496803,0.005138712,0.12915425,0.008646225,0.019834785
10093,0.017045643,0.017667288,0.0016917981,0.031370807,0.49481282,0.13394403,0.007757562,0.668683,0.023035668,0.0311343,0.014199867,0.008865167,0.030952241,0.0065772906,0.012585689,0.05536195,0.00021654156,0.33582217,0.0115021905,0.0067248195,0.002937237,0.14359786,0.0052577294,0.012024226
10094,0.21526442,0.11273267,0.002709174,0.03623633,0.21415217,0.335109,0.02811504,0.60652506,0.021628236,0.048646986,0.05619292,0.024853917,0.0649337,0.0031853514,0.009950671,0.17613702,0.0009800018,0.10511368,0.051169135,0.005152894,0.0075859777,0.44350982,0.031867128,0.03812633
10096,0.00927294,0.014661589,0.0017847804,0.03165708,0.5489546,0.0814544,0.007404962,0.67399895,0.02746396,0.031235315,0.009332447,0.0078122774,0.019711416,0.011556108,0.019451201,0.034603484,0.00021007186,0.4201116,0.00806966,0.0064497003,0.003617079,0.08584802,0.004237312,0.009579415
10098,0.067672305,0.16666201,0.016041584,0.038005296,0.3832043,0.085817575,0.035321575,0.53492785,0.09631578,0.14134842,0.019308826,0.026416233,0.046372153,0.019946478,0.043738227,0.09367544,0.0018264671,0.2619251,0.059969045,0.010673235,0.01932154,0.1387486,0.031936884,0.042455718
10102,0.06742446,0.09010449,0.018166777,0.089596525,0.39757156,0.07060552,0.13555376,0.55266356,0.068272546,0.035968684,0.0038124723,0.06800873,0.010123147,0.030425986,0.025497507,0.020258913,0.0012872093,0.17798427,0.023873203,0.024859343,0.036813214,0.06921551,0.04821845,0.049163293
10107,0.35902414,0.19015813,0.008966807,0.0030903998,0.17135647,0.08784522,0.0018038928,0.16533944,0.026404187,0.20088895,0.0041319346,0.001281363,0.6945962,0.00018524095,0.0020222121,0.14542857,3.8291324e-05,0.029889058,0.5399076,0.0020160829,0.000110043286,0.44889593,0.0011106874,0.007170354
10108,0.1716291,0.26572043,0.061317023,0.009136751,0.3571141,0.038808234,0.0076138456,0.21904843,0.146731,0.41298214,0.0032188592,0.004865,0.48285186,0.0023128167,0.013126446,0.07608834,0.00016774872,0.08785597,0.35413855,0.01034795,0.00096875144,0.16767155,0.0029273971,0.015264626
10112,0.440153,0.022982983,0.0001975727,0.0119801555,0.15500993,0.7851878,0.0028894302,0.5259192,0.0019090899,0.009080522,0.07997405,0.003695238,0.13100494,8.134679e-05,0.00033087024,0.27427065,4.4402183e-05,0.041060343,0.048054192,0.001122801,0.00016364297,0.8276421,0.003263237,0.010472871
10116,0.4087404,0.062253494,0.0011578016,0.024886006,0.20699435,0.60719264,0.012226488,0.5433434,0.0075037526,0.018497778,0.04398648,0.01637529,0.081708625,0.00054420467,0.0014075737,0.17679499,0.00023437703,0.06295446,0.063242465,0.0038058734,0.0013576549,0.6576716,0.01769156,0.031799898
10122,0.005183169,0.0133557,0.0022590181,0.034729317,0.605464,0.04053033,0.009091079,0.66489315,0.03582154,0.03023988,0.00466325,0.007825658,0.009214305,0.026455596,0.034321573,0.015928553,0.00022339697,0.4997299,0.0053457585,0.0063617434,0.0060139685,0.03930971,0.0037862328,0.008117372
10123,0.334121,0.027672457,0.00040101897,0.015891738,0.19575766,0.6905215,0.0043700165,0.5397898,0.003518496,0.014012676,0.067375295,0.0055915983,0.13294326,0.00021409933,0.0007299763,0.24022005,8.503837e-05,0.058901243,0.05106271,0.001987267,0.00036860022,0.7370554,0.0045516496,0.014306309
10128,0.81452113,0.1478083,0.0010012619,0.01738832,0.11967133,0.6701705,0.0095934365,0.4158246,0.0051794555,0.0121090645,0.027673783,0.016273247,0.058722414,0.00017557306,0.00049815845,0.14774702,0.00016933648,0.022535112,0.13023962,0.0016791061,0.0009813332,0.8014258,0.025587995,0.03526882
10130,0.13972172,0.03713709,0.0018068359,0.005909814,0.23099458,0.24815023,0.0014585314,0.3368454,0.010617236,0.08358198,0.019661427,0.0012161807,0.6097951,0.0001789459,0.0014455892,0.2434675,2.5057561e-05,0.058164943,0.17348295,0.0021721085,9.1496535e-05,0.5367842,0.0005912137,0.0058628623
10133,0.53063977,0.05623232,0.00066055014,0.017583452,0.14854856,0.5768112,0.0061055603,0.43215552,0.004465799,0.01599579,0.050026186,0.007075377,0.095673025,0.00025045028,0.0008333735,0.22560404,0.00010401406,0.043568227,0.09560197,0.0015730222,0.00069754303,0.7230736,0.009420391,0.016341116
10134,0.08172959,0.055063985,0.0046085087,0.005765531,0.27412254,0.09637525,0.0014881635,0.30833897,0.02485999,0.17836592,0.011890392,0.0012611529,0.6717328,0.0004960118,0.004283727,0.19300249,4.2817646e-05,0.09997208,0.2225016,0.0030278566,0.00015199969,0.36298352,0.0007882336,0.0048740115
10136,0.07499541,0.008018962,0.0001816842,0.008824782,0.24737076,0.5767895,0.0009001301,0.5745023,0.0028081029,0.018879052,0.09343935,0.0012045536,0.30058882,0.00013707882,0.0008450722,0.32546017,2.0396285e-05,0.11032441,0.030888056,0.0011912442,8.0110774e-05,0.68990004,0.0006783421,0.0040840353
10137,0.5183706,0.66970783,0.11967088,0.009162728,0.27265826,0.020551858,0.012586774,0.18171813,0.24067147,0.388914,0.0008270437,0.016091403,0.15116075,0.002748214,0.012955614,0.028204018,0.00037203694,0.05204391,0.46008793,0.008028751,0.004000354,0.13115963,0.025477568,0.031441472
10140,0.1708025,0.46988213,0.1338356,0.0077256477,0.37469915,0.0089824395,0.012975051,0.18575464,0.38595277,0.62745863,0.0012265625,0.008677577,0.30143806,0.00529165,0.032185633,0.04131679,0.00025939677,0.11890074,0.3508013,0.010282831,0.0038697347,0.06438761,0.010600379,0.0126394965
10142,0.55601656,0.11352617,0.0020718134,0.027132489,0.19407266,0.5643835,0.016628554,0.50043094,0.010724144,0.0221776,0.033201825,0.024954576,0.074703224,0.00067446334,0.0016280675,0.148456,0.00038434743,0.05338813,0.09619946,0.0046759285,0.0022203168,0.65390605,0.03197276,0.04687328
10147,0.004342996,0.011057186,0.0018236414,0.026356967,0.60843277,0.046578504,0.0049906312,0.6694865,0.03343761,0.03783893,0.006829318,0.0050926646,0.018527819,0.015907789,0.028699368,0.025962401,0.00015391615,0.52838945,0.0062729716,0.005353146,0.003015755,0.053831924,0.0024047054,0.006166578
10150,0.07671158,0.07258995,0.010597574,0.009730451,0.34776813,0.08625271,0.0034178344,0.3370783,0.04660909,0.2059275,0.008924001,0.0027319707,0.5504353,0.0012256884,0.0070431596,0.13754277,8.669659e-05,0.12090751,0.1859301,0.0068115974,0.00037309038,0.26748052,0.0013868217,0.008700059
10156,0.10324255,0.016602453,0.00057606405,0.010277286,0.2519382,0.45656556,0.0016414601,0.4996116,0.005487512,0.03328569,0.05152081,0.0017595557,0.38039997,0.00021520162,0.0011450801,0.2867239,3.413395e-05,0.08742857,0.0624691,0.0020583272,0.0001413229,0.61672264,0.00084202987,0.0060443273
10160,0.22119462,0.09953887,0.0047423607,0.002394936,0.17594784,0.09975288,0.0009525248,0.18181847,0.017472524,0.18581569,0.006139122,0.0006533715,0.7883004,0.00011837536,0.0016325254,0.19105789,1.8905846e-05,0.035421044,0.45413062,0.0015300609,4.7031615e-05,0.4796478,0.00048882974,0.0042961086
10161,0.019085202,0.031781334,0.004686095,0.04330296,0.5134676,0.07463961,0.019026782,0.6271695,0.04450154,0.039669085,0.006278485,0.016638983,0.015964942,0.017512321,0.023594989,0.027822277,0.000388268,0.3250707,0.012362039,0.009870149,0.008286298,0.07778523,0.010083231,0.018404832
10163,0.3045192,0.3227954,0.039987415,0.006162821,0.263245,0.044818033,0.0051417137,0.18066075,0.094547026,0.34849006,0.002630722,0.0038239514,0.51330924,0.0010335965,0.0069189346,0.0792567,0.00012097047,0.052298337,0.47506166,0.0055250605,0.0006037954,0.2344485,0.0030351402,0.013526668
10167,0.25597623,0.038483832,0.0009903696,0.021270124,0.24356624,0.55875224,0.0074419593,0.54399765,0.0075095114,0.023107558,0.049545396,0.009085664,0.13084409,0.0005624538,0.0016475485,0.20084843,0.00017412045,0.0805164,0.057578683,0.003829721,0.0008783863,0.6131735,0.0071427585,0.020915613
10170,0.0041050585,0.016483884,0.0037715794,0.03797829,0.6293656,0.021551175,0.013069529,0.638932,0.054275516,0.033599585,0.002380257,0.008974785,0.004913793,0.05593502,0.056713894,0.008254459,0.0002435104,0.53358936,0.004423251,0.006039067,0.011939192,0.020356609,0.004363888,0.007911616
10173,0.10991763,0.21238387,0.06770338,0.032690633,0.44593045,0.05074586,0.037053272,0.3906074,0.17914094,0.22423105,0.003790143,0.024587087,0.10811422,0.011698693,0.02841757,0.04673934,0.000677714,0.16549215,0.11233752,0.025685094,0.007889704,0.110661544,0.017402468,0.03803557
10174,0.7065393,0.19769238,0.0024910613,0.014921595,0.14417431,0.40990967,0.0070668086,0.35649428,0.015037925,0.02658564,0.022960186,0.010119463,0.051181875,0.0007346901,0.0022568665,0.1316285,0.00038589418,0.045733504,0.119401455,0.0017606004,0.0016936878,0.67500186,0.018986518,0.021568744
10175,0.25645018,0.036361087,0.00086988613,0.021812918,0.24395572,0.579646,0.007470113,0.55834484,0.007007849,0.020881072,0.053271793,0.009562614,0.11460013,0.00057180243,0.0016351459,0.19868402,0.00017895615,0.0835604,0.051090755,0.0036798215,0.000917324,0.62043315,0.007924985,0.021388214
10176,0.07026524,0.030720383,0.0023801022,0.006778586,0.29460695,0.1740747,0.0013209087,0.3659516,0.016157988,0.11279034,0.018812492,0.0011771449,0.62528,0.00034130155,0.0026529727,0.22670236,2.9530805e-05,0.09549782,0.13888949,0.0028332372,0.00011524878,0.4304891,0.00050209544,0.00503583
10178,0.5753649,0.5249954,0.03972198,0.0055621127,0.1940172,0.04101104,0.005344772,0.16014409,0.09110091,0.28868765,0.0015530473,0.006088734,0.3435557,0.000694643,0.004916178,0.057784952,0.00016132754,0.03251655,0.5896251,0.003845825,0.00093528826,0.27134454,0.00813099,0.017576247
10179,0.22030717,0.4948718,0.21872051,0.026936064,0.4543156,0.021610698,0.04500116,0.26951525,0.3814286,0.40766388,0.0016128009,0.03060633,0.09574946,0.017003566,0.045898445,0.025493952,0.00097647315,0.13394521,0.21639994,0.03298979,0.012797559,0.072078966,0.025930434,0.04569014
10185,0.011388677,0.027657986,0.010719891,0.1252064,0.48805884,0.015412419,0.14874183,0.53424084,0.061891988,0.018853676,0.0013787085,0.032629684,0.0016805927,0.21473189,0.07906021,0.0033776422,0.0009102746,0.30143365,0.005404513,0.013389674,0.09243199,0.010521162,0.013150662,0.017946055
10188,0.7767633,0.26556835,0.003497113,0.029782068,0.14319274,0.46855095,0.02181998,0.4625527,0.013968873,0.019421909,0.016046679,0.056320146,0.036969524,0.00065714086,0.0014129303,0.095591955,0.0006165534,0.036129694,0.13253921,0.0040937187,0.00417425,0.65391016,0.12633027,0.07696691
10189,0.51477194,0.07789867,0.0012537459,0.022721771,0.1910935,0.6209084,0.011438451,0.50381994,0.0074618296,0.019081805,0.041514374,0.015643267,0.09006268,0.00044905703,0.0011948284,0.17483224,0.00023729817,0.051494285,0.083826244,0.0035151823,0.0012608618,0.69296837,0.01715034,0.03355263
10191,0.062633485,0.012640043,0.00046178565,0.018218715,0.32994688,0.47743735,0.003014822,0.6350429,0.006454389,0.022176685,0.066737294,0.004066185,0.1428403,0.0006683523,0.0023711007,0.2132932,8.39942e-05,0.16833058,0.024386667,0.0031951547,0.0004845564,0.5151583,0.002440743,0.009234312
10202,0.024524353,0.013241493,0.0009311116,0.019058809,0.42956942,0.24256475,0.002925312,0.63560456,0.013694963,0.038111985,0.03513568,0.003838051,0.12971465,0.0016351412,0.0055984505,0.14316498,9.82891e-05,0.27041167,0.020586332,0.0045052622,0.00067924743,0.3100548,0.002075235,0.0077855266
10209,0.02404968,0.057946302,0.026012417,0.16474472,0.42309898,0.012013886,0.33189777,0.47355968,0.09164242,0.021950467,0.00082116586,0.06042569,0.0012741291,0.26673692,0.085770816,0.002557767,0.0015785011,0.21488674,0.008062304,0.020486496,0.1866169,0.008854952,0.026959373,0.028841803
10213,0.39480817,0.2509554,0.013918069,0.0038756048,0.18415734,0.0739921,0.0026124753,0.16584311,0.03739407,0.22467367,0.0034287483,0.0019759736,0.6229512,0.00030311412,0.0027778815,0.11844038,6.100065e-05,0.032176305,0.55016464,0.0026298764,0.00020597655,0.39375463,0.0017941709,0.009447929
10217,0.017776776,0.03850236,0.015202829,0.1740712,0.4202285,0.012568404,0.31920907,0.5132024,0.06523628,0.014158796,0.0008863409,0.056861676,0.00084301207,0.28887534,0.08310244,0.0022129852,0.0014037525,0.23912637,0.0052268286,0.016774766,0.19036578,0.008032052,0.025345279,0.024479108
10221,0.0044909865,0.010688876,0.0016627095,0.027282378,0.603761,0.04964383,0.00519915,0.67766273,0.03101929,0.033978146,0.0070643867,0.00535843,0.016596531,0.016121386,0.027850673,0.025695633,0.00016283235,0.52565944,0.005906045,0.005273302,0.003229054,0.05517242,0.0026011001,0.006372945
10227,0.06900503,0.031141574,0.0018514981,0.0021891387,0.21359521,0.10917467,0.00041831782,0.24757773,0.011094775,0.15626505,0.012722191,0.00030939406,0.85258114,0.00010070871,0.0016834592,0.27075,9.888154e-06,0.066320166,0.2644442,0.0013095608,2.1492282e-05,0.4819988,0.0001802783,0.0021008991
10229,0.08002587,0.09845389,0.015848098,0.0899845,0.37500513,0.0756553,0.13168727,0.57099056,0.063768335,0.032131895,0.0038420858,0.08209592,0.007686324,0.029573025,0.024528962,0.019073183,0.0013339131,0.17862765,0.021207005,0.021540627,0.040507823,0.0747239,0.07313653,0.05539135
10230,0.030874055,0.045648705,0.007524638,0.05115115,0.47798327,0.08379866,0.03307197,0.5982231,0.05015297,0.042653497,0.0060808966,0.023593083,0.020307979,0.015874924,0.020559492,0.03167415,0.0005240825,0.25478232,0.01888738,0.014302282,0.010376806,0.08839933,0.0138043,0.025246095
10231,0.056122143,0.08422852,0.02523348,0.1472844,0.36936176,0.035396773,0.29035047,0.5045986,0.07736642,0.026033593,0.002138312,0.08653934,0.004312472,0.09568775,0.043403186,0.008651041,0.0018118256,0.16024631,0.017144732,0.028394913,0.10439689,0.030586787,0.050041668,0.046578832
10233,0.10910217,0.012236463,0.0002932786,0.014556373,0.26455158,0.6003568,0.0023435403,0.6017576,0.0038025756,0.017099738,0.08384674,0.0030649013,0.17956038,0.00029205586,0.0011825755,0.26280165,5.4839984e-05,0.11245198,0.030451544,0.0021151588,0.00025837272,0.64538467,0.0019034286,0.008115526
10234,0.12304364,0.021899788,0.00081515417,0.009768851,0.2465727,0.41209525,0.0018551792,0.4592232,0.0066316403,0.040892992,0.040901303,0.0018570714,0.41505373,0.00022323133,0.0012261496,0.26932517,3.73808e-05,0.077401124,0.08304472,0.0022779936,0.00015033214,0.59796834,0.000904215,0.0067317
10237,0.4101367,0.5044557,0.08067445,0.008122112,0.28006557,0.03249795,0.009391175,0.18242982,0.16705053,0.3876532,0.0016200042,0.008553682,0.312122,0.0019225213,0.010383047,0.04962453,0.00024839348,0.054337934,0.47374833,0.007837288,0.0017043273,0.17833833,0.008915278,0.022400502
10238,0.001447504,0.0072392966,0.0017572079,0.033209763,0.68041444,0.013300849,0.007963314,0.67457926,0.038162485,0.021854311,0.0018283859,0.005143841,0.0026329975,0.067904525,0.06548874,0.0050581773,0.00013747165,0.6506119,0.0020065468,0.0039047452,0.008628264,0.011538871,0.002031946,0.0041303085
10241,0.1355791,0.05779159,0.001324297,0.07037896,0.25422442,0.14793904,0.027609432,0.6905291,0.013243119,0.009816977,0.016544407,0.051333427,0.0052329185,0.010878678,0.013447921,0.031798717,0.0010376108,0.22327721,0.016992077,0.0041756798,0.03687163,0.18272929,0.09238813,0.021710582
10243,0.20180213,0.12478883,0.009109086,0.0037334794,0.21734485,0.08261522,0.0017736946,0.19528869,0.029129948,0.22346123,0.0053473404,0.0011779155,0.73375297,0.000290173,0.002805547,0.15633783,3.739499e-05,0.045346227,0.4319899,0.0026903746,0.00011197872,0.38344854,0.00078514806,0.006462663
10247,0.21868192,0.31098682,0.019218275,0.060222294,0.26241282,0.105125114,0.04060485,0.6299956,0.100724734,0.09792039,0.012296633,0.08184671,0.017121727,0.011126074,0.022627873,0.05318189,0.00198748,0.18983233,0.03732605,0.008258848,0.022715246,0.21815151,0.17441545,0.056111038
10248,0.032093935,0.29042983,0.18237014,0.020250538,0.64624846,0.0056314166,0.032880034,0.26933122,0.5767663,0.63466513,0.0015495229,0.009958981,0.11270856,0.04661781,0.14626653,0.024843609,0.00043336555,0.2880653,0.097815625,0.021926032,0.016555017,0.021942088,0.0060057305,0.023973342
10252,0.03087502,0.06414072,0.018727615,0.08204915,0.4733733,0.041463476,0.1044188,0.540292,0.08234731,0.04270234,0.002707921,0.041512754,0.008774931,0.051018745,0.04006115,0.013527941,0.00092667923,0.23875302,0.017431749,0.021895759,0.034063037,0.038988985,0.021613434,0.03172073
10253,0.01880941,0.02010264,0.0020263512,0.03226808,0.49335238,0.12966119,0.008645248,0.65755725,0.025539432,0.033948634,0.013348162,0.009636919,0.0319807,0.0069543542,0.013182658,0.054011907,0.0002358577,0.32450515,0.012730598,0.007268986,0.0032110554,0.14094576,0.005747827,0.013095528
10256,0.21665221,0.026930705,0.00043878716,0.003297897,0.14218724,0.35487714,0.0005354599,0.29009545,0.004446361,0.04983855,0.07189244,0.00062359433,0.61909115,4.350077e-05,0.0009745363,0.50851566,1.3044781e-05,0.06051079,0.21863052,0.0005158925,4.775291e-05,0.7880038,0.00055330654,0.0028060768
10257,0.1247325,0.3827784,0.054652404,0.01307528,0.4044703,0.017979154,0.012280729,0.35398367,0.28186634,0.4238943,0.00522847,0.013330251,0.09882069,0.009467903,0.065226614,0.055648312,0.000505879,0.21258788,0.17459524,0.007522936,0.016280575,0.09350787,0.028280104,0.03805442
10261,0.021252014,0.045658033,0.017337285,0.19316123,0.39599833,0.010854114,0.39235872,0.505374,0.068279505,0.0128203025,0.00068873144,0.06927271,0.00060418947,0.32250908,0.08458709,0.0017585349,0.0015872802,0.21679305,0.005060784,0.01728312,0.25299957,0.0069825593,0.032779183,0.027264018
10262,0.29807073,0.022134809,0.0003136374,0.014571661,0.19602992,0.7021911,0.0034873888,0.5476586,0.0030036804,0.013137865,0.07445043,0.0044351965,0.14502707,0.00017907376,0.0006541585,0.25610837,6.661976e-05,0.060812484,0.045939013,0.0017458341,0.00027785447,0.74655426,0.0034401496,0.011777033
10266,0.059316825,0.14048912,0.048421487,0.01904951,0.47922203,0.04124754,0.012106806,0.36240548,0.16518135,0.31265542,0.004661822,0.008417835,0.27889007,0.0067484304,0.026201798,0.06561698,0.00025977148,0.19292809,0.13258722,0.018387012,0.0022029842,0.117603175,0.004288739,0.017577944
10267,0.02116757,0.0420859,0.008671253,0.056283325,0.5087415,0.055474672,0.038879536,0.5965855,0.058372907,0.041004345,0.004059054,0.023942059,0.012814155,0.027093926,0.029303562,0.020130398,0.0005441489,0.2924974,0.014374868,0.014556624,0.014268239,0.055539392,0.012762623,0.0225886
10273,0.0029437505,0.013197007,0.0032366754,0.035794564,0.6558095,0.018341012,0.010431365,0.64302856,0.052256964,0.032713998,0.0022105332,0.007421397,0.0046291687,0.059808783,0.06144859,0.007487512,0.00021290297,0.57284284,0.0037554207,0.0054514455,0.010111782,0.01732505,0.0032103749,0.0065159397
10279,0.0047137835,0.011769477,0.0018913083,0.033230197,0.6065769,0.04234296,0.007967526,0.67521274,0.032423753,0.028270487,0.005052126,0.0071094497,0.009344724,0.0242516,0.032504626,0.016821893,0.00020406475,0.5131093,0.004956212,0.00587629,0.005321665,0.04100935,0.0034447955,0.007443676
10282,0.55377436,0.10948419,0.0019958008,0.025773132,0.1924566,0.5682529,0.015489505,0.49346006,0.010258165,0.022544546,0.03354732,0.022217192,0.083345845,0.0006061754,0.0015124609,0.15479088,0.00034640677,0.051275987,0.10082135,0.004509024,0.0019506142,0.66091657,0.026837142,0.043626886
10284,0.22168781,0.15783958,0.011972413,0.0037206095,0.2182155,0.06725909,0.0019190237,0.18067245,0.036442786,0.25437507,0.0043592206,0.0013064949,0.7138641,0.00034671027,0.0033639302,0.13553558,4.21822e-05,0.04466043,0.46329364,0.0027273446,0.00014134705,0.34819067,0.0009333618,0.0068492633
10285,0.18000227,0.27478814,0.013274136,0.09954515,0.2974499,0.08263866,0.08785448,0.6458149,0.068780914,0.04043529,0.0032898178,0.1367199,0.0027039407,0.034730576,0.027236348,0.014873966,0.0023977945,0.23417646,0.027157655,0.011199377,0.093462884,0.08945317,0.19861805,0.064538315
10286,0.016103774,0.032534603,0.00055405096,0.037077673,0.2640704,0.030381251,0.018613657,0.8290291,0.010659097,0.0078004585,0.0020619603,0.03051073,0.00034050434,0.0098115215,0.010666114,0.004948526,0.00020340233,0.29984406,0.0013554024,0.0009544653,0.063832246,0.026697278,0.08348575,0.011373558
10288,0.31348246,0.63859737,0.08656064,0.002420155,0.19390869,0.008974428,0.0044271816,0.13960339,0.23099336,0.6662534,0.00072613975,0.0031224326,0.40159947,0.001035906,0.017569397,0.044936586,5.2804728e-05,0.034272615,0.5224221,0.0020505982,0.00089770585,0.10055725,0.0053350665,0.009519351
10294,0.009203493,0.020452263,0.0034115855,0.04511132,0.56267524,0.046461135,0.017400853,0.6508932,0.04075219,0.029205488,0.0041845464,0.013665611,0.007391663,0.03130584,0.033753436,0.014969766,0.00034613424,0.41565832,0.0065436456,0.008095444,0.0104373805,0.04244149,0.007369327,0.012949445
10295,0.26862437,0.015698079,0.00019426779,0.0115664825,0.1856833,0.7345166,0.0021936418,0.54932934,0.002128601,0.011431061,0.08782432,0.0027433175,0.1759783,0.00010474893,0.0004612674,0.29104525,3.8196496e-05,0.057832345,0.04108906,0.001271765,0.00014215613,0.7820038,0.0020241193,0.008101988
10297,0.12466606,0.13746166,0.004940495,0.0066915955,0.32803145,0.10984035,0.0022763046,0.38638568,0.056878876,0.18776637,0.020817323,0.004348538,0.15582137,0.0013930796,0.013391991,0.17389153,9.516087e-05,0.1985545,0.10399586,0.0017751363,0.0007628131,0.34208262,0.004653146,0.007591184
10303,0.51782763,0.14387855,0.0041042184,0.00844078,0.17278041,0.30001807,0.0048306976,0.28604618,0.015011363,0.07255969,0.012146117,0.0042439518,0.36965194,0.0002286878,0.0012848981,0.17016748,8.2706305e-05,0.030306436,0.3077494,0.0027459592,0.0003365809,0.60835856,0.003379857,0.016753653
10304,0.015688179,0.014373936,0.0013984379,0.02162378,0.4879101,0.15067929,0.0036967848,0.63945913,0.020321235,0.043917023,0.021392558,0.004491534,0.08856592,0.0031726873,0.009303215,0.09364428,0.00012427157,0.33432317,0.016856983,0.005692333,0.0010688239,0.19857632,0.002338147,0.007897411
10309,0.18681335,0.037939254,0.0012845322,0.026818708,0.2851523,0.49711645,0.009965537,0.5829017,0.010436033,0.025119562,0.045289442,0.01266279,0.09510635,0.0010862822,0.002766301,0.17047036,0.00026019636,0.11041209,0.043565363,0.0052364394,0.0015589367,0.5244087,0.010385757,0.025004348
10312,0.5108588,0.41258126,0.022107188,0.057509974,0.19773574,0.10187276,0.059094124,0.5321707,0.060080994,0.039398108,0.0033683788,0.18588474,0.01516221,0.005096996,0.007231473,0.030125426,0.0017680494,0.07970773,0.08836442,0.013275904,0.026721437,0.228728,0.42000994,0.11939772
10314,0.0014797394,0.0071295546,0.0016476989,0.030476646,0.6861,0.0154082095,0.006978917,0.6789071,0.037332132,0.022716802,0.0022106876,0.0047724172,0.003279524,0.059426848,0.061875153,0.006179396,0.00014253063,0.6599347,0.002209097,0.0039568744,0.0077356915,0.013520606,0.0019559357,0.004134716
10317,0.36145276,0.04125801,0.00071854936,0.019669123,0.20830832,0.6413542,0.007048925,0.53520155,0.0054292525,0.017360397,0.054733418,0.009111915,0.11301651,0.00036648792,0.0010848561,0.20794405,0.00014840016,0.062739894,0.059337106,0.002868895,0.0007187768,0.6907747,0.008095385,0.021321638
10320,0.13363387,0.009216486,0.00014997734,0.011239329,0.2228095,0.6981949,0.0015181814,0.5987661,0.0021170941,0.012083633,0.107533626,0.0019794682,0.20266357,0.00012719019,0.00062055956,0.31196043,2.9671726e-05,0.088075735,0.02843179,0.001308561,0.00011865802,0.74128926,0.0012639326,0.005903506
10325,0.7285659,0.10480001,0.00091077824,0.018885633,0.1405235,0.6944612,0.009751444,0.4546018,0.0050661983,0.012978916,0.037447423,0.014590297,0.07173328,0.00020789538,0.0005837506,0.17031457,0.000169705,0.02973821,0.1060989,0.002086967,0.0008960155,0.7889883,0.019048827,0.032707173
10330,0.13840753,0.48932984,0.1855788,0.049825463,0.47113538,0.019292967,0.0526532,0.37407428,0.49430898,0.50476205,0.007535985,0.05772683,0.09428803,0.05101719,0.11533163,0.051786706,0.0028471753,0.27333894,0.15126315,0.02959453,0.053724747,0.07015276,0.08476685,0.06044987
10332,0.20251225,0.20532192,0.01118958,0.07121285,0.40802708,0.15467034,0.052741334,0.6373807,0.07960984,0.058892816,0.02276838,0.07462995,0.0056124763,0.020949945,0.032306418,0.038765408,0.0043975734,0.25609508,0.030198239,0.011453012,0.13544823,0.16297987,0.17817895,0.08262677
10333,0.070858896,0.048495382,0.0051942677,0.0059085,0.297717,0.1019408,0.0015495324,0.3109464,0.025661083,0.17940086,0.010952927,0.0012143523,0.6969186,0.0005028064,0.003952831,0.1893981,4.048127e-05,0.0990683,0.20959339,0.0037548055,0.00012712204,0.35072598,0.0006030955,0.005140141
10335,0.00704489,0.013041193,0.0017140842,0.032807894,0.5702263,0.06492543,0.0076879608,0.68146396,0.02815959,0.028232614,0.0074595427,0.007707002,0.013663106,0.01570622,0.02362115,0.025962455,0.0002125776,0.45901284,0.0063196975,0.006110861,0.0043561314,0.065028794,0.0040684193,0.008751512
10339,0.0052907695,0.012330373,0.001907949,0.029195046,0.59737813,0.050926697,0.006154418,0.6715995,0.03302105,0.034371424,0.006667522,0.0062325643,0.015478269,0.017274357,0.028156862,0.024591489,0.00018435411,0.5032768,0.0062639485,0.005694554,0.0038073037,0.055284586,0.0031030718,0.007271147
10340,0.010710207,0.017041769,0.0021730773,0.030018155,0.5440017,0.08375262,0.0070017963,0.657812,0.031153709,0.038606174,0.009882142,0.007647672,0.026854472,0.010259114,0.019050267,0.040314995,0.00020890895,0.40303668,0.010071444,0.0067288983,0.0032354787,0.095740445,0.0041762805,0.010002252
10342,0.010348474,0.020914113,0.0031923403,0.041508332,0.5548413,0.055945046,0.014539104,0.6535338,0.039056927,0.03163391,0.005211761,0.012700631,0.010100513,0.023722073,0.02903633,0.019591391,0.00032275455,0.4043666,0.007525111,0.007925143,0.008246834,0.054090496,0.0070637385,0.013041212
10344,0.2676256,0.5338705,0.09092908,0.0094969105,0.28629887,0.016232526,0.009312155,0.17471497,0.25646415,0.54653937,0.0047566104,0.00777416,0.4549077,0.009021997,0.077743486,0.10468648,0.00063279667,0.10168101,0.558914,0.0069183684,0.0103025045,0.157612,0.008596788,0.021570321
10348,0.0020337047,0.013637463,0.0026935185,0.029347325,0.670823,0.014797692,0.007672407,0.67732096,0.055303425,0.04309835,0.0048087323,0.007563882,0.0036049213,0.05956449,0.07965251,0.009721244,0.00028388362,0.694463,0.0039098063,0.003687357,0.017235044,0.014759446,0.0043621417,0.0057103215
10350,0.49578345,0.04043377,0.0004367792,0.01578917,0.16624378,0.7275784,0.005317575,0.50746405,0.0033234542,0.012257354,0.059872936,0.0068392768,0.11221708,0.00016443504,0.00054501893,0.22734447,8.9507455e-05,0.042598613,0.06469361,0.0017812337,0.0003927984,0.78250325,0.0063819285,0.01738392
10352,0.0831815,0.009196422,0.00021562248,0.008819491,0.2431734,0.5622847,0.0009576616,0.55800533,0.0030995363,0.020697156,0.08444086,0.0012675253,0.30721343,0.00014373535,0.00086527405,0.3195702,2.1495112e-05,0.1033411,0.034616243,0.0012023671,8.5971864e-05,0.68522805,0.0007191211,0.0043532164
10355,0.0021937941,0.0108796125,0.0028531342,0.039083164,0.66303027,0.0135521805,0.011839351,0.647948,0.048782114,0.026077796,0.0016305565,0.0072438554,0.0027347705,0.080728106,0.070607804,0.004917277,0.0001917254,0.59654,0.0026462853,0.0048887865,0.012291903,0.011841019,0.0029364624,0.005609595
10357,0.26990995,0.01614507,0.00020302917,0.012389798,0.18849812,0.73456895,0.0024346136,0.5568813,0.0022111044,0.011225079,0.087588914,0.0030792318,0.16197994,0.00011924557,0.00049553026,0.2845274,4.3232576e-05,0.059695445,0.03962022,0.0013451499,0.00016712016,0.7759758,0.0023009256,0.008742453
10361,0.023889331,0.0149128195,0.0010510088,0.025824834,0.4473381,0.22209337,0.0051602065,0.6708391,0.015138889,0.028734913,0.026234021,0.0066181724,0.058538314,0.0029132823,0.007202914,0.09838776,0.00015506102,0.28773636,0.014467434,0.005470563,0.0015026856,0.24437395,0.0039744982,0.01073333
10362,0.032301564,0.056786798,0.019098056,0.12002523,0.43231937,0.03440462,0.18710381,0.5150205,0.072950855,0.029460315,0.0024762682,0.051155314,0.0056851665,0.0903572,0.04630978,0.009491642,0.00127565,0.20412557,0.015065205,0.024244016,0.06557263,0.028522905,0.023974271,0.03295108
10370,0.017284818,0.02506295,0.00322016,0.03872007,0.5147216,0.08922339,0.013679618,0.6428522,0.03523223,0.03618452,0.008257278,0.013057019,0.019759761,0.012882568,0.019550763,0.034042083,0.00032014874,0.3367741,0.011770071,0.008831951,0.005755623,0.09299927,0.007697574,0.0155355595
10376,0.0059395153,0.010945965,0.0014326513,0.028585548,0.57731056,0.06698499,0.005629147,0.6844773,0.025875747,0.029862072,0.008845481,0.0059146397,0.018316917,0.012579018,0.021866554,0.0310705,0.00017202219,0.48297876,0.0064466605,0.0055891806,0.0030387004,0.07137612,0.002998346,0.0072097196
10379,0.11750185,0.019313235,0.0006159457,0.01693011,0.28455338,0.50722253,0.0035128817,0.5728581,0.006569285,0.025029847,0.059025373,0.00443539,0.17498279,0.0005049035,0.0018242359,0.22300355,8.9509245e-05,0.11584327,0.03951276,0.0030357407,0.00045339248,0.57179576,0.0028201917,0.011226657
10380,0.07315524,0.0660468,0.009394627,0.021983197,0.4115002,0.13142204,0.0091576865,0.45795575,0.050869603,0.120408066,0.012796601,0.008034286,0.2359041,0.002843087,0.009898074,0.105270706,0.00021708009,0.15973945,0.0866802,0.011554783,0.0015266708,0.23426706,0.0041549373,0.017900955
10381,0.45430496,0.3463434,0.012384957,0.08033556,0.17948559,0.10775491,0.07089741,0.633167,0.04053468,0.020580275,0.004263385,0.29003945,0.0062510413,0.0067911306,0.007891806,0.022056757,0.002050955,0.09954767,0.043940786,0.012381709,0.0461879,0.20471625,0.6317821,0.13170424
10382,0.052923914,0.027501447,0.0021058114,0.024096904,0.39506093,0.25369382,0.006138142,0.58945036,0.02006695,0.04704348,0.026801748,0.0071924427,0.13040528,0.0020000595,0.005869063,0.13509959,0.0001731813,0.1932558,0.034425177,0.0065642702,0.0012807299,0.32161874,0.0041234656,0.014171534
10385,0.53568685,0.43295002,0.026617156,0.0047349194,0.18239747,0.050685257,0.003998031,0.15738532,0.06448396,0.260755,0.0020283598,0.004016452,0.44173843,0.00048233639,0.003880532,0.07528381,0.0001128005,0.030621463,0.59531796,0.0031277954,0.0005393248,0.32168213,0.0048240065,0.01387523
10388,0.11941928,0.08814884,0.008789301,0.06346378,0.36130583,0.16945253,0.062481865,0.58132815,0.041295297,0.03486779,0.009851992,0.056345243,0.02231691,0.00966866,0.012509375,0.047564633,0.0010289731,0.15892206,0.033397686,0.017529584,0.015579508,0.17727987,0.054495227,0.0547674
10394,0.16529833,0.041497197,0.0012015313,0.00981375,0.22656067,0.28884,0.0021611596,0.353662,0.013107977,0.08190603,0.08486895,0.0020126596,0.4453186,0.00052619434,0.0052911034,0.37067202,0.00010098452,0.11693431,0.16419503,0.001913928,0.00057336,0.6399013,0.0014774655,0.008605892
10405,0.07276074,0.33217072,0.2815114,0.08124772,0.50496066,0.0043843007,0.1997707,0.26342407,0.45655492,0.23253344,0.00043991502,0.042507302,0.0077179535,0.18131915,0.14195763,0.0035587195,0.001323143,0.17082062,0.049688343,0.036872573,0.102975614,0.009149685,0.019899644,0.034314312
10406,0.232714,0.11908693,0.009308174,0.045486584,0.3169755,0.2650072,0.04026581,0.5196892,0.037914548,0.050781906,0.016081726,0.04003771,0.07183041,0.0040283147,0.0075066015,0.09375342,0.0009028397,0.11006387,0.0785536,0.016033096,0.007484884,0.32326248,0.03695642,0.056550708
10407,0.03681697,0.05329624,0.011314481,0.008580028,0.4104387,0.057256237,0.002319794,0.34271327,0.059422087,0.27000624,0.008795027,0.0017530223,0.6322075,0.0014203099,0.009878629,0.13793918,6.642337e-05,0.17182896,0.16140029,0.007293623,0.00026590633,0.20981367,0.00071216474,0.0055095223
10410,0.037624717,0.055733886,0.015250641,0.12059044,0.4084853,0.04303581,0.18572056,0.5366459,0.06145658,0.024849756,0.0028874662,0.0575043,0.005206478,0.07570002,0.039241258,0.010707785,0.0013017546,0.19585887,0.014233808,0.022463564,0.063630514,0.034815937,0.030657288,0.035886806
10412,0.013841553,0.030189782,0.00653814,0.023969043,0.55007464,0.059736833,0.0063163512,0.55867434,0.060264446,0.10119475,0.008254119,0.005746443,0.10245796,0.0074379877,0.02067033,0.05657693,0.00016985621,0.34649777,0.026537364,0.01015189,0.0018912185,0.10136894,0.0024210517,0.009419229
10414,0.004880966,0.012770016,0.0021862045,0.031813122,0.61025023,0.041287493,0.0075920434,0.6628678,0.035889067,0.03320158,0.0051415698,0.006812104,0.011602026,0.023075009,0.033152264,0.018166084,0.00020047379,0.5101509,0.0057181814,0.0061851973,0.0048739,0.042268082,0.003228388,0.0074432483
10415,0.36977035,0.028769754,0.00037225054,0.015553173,0.1852963,0.70855534,0.0043178312,0.5355413,0.003238451,0.012778627,0.067379035,0.005621887,0.12171247,0.0001906197,0.00065202074,0.23975274,7.881917e-05,0.05438769,0.050525192,0.0017634705,0.0003504782,0.7555101,0.0047799926,0.014178056
10416,0.3082069,0.2666014,0.017349394,0.086330615,0.23453833,0.10329978,0.08843466,0.60685146,0.053108264,0.028470332,0.0048009367,0.22276588,0.009404679,0.010044956,0.011726175,0.025565656,0.0021037662,0.12504092,0.04159129,0.018565187,0.03992655,0.1687922,0.42713755,0.11376645
10417,0.20103103,0.27095476,0.053825743,0.00988328,0.34096035,0.04468216,0.008363984,0.22635919,0.12916608,0.3659398,0.0033962813,0.0055145323,0.45065784,0.0022274908,0.011838185,0.075324096,0.00019550648,0.083263226,0.35781634,0.010588798,0.0010546658,0.1850338,0.00361416,0.016973553
10421,0.076841325,0.043572217,0.0038716726,0.029518984,0.3857087,0.23583628,0.011432704,0.55995005,0.027201336,0.053579796,0.020927189,0.011575138,0.11942706,0.002702871,0.0069024353,0.11789771,0.00028471928,0.16527152,0.046392735,0.009547884,0.002203463,0.29735905,0.0068747695,0.021263655
10429,0.035079524,0.027421737,0.0024432403,0.033492573,0.44687253,0.17767076,0.010890275,0.6344033,0.024877088,0.03617878,0.016556079,0.012169872,0.04385484,0.005059982,0.01014222,0.07109119,0.00028244467,0.25288484,0.018991599,0.008161338,0.0032653704,0.19457595,0.007895491,0.01769369
10439,0.0030703915,0.017389739,0.0052258866,0.03404758,0.6648266,0.014433085,0.01046879,0.6127478,0.07376673,0.048094094,0.0018270618,0.0074071647,0.0058386824,0.06638192,0.07321304,0.007335823,0.00020951178,0.56869566,0.0047567254,0.0058376584,0.010201123,0.015627773,0.0030463373,0.0066996915
10440,0.0066591334,0.010716796,0.0012848454,0.027406638,0.56282294,0.07991506,0.0051271864,0.6867759,0.023353755,0.02974256,0.010754453,0.005615871,0.022874378,0.009789347,0.018463492,0.038225066,0.00016077577,0.4647312,0.00707861,0.0055039125,0.002506001,0.08711326,0.0028860855,0.007201227
10444,0.1434244,0.005807885,3.2339663e-05,0.0063479533,0.16245675,0.75475764,0.0006529563,0.60466886,0.00073147303,0.0040075975,0.12187851,0.0012236604,0.05994901,4.2656662e-05,0.0003206359,0.3736768,1.3606759e-05,0.08582385,0.014554752,0.0002772942,7.482753e-05,0.80600995,0.001566888,0.0024662088
10447,0.17809083,0.16809918,0.022102809,0.069074266,0.3394683,0.12072772,0.089147985,0.5313294,0.06953332,0.052111886,0.0060363575,0.08605083,0.02557858,0.011493416,0.014769795,0.040816706,0.00147726,0.1343254,0.053184398,0.024375467,0.02230861,0.15686817,0.093783855,0.0745041
10449,0.2877478,0.015103503,0.00016730861,0.011188351,0.1778685,0.7573296,0.00209584,0.551771,0.0018763106,0.010241868,0.09214562,0.0026333958,0.16928914,8.86463e-05,0.00039788312,0.29724774,3.490475e-05,0.054445103,0.03949049,0.0011562983,0.00012634837,0.79976773,0.001999336,0.007818477
10450,0.13816407,0.19037986,0.039248884,0.010248449,0.36313105,0.049553107,0.006948982,0.2528857,0.10884845,0.3382634,0.0043961583,0.0045642843,0.49334568,0.0021370393,0.011533608,0.086064465,0.00015843699,0.098573625,0.2999459,0.010636748,0.000833723,0.18695064,0.0025572039,0.014200694
10454,0.025180537,0.038869563,0.010423542,0.120992385,0.42669326,0.036108926,0.16038719,0.55557454,0.052257165,0.019524153,0.0026287185,0.04779189,0.0032647804,0.10114726,0.046228014,0.0078101186,0.0011319579,0.2331274,0.009120627,0.017148934,0.067916624,0.02619515,0.02469592,0.028368916
10455,0.12692364,0.20019263,0.048946057,0.011864402,0.38973668,0.045554597,0.008554451,0.26331574,0.13306783,0.35805902,0.0043244967,0.005509339,0.4508364,0.0029060997,0.014729645,0.07940606,0.00019542502,0.111817755,0.27636737,0.013082926,0.0011208538,0.16577236,0.003023089,0.01579937
10457,0.034030564,0.07382355,0.010896564,0.06030086,0.4496871,0.06583491,0.038639855,0.5826279,0.081821024,0.092053615,0.009558136,0.022637773,0.012343957,0.02590353,0.041573297,0.032097507,0.0013793822,0.27224115,0.016404225,0.008708489,0.030771717,0.07288065,0.028456947,0.033050213
10459,0.01229166,0.027572084,0.004862385,0.045206208,0.5524673,0.048885252,0.019319857,0.63041687,0.050027873,0.037350785,0.004284961,0.015604774,0.009738491,0.029563358,0.033914156,0.017344248,0.00038980262,0.38284793,0.008854415,0.009212611,0.010953443,0.048290763,0.008777916,0.015603798
10460,0.0020879018,0.009135507,0.0021186932,0.03267496,0.6660298,0.017866038,0.007945094,0.6638214,0.04079741,0.027212372,0.0023788272,0.005651068,0.004367297,0.051870257,0.056709588,0.0073242346,0.00016081135,0.6118488,0.0029316593,0.0046970146,0.007406992,0.016499994,0.002307103,0.0050001517
10466,0.021391392,0.01845152,0.0022049514,0.015702028,0.4487373,0.14636034,0.0025095295,0.5532956,0.024159515,0.07984744,0.023021355,0.0026831042,0.27835613,0.0016078256,0.0070304116,0.150645,8.0269914e-05,0.25736275,0.03899285,0.005734245,0.0004712777,0.26133245,0.0011081796,0.0062139235
10470,0.0077085635,0.018214772,0.0033372794,0.027019212,0.5819107,0.053996827,0.006158088,0.6258082,0.044102423,0.056984574,0.0073406794,0.0059767286,0.03727693,0.012007555,0.024721235,0.03635482,0.00017746573,0.43942833,0.011868854,0.007528916,0.0027471867,0.07185141,0.002696815,0.008027232
10475,0.13072148,0.07061913,0.005075003,0.0031530692,0.22274312,0.096358545,0.0010835603,0.21823879,0.019819507,0.19497693,0.0075194403,0.0007287404,0.7970909,0.00019325224,0.0022251084,0.19660495,2.265433e-05,0.052130386,0.36459532,0.0022889026,5.7015142e-05,0.41833612,0.00042821676,0.0043708957
10483,0.004343681,0.011578974,0.0019347141,0.0323262,0.6132772,0.039377224,0.0075330148,0.6739162,0.03379364,0.02945897,0.004842911,0.006772345,0.0093645435,0.025188245,0.03420535,0.016363988,0.00019603735,0.52543724,0.0048554633,0.0056783827,0.0052294917,0.03888905,0.0032441958,0.0070911786
10484,0.6458487,0.407846,0.015648805,0.006029123,0.15578856,0.089391254,0.004915844,0.19110909,0.04001608,0.15546586,0.0028935806,0.005675086,0.34083667,0.00038619776,0.0026033549,0.08649257,0.00014768982,0.026718603,0.55623496,0.0029608028,0.0006614935,0.4297022,0.008163392,0.018479101
10485,0.16441779,0.01355482,0.00024663325,0.01366727,0.22829331,0.6657479,0.0023965256,0.58381474,0.002950176,0.014132927,0.087102786,0.0030768747,0.17282262,0.0002000762,0.0008100071,0.27580783,4.9716433e-05,0.08557349,0.033862516,0.001722663,0.0002159352,0.7073299,0.0020618257,0.008421248
10486,0.03671815,0.11856079,0.04977647,0.018839572,0.52948296,0.029831575,0.010760755,0.37010372,0.18606077,0.33467937,0.004112139,0.007051398,0.2679942,0.008800091,0.03438171,0.053858656,0.00023482418,0.23913412,0.10816856,0.019975917,0.0021072468,0.08673999,0.0030951633,0.01418209
10492,0.030636147,0.018283302,0.0013172083,0.026068904,0.43523493,0.2300868,0.005725044,0.6497584,0.01683693,0.032989033,0.026096629,0.0072423434,0.06886289,0.0027865414,0.0070820763,0.10364002,0.00017097303,0.26064247,0.01815141,0.0059253876,0.0015622029,0.26004833,0.004419695,0.0122039355
10493,0.50732243,0.654003,0.06770249,0.013369374,0.22270477,0.017510852,0.012806302,0.2139895,0.23270683,0.3977943,0.0025756217,0.019316044,0.11866213,0.0072902436,0.041933186,0.038169224,0.00083450275,0.08459912,0.4890454,0.006184292,0.020100055,0.13950978,0.04201291,0.025406111
10494,0.05256953,0.034173325,0.0033323425,0.0034669784,0.27714851,0.09185492,0.0007320934,0.2762015,0.018192783,0.18901196,0.011758185,0.00051726034,0.8236909,0.00024212016,0.0028903412,0.23254734,1.961781e-05,0.0919221,0.23910879,0.0025249578,4.496949e-05,0.38573247,0.00024543595,0.002903691
10495,0.033995412,0.08161616,0.034597494,0.10313116,0.4618081,0.025239151,0.16747588,0.47112638,0.11751836,0.052649815,0.0019424252,0.04535841,0.00779391,0.09525588,0.05795551,0.009339724,0.0011449982,0.20972496,0.020149162,0.02581275,0.061821587,0.025183856,0.020852095,0.033062577
10496,0.09429589,0.011456123,0.0002810768,0.008385012,0.23729976,0.52374196,0.0009975976,0.52550024,0.0036254986,0.024940949,0.06921668,0.001263015,0.3344074,0.00014493697,0.0008866687,0.3081448,2.1934344e-05,0.09276367,0.043192368,0.0012240782,8.644769e-05,0.6731646,0.0007182913,0.004514232
10497,0.11410096,0.04708513,0.0029101663,0.0366338,0.3539599,0.313092,0.017502692,0.59265035,0.02101262,0.03442083,0.02531732,0.019817812,0.063174166,0.003059003,0.0062955907,0.107083954,0.00044325626,0.154442,0.037212383,0.009306284,0.0037097125,0.33335945,0.015803559,0.031056222
10500,0.41115257,0.3330795,0.008482555,0.0024499276,0.11802106,0.031303324,0.0012553023,0.1457884,0.036955275,0.27685598,0.0042629843,0.0012885716,0.57877284,0.00023580193,0.0059291865,0.16890487,6.922731e-05,0.035583433,0.7083458,0.00088015065,0.0004907659,0.36372137,0.0023018438,0.006627571
10501,0.0019140837,0.009912153,0.002682052,0.04395953,0.6613194,0.010935609,0.014514051,0.6516186,0.046994004,0.020848136,0.0012753567,0.0078075877,0.0016390464,0.1086271,0.0796479,0.0034521963,0.00019337022,0.6054339,0.0019947127,0.0045104884,0.016679673,0.008823194,0.0031503295,0.0053454437
10507,0.0018469486,0.008919274,0.0022382361,0.036981184,0.6703141,0.013688254,0.01020185,0.6598208,0.042400803,0.023315476,0.0017368481,0.0062702587,0.0026502248,0.07456989,0.067286976,0.0049220487,0.00016784918,0.6185014,0.002322592,0.0045470893,0.010519727,0.011705571,0.002496514,0.0049129925
10508,0.04744692,0.065128915,0.01135583,0.051636588,0.45466313,0.09228087,0.04106608,0.5646035,0.06046751,0.054306738,0.0062651746,0.02804016,0.02846136,0.013667115,0.019176273,0.03791092,0.0006070134,0.21414204,0.02830543,0.017276011,0.010894966,0.10480128,0.017295588,0.03175859
10510,0.7843626,0.12369538,0.00091942487,0.017708698,0.1271919,0.69425404,0.009465242,0.429566,0.0048561916,0.012222701,0.032805923,0.014668471,0.06768751,0.00016994856,0.0004878483,0.16292673,0.00015995708,0.02443632,0.121761754,0.0018305104,0.00085151725,0.8047229,0.020495253,0.03322149
10514,0.08568771,0.09210584,0.012832486,0.08495141,0.37162665,0.09375318,0.11342531,0.5828545,0.054544725,0.030219967,0.004883262,0.07838404,0.009193163,0.022620508,0.0205135,0.023232905,0.0012877213,0.17679851,0.022337623,0.020798989,0.033183817,0.092104584,0.0722306,0.055921026
10518,0.0028762128,0.010170724,0.0020431723,0.03322054,0.64398575,0.024991697,0.008062526,0.66920495,0.037576374,0.02752865,0.0031476798,0.0063032317,0.0057199164,0.039622795,0.04634407,0.009979679,0.00018112964,0.57491356,0.003565,0.005148411,0.0067056725,0.023385208,0.00277091,0.0059218556
10520,0.010509111,0.023703592,0.004324772,0.05267115,0.54876196,0.042175274,0.025696294,0.63927627,0.044791635,0.027872896,0.0034452358,0.017612768,0.005716568,0.040365044,0.037481092,0.012318904,0.00042529913,0.3915764,0.0065965047,0.009060365,0.014923536,0.03666097,0.009589266,0.015129187
10525,0.000826994,0.006127237,0.0011834145,0.016297027,0.73453057,0.009051657,0.003683206,0.6558483,0.03796443,0.032962408,0.001993724,0.0025489538,0.0011385481,0.03258564,0.065977894,0.0039752875,6.626974e-05,0.685376,0.0012652051,0.0013169774,0.016172413,0.0066588526,0.0015249121,0.0024703345
10528,0.119536094,0.12469217,0.014723404,0.09709255,0.3310452,0.08830261,0.13112241,0.59567344,0.05635461,0.027147027,0.0045209206,0.12348792,0.0073223654,0.023415409,0.020495772,0.02034762,0.0016647386,0.16727303,0.022988776,0.021954514,0.045109663,0.0955302,0.14830057,0.07157185
10529,0.074692495,0.13540034,0.036200777,0.009978859,0.4121843,0.04155025,0.0051916884,0.27458394,0.119087934,0.37719476,0.0049227634,0.003380395,0.5522944,0.0024092454,0.0143177435,0.09311949,0.00011950054,0.13238278,0.24550593,0.011011946,0.0006354983,0.16054365,0.0015272459,0.010316891
10531,0.0014140515,0.007207447,0.0017490874,0.029919399,0.6890102,0.014477799,0.0067729414,0.67511344,0.039223768,0.024242977,0.0021154406,0.004612903,0.0034044124,0.06011185,0.06391277,0.006090714,0.00013643826,0.66374314,0.0022397405,0.003924074,0.0074420376,0.01301353,0.0018438041,0.0040094345
10532,0.28699794,0.057817925,0.0017104904,0.029039776,0.25682274,0.51666963,0.014029174,0.5580473,0.011409339,0.025054801,0.040510032,0.018059764,0.08537062,0.0010798362,0.0025790883,0.16042991,0.00034700075,0.08920609,0.057214417,0.0057211583,0.0020829528,0.55478,0.017348703,0.034325156
10534,0.01753723,0.024620416,0.0030588505,0.040430203,0.50966275,0.09096141,0.014799139,0.6492488,0.03361866,0.032893103,0.008109425,0.013982856,0.017124213,0.013461814,0.019348705,0.032554816,0.00033517467,0.3339965,0.01098557,0.0087303175,0.006320195,0.0915867,0.00839921,0.016021244
10535,0.17987624,0.1859377,0.025940182,0.075445086,0.3357623,0.10060454,0.10223916,0.5314151,0.07687246,0.051179368,0.0049798735,0.1034397,0.020663198,0.013786011,0.016602969,0.0334918,0.0016848262,0.1373628,0.050857138,0.026538422,0.027775006,0.13567151,0.11910495,0.0793238
10536,0.0014853214,0.008402283,0.0009039574,0.026227232,0.6266711,0.02982412,0.0045677675,0.7776297,0.024167994,0.026338061,0.0071666795,0.0075512105,0.0026101815,0.017987741,0.036323063,0.015042093,0.00018813026,0.7068859,0.0023075563,0.0019212326,0.012420065,0.019187024,0.008093524,0.0034499215
10539,0.05068072,0.024326194,0.0019009464,0.021146435,0.3879607,0.26021996,0.004778314,0.5710309,0.01790878,0.05045735,0.030245112,0.0052358457,0.19294244,0.0014637476,0.00496448,0.15800864,0.00013277198,0.18363404,0.041343957,0.006342992,0.00084604434,0.3482666,0.002592311,0.011383416
10543,0.3365227,0.1696892,0.009267541,0.05638591,0.26668322,0.26104182,0.053123433,0.55228543,0.034818254,0.03509658,0.013624916,0.08422227,0.03408787,0.0043859812,0.0070104543,0.06939163,0.0013258689,0.104102045,0.06763969,0.014894151,0.012989012,0.33177876,0.12661248,0.08386102
10544,0.12677252,0.18394475,0.029100515,0.13342807,0.2987707,0.04294234,0.2042787,0.5786302,0.084391326,0.027463386,0.002151211,0.20511976,0.0038878324,0.046429288,0.03133737,0.010378521,0.0022773414,0.16267523,0.020512579,0.026705148,0.09528282,0.053940635,0.2604397,0.08049541
10552,0.013805261,0.027304374,0.004632705,0.05125303,0.53186226,0.05271791,0.02576694,0.6340335,0.0446305,0.03078011,0.004233078,0.018718697,0.007916301,0.030857831,0.03171489,0.01621693,0.00044575008,0.35911465,0.008444053,0.009931335,0.013076825,0.048039768,0.01067164,0.017292507
10554,0.0060157953,0.013829932,0.0021194406,0.035309207,0.5894472,0.04769572,0.009212251,0.67269635,0.033541385,0.028803268,0.005262492,0.00840966,0.009593066,0.023368917,0.03066184,0.018154578,0.00023127215,0.47985783,0.005532866,0.0062608,0.005950277,0.046232846,0.004299857,0.008786152
10555,0.29957855,0.030560246,0.0001144418,0.011642137,0.17343245,0.6877549,0.0021113048,0.70012724,0.0025940943,0.006279521,0.07968375,0.005674408,0.01470313,0.00015905064,0.0006824404,0.1670559,8.256824e-05,0.10993039,0.011497437,0.00059586775,0.00048548658,0.7531336,0.009492628,0.0075463774
10566,0.34151208,0.16299652,0.0043640863,0.022733765,0.20321946,0.22278433,0.0067903944,0.47554696,0.031795442,0.103154905,0.042713385,0.012732966,0.1352866,0.0012216165,0.008203918,0.18003733,0.00038958882,0.106537625,0.1311142,0.0028664037,0.005591301,0.5034868,0.020291293,0.02164664
10567,0.14195356,0.010172231,0.00016879836,0.009899513,0.21556213,0.6762917,0.0013311686,0.56721544,0.0022377677,0.0140733095,0.09713281,0.0016895011,0.24404062,0.00010829257,0.00058059674,0.3164553,2.5485911e-05,0.079671316,0.034678217,0.0012310528,9.571903e-05,0.74455655,0.0010581404,0.005483397
10571,0.36145237,0.24138069,0.015002221,0.0040278323,0.19382791,0.07119524,0.0026884498,0.16872294,0.040172376,0.23801152,0.0034870293,0.0019776733,0.6306654,0.00034509294,0.0030589495,0.11825012,6.152862e-05,0.034753285,0.53249377,0.0028049387,0.00021389323,0.37500262,0.0017044083,0.009417859
10578,0.0077906586,0.021758445,0.0048794034,0.059102077,0.5659482,0.028082103,0.03193464,0.62985885,0.05016977,0.025400186,0.002304259,0.018011285,0.0034226712,0.06822841,0.05161803,0.007551818,0.00044070388,0.4225371,0.005001345,0.008621573,0.02163302,0.022608062,0.008990843,0.013424477
10583,0.6369857,0.23581876,0.0016112806,0.016004167,0.12200141,0.38463917,0.0067226384,0.50185025,0.010213263,0.033700515,0.02000055,0.019853435,0.04046793,0.00035943039,0.0014659679,0.12258291,0.00014070037,0.040981937,0.11147022,0.0011960161,0.0028466622,0.62100047,0.035731673,0.021805521
10584,0.21347219,0.026874429,0.0006842825,0.014848205,0.225689,0.5566527,0.0037999174,0.51194173,0.0053912476,0.024062442,0.051553722,0.004130999,0.22705293,0.0002811071,0.00105821,0.24966885,7.5194126e-05,0.06897949,0.064943925,0.0025740713,0.00033192834,0.65361583,0.0025192366,0.01168369
10586,0.0074473433,0.05036934,0.014067991,0.03672123,0.70463943,0.021519402,0.021828746,0.54254025,0.17435364,0.10362913,0.0057671494,0.011892163,0.0023740116,0.07351963,0.1295647,0.0105467625,0.0007774215,0.5521976,0.0045860596,0.006692324,0.04656369,0.017797595,0.011550434,0.020154886
10587,0.06186743,0.037650857,0.0035315708,0.0042260634,0.2764898,0.103532985,0.0009415411,0.2930327,0.01896608,0.17274936,0.01207821,0.00070915325,0.7755055,0.00029815963,0.0030061505,0.2225864,2.4888139e-05,0.09175272,0.22238663,0.002723664,6.475941e-05,0.39071742,0.00034948488,0.0035942837
10588,0.0030211261,0.009871612,0.0018478639,0.034231246,0.63605684,0.027225377,0.008337457,0.67745906,0.034557637,0.024938457,0.0033057008,0.0065930095,0.0053136013,0.038321454,0.04363116,0.010157746,0.00018631814,0.56762797,0.0034010813,0.005073522,0.006886858,0.02472703,0.0029860104,0.006115874
10592,0.15157875,0.009914494,0.00015248716,0.011278345,0.21438539,0.7083076,0.0016005832,0.5922947,0.0020750624,0.011738836,0.10458388,0.0020780207,0.19460559,0.000121885074,0.000580843,0.310656,3.0332278e-05,0.08160344,0.029447693,0.0012564452,0.00012105482,0.75091577,0.0013669104,0.006171691
10594,0.56746376,0.052782446,0.00053929246,0.01654994,0.15877886,0.7230353,0.0063894824,0.49025896,0.0037225555,0.01257415,0.053199023,0.008292103,0.101948634,0.00017263113,0.0005479742,0.21262354,0.00010474025,0.0382032,0.07553702,0.0018753589,0.00048228118,0.7866026,0.008325402,0.020652179
10595,0.0020959985,0.017862009,0.002878804,0.019877043,0.71385205,0.0112279,0.006707639,0.67166376,0.07282442,0.053434163,0.0020007142,0.0059227734,0.0006534297,0.028817758,0.066484906,0.0037284705,0.00012517125,0.6282903,0.0014614163,0.0017488843,0.026943784,0.007732223,0.0068210303,0.005496281
10596,0.7255199,0.08860481,0.0006915781,0.015584328,0.1324261,0.712843,0.0070993854,0.43611875,0.0040567457,0.012453617,0.039790675,0.009809201,0.08812764,0.00013850571,0.00044659156,0.18837588,0.00011306034,0.026657082,0.10973384,0.0016197775,0.0005445456,0.8120949,0.011843385,0.024774777
10599,0.09590423,0.21441285,0.0047277566,0.0813301,0.24259047,0.069984235,0.047142673,0.8017283,0.036772177,0.020266032,0.0043243184,0.122834876,0.0013708833,0.016174385,0.012041871,0.010615187,0.0017261343,0.25167,0.008164762,0.0049604215,0.047785442,0.09194243,0.3286361,0.033879623
10602,0.056918412,0.2359944,0.14533527,0.020245284,0.54830635,0.019748887,0.019675955,0.30593947,0.34786892,0.4895087,0.0028175362,0.010339789,0.22364573,0.015025316,0.05772482,0.042831823,0.0004037655,0.22190456,0.14785655,0.027800417,0.00447622,0.06447359,0.004865286,0.019937642
10604,0.70733917,0.19996856,0.0021954314,0.01067663,0.12106504,0.3590193,0.005466894,0.3429622,0.009925524,0.033089314,0.011997105,0.008889544,0.12769523,0.00019431874,0.00089627167,0.1350732,0.00011254039,0.023930507,0.2266851,0.0013816725,0.0007402679,0.6740363,0.014731769,0.022196947
10610,0.25098035,0.030111963,0.000655703,0.018007524,0.2313423,0.5985068,0.005235019,0.5421854,0.005500312,0.020032289,0.057726435,0.0064658844,0.1477379,0.00037737453,0.0012320271,0.2214113,0.00011795147,0.07582837,0.054127242,0.0029113893,0.0005470247,0.6550653,0.004876952,0.016065001
10615,0.05147276,0.04510015,0.00526461,0.0044843783,0.3047113,0.07012126,0.0010271525,0.28206283,0.028407471,0.22407581,0.009681305,0.00077741017,0.7645097,0.00045600088,0.004718302,0.18640421,2.9427662e-05,0.110059954,0.2271775,0.0031439834,8.99765e-05,0.31048656,0.0003873179,0.0035175267
10616,0.009057618,0.024143467,0.00654612,0.077932164,0.5387716,0.023939814,0.059061375,0.60369074,0.054145575,0.022323513,0.0018716138,0.02420262,0.002469486,0.10362371,0.06063713,0.005642479,0.00059687864,0.38265854,0.005025714,0.010361237,0.036778625,0.01754997,0.011401925,0.015525287
10617,0.007207986,0.016505558,0.0026424008,0.04039154,0.5791099,0.04574121,0.012838547,0.6632613,0.03672348,0.028141575,0.0045156274,0.010748844,0.007802685,0.028384982,0.032907885,0.01555621,0.0002840677,0.45148367,0.005745434,0.0070730313,0.008186466,0.042300213,0.005613243,0.010564158
10622,0.46195352,0.14061223,0.00486833,0.007292563,0.17449825,0.25940353,0.0040638843,0.26571718,0.017271807,0.09186781,0.010472891,0.003277397,0.42692858,0.00023464939,0.0014074825,0.17889623,6.208702e-05,0.030259525,0.3102683,0.002346625,0.00026956983,0.5820379,0.0024263875,0.014505249
10624,0.6151833,0.04486429,0.00034418513,0.013606666,0.13980407,0.77324915,0.0046787346,0.4780357,0.002565682,0.009904029,0.05971699,0.0059429933,0.106396005,9.360709e-05,0.0003403419,0.23418744,6.8000256e-05,0.031190323,0.073309265,0.0013253576,0.00027652067,0.8332708,0.0060705617,0.016222166
10627,0.14922255,0.11840515,0.011702311,0.0042387405,0.2539233,0.067079835,0.0019017201,0.20502809,0.0380677,0.26297462,0.0051515284,0.001259437,0.73316705,0.00042760305,0.0038752859,0.14296255,4.1858224e-05,0.05777404,0.3961459,0.0033959618,0.00013685535,0.3178532,0.0007467335,0.0064079515
10630,0.051885374,0.010034079,0.00025183303,0.011601123,0.29080892,0.4687186,0.0013152418,0.5890074,0.0041764216,0.026499636,0.2616172,0.0015768987,0.21026771,0.0005362871,0.0038571295,0.43886346,0.000127584,0.24434847,0.03068412,0.0012437382,0.00053769205,0.6198209,0.0014901196,0.0050502974
10633,0.0070774336,0.01953565,0.00062700553,0.03310733,0.4240178,0.027324777,0.009269914,0.81077355,0.016969353,0.008181906,0.001901425,0.018897682,0.00032818483,0.019416625,0.028314468,0.0053924974,0.00015769636,0.5547704,0.001199693,0.0011229764,0.024242872,0.022271734,0.028569233,0.004968354
10634,0.010842989,0.013934565,0.0015864711,0.023001662,0.52368855,0.109194055,0.003986685,0.65349853,0.024984129,0.044445965,0.015674364,0.004864827,0.058135785,0.0051177703,0.013197696,0.06879104,0.00013649331,0.39227805,0.012708167,0.005611939,0.001464917,0.14372283,0.0025618467,0.0076307436
10635,0.091397345,0.11799251,0.021550177,0.0070900344,0.34791273,0.051274244,0.00321485,0.2509497,0.07297998,0.32804036,0.005184059,0.002163734,0.6437033,0.0011726387,0.008148483,0.113922484,7.375489e-05,0.09885298,0.29298884,0.006745101,0.00031759267,0.2142544,0.0010507347,0.00811697
10636,0.036838878,0.040864795,0.004659593,0.045511693,0.4535347,0.11860711,0.023656452,0.62355983,0.03780953,0.03631848,0.008644002,0.021855146,0.020423094,0.011118882,0.015727513,0.04046539,0.00046433872,0.2500484,0.017111482,0.010599504,0.008183841,0.123228125,0.015422446,0.02520753
10642,0.069544196,0.0089676455,0.00024190257,0.012186702,0.2818581,0.5596653,0.0014831879,0.6071278,0.00364647,0.018971935,0.089811414,0.001977872,0.2297006,0.00025280833,0.0012268132,0.28316975,3.6447833e-05,0.13313976,0.02750568,0.0018569513,0.00016376989,0.63175166,0.0011015874,0.0056705773
10646,0.003156916,0.012489558,0.002809699,0.033241853,0.6473633,0.022552347,0.008657427,0.6497425,0.046642058,0.034216452,0.0028463618,0.0066945152,0.006505434,0.043112,0.051320985,0.009895976,0.00019260269,0.56438404,0.0042218454,0.005582398,0.007241048,0.022399925,0.0028980763,0.006376615
10647,0.006561594,0.011670334,0.0015039209,0.02915544,0.57128227,0.070109464,0.005958916,0.681157,0.026162054,0.030348966,0.0089857625,0.006236984,0.018992422,0.012184705,0.021145655,0.03197231,0.00017807119,0.46807635,0.0068417387,0.005820001,0.0031012888,0.07461814,0.0031888855,0.007641208
10648,0.071075395,0.02371494,0.0012521795,0.025089785,0.36404723,0.35652244,0.0064892285,0.6127542,0.013173386,0.03167757,0.038689688,0.008136988,0.10376717,0.0015859425,0.00441911,0.14777379,0.00018756211,0.17714718,0.029897146,0.005681351,0.0012971623,0.3923864,0.005309714,0.015745968
10653,0.0945204,0.091582276,0.012131959,0.005083991,0.3012031,0.061785176,0.0019511749,0.23697521,0.044077937,0.2786957,0.00589472,0.0013167185,0.72827125,0.0005996782,0.0050727744,0.14191556,4.5266537e-05,0.08057424,0.32055914,0.0043901224,0.0001539606,0.27369398,0.000664943,0.005997916
10655,0.007332039,0.023742544,0.0061946246,0.023781296,0.5996666,0.038521614,0.005602604,0.58208746,0.06821354,0.09689032,0.005913634,0.0049827006,0.06466589,0.012120815,0.029937059,0.039179657,0.00015711371,0.43934858,0.017136712,0.008737649,0.0022503873,0.06435468,0.0019426959,0.007220363
10659,0.009300764,0.023664804,0.004723858,0.05219107,0.56272805,0.036015753,0.025262836,0.6326375,0.049133122,0.029682202,0.0030362557,0.016775323,0.0053759636,0.046751507,0.042529415,0.010869698,0.0004150098,0.40828335,0.006336423,0.0089256335,0.01573262,0.031577796,0.008810905,0.014276772
10663,0.039848577,0.06445999,0.020704465,0.17350484,0.36590222,0.024612512,0.35020602,0.51471364,0.068849996,0.017742794,0.0014599278,0.08709456,0.0019167155,0.159849,0.05518825,0.004858697,0.001837171,0.1763179,0.010301537,0.023923062,0.15680921,0.018310882,0.047099702,0.039379515
10665,0.006585041,0.0457208,0.023492258,0.0527698,0.62916523,0.009418118,0.036514103,0.5139736,0.14862117,0.07824156,0.000970289,0.015023552,0.006534941,0.11948445,0.101451434,0.0053386153,0.00039162644,0.43167195,0.010107086,0.012124823,0.025736842,0.011286203,0.0053516896,0.012138081
10671,0.025566276,0.057121538,0.013516689,0.0374201,0.5271603,0.057421375,0.01960721,0.54218173,0.08412104,0.092774734,0.0054002223,0.014751674,0.048383635,0.014484366,0.027013073,0.03617024,0.00036268463,0.28186417,0.029110562,0.015503036,0.0061032725,0.08124897,0.0073958733,0.019951595
10673,0.0045289067,0.029141372,0.012291543,0.027204378,0.6600844,0.015069223,0.008575741,0.5520494,0.11757554,0.114851765,0.0022915897,0.005813797,0.027843136,0.037135825,0.06598142,0.015161712,0.00018986962,0.5150963,0.0125417905,0.009508153,0.004934224,0.02442451,0.00197818,0.006810724
10674,0.0026065686,0.01870284,0.0013208986,0.027025204,0.6318028,0.009226196,0.0081254775,0.7454678,0.038023803,0.02055926,0.0013294803,0.01009376,0.00035789702,0.08672137,0.07613953,0.0020192098,0.00033498908,0.7043474,0.0014224615,0.001591016,0.03740302,0.0077205645,0.010104972,0.0040396214
10675,0.12340038,0.15862644,0.010914643,0.038810305,0.31192672,0.23530634,0.019243687,0.60255295,0.07887296,0.19560732,0.058298558,0.024102224,0.11384308,0.007140959,0.028168308,0.22720753,0.0021913468,0.22610249,0.058359127,0.008151047,0.009202354,0.34493372,0.041438002,0.03402945
10676,0.2467042,0.115727924,0.0070049427,0.05387652,0.30088845,0.28502768,0.04683077,0.5638005,0.031392686,0.034851376,0.01709179,0.058895033,0.03894421,0.0046430817,0.007541222,0.07825684,0.0010786647,0.119484015,0.055400692,0.014553671,0.010522462,0.3224721,0.07135235,0.06680886
10677,0.27950802,0.038516346,0.0009349591,0.006429829,0.17461975,0.43775028,0.0017500819,0.36126426,0.00570899,0.042822577,0.027118487,0.0015210138,0.4591953,9.221892e-05,0.00063491357,0.27438366,2.3979082e-05,0.03735643,0.14758776,0.001400473,8.507771e-05,0.6897754,0.00089984335,0.007083162
10681,0.042314503,0.030287243,0.0025830753,0.03543978,0.43226138,0.19229625,0.012856398,0.6312965,0.024515228,0.034618635,0.016931111,0.0141314985,0.041992094,0.0050035906,0.00963768,0.07250387,0.00031976134,0.23441835,0.020290885,0.00857301,0.0036896684,0.20559801,0.009552319,0.02015435
10683,0.058068953,0.095579386,0.030291367,0.16357796,0.35786718,0.025843829,0.34289962,0.49016073,0.08675548,0.024701437,0.0014774626,0.099735856,0.0029165212,0.1284366,0.050867397,0.005955435,0.001995471,0.1551639,0.01545277,0.028443431,0.14444062,0.022700125,0.05914322,0.047721814
10684,0.04890252,0.021809636,0.0016972324,0.011617188,0.34594586,0.22932425,0.0018829297,0.48705474,0.015711142,0.0753074,0.029539885,0.0020321715,0.4160645,0.00064639613,0.0034352457,0.21905412,5.2511918e-05,0.14949901,0.06668082,0.0036280768,0.0002497606,0.41459152,0.0008805517,0.00621128
10688,0.1188346,0.13920042,0.022852847,0.085819975,0.36076868,0.084250025,0.12804069,0.54681647,0.07448562,0.04214234,0.004263657,0.094417624,0.013519912,0.02102462,0.020873962,0.025496826,0.0015823676,0.1550566,0.034570184,0.02693632,0.03522057,0.097734734,0.09008039,0.066998355
10689,0.69842196,0.3226931,0.008188323,0.029406773,0.17392555,0.3164861,0.024753798,0.4392115,0.026748654,0.038879305,0.010432605,0.05538146,0.057699613,0.0010877795,0.0024447623,0.08652547,0.0007913701,0.0434718,0.18352817,0.0065404973,0.0055376217,0.5309298,0.10773728,0.08031014
10699,0.21839541,0.040320564,0.00045674195,0.0059744795,0.15107849,0.34632608,0.0009069433,0.43600148,0.004577215,0.048414916,0.06540499,0.0015846692,0.36195174,0.000111570815,0.0014362603,0.36442557,3.293116e-05,0.071606055,0.16217396,0.00053650694,0.00024495178,0.6938976,0.0021112775,0.0052870945
10701,0.49106008,0.032678317,0.00030749207,0.013850349,0.15796049,0.75839376,0.004087951,0.50988704,0.0025556986,0.010567807,0.06737955,0.005224642,0.1197095,0.000114393675,0.00041619776,0.24667372,6.512367e-05,0.04005262,0.058940087,0.001425983,0.0002617722,0.80886734,0.004780603,0.014015956
10702,0.094009586,0.010357321,0.00025131853,0.01010938,0.24967146,0.57249725,0.0012705475,0.56074727,0.003328873,0.020413186,0.082294755,0.0016120056,0.28646135,0.00016839309,0.0009113303,0.30276826,2.8059418e-05,0.10135243,0.03676857,0.0015167127,0.00011351547,0.6742331,0.00089988444,0.005271611
10703,0.41604686,0.027186023,0.00028981993,0.013716712,0.16913734,0.74483025,0.0036531894,0.5240288,0.0025692082,0.01118515,0.07151589,0.004661358,0.13158287,0.00012544967,0.00046542555,0.25479904,6.1654195e-05,0.04600665,0.05305491,0.0014680017,0.00024526936,0.79290545,0.0039913245,0.012590762
10704,0.0064793588,0.01418793,0.0013410635,0.023090126,0.5118787,0.08358844,0.0032799256,0.6736636,0.02101605,0.052290473,0.040330905,0.0039030137,0.07004537,0.0065838085,0.023061736,0.08795441,0.00055098534,0.47749257,0.013761334,0.0033850358,0.004228657,0.11350963,0.004029141,0.007597866
10705,0.25959873,0.15762274,0.010120811,0.0035899982,0.20130582,0.0802267,0.0019176761,0.1806974,0.03053831,0.22431475,0.0046232906,0.0013004857,0.7108618,0.00027514214,0.0026981914,0.14565288,4.0883977e-05,0.039176825,0.4777985,0.0025069893,0.00012591456,0.39388376,0.00096855016,0.0070636277
10706,0.0023730735,0.009887822,0.0010702085,0.014753878,0.6359986,0.026111873,0.0025320458,0.6916411,0.028763765,0.036177672,0.005525495,0.0033790471,0.010918922,0.011149354,0.023590803,0.01884159,9.376968e-05,0.6100819,0.005107659,0.0020972216,0.0030159703,0.033341594,0.0022890356,0.003333746
10716,0.085183,0.00888586,0.00020537333,0.010827703,0.25693733,0.5994637,0.0012981275,0.59048665,0.002993512,0.017434688,0.09442343,0.0017027727,0.25244048,0.00017686738,0.0009248274,0.30327636,2.9249579e-05,0.112069175,0.030119246,0.0015421273,0.00012163221,0.6770241,0.00096549233,0.0052629765
10720,0.054378606,0.014104116,0.0006437381,0.003739266,0.24141559,0.24041666,0.0004283995,0.37493247,0.006425825,0.07278392,0.031354956,0.0004043645,0.72393894,9.057427e-05,0.0011502836,0.33124328,9.1080365e-06,0.0847319,0.10832427,0.0011674833,2.6943799e-05,0.57549345,0.0001767583,0.0022484332
10722,0.57241416,0.118814066,0.002076877,0.02864157,0.18991181,0.5677,0.017966025,0.5080171,0.010709974,0.020611927,0.032725703,0.02865963,0.06479804,0.00070298597,0.0016438373,0.1430342,0.00041710158,0.05357306,0.09142348,0.004688775,0.002478419,0.6558885,0.039574035,0.0504402
10723,0.008691078,0.018084405,0.0027587146,0.040117,0.5661303,0.05325154,0.01301397,0.65985036,0.03645597,0.02978482,0.005184305,0.011262654,0.009592136,0.023974452,0.029477416,0.018573955,0.0002938952,0.42677507,0.006722199,0.007508719,0.007581352,0.050559804,0.006037333,0.011550086
10727,0.15044671,0.4464831,0.25108364,0.030258847,0.5017759,0.018814085,0.052490868,0.28560647,0.43269762,0.43270463,0.001569484,0.030820519,0.08027961,0.024883721,0.061967224,0.0236407,0.00094032596,0.16216537,0.16260363,0.035680365,0.015811127,0.05546492,0.022412933,0.0441893
10729,0.69580895,0.58687395,0.030653885,0.004615067,0.15373981,0.04294844,0.0042937007,0.14526859,0.07290636,0.245984,0.0012932647,0.005861534,0.3124462,0.0004374115,0.003470758,0.055280913,0.00013933361,0.023334786,0.6489593,0.00257024,0.0008215639,0.3210776,0.00980733,0.01662115
10736,0.0018955852,0.010495622,0.0017285476,0.03669799,0.6191428,0.009210057,0.010497777,0.70334834,0.038507927,0.019316697,0.0015921489,0.008221874,0.0012632526,0.0823283,0.07470967,0.003735486,0.00018203203,0.64950025,0.0017415175,0.0031297645,0.019141993,0.009181675,0.004582572,0.0047335415
10738,0.27181402,0.019588914,0.00028279333,0.013589102,0.19767971,0.6995015,0.002977948,0.547546,0.002829018,0.013288533,0.07736912,0.0037463226,0.16045824,0.00016138692,0.00062694016,0.26589793,5.6507793e-05,0.06231568,0.0447094,0.001637889,0.00022915598,0.74782395,0.002792221,0.01032998
10740,0.068756305,0.030579733,0.001996417,0.028969616,0.38341486,0.29015243,0.009188499,0.6051244,0.018445082,0.036803104,0.028092658,0.010900229,0.084544286,0.0024303175,0.0060082497,0.11877835,0.00025547217,0.18529779,0.03081966,0.0072604846,0.0020238534,0.3248056,0.007325316,0.019268759
10744,0.0024609542,0.0091570495,0.0018955285,0.033102587,0.6526663,0.022432372,0.007938573,0.67153436,0.036385924,0.025680427,0.0028856262,0.005923787,0.004950619,0.043221388,0.048861917,0.008753439,0.00016993948,0.592458,0.0031487003,0.004922182,0.006815015,0.020423895,0.0025228185,0.005415235
10748,0.046032116,0.052709993,0.007626582,0.048501935,0.44710055,0.11464552,0.032117467,0.58655,0.04624252,0.045651853,0.0081673,0.024398169,0.03129054,0.010437199,0.015494998,0.045323692,0.0005407847,0.2154169,0.026052171,0.015014016,0.008457946,0.12650661,0.015061081,0.028807582
10756,0.72928256,0.074025586,0.00040056542,0.009708187,0.1080596,0.699192,0.0031742062,0.39576334,0.0028205896,0.011651336,0.038704384,0.004758866,0.10950339,6.528565e-05,0.0003154592,0.20902091,5.2397718e-05,0.02228865,0.11653674,0.00077585445,0.00023674675,0.8423659,0.00653046,0.0140578495
10757,0.023241932,0.04038937,0.0077424003,0.06973957,0.480344,0.054009046,0.060671337,0.6046937,0.05170403,0.028828537,0.0035232275,0.033522554,0.0062354384,0.0395126,0.03277451,0.014233046,0.00071132096,0.28635865,0.010696433,0.013984301,0.024100022,0.04592597,0.020331193,0.026141064
10761,0.6384611,0.053317722,0.0004226428,0.014929544,0.14089882,0.76036495,0.00565174,0.47576538,0.002960355,0.01037035,0.054840717,0.0073378445,0.09617015,0.000115482224,0.00038936565,0.21927282,8.3967694e-05,0.031293113,0.07792526,0.0014782563,0.00036948008,0.8236865,0.007787663,0.019049905
10762,0.0025773484,0.009256859,0.0018359588,0.031894002,0.64789426,0.024631508,0.0072619114,0.6759535,0.035878018,0.026630495,0.0032137623,0.0058080284,0.005651014,0.038462985,0.046059623,0.010069733,0.00016728643,0.5900098,0.0033224716,0.004784563,0.0062186364,0.023173746,0.0025468394,0.005476331
10763,0.014219056,0.02184091,0.0027700746,0.03746425,0.52607363,0.0836943,0.011882192,0.65510416,0.03369443,0.033930264,0.008019391,0.0117969625,0.017495396,0.013653585,0.020461483,0.032051243,0.00029276288,0.36316937,0.009958355,0.007896835,0.0055410946,0.08654957,0.0068961103,0.013778501
10769,0.27826685,0.018464077,0.00024869014,0.01225777,0.18951339,0.71062946,0.0025374203,0.5386802,0.002530695,0.0129075,0.07902488,0.00315275,0.17492771,0.000127355,0.0005333099,0.2775655,4.5773642e-05,0.05798093,0.045728374,0.0014317927,0.00017623777,0.7652654,0.0023299062,0.009162351
10771,0.012924784,0.027523838,0.0077291033,0.09483385,0.49855122,0.027492119,0.08831664,0.5808133,0.052727863,0.020992726,0.0022024568,0.030244138,0.00280839,0.10970579,0.05637598,0.0062723984,0.0007824673,0.32054877,0.006287173,0.01270791,0.04766492,0.019805731,0.014176769,0.019057851
10777,0.011678406,0.020909095,0.0015521323,0.012409676,0.49741346,0.09929874,0.0037066047,0.5779136,0.025866622,0.07761623,0.064307265,0.005113839,0.1270055,0.004413931,0.039610464,0.22896549,0.00048468783,0.4916765,0.042803492,0.0034383358,0.005626327,0.18818781,0.0059598847,0.011880054
10778,0.14110944,0.09067024,0.0086449655,0.0070042596,0.27138045,0.10362795,0.003000558,0.2776738,0.031669114,0.18155082,0.007981302,0.002184893,0.61288553,0.00061852945,0.004037312,0.15121743,6.794198e-05,0.073145084,0.27662328,0.0046752477,0.00024195563,0.34355852,0.0012896877,0.008737892
10781,0.12098594,0.043510716,0.001180666,0.008866439,0.23455562,0.24508923,0.0014416829,0.45693648,0.012461554,0.068260536,0.049169626,0.0023909493,0.31568778,0.0004986823,0.003612433,0.26661858,7.124548e-05,0.13904864,0.0968402,0.0014820371,0.00028551082,0.5632944,0.0020492382,0.0058278204
10782,0.41461203,0.039350525,0.0005571407,0.016620355,0.18562502,0.6771511,0.0055432576,0.51217085,0.004167152,0.015412139,0.056713007,0.0069504958,0.12962899,0.00022574865,0.0007402915,0.2244789,0.00010351222,0.050678052,0.06607458,0.0022017935,0.0004601271,0.7391161,0.0059855906,0.017605279
10788,0.025265548,0.03842456,0.0070516947,0.01968424,0.4899702,0.08519256,0.005021527,0.5160823,0.056570772,0.12724443,0.011214748,0.005044471,0.20130359,0.0038456935,0.01392229,0.09311196,0.00014048319,0.26289678,0.046197563,0.009035812,0.0011733382,0.166656,0.0022963893,0.010145275
10792,0.038795795,0.049351726,0.007420575,0.068233326,0.43797553,0.08369303,0.06285263,0.60753953,0.04543586,0.028825179,0.0050788466,0.0397953,0.009046872,0.023680214,0.02249107,0.022150367,0.0007764502,0.23642892,0.014663056,0.014996944,0.020444794,0.074918844,0.027926775,0.033276998
10798,0.43105018,0.23572259,0.009592639,0.05950835,0.21755916,0.21902815,0.052415777,0.5716293,0.032889992,0.027940216,0.009802557,0.13383807,0.020645946,0.0038321817,0.0059655546,0.052215725,0.0014871061,0.09422432,0.06489344,0.012558553,0.01643186,0.3269369,0.2740871,0.102858126
10805,0.0059186756,0.011112745,0.0014720256,0.028892485,0.57857394,0.06540072,0.0057888553,0.68319124,0.026359426,0.029978393,0.008544011,0.0060160835,0.017765662,0.012998648,0.022290884,0.030055752,0.00017353636,0.48279288,0.0064105084,0.005652389,0.0031349373,0.06939519,0.0030386222,0.0072730137
10806,0.0726838,0.2472968,0.13686822,0.05811254,0.5080526,0.018471137,0.105485,0.37510607,0.29756472,0.2020681,0.0014460285,0.043370984,0.023134958,0.055260696,0.0731722,0.013104401,0.0011974084,0.20761788,0.059131827,0.038609702,0.034121655,0.033463437,0.025919694,0.04199006
10807,0.004663648,0.02526496,0.002869364,0.04299399,0.6320449,0.021876054,0.0098346295,0.70481646,0.045983855,0.035401706,0.00453903,0.016296782,0.0023948331,0.07606568,0.080635756,0.008743011,0.00069198123,0.7053791,0.0064195315,0.0040850732,0.032304835,0.019249804,0.011427219,0.007420972
10809,0.08340878,0.011966978,0.00035244584,0.01214888,0.27496725,0.5219486,0.0016678806,0.5738846,0.0045991605,0.02357015,0.072310194,0.002177278,0.24361724,0.00028391829,0.0013277606,0.2720464,4.0888965e-05,0.11919824,0.034580547,0.0019134488,0.0001874091,0.6179079,0.001232736,0.0064179446
10811,0.01921147,0.055123013,0.008360904,0.030367846,0.5079795,0.030159544,0.00919882,0.54768336,0.09775776,0.17063704,0.013213759,0.010419574,0.054749552,0.020785239,0.05671844,0.048956078,0.00040625577,0.45696217,0.03201394,0.0063181445,0.018307423,0.06629199,0.008312715,0.010363144
10814,0.16837907,0.010727372,0.00015877046,0.009951921,0.20493807,0.70319444,0.0014194783,0.5644543,0.0020477753,0.012787369,0.09872088,0.0017858894,0.23006648,9.632858e-05,0.0005067876,0.3165611,2.5952204e-05,0.07223993,0.035465736,0.0011867309,9.466678e-05,0.7632684,0.0011639046,0.0057513
10817,0.028403157,0.04585593,0.011883979,0.106840305,0.4363811,0.040411245,0.1398504,0.5544747,0.058215994,0.024337927,0.0027935014,0.04728893,0.0043654875,0.07859511,0.04262797,0.009580846,0.0010827065,0.23298196,0.011163199,0.018221198,0.054475375,0.03149552,0.025630616,0.030600227
10818,0.0016595409,0.008707765,0.0022114674,0.035655178,0.68174607,0.012580226,0.009847807,0.66170394,0.04431186,0.022908049,0.0016048608,0.0060181683,0.0022982135,0.08408125,0.072651416,0.0045297537,0.00017097287,0.63750184,0.0021373832,0.0041159526,0.011786911,0.010580074,0.0024695073,0.004685245
10819,0.0068549705,0.022427535,0.0031097769,0.03484727,0.5911698,0.05611724,0.008969461,0.6648537,0.04798105,0.059526395,0.022032583,0.008629443,0.011086414,0.026130505,0.05918256,0.037117317,0.00068224146,0.57232624,0.007165482,0.004797031,0.017968118,0.052436113,0.009593138,0.010681129
10831,0.045211505,0.06217648,0.012159953,0.09508981,0.40848345,0.060644515,0.13115747,0.5748595,0.05652869,0.026436891,0.0034388273,0.06013428,0.005696914,0.043927994,0.030328978,0.014397046,0.0011338606,0.20847887,0.014569003,0.019394262,0.042742845,0.05141645,0.041140195,0.040178552
10846,0.6306486,0.5698353,0.040079217,0.0059801834,0.18437019,0.04112929,0.005907002,0.16544455,0.09258269,0.26644087,0.0014079283,0.007677433,0.27847543,0.00072241673,0.0047910907,0.052016184,0.00019014066,0.030885344,0.5857732,0.0037521326,0.0012147208,0.27409416,0.011946787,0.020311235
10852,0.002959785,0.012245024,0.002907216,0.039646316,0.6461359,0.018308625,0.012255916,0.64906096,0.0464793,0.027355995,0.002091346,0.008025409,0.0036509894,0.06402939,0.05997859,0.0065101883,0.00021902271,0.5623114,0.003293369,0.005574681,0.0111933,0.016135028,0.0034265039,0.0066393665
10858,0.024540022,0.037966624,0.006004544,0.05669186,0.48555002,0.07120131,0.037587482,0.617065,0.045689315,0.032370467,0.0050399653,0.026130915,0.010170225,0.02415276,0.025381109,0.021279799,0.000571652,0.28792685,0.012343806,0.012437664,0.014613453,0.06598849,0.016423155,0.024358839
10860,0.2231731,0.11579453,0.007279974,0.003874798,0.20322075,0.10235081,0.0018206803,0.206697,0.024066579,0.18919949,0.006164336,0.0012337511,0.71133006,0.00025249828,0.0023577847,0.17018087,3.679293e-05,0.04269933,0.40953082,0.0024508776,0.0001095607,0.42744952,0.00086088706,0.00675251
10861,0.7273587,0.44080064,0.010067885,0.0026912251,0.108448386,0.075522214,0.0020133685,0.12950152,0.027746955,0.15641446,0.0020115576,0.0022759843,0.46402255,0.0001206424,0.0014789131,0.09644182,5.522108e-05,0.015157099,0.6878196,0.0011528509,0.00020795205,0.5122433,0.0039186133,0.009905605
10867,0.4933113,0.33380374,0.015514205,0.0039690305,0.16374952,0.064266376,0.0028018968,0.15974693,0.042101983,0.22010617,0.0027295144,0.0026061116,0.5174406,0.00032449188,0.0030063104,0.098274134,7.238848e-05,0.02899499,0.5704066,0.0021959078,0.00031465423,0.38385987,0.0031112644,0.010748952
10871,0.55096567,0.039087914,0.00034143156,0.014011423,0.15033254,0.76184076,0.004535597,0.49476206,0.0026574023,0.01048036,0.06261891,0.0057747797,0.11246637,0.000109889865,0.00039333085,0.23818466,6.93856e-05,0.035922285,0.06614526,0.0014228123,0.00028426334,0.81737477,0.005560066,0.015483049
10877,0.640852,0.5907847,0.02015521,0.003110886,0.12593621,0.045660112,0.0033462667,0.16616626,0.06716054,0.2883974,0.002915426,0.0037705132,0.30018374,0.00042589186,0.0069853873,0.101791374,9.883904e-05,0.02646521,0.62989783,0.0012856148,0.00083505316,0.40272376,0.008289109,0.013055801
10879,0.08359095,0.019260148,0.00086156814,0.004784908,0.23656954,0.27793372,0.0007294561,0.3747284,0.0070682084,0.06829548,0.028554037,0.0006636433,0.6612977,0.00011156081,0.0011079741,0.30131933,1.3401047e-05,0.07075681,0.12090021,0.0015031055,4.4074008e-05,0.57935095,0.0002929117,0.0034314946
10882,0.4467871,0.04098203,0.0005630822,0.013345726,0.16626687,0.6652285,0.004384821,0.46892977,0.0037169678,0.01676559,0.050177697,0.0048113572,0.19234158,0.00013296721,0.0005213579,0.24812792,6.9887625e-05,0.03889326,0.091551326,0.0019245837,0.00027086856,0.7641521,0.0036334775,0.013834648
10884,0.03704898,0.06582022,0.019472234,0.19985819,0.3465183,0.014347748,0.42128435,0.51176953,0.0683345,0.012775102,0.0007568872,0.09958025,0.0006863568,0.25122744,0.06672722,0.0022009946,0.0018259473,0.17371516,0.006547963,0.01882384,0.26852202,0.01017971,0.058228675,0.03707277
10888,0.005202982,0.015194036,0.0028609126,0.03048289,0.61330146,0.03814835,0.0073572677,0.6472032,0.04404268,0.04212879,0.00489479,0.0068364893,0.014140829,0.023347612,0.035807297,0.019331697,0.0002006373,0.5053671,0.0067404993,0.0063492465,0.004803398,0.042677883,0.003247076,0.007715857
10890,0.4576188,0.13226537,0.003833512,0.038189135,0.22873935,0.45169935,0.027973048,0.53136474,0.018055728,0.027704826,0.026375838,0.043874584,0.056600712,0.0016109301,0.0032754722,0.1166497,0.00073557784,0.07556937,0.08326503,0.008116513,0.0050091743,0.5311284,0.06146033,0.06402257
10891,0.74033517,0.78050864,0.067076124,0.004122858,0.18445812,0.019910075,0.0050760047,0.1433344,0.20148788,0.44818702,0.0010579962,0.008652349,0.15858532,0.0011290723,0.012683368,0.043722242,0.00038932468,0.04209688,0.69577,0.0025292223,0.0036711725,0.23175497,0.02836214,0.022627683
10892,0.034928832,0.26041546,0.23627725,0.026618935,0.6226623,0.009119909,0.033025026,0.3116945,0.5014414,0.5202318,0.0014093603,0.013513136,0.085810065,0.043795444,0.12124298,0.018973269,0.0005115589,0.2954781,0.08522432,0.031975705,0.011403279,0.026925685,0.0057653207,0.019920345
10895,0.024448188,0.0438091,0.0019332534,0.039301805,0.37114152,0.043763272,0.014935197,0.6803739,0.027132602,0.029022371,0.013981252,0.013073713,0.005409783,0.011404176,0.026205666,0.023497758,0.0011171326,0.34375083,0.011290102,0.003137528,0.032482408,0.073916644,0.024937725,0.017323092
10899,0.018719252,0.026524095,0.003410976,0.040367734,0.5086425,0.09058783,0.015320231,0.6405145,0.03565685,0.03556275,0.00808784,0.014256072,0.018862184,0.01327669,0.019508634,0.03339237,0.00034439436,0.32620844,0.012096254,0.009219949,0.006301366,0.09306695,0.008526362,0.016660728
10902,0.0014003237,0.019490309,0.0018856146,0.018426357,0.66725695,0.006781923,0.0047358274,0.7129305,0.045013506,0.041280482,0.0010834528,0.00726502,0.00083999353,0.041153867,0.06417179,0.0032751157,0.00012190751,0.70947933,0.0026497433,0.0014985151,0.015749725,0.0064224554,0.006072107,0.0033666184
10904,0.015969377,0.026395403,0.0037816204,0.045660526,0.5197742,0.07091851,0.019739972,0.64277685,0.0387259,0.031842932,0.005938364,0.016537813,0.011734727,0.020066788,0.02445624,0.02342442,0.00039363207,0.3440225,0.009773792,0.009439018,0.009134416,0.06803256,0.009781838,0.01706538
10906,0.009372083,0.021068383,0.003359805,0.031477813,0.5684985,0.056357503,0.008471774,0.63620675,0.043997705,0.047662646,0.006324895,0.008511419,0.021352135,0.015719336,0.02638941,0.028494371,0.00022531107,0.4186663,0.010032496,0.007211358,0.004438413,0.06660546,0.0044957795,0.010470193
10909,0.100607514,0.14046651,0.027842274,0.00774173,0.35586965,0.047644548,0.0039506042,0.24732356,0.08825588,0.34997267,0.004711106,0.002632051,0.60605013,0.0014482155,0.009464191,0.103765346,8.888306e-05,0.09971614,0.29815397,0.0075926613,0.00042221977,0.1985572,0.0013157575,0.009395971
10910,0.28267366,0.03763733,0.0008262001,0.021300336,0.23346378,0.59816384,0.0074099344,0.55370384,0.006553921,0.019777277,0.05351789,0.009534438,0.1123519,0.00051259005,0.0014659838,0.2017264,0.00017026873,0.07738259,0.052343115,0.0034055193,0.0008691305,0.6403079,0.0080968235,0.02156281
10913,0.117640026,0.3454141,0.1133521,0.011627842,0.45508546,0.018954601,0.012463209,0.247334,0.34564093,0.57602537,0.0035421145,0.008487658,0.3304645,0.008789127,0.048865862,0.0658153,0.00031794287,0.15600944,0.28691962,0.014164214,0.003989007,0.094947435,0.006806835,0.01905462
10919,0.09434945,0.1121819,0.014865326,0.12716322,0.31721416,0.058617704,0.19309291,0.60320866,0.056669414,0.01957325,0.0030454888,0.15066339,0.0033606403,0.045245055,0.028496353,0.011280393,0.0018181682,0.1746733,0.014879409,0.021495694,0.082608014,0.057634275,0.1729998,0.06665313
10920,0.0727066,0.085270286,0.0134822,0.10191456,0.36506945,0.07239309,0.15351517,0.581779,0.055701148,0.025012534,0.0037498055,0.08811158,0.0057514575,0.03543921,0.025499037,0.016148206,0.0014124494,0.1799429,0.017423518,0.021299042,0.04922165,0.066200495,0.07654291,0.053734835
10921,0.08608555,0.1354879,0.03177284,0.07269462,0.41413102,0.0641766,0.110683784,0.5099838,0.10346048,0.06528915,0.0034694439,0.062938556,0.017217834,0.025362669,0.027418077,0.024449667,0.0012134995,0.17166525,0.036961425,0.027058609,0.02942583,0.0767629,0.047059204,0.05383003
10927,0.10164054,0.10231526,0.0066275517,0.033162553,0.40683153,0.16805767,0.010520189,0.54811347,0.05394115,0.14320114,0.03522499,0.013942567,0.08614791,0.005722043,0.017546352,0.11783592,0.0007192054,0.25166106,0.079722434,0.008672357,0.012110291,0.23848197,0.01664166,0.041293666
10938,0.02380316,0.08026463,0.004592146,0.059160165,0.4861744,0.019785527,0.037791036,0.6708188,0.063810326,0.030648315,0.0035250443,0.044648066,0.0007731561,0.06969193,0.06826217,0.0050510643,0.0012128148,0.4174341,0.006110928,0.0047265603,0.28121108,0.016831629,0.07356704,0.029725684
10940,0.11456897,0.035680566,0.0017631046,0.030354131,0.33762288,0.3834521,0.011190498,0.6007414,0.014960812,0.030453328,0.035018694,0.013681475,0.08133077,0.0019150813,0.0045384183,0.13749866,0.00030398928,0.14818354,0.035610404,0.0068443413,0.0021798725,0.4065089,0.010392881,0.024318403
10941,0.36786008,0.16866064,0.008481537,0.050897814,0.26114425,0.29343274,0.046573363,0.53739876,0.03230196,0.036648355,0.015531554,0.07125274,0.043205023,0.0035306464,0.00607945,0.080419056,0.0012046471,0.09533971,0.078981616,0.013806469,0.010469827,0.37340704,0.10245282,0.07978361
10949,0.030349443,0.05444758,0.011159027,0.053664867,0.4907984,0.06614953,0.040429648,0.57387197,0.06500074,0.051646113,0.004769336,0.02548497,0.020121705,0.020369127,0.025434008,0.026757529,0.0005706248,0.255506,0.02097465,0.016762486,0.012524829,0.072144255,0.014154729,0.02658822
10951,0.0571484,0.09226139,0.022828639,0.19789933,0.32008693,0.017314278,0.39648682,0.51382816,0.072433636,0.014489512,0.0008795857,0.13163029,0.0009857604,0.18874854,0.055467457,0.0028672135,0.0019649018,0.1532742,0.008985547,0.020813439,0.24767993,0.014349205,0.09373657,0.046748295
10952,0.007434813,0.016702432,0.002611901,0.037317336,0.5787692,0.0496088,0.010904111,0.66172093,0.03700661,0.031295642,0.005156844,0.009794309,0.010148216,0.02373739,0.030634541,0.018663194,0.00026216256,0.45053643,0.00641227,0.0069565508,0.0067118118,0.048639696,0.005132959,0.010256035
10956,0.049615856,0.03397791,0.0015793924,0.030796628,0.40165442,0.21639515,0.008457607,0.6843295,0.019622235,0.032636892,0.030860825,0.01463478,0.034425814,0.00449496,0.009757229,0.091140136,0.00040258522,0.27846703,0.020675186,0.005346212,0.0046921554,0.25534436,0.014431593,0.018168695
10963,0.10356404,0.01566437,0.0004922016,0.0054733274,0.21536356,0.40738338,0.0007544762,0.42317036,0.0046051308,0.042413197,0.041388344,0.0007513794,0.56491196,8.467933e-05,0.0007355862,0.33178562,1.2984633e-05,0.064675085,0.088061616,0.0011939615,4.3620534e-05,0.66210914,0.0003542241,0.0036084824
10965,0.15247917,0.035206582,0.0013760692,0.026394859,0.3044819,0.45468658,0.009185808,0.581936,0.011518771,0.028180098,0.04306455,0.011406655,0.10404634,0.0012071794,0.003182113,0.16489638,0.00024921878,0.122615,0.04285792,0.0056158304,0.0015025773,0.4883478,0.008718197,0.02271288
10967,0.022381255,0.051029574,0.014954447,0.027179364,0.58650434,0.04879431,0.016419288,0.43678004,0.129007,0.20288524,0.0258222,0.008684322,0.07046362,0.03117337,0.106173076,0.09995788,0.0008669341,0.45317036,0.04634104,0.011466138,0.020165624,0.09033838,0.006075832,0.0264325
10969,0.0018852307,0.0135551775,0.0029022957,0.033495814,0.6759517,0.0116944425,0.008019501,0.6074312,0.060282025,0.057351142,0.006686469,0.005075773,0.004703054,0.08541697,0.10443544,0.010538312,0.0004194745,0.6990651,0.0042173755,0.0035499928,0.02213591,0.011828924,0.0034745715,0.005743011
10972,0.43342125,0.02893275,0.0001877901,0.010209922,0.12114491,0.72992134,0.0020852196,0.48737672,0.0018729317,0.0126946345,0.07845399,0.002248326,0.09005905,6.861548e-05,0.0003925079,0.31125754,3.0896255e-05,0.037411008,0.039817527,0.0004883252,0.00019623504,0.82729733,0.0027345105,0.009352404
10973,0.0049206405,0.012749886,0.0021098806,0.03654006,0.6042628,0.038740017,0.009803854,0.6731956,0.03438237,0.02670141,0.004260419,0.008290164,0.007142573,0.029884923,0.035594285,0.013938628,0.00022962708,0.504748,0.0046180952,0.0060303668,0.006940251,0.03585875,0.0040836767,0.008129779
10977,0.014141248,0.05350215,0.017736249,0.035269532,0.5869335,0.029838694,0.017270155,0.52979517,0.11679977,0.11521637,0.003315125,0.011924946,0.03709274,0.02568965,0.045106802,0.022733867,0.00031530403,0.35941958,0.022691762,0.014780337,0.0069316756,0.045612454,0.0051524937,0.014963327
10979,0.015048989,0.02942053,0.005060635,0.05312699,0.52442807,0.05299081,0.028753642,0.6295119,0.046258356,0.031134672,0.0041126744,0.020351285,0.0077806176,0.031650446,0.031779062,0.016126083,0.00047243206,0.34724385,0.00884151,0.0103364475,0.014167224,0.0482616,0.011780235,0.01847583
10982,0.08617219,0.103697024,0.011235113,0.015283833,0.3026725,0.062258985,0.009131132,0.34146002,0.06523809,0.2100929,0.016920662,0.0056266976,0.33127967,0.0052251974,0.026145248,0.16494076,0.00033053348,0.17666626,0.19209884,0.0056826817,0.0032594549,0.22038655,0.0048201396,0.017391007
10983,0.0024169406,0.008277996,0.0015658918,0.030568516,0.6480464,0.026364481,0.006491141,0.6845103,0.032482784,0.02517692,0.0035597917,0.005331359,0.00596683,0.034473274,0.043137148,0.010880701,0.00015546283,0.59913456,0.003192603,0.004572568,0.0054489747,0.02474701,0.002340622,0.0051370743
10985,0.4213567,0.03743253,0.00049434,0.016544724,0.18293945,0.6948916,0.0053865723,0.5188737,0.00384175,0.014149055,0.05963262,0.006895065,0.12106979,0.00021344626,0.0006961162,0.22615498,9.9407014e-05,0.050393052,0.061414756,0.002061613,0.00044288964,0.7495531,0.0060844105,0.017335042
10987,0.012563954,0.030882971,0.013101939,0.1573659,0.4573433,0.011073235,0.24865074,0.51660824,0.06456389,0.015008762,0.0008963904,0.042910263,0.00089508074,0.30223405,0.09073399,0.0020901214,0.0011423912,0.27610725,0.004600195,0.014673518,0.15811183,0.007079511,0.01743505,0.019639853
10994,0.0026572521,0.009752701,0.0020357952,0.028247265,0.6510974,0.026314417,0.005904018,0.6647869,0.038926844,0.034029815,0.003809386,0.005004329,0.009117759,0.03046589,0.04370236,0.013156649,0.00015237526,0.5905185,0.004214115,0.005018557,0.0045762006,0.027470596,0.0021282833,0.005225679
10999,0.3858,0.029233208,0.00020050743,0.009563214,0.14728408,0.7003797,0.0014187917,0.53586435,0.0024448447,0.013322576,0.12815309,0.0027836876,0.1402394,9.10641e-05,0.0006331526,0.32874966,5.5750465e-05,0.06362273,0.061317135,0.0007435892,0.00020139186,0.8342541,0.0032476701,0.007732362
11003,0.18629625,0.22667547,0.017525576,0.13197127,0.2472197,0.053009905,0.14299123,0.66068697,0.058791,0.018686853,0.0026134667,0.32838854,0.0023647388,0.030319847,0.022269424,0.009572745,0.0025013534,0.16993184,0.017494371,0.019548392,0.108571894,0.072674185,0.5624664,0.107603945
11006,0.38098156,0.037017137,0.0005567321,0.01761285,0.19487388,0.67244565,0.0057888385,0.5288708,0.0043666293,0.0153851,0.058408998,0.007441914,0.119082734,0.00026802425,0.0008425756,0.22109395,0.000112840404,0.056501623,0.058324967,0.0023139676,0.0005236119,0.7240293,0.0064886166,0.018241035
11007,0.06714154,0.015508846,0.0007123554,0.0053954166,0.2521346,0.29786858,0.0007071859,0.41126218,0.0066534737,0.060737457,0.034953713,0.00068176567,0.6311916,0.00012881977,0.0011787617,0.31332773,1.4530877e-05,0.08508311,0.09513447,0.0015415407,4.7943777e-05,0.57982105,0.00028910488,0.0032705066
11008,0.39028493,0.3136681,0.023261175,0.004900406,0.20838168,0.056563526,0.0036916006,0.17052428,0.059012756,0.2721571,0.0028168114,0.0030124222,0.5359649,0.00055253546,0.0043161586,0.091867015,9.157702e-05,0.03868036,0.5270954,0.003498564,0.00040109464,0.3134412,0.0028427073,0.01181487
11009,0.05242132,0.20972122,0.121351354,0.022459788,0.55031204,0.021406582,0.020762734,0.32764685,0.31244445,0.42986986,0.0028915356,0.011168801,0.19053544,0.01590931,0.055390812,0.039526157,0.00041443933,0.23006798,0.12600476,0.028156752,0.004815106,0.063680194,0.0052945996,0.020649012
11014,0.00801434,0.030765425,0.008654534,0.042461496,0.6020659,0.026604068,0.018448558,0.59347546,0.07768982,0.056636386,0.0026467473,0.012301417,0.012475321,0.040326096,0.04831289,0.013646022,0.00031788077,0.42227134,0.010096643,0.010632714,0.010345911,0.030567106,0.0052061323,0.012136119
11016,0.34970242,0.052344248,0.0011511554,0.021979136,0.22360519,0.57891953,0.009143358,0.5247879,0.0077744243,0.022355199,0.04563674,0.011501763,0.11551301,0.00053771643,0.0015100734,0.1892592,0.00020592824,0.0678841,0.068785146,0.0038457706,0.0010468528,0.64035755,0.010328787,0.025969977
11017,0.02796804,0.061810303,0.021648841,0.20402133,0.37144703,0.008874419,0.44215345,0.48887092,0.07797454,0.013059907,0.00048663982,0.083299264,0.0004631635,0.3428594,0.08342003,0.0013824826,0.0017198403,0.18685696,0.0054023783,0.0168996,0.32394835,0.006209835,0.042957064,0.030928295
11023,0.032509893,0.039198007,0.005303203,0.04157847,0.4705733,0.11245053,0.019736111,0.6073289,0.04065805,0.044801634,0.009146672,0.01709831,0.03397953,0.009288649,0.015269286,0.047770634,0.00039516098,0.25142422,0.021186396,0.0119478395,0.005897473,0.12694937,0.010022519,0.021601355
11027,0.03359171,0.085433446,0.010491365,0.17967707,0.36766502,0.0130166905,0.26364803,0.6110643,0.06468198,0.014258216,0.0014175398,0.10571495,0.00030827193,0.25663966,0.07775385,0.001849961,0.0027746602,0.28193945,0.005846085,0.01045232,0.47933424,0.009294865,0.10036153,0.0356575
11032,0.0017684989,0.008095487,0.0016081316,0.025224544,0.68806183,0.021286458,0.0051560565,0.6774843,0.037101097,0.029603843,0.0036972645,0.0043582683,0.0060244044,0.03896715,0.050552785,0.010548071,0.00015360824,0.66146183,0.003265923,0.0039993813,0.005787244,0.020300651,0.001997148,0.004413418
11038,0.16106541,0.05326071,0.0027141592,0.035748485,0.3228963,0.37387285,0.017968329,0.5810052,0.018471975,0.032480236,0.02991803,0.021186696,0.07089837,0.0023852773,0.005081233,0.12284109,0.00046621903,0.13132189,0.044773217,0.008773799,0.0034461839,0.3982644,0.018186413,0.03464689
11042,0.0026261343,0.0091858385,0.0017923231,0.032630835,0.64581096,0.025013905,0.0075695724,0.67721426,0.034888268,0.025512788,0.0032012414,0.005960484,0.005376489,0.03889337,0.045495786,0.009833914,0.00017066013,0.58625066,0.0032555454,0.004845081,0.0064113038,0.023066148,0.0026202186,0.005562492
11046,0.031845637,0.052299753,0.00959292,0.035537943,0.4944772,0.08358036,0.01652971,0.558818,0.06417272,0.07978744,0.007524374,0.014120654,0.058321495,0.009556858,0.019198345,0.050051942,0.00033891853,0.25570354,0.03075274,0.013376054,0.0047804667,0.116053164,0.0076521286,0.020286439
11047,0.09396468,0.47438294,0.39357355,0.032634575,0.57685435,0.008937692,0.06759952,0.26299015,0.60181403,0.5389231,0.000888255,0.029153496,0.050676312,0.053239487,0.11791172,0.0136387525,0.000857106,0.2023626,0.12232166,0.040030513,0.025422575,0.02599965,0.01663882,0.03726706
11048,0.050290544,0.053786464,0.0011250377,0.018846853,0.27736548,0.16353565,0.003171603,0.6961377,0.014898524,0.054447386,0.043384768,0.013599869,0.0634755,0.0019626224,0.0090953065,0.13755934,0.00023997201,0.2810168,0.036029335,0.0016107768,0.004124311,0.27894264,0.023979902,0.007684036
11051,0.55243886,0.7128895,0.057050645,0.036246624,0.17155208,0.019296603,0.051818382,0.33481812,0.24376611,0.20945613,0.0017429165,0.07789288,0.016237874,0.01760481,0.036324803,0.018651877,0.0014214261,0.07610143,0.16742097,0.0072739734,0.06245081,0.11511458,0.1745227,0.046717025
11054,0.1260611,0.040649965,0.0023833176,0.009530022,0.26669073,0.25334728,0.0024566678,0.39067173,0.01460315,0.08077841,0.021200271,0.0022722506,0.4679742,0.00040728142,0.0022604547,0.21684462,5.0432995e-05,0.07826238,0.12854448,0.0030758975,0.00022575166,0.4833376,0.0011332629,0.008521123
11055,0.17867579,0.06282648,0.0036358677,0.033620335,0.31569174,0.3546738,0.018240942,0.54691935,0.021200772,0.040372036,0.02701336,0.019204505,0.1013397,0.0021101937,0.004824911,0.13380782,0.00044759354,0.11535378,0.0615195,0.009647524,0.0030199545,0.4059786,0.014722304,0.034163862
11061,0.6706348,0.5324367,0.022195164,0.0037271564,0.1403921,0.04461352,0.0030522963,0.13918951,0.057022635,0.23550569,0.0014973327,0.0040067756,0.3789479,0.00030956016,0.0030668438,0.0653789,9.828002e-05,0.02236874,0.6614237,0.0019340459,0.0005371775,0.3537896,0.006820397,0.012728968
11063,0.331091,0.04524162,0.0010484328,0.01156765,0.19019714,0.51423126,0.003828228,0.42294988,0.00622645,0.031490996,0.034249283,0.003690857,0.2901289,0.00019268939,0.0008352534,0.24068423,6.297286e-05,0.04475961,0.117452145,0.0022543415,0.0002557649,0.679518,0.0023810565,0.012405907
11064,0.17173892,0.55096626,0.36113435,0.027811307,0.5126804,0.013037849,0.056475993,0.2480873,0.54574484,0.52967083,0.0010684406,0.031487845,0.07696681,0.030114302,0.077732,0.019180695,0.0009439578,0.15421334,0.19267043,0.03805346,0.017831242,0.043727797,0.02294343,0.044211093
11068,0.12705448,0.14172862,0.022923088,0.073237814,0.3698178,0.09764424,0.101698466,0.53283453,0.075607955,0.05141174,0.005041328,0.07664566,0.020368906,0.016024703,0.01856613,0.032935992,0.0013848044,0.15022387,0.0425767,0.025833772,0.025670448,0.11776569,0.070566386,0.06460971
11071,0.043332983,0.08512812,0.023625443,0.016230889,0.46999446,0.050335508,0.0069475677,0.38619646,0.104469374,0.2576848,0.0065350346,0.0052224644,0.3601272,0.0043123243,0.018897215,0.081976876,0.00017356947,0.20442377,0.11844587,0.014358008,0.001122732,0.14233111,0.0023938797,0.011876545
11074,0.018276187,0.018886017,0.0006968935,0.029343242,0.3632314,0.15567021,0.005057265,0.79073435,0.009983034,0.016741643,0.015852971,0.014970182,0.008340647,0.003569856,0.010071383,0.049637463,0.00022973528,0.43593252,0.0060285144,0.0019027712,0.0045409007,0.15499607,0.018191837,0.006256357
11076,0.073876016,0.021139339,0.0011546562,0.0066676927,0.26843858,0.26059347,0.0010446238,0.40597466,0.009519145,0.07236873,0.028563315,0.001011207,0.58561015,0.00021816755,0.0016714501,0.2721172,2.2760156e-05,0.08978453,0.10426643,0.0020318995,8.5522806e-05,0.5248411,0.00043951534,0.0043781046
11080,0.1421176,0.10643963,0.011397926,0.062452108,0.35370463,0.17012645,0.066001505,0.56026614,0.046828873,0.041212913,0.009604208,0.058595855,0.029092386,0.008850633,0.012092301,0.052693475,0.0011085769,0.14444287,0.043310665,0.019621588,0.015232191,0.18995783,0.055687897,0.05903435
11085,0.32747608,0.593646,0.19941202,0.034923382,0.3973382,0.01773726,0.05939068,0.28986713,0.35857207,0.28952932,0.0010558903,0.06318015,0.037686113,0.019725775,0.04072225,0.014898874,0.0014616215,0.11915907,0.1929737,0.030898837,0.026852982,0.06375062,0.08159465,0.06235505
11090,0.008168431,0.015453697,0.0024113297,0.024561403,0.5634325,0.07025185,0.0048321467,0.63592887,0.034582354,0.052729905,0.010141248,0.005037777,0.049481045,0.0080837635,0.018930309,0.048627585,0.00015060345,0.42767194,0.012443276,0.0067995633,0.0019117375,0.095012836,0.002320201,0.007312114
11091,0.0014168783,0.018638749,0.0038787832,0.035980925,0.6477148,0.007956185,0.010098768,0.7005713,0.076890156,0.05718999,0.0018702862,0.008829284,0.0010834159,0.10328412,0.11490718,0.00470487,0.0002902195,0.74796164,0.0018284739,0.002536285,0.024103073,0.006133082,0.0070698773,0.0044686235
11092,0.065108545,0.19585422,0.10328337,0.07886107,0.46881494,0.017862301,0.15339357,0.38778743,0.23508662,0.13149802,0.0014021585,0.050207425,0.014868851,0.07743461,0.07109913,0.010431699,0.0013710838,0.18973309,0.04437257,0.0364909,0.05152999,0.027725834,0.028099492,0.041618813
11095,0.09555027,0.009222053,0.00019575868,0.008947974,0.23597796,0.59786355,0.0010221574,0.55970937,0.0027580669,0.018530626,0.0893586,0.0013236887,0.29832244,0.00012635585,0.0007548322,0.32059538,2.1729433e-05,0.09582161,0.0350663,0.001227643,8.374363e-05,0.70395315,0.00076194823,0.004545613
11096,0.054673247,0.08004441,0.02170748,0.16539392,0.3458699,0.030131983,0.329608,0.5185703,0.069646165,0.019412559,0.0017137186,0.10118763,0.0024579396,0.12064317,0.04633727,0.0061655696,0.0018581386,0.16015607,0.012694204,0.02476941,0.14003661,0.024686206,0.06407423,0.046547946
11100,0.0072075934,0.037658185,0.0034457236,0.07759259,0.47037658,0.028970554,0.032557413,0.7903086,0.048178453,0.028256292,0.0037119284,0.035706993,0.0005352813,0.08424053,0.07239636,0.0066870735,0.0013136151,0.5837413,0.0017052962,0.0036778536,0.08375033,0.015287092,0.053429827,0.014834437
11103,0.516829,0.18065922,0.005044603,0.042973973,0.21123795,0.3940961,0.034077853,0.53500557,0.021023056,0.026516039,0.019626034,0.06743173,0.040208366,0.0018667305,0.0035297454,0.09337726,0.0009547594,0.07301799,0.085842565,0.008630373,0.0072943936,0.50187624,0.118291415,0.080384515
11104,0.4377386,0.06588342,0.0012381085,0.022924192,0.20673321,0.6020909,0.010822235,0.51586974,0.007736384,0.020562924,0.043598227,0.014209062,0.099613346,0.00050720875,0.0013671259,0.18038535,0.00023467065,0.059141573,0.07660472,0.003810769,0.0012232063,0.66660845,0.014301071,0.030828979
11105,0.44339538,0.030199712,0.00013418078,0.011002493,0.13609515,0.71680754,0.0029374983,0.5812936,0.001956127,0.0069194133,0.10148763,0.004524197,0.04247061,0.00013310194,0.0005722301,0.2208509,6.6866196e-05,0.050160013,0.026423156,0.0007046504,0.00048001253,0.81681645,0.0059858826,0.009723336
11106,0.013314073,0.024978628,0.004416445,0.026917687,0.54079354,0.07283209,0.0068225907,0.59952253,0.04613172,0.069705695,0.00914072,0.0065811398,0.06893689,0.007656443,0.018263329,0.054578636,0.00018466306,0.3529902,0.01969933,0.009099287,0.0022498928,0.10675837,0.002952369,0.009877865
11109,0.029798098,0.054172236,0.019073201,0.1262975,0.4314677,0.030763973,0.20080823,0.513793,0.073041484,0.027514458,0.002223079,0.051599007,0.0047573484,0.105626725,0.050064728,0.008231982,0.0012907444,0.20757988,0.013563226,0.02348951,0.0743771,0.02481242,0.023600617,0.031649977
11111,0.034934282,0.010874985,0.00054172723,0.016211996,0.374784,0.35956568,0.0021945355,0.6294893,0.008303821,0.030116282,0.05596575,0.0029339825,0.17635676,0.0008136526,0.00324187,0.19999975,6.913073e-05,0.21739951,0.0233657,0.0033555287,0.00039137134,0.4352035,0.001565036,0.006866495
11112,0.31698212,0.40875417,0.06922116,0.0077627976,0.295647,0.035072356,0.007963894,0.18616623,0.15005864,0.40009615,0.0020935535,0.006185658,0.3987418,0.0018422577,0.010637932,0.060460623,0.0001915668,0.060993437,0.4468877,0.0077697914,0.0012082492,0.18167472,0.005292697,0.018155817
11118,0.008828278,0.014420868,0.0017787758,0.03294436,0.5529413,0.07690477,0.007989454,0.6768093,0.027480902,0.029388651,0.008576617,0.008178683,0.016681934,0.012998588,0.020571334,0.03087947,0.00021857544,0.4262386,0.007435538,0.0064892317,0.0040545803,0.07836974,0.004423058,0.009662229
11119,0.0054190685,0.013626653,0.0022922142,0.031224132,0.6034646,0.044663355,0.0074069677,0.65934247,0.03661735,0.035624534,0.0055874744,0.0068651857,0.013660027,0.020712743,0.031329148,0.020543337,0.00020108372,0.4968157,0.0063772458,0.0063393926,0.004542455,0.04728597,0.003302571,0.007750837
11122,0.38157633,0.16860877,0.0067889765,0.0031309878,0.16066395,0.11173732,0.001769832,0.17658396,0.020926353,0.16704385,0.004932705,0.001263039,0.67960644,0.00014786891,0.0016078079,0.1617937,3.535999e-05,0.02817439,0.51420593,0.0018344913,9.700045e-05,0.5008768,0.0011208276,0.007189042
11125,0.04751481,0.015530978,0.0009372053,0.012668367,0.33631715,0.31194887,0.0018220432,0.53772783,0.010246325,0.048733946,0.04316224,0.002057958,0.3534167,0.0005342025,0.0026320298,0.2405293,4.996844e-05,0.1543867,0.04844599,0.0032346575,0.00023754105,0.46863046,0.00089693116,0.0059547797
11127,0.45330784,0.043651078,0.0005788945,0.016822722,0.18005688,0.684765,0.0059214234,0.5061085,0.0042163124,0.01502825,0.05494073,0.007526447,0.1202935,0.00022280244,0.0007163782,0.21847111,0.000108083455,0.047816765,0.06871537,0.0021623885,0.0004898989,0.7475585,0.006816574,0.01891597
11129,0.23146729,0.094854444,0.004351925,0.0037426087,0.179932,0.12666038,0.0014706231,0.22488564,0.016988127,0.14497487,0.007846131,0.0011050638,0.67567056,0.00019551972,0.0019237613,0.1895354,3.0094889e-05,0.041741103,0.35425845,0.0017447459,9.574586e-05,0.48467496,0.000890822,0.0059540295
11139,0.0023611358,0.0114877075,0.0026861762,0.014545336,0.6787586,0.023865664,0.002556259,0.5388663,0.05218527,0.092980295,0.009684287,0.0016683341,0.03145448,0.01749328,0.06203472,0.032955933,0.00017326254,0.63358414,0.009069008,0.0030830328,0.004823407,0.032039158,0.0009851721,0.0056702793
11143,0.0059690257,0.027461085,0.0019619248,0.043919757,0.48763123,0.016898729,0.012938436,0.77316207,0.033889964,0.020342227,0.002852575,0.018950287,0.0009294603,0.04211898,0.053815007,0.0050069434,0.00048825095,0.577116,0.0023359703,0.0026880726,0.042384703,0.018091708,0.020641306,0.009312303
11145,0.2903811,0.3002653,0.009338189,0.097021416,0.2530284,0.07158505,0.0886013,0.685102,0.05163736,0.019679595,0.0051684813,0.23697582,0.0016845406,0.03116953,0.023093397,0.012245364,0.005919633,0.17880587,0.0270192,0.010070246,0.22141872,0.09810742,0.5533118,0.09616541
11153,0.007934408,0.015085333,0.0020959456,0.033517502,0.5685533,0.06345573,0.008494949,0.6678059,0.031526167,0.031732343,0.007125759,0.0082798125,0.014978045,0.016094822,0.024354063,0.025981901,0.00022764098,0.44245258,0.0072375387,0.0067286775,0.004602635,0.06497582,0.0043435856,0.00953076
11155,0.016949512,0.019932427,0.0025369173,0.025516298,0.49901578,0.11910054,0.005644108,0.6197416,0.028690498,0.05197576,0.014776048,0.005835365,0.0869704,0.0042881262,0.011200147,0.07909482,0.00015826545,0.3135446,0.020386698,0.00792354,0.0015523703,0.16258992,0.00270287,0.009489706
11157,0.30520734,0.0253453,0.00038559464,0.015509334,0.20078209,0.68281454,0.004029446,0.5427737,0.003493431,0.014404334,0.06901183,0.0051196376,0.14148633,0.0002141375,0.00074977474,0.24459267,7.975823e-05,0.061949942,0.04944522,0.001979843,0.00034211384,0.7303529,0.0040259277,0.01330294
11158,0.10012933,0.014598202,0.0004205371,0.017757151,0.28976032,0.5532526,0.0033143277,0.6158932,0.0052706385,0.019246604,0.07239904,0.0043854457,0.1443676,0.000489729,0.0017147459,0.23077323,8.4213316e-05,0.12967698,0.028809538,0.002810454,0.00044757858,0.58540165,0.0028192932,0.010397447
11165,0.24713135,0.19154309,0.012856991,0.08616674,0.26014832,0.13331197,0.08824158,0.6150287,0.04458128,0.026158467,0.0068077343,0.17597298,0.01073609,0.010212786,0.011841739,0.031065686,0.0018860194,0.13773708,0.035033595,0.018528996,0.033179592,0.18037073,0.3108648,0.10032032
11166,0.027084336,0.02001801,0.0010097177,0.0169186,0.4167598,0.20326883,0.0025378887,0.6325009,0.015905086,0.04684547,0.08064323,0.004437911,0.122641325,0.0028710277,0.010953986,0.20115556,0.0002357525,0.35745904,0.03440735,0.0030124339,0.0018234027,0.3205333,0.0034805401,0.0076430165
11172,0.24099869,0.016116554,0.00022948091,0.01299334,0.20008203,0.71099627,0.0025492148,0.5612644,0.0024996868,0.012347323,0.08551723,0.0032227952,0.16552468,0.00014527251,0.0005898721,0.27839455,4.7872138e-05,0.0659052,0.039422944,0.0015091362,0.00019163018,0.75352764,0.0023341407,0.009010724
11175,0.0014616799,0.007487573,0.0018713324,0.03356991,0.6818031,0.012828923,0.008246932,0.670058,0.039697595,0.022482404,0.0017598269,0.0052285595,0.0026189778,0.07070771,0.06740159,0.0049058646,0.00014014308,0.6489618,0.002046316,0.0039955084,0.008937244,0.011153256,0.0020452656,0.0041752215
11180,0.64211196,0.07020514,0.00066697947,0.017437745,0.15083566,0.71609414,0.007674869,0.47358572,0.004176009,0.012733314,0.046886876,0.010336369,0.09018417,0.00018179753,0.0005522162,0.19591156,0.00012671045,0.034109652,0.088678725,0.001979278,0.00061055424,0.79040813,0.011411373,0.024915501
11182,0.21919325,0.05066209,0.0017112226,0.003709039,0.17671154,0.23729807,0.0010156545,0.2701752,0.00923436,0.09034992,0.015209226,0.00081771845,0.65760446,8.835557e-05,0.0009846344,0.2506767,1.4983911e-05,0.036923256,0.2446439,0.001211195,5.3095733e-05,0.60045946,0.00048953155,0.004952134
11193,0.10242943,0.09076625,0.010295967,0.0752667,0.3617203,0.12776275,0.0868633,0.590466,0.04642417,0.030733136,0.0068864212,0.071196906,0.013095158,0.0148396,0.015788637,0.032813754,0.0011723349,0.16834512,0.02590294,0.01877042,0.023900362,0.12926632,0.070394784,0.05716232
11197,0.06330457,0.03538191,0.0026537804,0.035396874,0.40005285,0.24112855,0.014069996,0.61602193,0.022649512,0.034845624,0.02064292,0.015685152,0.052475158,0.0039123497,0.007903462,0.088367105,0.00035317184,0.19809377,0.026209835,0.008827264,0.0035133106,0.25765762,0.0112005435,0.023612523
11199,0.0034130868,0.012970318,0.0029032312,0.044119634,0.6354638,0.019766314,0.015333394,0.65420955,0.045426,0.023408746,0.0020397953,0.009672134,0.0027829597,0.07475504,0.06087026,0.0059665362,0.00026814055,0.54657316,0.003069221,0.005606614,0.015368243,0.015971452,0.004449784,0.0075379717
11201,0.3522597,0.3144044,0.0037861646,0.05272596,0.18565027,0.06157257,0.037364274,0.69058466,0.03127989,0.016399208,0.0021304318,0.14665306,0.0007442215,0.0072060246,0.008847459,0.007855153,0.0007890828,0.124666736,0.014758259,0.002818214,0.06181683,0.1071416,0.455445,0.046766423
11202,0.09219306,0.03701862,0.0026723365,0.015797501,0.3287697,0.25961792,0.0042071007,0.47450083,0.018734733,0.07019507,0.02556102,0.004216044,0.31712,0.0008964262,0.0037094993,0.18277113,0.000104784005,0.11981809,0.08194549,0.0053120344,0.00054712244,0.41069013,0.0021295515,0.01170979
11204,0.09945848,0.46972048,0.37714252,0.031374816,0.5689323,0.010212087,0.06249692,0.26478478,0.5832801,0.5413448,0.0010257775,0.027866283,0.06168625,0.04579347,0.10884114,0.016007142,0.00085819047,0.19828041,0.13385701,0.040621586,0.021788696,0.030332124,0.016164653,0.03745424
11213,0.38758865,0.027358437,0.00032392595,0.014478023,0.17786618,0.72720253,0.003899606,0.52973974,0.002855467,0.012061754,0.070207745,0.004986312,0.13195851,0.00015158646,0.00054422853,0.2496667,6.916792e-05,0.05010126,0.0523954,0.0016315393,0.00028397457,0.77473277,0.004188371,0.0131856855
11216,0.4235622,0.032945205,0.00039481022,0.014897985,0.17533466,0.7150401,0.004425278,0.5150952,0.003209508,0.013005295,0.06382599,0.005608183,0.13101952,0.00016227638,0.0005700048,0.23949131,7.8194134e-05,0.04730591,0.060110945,0.0017569428,0.0003263801,0.7709302,0.0048293946,0.014765075
11217,0.31392503,0.027822593,0.00044189108,0.014748473,0.19764462,0.66261923,0.0039185737,0.5228876,0.0037831294,0.01615874,0.062507726,0.004841898,0.15676878,0.00020850064,0.0007514757,0.24416545,7.56036e-05,0.058448594,0.056062005,0.0019452419,0.000322376,0.72660625,0.003739955,0.01312778
11218,0.12081054,0.12855512,0.02135994,0.047703493,0.3991105,0.11800403,0.050025046,0.4933061,0.07771074,0.08346007,0.007206489,0.037094694,0.05621116,0.009118176,0.015759919,0.054649793,0.0008363134,0.1489277,0.06438754,0.021861639,0.01063451,0.1597205,0.027863132,0.0483327
11219,0.0041501853,0.029956326,0.0011511182,0.040758602,0.4586511,0.018401816,0.013578616,0.822127,0.023559762,0.017130265,0.0014060932,0.021062778,0.00026104442,0.03190055,0.034292854,0.0034998294,0.00025724547,0.5754676,0.0012889078,0.0012786504,0.034973633,0.010847134,0.027762307,0.00708503
11220,0.33181348,0.061081007,0.0013879911,0.01765811,0.21327853,0.4702088,0.0069386647,0.4763208,0.00915573,0.029515002,0.031851362,0.008396835,0.13495794,0.0005074065,0.0016360412,0.17505638,0.00013938345,0.06317627,0.08140592,0.0028969892,0.0008447827,0.6004305,0.007951896,0.020362487
11222,0.12782878,0.062457677,0.0043351497,0.04707173,0.34816933,0.27323514,0.03133122,0.59512556,0.026128177,0.032250315,0.018570809,0.033181798,0.039545428,0.004646556,0.007783732,0.0821982,0.0006566047,0.15113549,0.035328064,0.011825066,0.006967251,0.28172207,0.03021277,0.04239904
11223,0.078310534,0.062189996,0.0071878345,0.03970753,0.40400487,0.17411435,0.023840016,0.5580015,0.04083005,0.055407878,0.012669182,0.020829093,0.06574914,0.0053870967,0.010442801,0.077180594,0.0004749643,0.1714983,0.042410947,0.013623129,0.0051219845,0.21062373,0.013704925,0.030754656
11226,0.2660808,0.053896744,0.001410468,0.00434511,0.16593033,0.28054687,0.0010653015,0.28595585,0.008288376,0.07238445,0.018000774,0.0009766035,0.55906695,9.427868e-05,0.00093063083,0.25073332,1.7190425e-05,0.036565322,0.21117203,0.0009772489,6.7504254e-05,0.6396508,0.00068387535,0.0053390837
11228,0.17051786,0.08829839,0.0054161986,0.0032608944,0.20300452,0.09683617,0.0012114634,0.2100189,0.020621337,0.18859696,0.00694419,0.0008586792,0.7544778,0.00020827194,0.0022991595,0.18610965,2.5682319e-05,0.046910428,0.3783469,0.001965463,7.49964e-05,0.42957127,0.00059170293,0.0049875705
11230,0.14837354,0.48059568,0.29254094,0.04216629,0.5124048,0.012504216,0.08666292,0.2873028,0.47998488,0.37213543,0.001002142,0.04663084,0.032625657,0.047932908,0.084330685,0.012325898,0.001285458,0.17222449,0.12019754,0.041468557,0.03420115,0.033676844,0.034844127,0.049940974
11232,0.025422083,0.07803133,0.026308881,0.047785696,0.54439497,0.035059407,0.039671883,0.5090623,0.12543495,0.10217226,0.003006076,0.02174875,0.026964486,0.030755885,0.04382688,0.020119345,0.000525205,0.2851616,0.027616194,0.02082057,0.013246616,0.046886727,0.010546319,0.02440673
11242,0.0037908761,0.010999291,0.0019307176,0.035183206,0.6215666,0.032567374,0.008892922,0.6761867,0.034022786,0.025611347,0.0037877474,0.007271798,0.0061860653,0.03364574,0.03930639,0.011923693,0.00020542914,0.53904635,0.0039291787,0.0055211186,0.006792758,0.0297811,0.0034211737,0.0069537023
11244,0.0013861847,0.007869094,0.0016788192,0.023376932,0.7124142,0.01707342,0.0048125125,0.67059326,0.039875615,0.032328445,0.0034371186,0.0040122746,0.0045523043,0.045609426,0.057597373,0.008448937,0.00016285907,0.6983949,0.002999591,0.003472373,0.00678725,0.015226005,0.0019021337,0.0039731646
11246,0.11756609,0.41948485,0.26866275,0.025670158,0.52914786,0.016899766,0.041653655,0.2724824,0.46511656,0.50868726,0.0017085553,0.022020454,0.11739717,0.023256814,0.06972536,0.027297245,0.00073989586,0.17687933,0.17273024,0.03556759,0.011632984,0.052981865,0.013524645,0.035483755
11247,0.32191658,0.1261705,0.007298255,0.013018358,0.23928986,0.23680907,0.0076837493,0.33382618,0.026978979,0.10028729,0.012465784,0.006367352,0.33514318,0.0007142653,0.0029459388,0.15641744,0.00014565076,0.05379843,0.21818334,0.0049889525,0.0007381465,0.46495378,0.004423436,0.021508012
11252,0.05055971,0.07663835,0.018135691,0.19815055,0.3216402,0.019131266,0.39321643,0.5300695,0.062720284,0.012466866,0.0009974308,0.12464589,0.0008627315,0.1915212,0.055155184,0.0028845107,0.001892897,0.16210571,0.007627008,0.019375471,0.244042,0.014505461,0.08847984,0.044443637
11253,0.1008327,0.071568444,0.0011253865,0.042563718,0.22797912,0.35863927,0.00941902,0.8029579,0.014542829,0.036630105,0.07386383,0.02872259,0.022810897,0.002568904,0.008131578,0.14823456,0.0009946054,0.26355183,0.015057438,0.0030257746,0.0067359894,0.40769598,0.06673508,0.017289486
11254,0.005408116,0.014899042,0.0026805804,0.04026895,0.6016295,0.034632694,0.012569184,0.66113865,0.039276898,0.027632583,0.0035540876,0.00983592,0.0060461382,0.037067577,0.03997919,0.011791949,0.0002655053,0.48894984,0.0047491463,0.006566522,0.009083663,0.031372134,0.004850381,0.009159222
11257,0.16377018,0.015763782,0.00032221802,0.015030638,0.23952906,0.6353961,0.0029105425,0.5808562,0.003641593,0.0159761,0.07895344,0.0037209361,0.1651942,0.0002630795,0.0009970056,0.25807774,6.39252e-05,0.0902433,0.036148883,0.0020766873,0.00028946204,0.6775838,0.0025088477,0.009803136
11258,0.043934543,0.02460402,0.0020134826,0.0029992969,0.2649267,0.10516537,0.0004938257,0.29312783,0.01341134,0.16009516,0.015320038,0.00037147524,0.83517456,0.00017299084,0.0023851537,0.2706943,1.4286785e-05,0.09797911,0.20258085,0.0018946634,3.0238094e-05,0.43303955,0.00018173581,0.002197757
11259,0.34158242,0.02921062,0.00042798987,0.016239876,0.19611192,0.6864784,0.0046180375,0.5380009,0.0036769365,0.014303182,0.06565802,0.0059154253,0.13041604,0.00022494895,0.00075467327,0.23635301,9.034706e-05,0.058677,0.052379526,0.0020582038,0.0003959551,0.73377454,0.0048702913,0.015001919
11260,0.18205939,0.122800164,0.012744581,0.051171415,0.34447688,0.19840847,0.05088425,0.52352786,0.049145877,0.055219006,0.011485016,0.045919728,0.05445606,0.0061356258,0.010227406,0.07216457,0.0009913676,0.12557426,0.066297986,0.01903314,0.01031248,0.24295005,0.041146357,0.057675056
11262,0.0023245588,0.017995814,0.0039312616,0.027290989,0.69048476,0.008614048,0.008322355,0.6210206,0.06789503,0.042561095,0.0015056267,0.006204596,0.0017053188,0.07017998,0.07575222,0.003740961,0.00019508638,0.6314932,0.0031272082,0.0032117544,0.01712147,0.008722455,0.0034406334,0.0055153724
11263,0.3660026,0.05734226,0.0012649435,0.02341615,0.22372447,0.57732534,0.010437255,0.5279005,0.008290254,0.022279166,0.04450095,0.013338777,0.10595588,0.000594602,0.001604426,0.18239734,0.00023777853,0.068149135,0.06955219,0.0041487706,0.0012417814,0.6354972,0.012529524,0.028941827
11265,0.0074303914,0.022212029,0.004699329,0.04430352,0.5919795,0.03201223,0.017713772,0.62813103,0.05364467,0.03624248,0.0030707142,0.0127946315,0.0069032563,0.04333355,0.045276545,0.011503492,0.0003351737,0.4451394,0.006520445,0.008270683,0.011901299,0.030534143,0.0063590254,0.011921181
11269,0.0019465043,0.010525292,0.0029606242,0.03575226,0.67694783,0.012533708,0.010213721,0.64137554,0.05141211,0.02939439,0.0016331723,0.006272969,0.003244427,0.077055335,0.07301215,0.005097765,0.00017358437,0.61439085,0.0027941947,0.004904421,0.010431468,0.011461048,0.0024197246,0.0050875694
11270,0.089827344,0.4810118,0.4130345,0.035113763,0.5820631,0.0075845094,0.076786235,0.26056865,0.62043715,0.52894694,0.000735398,0.03129879,0.0385272,0.06510107,0.12920772,0.011046251,0.0008775468,0.20503838,0.10953793,0.039638735,0.031212397,0.021489713,0.017615888,0.037329704
11275,0.09890233,0.05344864,0.0044058883,0.0045512933,0.2518067,0.11470549,0.0013102695,0.2760788,0.019948866,0.16694945,0.010265953,0.0009776658,0.73598826,0.00030423602,0.0027219586,0.20596063,3.0303481e-05,0.07174141,0.25883272,0.0027706597,8.653314e-05,0.40901327,0.00053212023,0.00491073
